id_cliente,tipo_contacto,mes,dia_semana,contactos_campana,dias_desde_contacto_previo,contactos_previos,resultado_previo,variacion_empleo,indice_precios,confianza_consumidor,euribor_3m,numero_empleados,acepta_deposito,edad,ocupacion,estado_civil,educacion,incumplimiento_credito,credito_vivienda,prestamo_personal
CLI000001,cellular,aug,wed,3,999,0,nonexistent,1.4,93.444,-36.1,4.964,5228.1,No,43,admin.,divorced,university.degree,No,No,Sí
CLI000002,cellular,nov,fri,1,999,0,nonexistent,-0.1,93.2,-42.0,4.021,5195.8,No,38,admin.,divorced,basic.9y,No,No,No
CLI000003,telephone,may,wed,2,999,0,nonexistent,1.1,93.994,-36.4,4.859,5191.0,No,44,blue-collar,married,basic.4y,No,Sí,No
CLI000004,cellular,aug,mon,1,999,0,nonexistent,1.4,93.444,-36.1,4.97,5228.1,No,49,admin.,divorced,professional.course,No,Sí,Sí
CLI000005,cellular,jul,fri,3,999,0,nonexistent,1.4,93.918,-42.7,4.963,5228.1,No,35,blue-collar,married,basic.9y,Desconocido,No,No
CLI000006,cellular,may,mon,5,3,1,success,-1.8,92.893,-46.2,1.354,5099.1,No,46,technician,married,high.school,No,No,No
CLI000007,cellular,may,fri,2,999,0,nonexistent,-1.8,92.893,-46.2,1.313,5099.1,No,38,admin.,married,high.school,No,No,No
CLI000008,cellular,jul,mon,2,999,0,nonexistent,1.4,93.918,-42.7,4.96,5228.1,No,47,technician,married,professional.course,No,No,No
CLI000009,telephone,may,fri,5,999,0,nonexistent,1.1,93.994,-36.4,4.857,5191.0,No,28,Desconocido,single,basic.9y,Desconocido,Sí,No
CLI000010,cellular,jul,wed,2,999,0,nonexistent,1.4,93.918,-42.7,4.963,5228.1,No,32,blue-collar,divorced,basic.6y,Desconocido,Sí,No
CLI000011,cellular,jul,wed,1,999,0,nonexistent,1.4,93.918,-42.7,4.962,5228.1,No,30,admin.,married,high.school,No,Sí,No
CLI000012,cellular,may,fri,9,999,1,failure,-1.8,92.893,-46.2,1.25,5099.1,No,26,blue-collar,single,basic.9y,No,Sí,Sí
CLI000013,cellular,jul,wed,1,999,0,nonexistent,1.4,93.918,-42.7,4.962,5228.1,No,45,technician,married,professional.course,No,Sí,No
CLI000014,telephone,may,thu,2,999,0,nonexistent,-1.8,92.893,-46.2,1.27,5099.1,No,28,services,single,high.school,No,No,No
CLI000015,telephone,jun,fri,1,999,0,nonexistent,1.4,94.465,-41.8,4.967,5228.1,No,42,retired,married,basic.9y,Desconocido,No,No
CLI000016,cellular,jul,tue,1,999,0,nonexistent,1.4,93.918,-42.7,4.962,5228.1,No,25,services,married,high.school,No,No,No
CLI000017,cellular,aug,thu,2,999,0,nonexistent,1.4,93.444,-36.1,4.962,5228.1,No,50,management,married,university.degree,No,Sí,No
CLI000018,telephone,jun,tue,1,999,0,nonexistent,1.4,94.465,-41.8,4.864,5228.1,No,41,blue-collar,married,basic.6y,No,Desconocido,Desconocido
CLI000019,cellular,nov,wed,2,999,0,nonexistent,-0.1,93.2,-42.0,4.12,5195.8,No,29,management,married,basic.9y,No,Sí,No
CLI000020,cellular,nov,fri,1,999,0,nonexistent,-0.1,93.2,-42.0,4.021,5195.8,No,48,blue-collar,married,basic.4y,Desconocido,Sí,Sí
CLI000021,telephone,jun,tue,3,2,2,success,-1.7,94.055,-39.8,0.723,4991.6,No,37,unemployed,married,university.degree,No,Sí,No
CLI000022,cellular,aug,tue,1,999,0,nonexistent,-2.9,92.201,-31.4,0.883,5076.2,No,50,blue-collar,married,Desconocido,No,Sí,No
CLI000023,cellular,nov,fri,2,999,0,nonexistent,-0.1,93.2,-42.0,4.021,5195.8,No,57,technician,married,professional.course,No,Sí,No
CLI000024,cellular,jul,thu,5,999,0,nonexistent,1.4,93.918,-42.7,4.963,5228.1,No,49,management,divorced,university.degree,No,No,No
CLI000025,telephone,may,wed,2,4,2,success,-1.8,93.876,-40.0,0.697,5008.7,Sí,70,retired,divorced,high.school,No,Sí,No
CLI000026,cellular,aug,tue,1,999,0,nonexistent,-2.9,92.201,-31.4,0.884,5076.2,No,36,admin.,single,high.school,No,Sí,No
CLI000027,cellular,jul,fri,1,999,0,nonexistent,1.4,93.918,-42.7,4.957,5228.1,No,25,entrepreneur,single,basic.9y,No,Sí,No
CLI000028,cellular,nov,wed,2,999,0,nonexistent,-0.1,93.2,-42.0,4.12,5195.8,No,35,technician,married,university.degree,No,Sí,Sí
CLI000029,cellular,nov,fri,2,999,0,nonexistent,-3.4,92.649,-30.1,0.714,5017.5,Sí,55,blue-collar,married,basic.4y,No,No,No
CLI000030,cellular,apr,thu,6,999,0,nonexistent,-1.8,93.749,-34.6,0.64,5008.7,No,53,management,divorced,university.degree,No,Sí,Sí
CLI000031,cellular,aug,thu,2,999,0,nonexistent,1.4,93.444,-36.1,4.963,5228.1,Sí,33,technician,married,professional.course,No,Desconocido,Desconocido
CLI000032,telephone,jul,thu,10,999,0,nonexistent,1.4,93.918,-42.7,4.968,5228.1,No,41,housemaid,married,basic.4y,Desconocido,Sí,No
CLI000033,cellular,aug,fri,1,999,0,nonexistent,1.4,93.444,-36.1,4.966,5228.1,No,34,admin.,married,university.degree,No,No,No
CLI000034,telephone,may,tue,9,999,0,nonexistent,1.1,93.994,-36.4,4.857,5191.0,No,30,management,married,basic.9y,No,Sí,No
CLI000035,cellular,jul,wed,1,999,0,nonexistent,1.4,93.918,-42.7,4.962,5228.1,No,43,housemaid,married,basic.4y,No,No,Sí
CLI000036,cellular,nov,thu,2,999,1,failure,-0.1,93.2,-42.0,4.076,5195.8,No,55,entrepreneur,married,professional.course,No,Sí,No
CLI000037,cellular,jun,mon,1,999,1,failure,-2.9,92.963,-40.8,1.266,5076.2,No,25,technician,married,university.degree,No,No,No
CLI000038,telephone,may,fri,1,999,0,nonexistent,1.1,93.994,-36.4,4.859,5191.0,No,32,technician,single,professional.course,No,Sí,No
CLI000039,cellular,aug,fri,2,999,0,nonexistent,-2.9,92.201,-31.4,0.869,5076.2,Sí,28,unemployed,married,professional.course,No,No,No
CLI000040,cellular,aug,mon,3,999,0,nonexistent,1.4,93.444,-36.1,4.965,5228.1,No,46,blue-collar,married,basic.9y,No,Sí,No
CLI000041,cellular,oct,mon,1,999,0,nonexistent,-3.4,92.431,-26.9,0.743,5017.5,No,29,unemployed,divorced,high.school,No,No,No
CLI000042,telephone,jun,mon,1,999,0,nonexistent,1.4,94.465,-41.8,4.865,5228.1,No,40,admin.,married,university.degree,Desconocido,Sí,
CLI000043,cellular,aug,thu,2,999,0,nonexistent,1.4,93.444,-36.1,4.968,5228.1,No,48,services,married,basic.4y,Desconocido,No,Sí
CLI000044,cellular,apr,mon,1,999,0,nonexistent,-1.8,93.075,-47.1,1.392,5099.1,No,53,admin.,single,high.school,No,Sí,No
CLI000045,cellular,may,thu,3,999,0,nonexistent,-1.8,92.893,-46.2,1.266,5099.1,No,23,admin.,single,high.school,No,No,No
CLI000046,cellular,jul,wed,1,999,0,nonexistent,1.4,93.918,-42.7,4.963,5228.1,No,24,admin.,married,university.degree,No,Sí,No
CLI000047,cellular,may,mon,6,999,0,nonexistent,-1.8,92.893,-46.2,1.244,5099.1,No,46,admin.,single,university.degree,No,No,Sí
CLI000048,telephone,jun,wed,2,999,0,nonexistent,1.4,94.465,-41.8,4.962,5228.1,No,50,unemployed,married,high.school,No,No,No
CLI000049,telephone,may,tue,3,999,0,nonexistent,-1.8,92.893,-46.2,1.291,5099.1,No,33,blue-collar,married,basic.9y,No,Sí,No
CLI000050,telephone,may,thu,3,999,0,nonexistent,1.1,93.994,-36.4,4.86,5191.0,No,50,blue-collar,married,basic.6y,Desconocido,No,No
CLI000051,cellular,nov,fri,4,999,0,nonexistent,-0.1,93.2,-42.0,4.021,5195.8,No,46,technician,married,professional.course,No,Sí,Sí
CLI000052,cellular,aug,tue,2,999,0,nonexistent,1.4,93.444,-36.1,4.966,5228.1,No,59,retired,married,basic.9y,Desconocido,,No
CLI000053,cellular,jul,wed,1,999,0,nonexistent,1.4,93.918,-42.7,4.962,5228.1,No,34,blue-collar,married,basic.9y,No,Sí,No
CLI000054,cellular,nov,tue,1,999,0,nonexistent,-0.1,93.2,-42.0,4.153,5195.8,No,51,admin.,married,high.school,No,No,No
CLI000055,cellular,may,fri,1,999,1,failure,-1.8,92.893,-46.2,1.313,5099.1,No,44,admin.,married,high.school,No,No,No
CLI000056,cellular,may,tue,1,999,1,failure,-1.8,92.893,-46.2,1.344,5099.1,No,36,admin.,single,high.school,No,Sí,No
CLI000057,telephone,may,wed,6,999,0,nonexistent,1.1,93.994,-36.4,4.859,5191.0,No,37,technician,divorced,high.school,No,,No
CLI000058,cellular,nov,tue,1,999,0,nonexistent,-0.1,93.2,-42.0,4.153,5195.8,No,38,admin.,single,high.school,No,Sí,No
CLI000059,cellular,aug,wed,1,999,0,nonexistent,1.4,93.444,-36.1,4.965,5228.1,No,54,blue-collar,married,basic.4y,Desconocido,Sí,No
CLI000060,cellular,sep,wed,3,999,0,nonexistent,-3.4,92.379,-29.8,0.813,5017.5,Sí,34,technician,married,professional.course,No,Sí,Sí
CLI000061,cellular,may,mon,3,999,0,nonexistent,-1.8,92.893,-46.2,1.354,5099.1,No,28,admin.,single,university.degree,No,No,No
CLI000062,telephone,jun,wed,1,999,0,nonexistent,1.4,94.465,-41.8,4.864,5228.1,No,33,admin.,single,university.degree,No,Sí,Sí
CLI000063,cellular,jul,thu,1,999,0,nonexistent,-2.9,92.469,-33.6,1.072,5076.2,Sí,59,blue-collar,divorced,basic.4y,No,Sí,No
CLI000064,telephone,may,mon,1,999,0,nonexistent,1.1,93.994,-36.4,4.857,5191.0,No,28,student,single,university.degree,Desconocido,Sí,No
CLI000065,cellular,may,mon,2,999,0,nonexistent,-1.8,92.893,-46.2,1.354,5099.1,No,59,Desconocido,married,Desconocido,No,Sí,No
CLI000066,telephone,may,tue,1,999,0,nonexistent,1.1,93.994,-36.4,4.856,5191.0,No,42,blue-collar,married,Desconocido,Desconocido,Sí,Sí
CLI000067,telephone,may,thu,5,999,0,nonexistent,1.1,93.994,-36.4,4.86,5191.0,No,39,blue-collar,married,basic.4y,Desconocido,No,Sí
CLI000068,telephone,may,wed,1,999,0,nonexistent,1.1,93.994,-36.4,4.857,5191.0,No,43,technician,single,professional.course,No,No,No
CLI000069,cellular,apr,wed,1,999,0,nonexistent,-1.8,93.075,-47.1,1.445,5099.1,No,35,admin.,single,university.degree,No,Sí,No
CLI000070,cellular,sep,thu,2,999,0,nonexistent,-1.1,94.199,-37.5,0.879,4963.6,No,38,admin.,married,university.degree,No,No,No
CLI000071,cellular,may,thu,1,999,0,nonexistent,-1.8,92.893,-46.2,1.327,5099.1,No,25,blue-collar,single,basic.9y,No,Sí,No
CLI000072,cellular,jul,tue,2,999,0,nonexistent,1.4,93.918,-42.7,4.961,5228.1,Sí,29,blue-collar,single,high.school,No,Sí,No
CLI000073,telephone,may,tue,3,999,0,nonexistent,1.1,93.994,-36.4,4.856,5191.0,No,28,self-employed,single,basic.9y,No,No,No
CLI000074,telephone,may,thu,2,999,0,nonexistent,1.1,93.994,-36.4,4.86,5191.0,No,54,admin.,married,university.degree,Desconocido,No,Sí
CLI000075,telephone,may,fri,1,999,0,nonexistent,1.1,93.994,-36.4,4.859,5191.0,No,37,technician,single,university.degree,No,No,No
CLI000076,telephone,may,fri,2,999,0,nonexistent,1.1,93.994,-36.4,4.864,5191.0,No,23,services,single,high.school,No,No,No
CLI000077,cellular,jun,mon,1,999,0,nonexistent,-2.9,92.963,-40.8,1.215,5076.2,No,39,admin.,married,university.degree,No,No,No
CLI000078,telephone,may,mon,1,999,0,nonexistent,1.1,93.994,-36.4,4.858,5191.0,No,32,blue-collar,married,,No,Sí,No
CLI000079,telephone,jun,mon,2,999,0,nonexistent,1.4,94.465,-41.8,4.865,5228.1,No,43,services,married,high.school,Desconocido,No,No
CLI000080,telephone,jun,tue,7,999,0,nonexistent,1.4,94.465,-41.8,4.864,5228.1,No,45,services,married,high.school,Desconocido,No,No
CLI000081,telephone,may,tue,1,999,0,nonexistent,1.1,93.994,-36.4,4.857,5191.0,No,34,services,married,high.school,No,No,No
CLI000082,cellular,nov,tue,1,999,0,nonexistent,-0.1,93.2,-42.0,4.153,5195.8,No,35,services,married,basic.9y,No,No,No
CLI000083,cellular,may,fri,3,999,0,nonexistent,-1.8,92.893,-46.2,1.25,5099.1,Sí,25,blue-collar,single,high.school,No,No,No
CLI000084,telephone,may,thu,5,999,0,nonexistent,1.1,93.994,-36.4,4.855,5191.0,No,36,blue-collar,married,basic.9y,No,No,No
CLI000085,cellular,jul,wed,3,999,0,nonexistent,1.4,93.918,-42.7,4.963,5228.1,No,30,services,single,basic.9y,No,Sí,No
CLI000086,telephone,may,thu,1,999,0,nonexistent,1.1,93.994,-36.4,4.855,5191.0,No,41,blue-collar,married,basic.9y,No,Sí,No
CLI000087,cellular,jul,thu,3,999,0,nonexistent,1.4,93.918,-42.7,4.968,5228.1,No,38,admin.,married,basic.6y,No,No,No
CLI000088,telephone,jun,wed,10,999,0,nonexistent,1.4,94.465,-41.8,4.864,5228.1,No,51,blue-collar,married,basic.4y,Desconocido,Sí,No
CLI000089,cellular,jul,wed,1,999,0,nonexistent,-2.9,92.469,-33.6,1.029,5076.2,No,20,student,single,high.school,No,No,No
CLI000090,cellular,mar,mon,5,999,0,nonexistent,-1.8,92.843,-50.0,1.811,5099.1,Sí,26,admin.,married,university.degree,No,Sí,No
CLI000091,cellular,jun,wed,1,999,2,failure,-2.9,92.963,-40.8,1.26,5076.2,No,33,admin.,single,university.degree,No,No,No
CLI000092,cellular,may,fri,1,999,0,nonexistent,-1.8,92.893,-46.2,1.259,5099.1,No,59,technician,married,professional.course,No,Sí,No
CLI000093,cellular,may,tue,1,3,1,success,-1.8,92.893,-46.2,1.266,5099.1,Sí,22,technician,single,Desconocido,No,No,No
CLI000094,cellular,jul,thu,2,999,0,nonexistent,1.4,93.918,-42.7,4.968,5228.1,No,34,unemployed,married,high.school,No,No,No
CLI000095,telephone,may,thu,11,999,0,nonexistent,1.1,93.994,-36.4,4.86,5191.0,No,45,blue-collar,married,basic.6y,Desconocido,Sí,No
CLI000096,cellular,aug,fri,1,999,1,failure,-2.9,92.201,-31.4,0.881,5076.2,Sí,51,housemaid,married,Desconocido,No,No,No
CLI000097,telephone,may,thu,1,999,0,nonexistent,1.1,93.994,-36.4,4.855,5191.0,No,36,blue-collar,married,basic.6y,No,Sí,No
CLI000098,cellular,may,fri,3,999,0,nonexistent,-1.8,92.893,-46.2,1.313,5099.1,No,48,admin.,married,basic.9y,No,No,No
CLI000099,telephone,may,mon,5,999,0,nonexistent,1.1,93.994,-36.4,4.857,5191.0,No,30,services,single,high.school,No,No,No
CLI000100,cellular,may,fri,2,999,1,failure,-1.8,92.893,-46.2,1.313,5099.1,No,35,entrepreneur,married,university.degree,No,Sí,Sí
CLI000101,cellular,nov,mon,2,999,0,nonexistent,-0.1,93.2,-42.0,4.191,5195.8,No,52,entrepreneur,single,university.degree,Desconocido,Sí,No
CLI000102,cellular,jul,tue,2,999,0,nonexistent,1.4,93.918,-42.7,4.962,5228.1,No,52,admin.,divorced,university.degree,Desconocido,Sí,Sí
CLI000103,telephone,may,thu,6,999,0,nonexistent,1.1,93.994,-36.4,4.855,5191.0,No,40,entrepreneur,married,basic.9y,No,Sí,No
CLI000104,cellular,jul,wed,1,999,0,nonexistent,1.4,93.918,-42.7,4.962,5228.1,No,26,services,single,university.degree,No,Sí,No
CLI000105,cellular,jul,fri,1,999,0,nonexistent,1.4,93.918,-42.7,4.957,5228.1,No,35,technician,married,university.degree,No,No,No
CLI000106,telephone,may,thu,1,999,0,nonexistent,1.1,93.994,-36.4,4.86,5191.0,No,42,admin.,married,high.school,No,No,No
CLI000107,telephone,jul,wed,1,999,0,nonexistent,1.4,93.918,-42.7,4.962,5228.1,No,40,blue-collar,married,basic.4y,Desconocido,Desconocido,Desconocido
CLI000108,telephone,may,thu,1,999,0,nonexistent,1.1,93.994,-36.4,4.86,5191.0,No,50,services,divorced,basic.4y,Desconocido,Sí,Sí
CLI000109,cellular,nov,fri,2,999,1,failure,-0.1,93.2,-42.0,4.021,5195.8,No,56,management,married,basic.9y,No,Sí,Sí
CLI000110,cellular,jul,mon,1,999,0,nonexistent,1.4,93.918,-42.7,4.96,5228.1,No,25,admin.,married,high.school,No,No,No
CLI000111,cellular,aug,tue,1,999,0,nonexistent,1.4,93.444,-36.1,4.965,5228.1,No,48,technician,married,university.degree,No,,No
CLI000112,cellular,may,mon,8,999,0,nonexistent,-1.8,92.893,-46.2,1.244,5099.1,No,25,student,single,high.school,No,Sí,No
CLI000113,telephone,jun,fri,2,999,0,nonexistent,1.4,94.465,-41.8,4.967,5228.1,No,41,technician,divorced,basic.4y,No,Sí,No
CLI000114,cellular,nov,mon,2,999,1,failure,-0.1,93.2,-42.0,4.191,5195.8,Sí,52,services,divorced,high.school,Desconocido,Sí,Sí
CLI000115,cellular,jul,tue,1,999,0,nonexistent,1.4,93.918,-42.7,4.962,5228.1,No,39,blue-collar,married,basic.6y,Desconocido,Sí,No
CLI000116,cellular,jul,mon,1,999,0,nonexistent,1.4,93.918,-42.7,4.96,5228.1,No,37,admin.,single,high.school,No,Sí,No
CLI000117,cellular,jul,thu,31,999,0,nonexistent,1.4,93.918,-42.7,4.968,5228.1,No,53,self-employed,married,professional.course,No,Sí,No
CLI000119,cellular,sep,fri,2,999,0,nonexistent,-3.4,92.379,-29.8,0.803,5017.5,Sí,50,admin.,married,high.school,No,Sí,No
CLI000120,cellular,may,wed,3,999,0,nonexistent,-1.8,92.893,-46.2,1.334,5099.1,No,28,blue-collar,single,basic.9y,Desconocido,No,No
CLI000121,cellular,aug,wed,1,999,0,nonexistent,1.4,93.444,-36.1,4.965,5228.1,No,32,technician,married,professional.course,No,Sí,No
CLI000122,telephone,may,tue,2,999,0,nonexistent,1.1,93.994,-36.4,4.856,5191.0,No,27,technician,single,high.school,Desconocido,No,Sí
CLI000123,telephone,may,wed,2,999,0,nonexistent,1.1,93.994,-36.4,4.859,5191.0,No,54,blue-collar,married,basic.9y,No,No,No
CLI000124,telephone,jun,thu,20,999,0,nonexistent,1.4,94.465,-41.8,4.866,5228.1,No,56,retired,married,basic.9y,Desconocido,Sí,No
CLI000125,telephone,aug,fri,1,999,0,nonexistent,1.4,93.444,-36.1,4.963,5228.1,No,51,admin.,divorced,university.degree,Desconocido,No,No
CLI000126,telephone,jun,wed,2,999,0,nonexistent,1.4,94.465,-41.8,4.959,5228.1,No,34,admin.,single,high.school,No,Desconocido,Desconocido
CLI000127,cellular,jul,mon,3,999,0,nonexistent,1.4,93.918,-42.7,4.96,5228.1,No,42,self-employed,divorced,university.degree,Desconocido,Sí,No
CLI000128,telephone,jun,thu,3,999,0,nonexistent,1.4,94.465,-41.8,4.866,5228.1,No,57,self-employed,married,university.degree,Desconocido,Sí,No
CLI000129,cellular,jul,tue,2,999,0,nonexistent,1.4,93.918,-42.7,4.962,5228.1,No,30,technician,single,professional.course,No,No,No
CLI000130,cellular,nov,fri,1,999,0,nonexistent,-0.1,93.2,-42.0,4.021,5195.8,No,45,admin.,divorced,high.school,No,No,Sí
CLI000131,cellular,nov,fri,10,999,1,failure,-0.1,93.2,-42.0,4.021,5195.8,No,51,blue-collar,married,basic.9y,No,No,No
CLI000132,cellular,jun,mon,1,999,0,nonexistent,-2.9,92.963,-40.8,1.266,5076.2,Sí,29,admin.,single,university.degree,No,No,No
CLI000133,cellular,may,thu,1,999,0,nonexistent,-1.8,92.893,-46.2,1.327,5099.1,No,27,blue-collar,married,basic.9y,No,Sí,No
CLI000134,cellular,nov,wed,2,999,0,nonexistent,-0.1,93.2,-42.0,4.12,5195.8,No,53,entrepreneur,divorced,university.degree,No,Sí,No
CLI000135,cellular,jun,thu,1,999,0,nonexistent,-2.9,92.963,-40.8,1.26,5076.2,No,34,admin.,single,high.school,No,No,Sí
CLI000136,telephone,may,wed,4,999,0,nonexistent,1.1,93.994,-36.4,4.857,5191.0,No,39,management,married,university.degree,No,Sí,No
CLI000137,cellular,aug,wed,3,999,0,nonexistent,1.4,93.444,-36.1,4.965,5228.1,No,32,management,married,university.degree,No,Sí,No
CLI000138,cellular,aug,mon,7,999,0,nonexistent,1.4,93.444,-36.1,4.963,5228.1,No,30,admin.,married,university.degree,No,No,No
CLI000139,telephone,jun,mon,1,999,0,nonexistent,1.4,94.465,-41.8,4.865,5228.1,No,37,entrepreneur,married,basic.9y,No,Sí,No
CLI000140,telephone,may,fri,1,999,0,nonexistent,1.1,93.994,-36.4,4.864,5191.0,No,33,management,married,basic.9y,Desconocido,No,No
CLI000141,cellular,nov,tue,2,999,0,nonexistent,-0.1,93.2,-42.0,4.153,5195.8,No,40,admin.,divorced,university.degree,No,No,No
CLI000142,telephone,jun,fri,10,999,0,nonexistent,1.4,94.465,-41.8,4.959,5228.1,No,35,services,married,basic.6y,No,Sí,No
CLI000143,telephone,jun,fri,2,999,0,nonexistent,1.4,94.465,-41.8,4.967,5228.1,No,42,admin.,single,,No,No,No
CLI000144,cellular,nov,wed,2,999,0,nonexistent,-0.1,93.2,-42.0,4.12,5195.8,No,36,blue-collar,married,basic.6y,No,No,No
CLI000145,telephone,may,tue,1,999,0,nonexistent,1.1,93.994,-36.4,4.857,5191.0,No,42,retired,married,basic.4y,No,No,No
CLI000146,telephone,may,fri,1,999,0,nonexistent,1.1,93.994,-36.4,4.857,5191.0,No,29,technician,single,university.degree,No,Sí,No
CLI000147,cellular,aug,mon,2,999,0,nonexistent,1.4,93.444,-36.1,4.963,5228.1,Sí,45,services,married,basic.6y,No,Sí,No
CLI000148,telephone,jul,wed,3,999,0,nonexistent,1.4,93.918,-42.7,4.963,5228.1,No,22,unemployed,single,high.school,No,No,No
CLI000149,cellular,may,fri,9,999,1,failure,-1.8,92.893,-46.2,1.25,5099.1,No,33,admin.,single,high.school,No,No,No
CLI000150,cellular,aug,wed,1,999,0,nonexistent,1.4,93.444,-36.1,4.964,5228.1,No,30,admin.,single,university.degree,No,No,No
CLI000151,cellular,jul,thu,2,999,0,nonexistent,1.4,93.918,-42.7,4.968,5228.1,No,50,self-employed,married,professional.course,No,Sí,No
CLI000152,telephone,jun,tue,1,6,2,success,-1.7,94.055,-39.8,0.702,4991.6,No,29,blue-collar,single,basic.9y,No,,No
CLI000153,cellular,may,thu,1,999,3,failure,-1.8,93.876,-40.0,0.692,5008.7,No,45,management,married,basic.9y,No,Sí,No
CLI000154,telephone,may,mon,1,999,0,nonexistent,1.1,93.994,-36.4,4.857,5191.0,No,28,services,single,high.school,No,No,Sí
CLI000155,cellular,aug,wed,2,999,0,nonexistent,1.4,93.444,-36.1,4.965,5228.1,No,44,technician,divorced,professional.course,No,No,No
CLI000156,telephone,jun,wed,1,999,0,nonexistent,1.4,94.465,-41.8,4.962,5228.1,No,51,blue-collar,divorced,Desconocido,Desconocido,No,No
CLI000157,cellular,nov,tue,1,999,0,nonexistent,-0.1,93.2,-42.0,4.153,5195.8,No,39,admin.,married,university.degree,No,No,No
CLI000158,telephone,may,fri,1,999,0,nonexistent,1.1,93.994,-36.4,4.859,5191.0,No,55,retired,married,basic.4y,Desconocido,No,No
CLI000159,telephone,may,thu,1,999,0,nonexistent,1.1,93.994,-36.4,4.86,5191.0,Sí,41,blue-collar,married,basic.9y,No,No,No
CLI000160,telephone,jul,tue,2,999,0,nonexistent,1.4,93.918,-42.7,4.955,5228.1,Sí,40,blue-collar,married,basic.9y,No,No,Sí
CLI000161,cellular,aug,fri,3,999,0,nonexistent,1.4,93.444,-36.1,4.964,5228.1,No,37,admin.,married,university.degree,No,Sí,Sí
CLI000162,telephone,may,thu,3,999,0,nonexistent,1.1,93.994,-36.4,4.86,5191.0,No,54,blue-collar,divorced,basic.4y,No,No,No
CLI000163,cellular,jun,tue,2,3,1,success,-2.9,92.963,-40.8,1.262,5076.2,Sí,25,blue-collar,single,professional.course,No,Sí,No
CLI000164,cellular,aug,mon,4,999,0,nonexistent,1.4,93.444,-36.1,4.965,5228.1,No,40,admin.,married,university.degree,No,Sí,No
CLI000165,telephone,may,tue,3,999,0,nonexistent,1.1,93.994,-36.4,4.856,5191.0,No,39,blue-collar,divorced,high.school,No,Sí,Sí
CLI000166,telephone,jun,thu,2,999,0,nonexistent,1.4,94.465,-41.8,4.866,5228.1,No,44,services,married,high.school,No,No,No
CLI000167,cellular,aug,thu,1,999,0,nonexistent,1.4,93.444,-36.1,4.968,5228.1,No,39,technician,single,professional.course,No,No,No
CLI000168,cellular,may,fri,1,999,1,failure,-1.8,92.893,-46.2,1.313,5099.1,No,34,admin.,married,basic.9y,No,Desconocido,Desconocido
CLI000169,cellular,jul,mon,2,999,0,nonexistent,1.4,93.918,-42.7,4.962,5228.1,No,36,technician,divorced,professional.course,No,Sí,No
CLI000170,cellular,nov,thu,2,999,0,nonexistent,-0.1,93.2,-42.0,4.076,5195.8,No,48,management,single,university.degree,No,Sí,
CLI000171,telephone,jun,thu,1,999,0,nonexistent,1.4,94.465,-41.8,4.958,5228.1,No,38,services,married,high.school,No,No,No
CLI000172,cellular,oct,thu,1,999,0,nonexistent,-3.4,92.431,-26.9,0.741,5017.5,No,48,admin.,married,high.school,No,No,No
CLI000173,telephone,aug,tue,1,999,0,nonexistent,1.4,93.444,-36.1,4.963,5228.1,Sí,51,blue-collar,married,basic.4y,No,Desconocido,Desconocido
CLI000174,telephone,may,mon,2,999,0,nonexistent,1.1,93.994,-36.4,4.858,5191.0,No,48,services,divorced,high.school,Desconocido,Sí,Sí
CLI000175,cellular,nov,wed,1,999,1,failure,-0.1,93.2,-42.0,4.12,5195.8,No,33,self-employed,single,basic.4y,No,,No
CLI000176,cellular,apr,mon,4,999,0,nonexistent,-1.8,93.075,-47.1,1.405,5099.1,No,31,blue-collar,married,professional.course,Desconocido,Sí,No
CLI000177,cellular,apr,fri,2,999,0,nonexistent,-1.8,93.075,-47.1,1.405,5099.1,No,36,admin.,single,high.school,No,Sí,No
CLI000178,telephone,may,thu,2,999,0,nonexistent,1.1,93.994,-36.4,4.86,5191.0,No,55,admin.,married,basic.9y,Desconocido,,Sí
CLI000179,cellular,aug,thu,3,999,0,nonexistent,1.4,93.444,-36.1,4.968,5228.1,No,29,technician,single,high.school,No,Sí,No
CLI000180,cellular,may,mon,2,999,0,nonexistent,-1.8,92.893,-46.2,1.299,5099.1,No,35,blue-collar,married,basic.6y,No,Sí,No
CLI000181,cellular,aug,wed,5,999,0,nonexistent,1.4,93.444,-36.1,4.964,5228.1,No,47,technician,divorced,high.school,No,Sí,No
CLI000182,cellular,nov,thu,3,999,0,nonexistent,-0.1,93.2,-42.0,4.076,5195.8,No,41,services,married,professional.course,No,No,Sí
CLI000183,cellular,nov,thu,1,999,1,failure,-0.1,93.2,-42.0,4.076,5195.8,Sí,30,entrepreneur,single,university.degree,No,Sí,No
CLI000184,telephone,may,thu,1,999,0,nonexistent,1.1,93.994,-36.4,4.86,5191.0,No,32,housemaid,single,basic.4y,No,No,No
CLI000185,cellular,may,fri,1,999,0,nonexistent,-1.8,92.893,-46.2,1.313,5099.1,No,39,management,married,university.degree,No,Sí,No
CLI000186,cellular,jul,tue,4,999,0,nonexistent,1.4,93.918,-42.7,4.962,5228.1,No,31,admin.,single,high.school,No,Sí,No
CLI000187,cellular,may,tue,2,999,1,failure,-1.8,92.893,-46.2,1.266,5099.1,No,44,blue-collar,married,professional.course,No,Sí,Sí
CLI000188,cellular,mar,wed,2,999,0,nonexistent,-1.8,92.843,-50.0,1.602,5099.1,No,26,student,single,high.school,No,No,No
CLI000189,cellular,nov,mon,1,999,0,nonexistent,-0.1,93.2,-42.0,4.191,5195.8,No,36,entrepreneur,divorced,university.degree,No,Sí,No
CLI000190,telephone,may,mon,2,999,0,nonexistent,1.1,93.994,-36.4,4.858,5191.0,No,32,blue-collar,single,basic.6y,No,Sí,No
CLI000191,telephone,may,fri,2,999,0,nonexistent,1.1,93.994,-36.4,4.864,5191.0,No,46,admin.,married,high.school,No,No,No
CLI000192,cellular,apr,mon,4,999,0,nonexistent,-1.8,93.075,-47.1,1.405,5099.1,No,38,entrepreneur,single,basic.4y,No,Sí,Sí
CLI000193,cellular,nov,mon,1,5,1,success,-3.4,92.649,-30.1,0.722,5017.5,Sí,37,self-employed,married,professional.course,No,Sí,Sí
CLI000194,telephone,may,thu,1,999,0,nonexistent,-1.8,92.893,-46.2,1.266,5099.1,No,28,management,single,basic.9y,No,Sí,No
CLI000195,cellular,nov,fri,1,999,0,nonexistent,-0.1,93.2,-42.0,4.021,5195.8,No,32,admin.,single,university.degree,No,Desconocido,Desconocido
CLI000196,cellular,may,mon,1,999,0,nonexistent,-1.8,92.893,-46.2,1.299,5099.1,No,37,admin.,married,high.school,Desconocido,No,No
CLI000197,telephone,oct,thu,1,999,0,nonexistent,-3.4,92.431,-26.9,0.741,5017.5,No,42,management,divorced,Desconocido,No,Sí,No
CLI000198,cellular,may,fri,1,999,1,failure,-1.8,92.893,-46.2,1.313,5099.1,No,41,blue-collar,single,basic.6y,Desconocido,Sí,No
CLI000199,telephone,jun,wed,5,999,0,nonexistent,1.4,94.465,-41.8,4.958,5228.1,No,58,blue-collar,married,,No,No,No
CLI000200,cellular,may,thu,3,999,0,nonexistent,-1.8,92.893,-46.2,1.266,5099.1,No,54,blue-collar,married,basic.9y,No,No,
CLI000201,cellular,aug,wed,13,999,0,nonexistent,1.4,93.444,-36.1,4.964,5228.1,No,33,admin.,single,university.degree,No,Sí,No
CLI000202,cellular,aug,tue,2,999,0,nonexistent,1.4,93.444,-36.1,4.963,5228.1,No,54,housemaid,married,basic.4y,No,Sí,No
CLI000203,telephone,may,thu,1,999,0,nonexistent,1.1,93.994,-36.4,4.855,5191.0,No,41,housemaid,married,basic.6y,No,No,No
CLI000204,cellular,aug,thu,1,999,0,nonexistent,1.4,93.444,-36.1,4.968,5228.1,No,47,technician,married,professional.course,No,Sí,No
CLI000205,cellular,apr,fri,2,999,1,failure,-1.8,93.075,-47.1,1.405,5099.1,No,34,housemaid,divorced,university.degree,No,Desconocido,Desconocido
CLI000206,cellular,aug,mon,3,999,0,nonexistent,1.4,93.444,-36.1,4.963,5228.1,No,52,housemaid,married,basic.4y,Desconocido,No,No
CLI000207,telephone,may,fri,4,999,0,nonexistent,-1.8,92.893,-46.2,1.25,5099.1,No,27,admin.,single,basic.6y,No,Sí,No
CLI000208,cellular,aug,mon,1,999,0,nonexistent,1.4,93.444,-36.1,4.965,5228.1,No,37,admin.,married,university.degree,Desconocido,Sí,No
CLI000209,telephone,may,mon,3,999,0,nonexistent,1.1,93.994,-36.4,4.857,5191.0,No,41,entrepreneur,married,university.degree,Desconocido,Sí,No
CLI000210,telephone,mar,fri,1,999,1,failure,-1.8,93.369,-34.8,0.653,5008.7,Sí,34,technician,divorced,professional.course,No,No,No
CLI000211,cellular,may,thu,4,999,0,nonexistent,-1.8,92.893,-46.2,1.327,5099.1,No,42,blue-collar,single,basic.9y,Desconocido,No,No
CLI000212,telephone,jun,fri,1,999,0,nonexistent,1.4,94.465,-41.8,4.959,5228.1,No,38,services,married,high.school,No,No,No
CLI000213,cellular,may,tue,1,999,0,nonexistent,-1.8,92.893,-46.2,1.344,5099.1,No,49,entrepreneur,married,high.school,No,No,No
CLI000214,cellular,jul,fri,3,999,0,nonexistent,1.4,93.918,-42.7,4.962,5228.1,No,42,admin.,married,university.degree,No,No,No
CLI000215,cellular,sep,mon,2,6,1,success,-3.4,92.379,-29.8,0.739,5017.5,Sí,30,admin.,married,university.degree,No,No,No
CLI000216,cellular,oct,mon,1,6,1,success,-1.1,94.601,-49.5,1.032,4963.6,Sí,33,services,single,high.school,No,Sí,No
CLI000217,telephone,aug,fri,1,999,0,nonexistent,1.4,93.444,-36.1,4.964,5228.1,No,34,technician,divorced,professional.course,No,No,No
CLI000218,telephone,may,fri,6,999,0,nonexistent,1.1,93.994,-36.4,4.864,5191.0,No,35,blue-collar,divorced,basic.9y,No,No,Sí
CLI000219,cellular,nov,thu,1,999,0,nonexistent,-0.1,93.2,-42.0,4.076,5195.8,Sí,30,admin.,single,university.degree,No,Sí,No
CLI000220,telephone,jun,wed,2,999,0,nonexistent,1.4,94.465,-41.8,4.962,5228.1,Sí,31,technician,married,professional.course,No,No,No
CLI000221,telephone,oct,tue,1,999,0,nonexistent,-3.4,92.431,-26.9,0.728,5017.5,No,61,retired,married,high.school,No,No,No
CLI000222,cellular,may,fri,2,999,0,nonexistent,-1.8,92.893,-46.2,1.25,5099.1,No,54,blue-collar,married,basic.4y,No,No,Sí
CLI000223,cellular,mar,mon,6,999,1,failure,-1.8,92.843,-50.0,1.629,5099.1,No,70,retired,married,basic.4y,No,Sí,No
CLI000224,cellular,jul,fri,7,999,0,nonexistent,1.4,93.918,-42.7,4.957,5228.1,No,37,management,married,university.degree,No,No,Sí
CLI000225,cellular,nov,thu,3,999,0,nonexistent,-0.1,93.2,-42.0,4.076,5195.8,No,38,management,divorced,high.school,No,Sí,No
CLI000226,cellular,aug,tue,2,999,0,nonexistent,1.4,93.444,-36.1,4.963,5228.1,No,36,admin.,single,university.degree,No,No,Sí
CLI000227,telephone,may,thu,2,999,0,nonexistent,1.1,93.994,-36.4,4.86,5191.0,No,36,admin.,divorced,university.degree,No,No,No
CLI000228,telephone,may,fri,3,999,0,nonexistent,1.1,93.994,-36.4,4.864,5191.0,No,35,blue-collar,single,university.degree,No,Sí,Sí
CLI000229,cellular,jul,fri,1,999,0,nonexistent,1.4,93.918,-42.7,4.962,5228.1,No,40,technician,married,professional.course,No,No,No
CLI000230,cellular,may,thu,1,999,0,nonexistent,-1.8,92.893,-46.2,1.327,5099.1,No,34,services,single,high.school,No,Sí,No
CLI000231,cellular,jun,mon,1,999,0,nonexistent,-2.9,92.963,-40.8,1.266,5076.2,Sí,36,technician,married,university.degree,No,Sí,No
CLI000232,cellular,aug,tue,9,999,0,nonexistent,1.4,93.444,-36.1,4.965,5228.1,No,53,Desconocido,married,Desconocido,Desconocido,No,No
CLI000233,telephone,jun,mon,2,999,0,nonexistent,1.4,94.465,-41.8,4.865,5228.1,No,49,unemployed,divorced,professional.course,No,No,No
CLI000234,cellular,jul,tue,4,999,0,nonexistent,1.4,93.918,-42.7,4.962,5228.1,Sí,27,admin.,single,professional.course,No,Sí,No
CLI000235,telephone,may,wed,1,999,1,failure,-1.8,92.893,-46.2,1.334,5099.1,No,54,management,divorced,university.degree,No,Sí,Sí
CLI000236,telephone,jun,fri,4,999,0,nonexistent,1.4,94.465,-41.8,4.947,5228.1,No,36,admin.,married,high.school,No,Sí,Sí
CLI000237,telephone,may,tue,3,999,0,nonexistent,1.1,93.994,-36.4,4.857,5191.0,No,56,admin.,divorced,high.school,No,,No
CLI000238,cellular,may,mon,2,999,0,nonexistent,-1.8,92.893,-46.2,1.299,5099.1,Sí,39,blue-collar,single,basic.9y,No,No,No
CLI000239,cellular,nov,mon,1,999,0,nonexistent,-0.1,93.2,-42.0,4.191,5195.8,No,46,management,married,university.degree,No,Sí,No
CLI000240,cellular,oct,tue,3,999,2,failure,-1.1,94.601,-49.5,1.008,4963.6,No,24,student,single,professional.course,No,No,Sí
CLI000241,cellular,jul,mon,3,999,0,nonexistent,1.4,93.918,-42.7,4.96,5228.1,No,37,technician,single,university.degree,No,Sí,No
CLI000242,telephone,jul,fri,2,999,0,nonexistent,1.4,93.918,-42.7,4.962,5228.1,No,60,retired,married,high.school,Desconocido,Sí,No
CLI000243,cellular,oct,tue,1,999,1,failure,-3.4,92.431,-26.9,0.728,5017.5,Sí,29,services,married,high.school,No,No,No
CLI000244,cellular,jun,wed,1,999,1,failure,-2.9,92.963,-40.8,1.26,5076.2,No,39,admin.,married,university.degree,No,No,No
CLI000245,telephone,jun,fri,8,999,0,nonexistent,1.4,94.465,-41.8,4.959,5228.1,No,24,services,single,high.school,No,No,No
CLI000246,cellular,jul,wed,4,999,0,nonexistent,1.4,93.918,-42.7,4.963,5228.1,No,28,management,married,university.degree,No,Sí,Sí
CLI000247,telephone,jun,fri,2,999,0,nonexistent,1.4,94.465,-41.8,4.967,5228.1,No,35,technician,married,professional.course,Desconocido,Sí,No
CLI000248,cellular,aug,tue,2,999,0,nonexistent,1.4,93.444,-36.1,4.965,5228.1,No,58,self-employed,married,basic.9y,No,No,No
CLI000249,telephone,jun,tue,5,999,0,nonexistent,1.4,94.465,-41.8,4.864,5228.1,No,40,self-employed,married,high.school,Desconocido,Sí,No
CLI000250,telephone,may,fri,15,999,0,nonexistent,1.1,93.994,-36.4,4.859,5191.0,No,56,Desconocido,married,Desconocido,Desconocido,Sí,No
CLI000251,cellular,jul,tue,3,999,2,failure,-1.7,94.215,-40.3,0.797,4991.6,Sí,46,admin.,married,high.school,No,Sí,No
CLI000252,telephone,nov,mon,1,999,0,nonexistent,-0.1,93.2,-42.0,4.406,5195.8,No,46,technician,married,professional.course,No,No,No
CLI000253,telephone,may,tue,1,999,0,nonexistent,1.1,93.994,-36.4,4.857,5191.0,No,57,technician,married,,Desconocido,No,No
CLI000254,telephone,may,mon,3,999,0,nonexistent,1.1,93.994,-36.4,4.857,5191.0,No,38,blue-collar,married,basic.6y,No,No,No
CLI000255,cellular,aug,tue,1,999,1,failure,-1.7,94.027,-38.3,0.904,4991.6,Sí,34,blue-collar,married,basic.9y,No,No,Sí
CLI000256,cellular,may,tue,3,999,1,failure,-1.8,92.893,-46.2,1.291,5099.1,No,32,technician,single,university.degree,No,No,Sí
CLI000257,cellular,aug,fri,8,999,0,nonexistent,1.4,93.444,-36.1,4.963,5228.1,No,52,blue-collar,married,basic.9y,No,No,No
CLI000258,cellular,nov,wed,3,999,0,nonexistent,-0.1,93.2,-42.0,4.12,5195.8,Sí,30,entrepreneur,single,university.degree,No,Sí,No
CLI000259,cellular,nov,fri,4,999,0,nonexistent,-0.1,93.2,-42.0,4.021,5195.8,No,45,technician,divorced,basic.9y,No,No,No
CLI000260,telephone,jun,fri,2,999,0,nonexistent,1.4,94.465,-41.8,4.967,5228.1,No,31,unemployed,married,university.degree,No,No,No
CLI000261,telephone,jul,thu,6,999,0,nonexistent,1.4,93.918,-42.7,4.968,5228.1,No,48,technician,married,professional.course,Desconocido,No,Sí
CLI000262,telephone,may,fri,1,999,0,nonexistent,1.1,93.994,-36.4,4.857,5191.0,No,55,technician,married,professional.course,No,Sí,Sí
CLI000263,cellular,aug,wed,1,999,0,nonexistent,1.4,93.444,-36.1,4.964,5228.1,No,48,admin.,married,university.degree,No,No,No
CLI000264,cellular,jul,mon,3,999,0,nonexistent,1.4,93.918,-42.7,4.962,5228.1,Sí,27,services,single,high.school,No,No,No
CLI000265,cellular,jul,fri,8,999,0,nonexistent,1.4,93.918,-42.7,4.957,5228.1,No,41,self-employed,married,basic.9y,Desconocido,No,No
CLI000266,cellular,may,thu,1,999,0,nonexistent,-1.8,92.893,-46.2,1.266,5099.1,No,30,technician,married,basic.6y,No,,No
CLI000267,telephone,may,wed,8,999,0,nonexistent,1.1,93.994,-36.4,4.859,5191.0,No,37,management,married,university.degree,No,Sí,No
CLI000268,cellular,jun,tue,1,999,0,nonexistent,-2.9,92.963,-40.8,1.252,5076.2,No,46,admin.,single,university.degree,No,No,No
CLI000269,cellular,aug,tue,4,999,0,nonexistent,1.4,93.444,-36.1,4.966,5228.1,Sí,32,technician,single,university.degree,No,Sí,No
CLI000270,cellular,may,mon,2,999,0,nonexistent,-1.8,92.893,-46.2,1.299,5099.1,No,47,admin.,single,high.school,No,No,No
CLI000271,telephone,jun,mon,1,999,0,nonexistent,1.4,94.465,-41.8,4.865,5228.1,No,43,retired,married,basic.4y,Desconocido,Sí,No
CLI000272,telephone,jun,mon,2,999,0,nonexistent,1.4,94.465,-41.8,4.865,5228.1,No,35,technician,single,high.school,No,Sí,No
CLI000273,telephone,may,fri,1,999,0,nonexistent,1.1,93.994,-36.4,4.855,5191.0,No,60,retired,married,university.degree,Desconocido,Sí,No
CLI000274,cellular,may,wed,5,999,0,nonexistent,-1.8,92.893,-46.2,1.281,5099.1,No,42,admin.,married,high.school,No,No,No
CLI000275,cellular,aug,wed,2,999,0,nonexistent,1.4,93.444,-36.1,4.965,5228.1,No,57,admin.,single,university.degree,Desconocido,Sí,No
CLI000276,cellular,jul,mon,1,999,0,nonexistent,1.4,93.918,-42.7,4.96,5228.1,No,44,blue-collar,single,high.school,No,Sí,Sí
CLI000277,cellular,may,mon,3,999,0,nonexistent,-1.8,92.893,-46.2,1.354,5099.1,No,38,management,married,university.degree,No,No,No
CLI000278,cellular,apr,wed,2,999,1,failure,-1.8,93.075,-47.1,1.372,5099.1,Sí,33,admin.,single,high.school,No,Sí,No
CLI000279,cellular,jul,fri,1,999,0,nonexistent,1.4,93.918,-42.7,4.957,5228.1,No,36,blue-collar,married,basic.9y,No,Sí,No
CLI000280,telephone,may,tue,1,999,0,nonexistent,1.1,93.994,-36.4,4.857,5191.0,No,28,student,single,basic.9y,Desconocido,Sí,No
CLI000281,cellular,jul,tue,2,999,0,nonexistent,1.4,93.918,-42.7,4.962,5228.1,No,43,admin.,married,university.degree,No,No,No
CLI000282,cellular,aug,tue,1,999,0,nonexistent,-2.9,92.201,-31.4,0.884,5076.2,Sí,51,management,married,university.degree,No,Sí,No
CLI000283,cellular,aug,thu,3,999,0,nonexistent,1.4,93.444,-36.1,4.962,5228.1,No,33,services,married,university.degree,Desconocido,Sí,No
CLI000284,telephone,jul,thu,3,999,0,nonexistent,1.4,93.918,-42.7,4.958,5228.1,No,30,blue-collar,single,basic.9y,No,Sí,No
CLI000285,cellular,aug,fri,2,999,0,nonexistent,1.4,93.444,-36.1,4.964,5228.1,No,52,blue-collar,married,basic.4y,Desconocido,,No
CLI000286,telephone,jun,wed,1,999,0,nonexistent,1.4,94.465,-41.8,4.962,5228.1,No,29,self-employed,married,professional.course,No,No,No
CLI000287,cellular,apr,thu,1,999,0,nonexistent,-1.8,93.075,-47.1,1.41,5099.1,No,33,admin.,single,university.degree,No,Sí,No
CLI000288,telephone,jun,fri,5,999,0,nonexistent,1.4,94.465,-41.8,4.967,5228.1,No,38,technician,single,professional.course,Desconocido,Sí,No
CLI000290,cellular,jun,fri,2,3,1,success,-2.9,92.963,-40.8,1.268,5076.2,Sí,53,admin.,single,university.degree,No,Sí,No
CLI000291,telephone,may,wed,4,999,0,nonexistent,1.1,93.994,-36.4,4.858,5191.0,No,43,services,married,high.school,Desconocido,Desconocido,Desconocido
CLI000292,cellular,jul,tue,1,999,0,nonexistent,1.4,93.918,-42.7,4.961,5228.1,No,57,admin.,divorced,high.school,Desconocido,Sí,No
CLI000293,cellular,may,thu,5,999,0,nonexistent,-1.8,92.893,-46.2,1.266,5099.1,No,24,services,married,high.school,No,No,No
CLI000294,cellular,nov,mon,2,999,0,nonexistent,-0.1,93.2,-42.0,4.191,5195.8,No,51,management,married,,No,No,No
CLI000295,cellular,aug,wed,1,999,0,nonexistent,1.4,93.444,-36.1,4.964,5228.1,No,30,blue-collar,single,basic.9y,No,No,No
CLI000296,cellular,apr,mon,4,999,0,nonexistent,-1.8,93.075,-47.1,1.405,5099.1,No,46,services,married,high.school,No,No,No
CLI000297,cellular,nov,thu,2,999,0,nonexistent,-0.1,93.2,-42.0,4.076,5195.8,No,33,admin.,married,university.degree,No,Desconocido,Desconocido
CLI000298,cellular,jul,fri,1,999,0,nonexistent,1.4,93.918,-42.7,4.962,5228.1,No,57,blue-collar,married,basic.4y,Desconocido,Sí,No
CLI000299,telephone,jun,wed,2,999,0,nonexistent,1.4,94.465,-41.8,4.962,5228.1,No,33,blue-collar,married,basic.4y,No,Sí,No
CLI000300,telephone,jun,tue,1,999,0,nonexistent,1.4,94.465,-41.8,4.961,5228.1,No,31,blue-collar,married,basic.6y,No,Sí,Sí
CLI000301,telephone,may,fri,1,999,0,nonexistent,1.1,93.994,-36.4,4.859,5191.0,No,37,services,married,high.school,No,Sí,No
CLI000302,telephone,may,wed,1,999,0,nonexistent,1.1,93.994,-36.4,4.858,5191.0,Sí,35,technician,single,university.degree,No,Sí,No
CLI000303,cellular,sep,tue,2,999,0,nonexistent,-3.4,92.379,-29.8,0.819,5017.5,No,32,admin.,single,university.degree,No,Sí,Sí
CLI000304,telephone,jun,mon,2,999,0,nonexistent,1.4,94.465,-41.8,4.961,5228.1,No,32,blue-collar,married,high.school,No,Sí,No
CLI000305,cellular,may,wed,2,999,0,nonexistent,-1.8,92.893,-46.2,1.27,5099.1,No,35,blue-collar,single,basic.9y,No,Sí,No
CLI000306,cellular,may,fri,1,999,1,failure,-1.8,92.893,-46.2,1.25,5099.1,No,56,blue-collar,married,basic.9y,Desconocido,Sí,No
CLI000307,cellular,apr,mon,1,999,0,nonexistent,-1.8,93.749,-34.6,0.642,5008.7,Sí,35,admin.,married,university.degree,No,Sí,No
CLI000308,telephone,may,mon,3,999,0,nonexistent,1.1,93.994,-36.4,4.857,5191.0,No,43,retired,married,basic.4y,Desconocido,No,No
CLI000309,cellular,sep,thu,2,999,0,nonexistent,-1.1,94.199,-37.5,0.878,4963.6,Sí,33,admin.,married,university.degree,No,Sí,No
CLI000310,cellular,may,thu,1,999,0,nonexistent,-1.8,92.893,-46.2,1.327,5099.1,Sí,32,admin.,single,professional.course,No,Sí,Sí
CLI000311,cellular,aug,mon,7,999,0,nonexistent,1.4,93.444,-36.1,4.965,5228.1,No,47,blue-collar,divorced,basic.4y,No,Sí,No
CLI000312,telephone,may,fri,1,999,0,nonexistent,-1.8,92.893,-46.2,1.313,5099.1,No,42,services,married,high.school,No,Sí,No
CLI000313,cellular,apr,thu,1,999,0,nonexistent,-1.8,93.075,-47.1,1.365,5099.1,No,31,technician,married,professional.course,No,Sí,No
CLI000314,cellular,aug,tue,2,999,0,nonexistent,-2.9,92.201,-31.4,0.859,5076.2,No,31,admin.,single,high.school,No,Sí,No
CLI000315,cellular,jul,fri,1,999,1,failure,-1.7,94.215,-40.3,0.885,4991.6,Sí,26,admin.,single,high.school,No,Sí,No
CLI000316,telephone,dec,wed,5,999,0,nonexistent,-3.0,92.713,-33.0,0.715,5023.5,No,32,student,married,high.school,No,Sí,No
CLI000317,cellular,nov,wed,3,999,0,nonexistent,-0.1,93.2,-42.0,4.12,5195.8,No,51,admin.,married,high.school,No,Sí,No
CLI000318,cellular,nov,tue,2,999,1,failure,-0.1,93.2,-42.0,4.153,5195.8,No,36,blue-collar,single,basic.9y,No,Sí,No
CLI000319,cellular,oct,fri,1,999,0,nonexistent,-3.4,92.431,-26.9,0.739,5017.5,Sí,38,technician,married,university.degree,No,No,No
CLI000320,telephone,may,tue,1,999,0,nonexistent,1.1,93.994,-36.4,4.857,5191.0,Sí,42,services,married,professional.course,No,Sí,No
CLI000321,cellular,jul,mon,1,999,0,nonexistent,1.4,93.918,-42.7,4.96,5228.1,No,56,blue-collar,married,Desconocido,Desconocido,Sí,Sí
CLI000322,telephone,may,tue,2,999,0,nonexistent,1.1,93.994,-36.4,4.856,5191.0,No,26,blue-collar,married,basic.4y,No,Sí,Sí
CLI000323,cellular,aug,thu,2,999,0,nonexistent,1.4,93.444,-36.1,4.968,5228.1,No,33,admin.,married,university.degree,Desconocido,Sí,Sí
CLI000324,telephone,may,fri,2,999,0,nonexistent,1.1,93.994,-36.4,4.857,5191.0,No,42,blue-collar,married,basic.4y,Desconocido,,No
CLI000325,cellular,apr,thu,1,999,1,failure,-1.8,93.075,-47.1,1.435,5099.1,No,33,services,married,high.school,No,Sí,No
CLI000326,cellular,nov,thu,1,999,0,nonexistent,-0.1,93.2,-42.0,4.076,5195.8,No,34,services,married,basic.4y,No,Sí,No
CLI000327,telephone,jun,mon,1,999,0,nonexistent,1.4,94.465,-41.8,4.961,5228.1,No,25,blue-collar,single,basic.4y,No,Sí,Sí
CLI000328,telephone,may,wed,5,999,0,nonexistent,1.1,93.994,-36.4,4.859,5191.0,No,59,retired,married,professional.course,Desconocido,No,No
CLI000329,cellular,jul,mon,2,999,0,nonexistent,1.4,93.918,-42.7,4.962,5228.1,No,43,admin.,married,high.school,No,No,No
CLI000330,cellular,aug,thu,1,999,0,nonexistent,1.4,93.444,-36.1,4.964,5228.1,No,32,technician,single,professional.course,No,No,No
CLI000331,telephone,may,wed,1,999,0,nonexistent,1.1,93.994,-36.4,4.859,5191.0,No,50,admin.,married,university.degree,No,Sí,No
CLI000332,cellular,aug,wed,2,999,0,nonexistent,1.4,93.444,-36.1,4.964,5228.1,No,45,management,married,high.school,Desconocido,No,
CLI000334,cellular,aug,tue,7,999,0,nonexistent,1.4,93.444,-36.1,4.963,5228.1,No,32,self-employed,single,professional.course,No,Desconocido,Desconocido
CLI000335,telephone,may,tue,7,999,0,nonexistent,1.1,93.994,-36.4,4.856,5191.0,No,28,blue-collar,single,basic.4y,No,No,No
CLI000336,telephone,jun,fri,2,999,0,nonexistent,1.4,94.465,-41.8,4.959,5228.1,No,37,technician,single,professional.course,Desconocido,No,No
CLI000337,cellular,dec,mon,1,6,2,success,-3.0,92.713,-33.0,0.715,5023.5,No,57,admin.,single,high.school,No,No,No
CLI000338,cellular,may,wed,3,999,1,failure,-1.8,92.893,-46.2,1.334,5099.1,No,39,blue-collar,married,basic.9y,Desconocido,No,Sí
CLI000339,cellular,nov,mon,2,999,1,failure,-0.1,93.2,-42.0,4.191,5195.8,No,46,entrepreneur,married,basic.4y,No,Sí,No
CLI000340,telephone,jun,mon,16,999,0,nonexistent,1.4,94.465,-41.8,4.865,5228.1,No,59,management,married,basic.6y,Desconocido,Sí,No
CLI000341,cellular,may,wed,1,999,0,nonexistent,-1.8,92.893,-46.2,1.334,5099.1,No,48,blue-collar,married,basic.4y,No,No,Sí
CLI000342,telephone,jun,thu,2,999,0,nonexistent,1.4,94.465,-41.8,4.866,5228.1,No,37,blue-collar,married,basic.4y,No,Sí,No
CLI000343,cellular,nov,mon,1,999,0,nonexistent,-0.1,93.2,-42.0,4.191,5195.8,No,49,blue-collar,married,high.school,Desconocido,Sí,No
CLI000344,cellular,aug,fri,1,999,0,nonexistent,1.4,93.444,-36.1,4.964,5228.1,No,33,admin.,single,university.degree,No,Sí,Sí
CLI000345,cellular,jul,wed,1,999,0,nonexistent,1.4,93.918,-42.7,4.963,5228.1,No,31,services,single,high.school,Desconocido,Sí,No
CLI000346,telephone,nov,tue,2,999,0,nonexistent,-0.1,93.2,-42.0,4.153,5195.8,No,48,admin.,married,university.degree,Desconocido,Sí,No
CLI000347,cellular,aug,wed,1,999,0,nonexistent,1.4,93.444,-36.1,4.967,5228.1,No,31,technician,single,high.school,No,No,No
CLI000348,telephone,jul,thu,3,999,0,nonexistent,1.4,93.918,-42.7,4.966,5228.1,No,46,admin.,married,high.school,Desconocido,No,No
CLI000349,cellular,jul,tue,1,999,0,nonexistent,1.4,93.918,-42.7,4.962,5228.1,No,43,technician,single,professional.course,Desconocido,Sí,No
CLI000350,telephone,may,thu,1,999,0,nonexistent,1.1,93.994,-36.4,4.86,5191.0,No,58,blue-collar,married,basic.4y,Desconocido,Sí,No
CLI000351,telephone,jun,thu,1,999,0,nonexistent,1.4,94.465,-41.8,4.961,5228.1,No,35,self-employed,married,basic.4y,Desconocido,No,No
CLI000352,telephone,may,wed,5,999,0,nonexistent,1.1,93.994,-36.4,4.858,5191.0,No,33,blue-collar,married,basic.6y,Desconocido,No,No
CLI000353,cellular,may,wed,1,999,0,nonexistent,-1.8,92.893,-46.2,1.281,5099.1,No,34,services,single,high.school,No,Sí,Sí
CLI000354,cellular,nov,mon,2,6,1,success,-1.1,94.767,-50.8,1.039,4963.6,Sí,41,technician,married,professional.course,No,,No
CLI000355,cellular,aug,thu,1,999,0,nonexistent,1.4,93.444,-36.1,4.968,5228.1,No,36,technician,married,university.degree,No,Sí,
CLI000356,cellular,may,wed,1,999,1,failure,-1.8,92.893,-46.2,1.334,5099.1,No,57,admin.,married,high.school,No,No,No
CLI000357,cellular,aug,fri,1,999,0,nonexistent,1.4,93.444,-36.1,4.964,5228.1,No,46,blue-collar,married,basic.6y,No,Sí,No
CLI000358,cellular,may,mon,2,999,0,nonexistent,-1.8,92.893,-46.2,1.244,5099.1,No,46,technician,divorced,professional.course,No,Sí,No
CLI000359,telephone,jun,mon,1,999,0,nonexistent,1.4,94.465,-41.8,4.865,5228.1,No,38,technician,single,university.degree,No,No,No
CLI000360,cellular,may,fri,4,999,1,failure,-1.8,92.893,-46.2,1.313,5099.1,No,35,services,married,high.school,No,Sí,No
CLI000361,cellular,mar,thu,1,9,1,success,-1.8,93.369,-34.8,0.643,5008.7,No,28,admin.,single,university.degree,No,Sí,No
CLI000362,cellular,aug,wed,4,999,0,nonexistent,1.4,93.444,-36.1,4.967,5228.1,No,45,technician,married,professional.course,No,No,No
CLI000363,telephone,jun,thu,1,999,0,nonexistent,1.4,94.465,-41.8,4.866,5228.1,No,47,technician,married,professional.course,No,No,No
CLI000364,telephone,jun,thu,2,999,0,nonexistent,1.4,94.465,-41.8,4.961,5228.1,No,41,blue-collar,married,basic.9y,Desconocido,No,No
CLI000365,cellular,apr,mon,1,999,0,nonexistent,-1.8,93.075,-47.1,1.405,5099.1,No,30,admin.,single,university.degree,Desconocido,No,No
CLI000366,cellular,may,thu,1,999,0,nonexistent,-1.8,92.893,-46.2,1.266,5099.1,No,21,admin.,single,high.school,No,No,Sí
CLI000367,cellular,sep,tue,1,999,1,failure,-3.4,92.379,-29.8,0.75,5017.5,No,30,unemployed,single,high.school,No,Sí,No
CLI000368,cellular,may,tue,1,999,0,nonexistent,-1.8,92.893,-46.2,1.291,5099.1,No,43,management,married,basic.6y,Desconocido,Sí,No
CLI000369,cellular,nov,wed,1,999,1,failure,-0.1,93.2,-42.0,4.12,5195.8,No,49,admin.,divorced,high.school,No,Sí,No
CLI000370,telephone,may,mon,2,999,0,nonexistent,1.1,93.994,-36.4,4.858,5191.0,No,34,blue-collar,married,basic.9y,No,Sí,No
CLI000371,cellular,nov,tue,2,999,1,failure,-0.1,93.2,-42.0,4.153,5195.8,No,35,blue-collar,married,basic.6y,No,No,No
CLI000372,cellular,jul,thu,6,999,0,nonexistent,1.4,93.918,-42.7,4.968,5228.1,No,28,services,married,high.school,No,Sí,No
CLI000373,telephone,oct,wed,1,999,0,nonexistent,-1.1,94.601,-49.5,0.959,4963.6,No,32,admin.,married,high.school,No,Sí,No
CLI000374,cellular,jul,tue,5,999,0,nonexistent,1.4,93.918,-42.7,4.961,5228.1,No,46,technician,divorced,professional.course,No,Sí,No
CLI000375,telephone,jun,thu,1,999,0,nonexistent,1.4,94.465,-41.8,4.958,5228.1,No,47,blue-collar,married,basic.4y,No,Sí,No
CLI000376,cellular,may,mon,7,999,0,nonexistent,-1.8,92.893,-46.2,1.299,5099.1,No,26,blue-collar,married,basic.6y,No,No,No
CLI000377,telephone,jun,tue,4,999,0,nonexistent,-2.9,92.963,-40.8,1.262,5076.2,No,23,student,single,high.school,No,No,No
CLI000378,cellular,nov,fri,1,999,0,nonexistent,-0.1,93.2,-42.0,4.021,5195.8,No,46,technician,divorced,university.degree,No,Sí,No
CLI000379,telephone,jun,fri,3,999,0,nonexistent,1.4,94.465,-41.8,4.959,5228.1,No,53,technician,married,university.degree,No,Sí,No
CLI000380,telephone,may,tue,1,999,0,nonexistent,1.1,93.994,-36.4,4.856,5191.0,No,44,management,married,university.degree,Desconocido,No,No
CLI000381,cellular,aug,thu,1,999,0,nonexistent,1.4,93.444,-36.1,4.964,5228.1,No,29,admin.,single,high.school,No,No,No
CLI000382,cellular,aug,thu,4,999,0,nonexistent,1.4,93.444,-36.1,4.962,5228.1,No,59,retired,married,university.degree,No,Sí,No
CLI000383,cellular,jun,tue,2,999,0,nonexistent,-2.9,92.963,-40.8,1.262,5076.2,No,55,retired,married,basic.4y,No,No,No
CLI000384,cellular,sep,fri,1,999,1,failure,-3.4,92.379,-29.8,0.773,5017.5,No,76,retired,married,university.degree,No,Sí,No
CLI000385,telephone,jun,mon,5,999,0,nonexistent,1.4,94.465,-41.8,4.961,5228.1,No,42,blue-collar,single,basic.9y,No,No,No
CLI000386,telephone,may,fri,1,999,0,nonexistent,1.1,93.994,-36.4,4.859,5191.0,No,59,blue-collar,married,basic.4y,Desconocido,No,No
CLI000387,cellular,aug,tue,1,999,0,nonexistent,-2.9,92.201,-31.4,0.884,5076.2,No,61,self-employed,divorced,high.school,No,No,No
CLI000388,cellular,jul,mon,2,999,0,nonexistent,1.4,93.918,-42.7,4.962,5228.1,No,32,admin.,single,university.degree,No,Desconocido,Desconocido
CLI000389,cellular,jul,wed,1,999,0,nonexistent,1.4,93.918,-42.7,4.963,5228.1,No,34,technician,married,professional.course,No,Sí,No
CLI000390,cellular,jul,wed,3,999,0,nonexistent,1.4,93.918,-42.7,4.963,5228.1,No,30,admin.,single,high.school,No,No,No
CLI000391,telephone,may,mon,5,999,0,nonexistent,1.1,93.994,-36.4,4.857,5191.0,No,50,blue-collar,married,basic.4y,Desconocido,Sí,No
CLI000392,cellular,nov,tue,1,999,0,nonexistent,-0.1,93.2,-42.0,4.153,5195.8,No,49,management,married,university.degree,No,Sí,No
CLI000393,cellular,jul,mon,4,999,0,nonexistent,1.4,93.918,-42.7,4.962,5228.1,No,25,admin.,married,high.school,No,No,No
CLI000394,cellular,jun,mon,1,999,1,failure,-2.9,92.963,-40.8,1.26,5076.2,No,23,admin.,single,high.school,No,No,No
CLI000395,cellular,may,mon,1,999,0,nonexistent,-1.8,92.893,-46.2,1.244,5099.1,No,31,technician,divorced,high.school,No,No,No
CLI000396,telephone,jul,fri,1,999,0,nonexistent,1.4,93.918,-42.7,4.957,5228.1,No,27,admin.,single,high.school,No,Sí,No
CLI000397,telephone,may,wed,1,999,0,nonexistent,1.1,93.994,-36.4,4.859,5191.0,No,42,blue-collar,married,basic.9y,Desconocido,Sí,No
CLI000398,cellular,jun,mon,3,999,1,failure,-1.7,94.055,-39.8,0.754,4991.6,No,32,technician,married,university.degree,No,No,No
CLI000399,cellular,may,wed,4,999,0,nonexistent,-1.8,92.893,-46.2,1.281,5099.1,No,33,admin.,single,basic.9y,No,No,No
CLI000400,cellular,may,mon,2,999,0,nonexistent,-1.8,92.893,-46.2,1.244,5099.1,No,36,admin.,married,high.school,No,Sí,No
CLI000401,telephone,jul,wed,1,999,0,nonexistent,-2.9,92.469,-33.6,1.085,5076.2,Sí,51,admin.,single,high.school,No,Sí,No
CLI000402,cellular,may,mon,1,999,0,nonexistent,-1.8,92.893,-46.2,1.244,5099.1,Sí,39,technician,single,university.degree,No,Sí,No
CLI000403,cellular,sep,wed,2,6,2,success,-1.1,94.199,-37.5,0.886,4963.6,Sí,37,admin.,married,university.degree,No,No,No
CLI000404,telephone,may,wed,2,999,0,nonexistent,1.1,93.994,-36.4,4.858,5191.0,No,60,entrepreneur,married,basic.4y,No,No,Sí
CLI000405,cellular,apr,fri,3,999,0,nonexistent,-1.8,93.075,-47.1,1.405,5099.1,No,29,admin.,divorced,university.degree,No,Sí,No
CLI000406,cellular,may,wed,1,999,0,nonexistent,-1.8,92.893,-46.2,1.27,5099.1,Sí,31,blue-collar,married,basic.4y,No,No,No
CLI000407,cellular,jul,thu,1,999,0,nonexistent,1.4,93.918,-42.7,4.968,5228.1,No,45,blue-collar,single,university.degree,No,Sí,No
CLI000408,cellular,aug,tue,1,999,0,nonexistent,1.4,93.444,-36.1,4.966,5228.1,No,35,technician,married,high.school,Desconocido,No,Sí
CLI000409,cellular,may,thu,2,999,1,failure,-1.8,92.893,-46.2,1.266,5099.1,No,31,technician,married,university.degree,No,Sí,Sí
CLI000410,telephone,nov,wed,1,3,1,success,-3.4,92.649,-30.1,0.715,5017.5,Sí,33,admin.,married,university.degree,No,Sí,No
CLI000411,cellular,aug,wed,1,999,0,nonexistent,1.4,93.444,-36.1,4.965,5228.1,No,40,technician,married,professional.course,Desconocido,Sí,Sí
CLI000412,telephone,jul,thu,21,999,0,nonexistent,1.4,93.918,-42.7,4.968,5228.1,No,39,blue-collar,single,basic.4y,Desconocido,No,No
CLI000413,cellular,aug,fri,1,999,0,nonexistent,1.4,93.444,-36.1,4.966,5228.1,No,29,technician,married,professional.course,No,Sí,No
CLI000414,telephone,jul,wed,3,999,0,nonexistent,1.4,93.918,-42.7,4.963,5228.1,No,27,self-employed,married,university.degree,No,No,No
CLI000415,cellular,nov,thu,2,999,0,nonexistent,-0.1,93.2,-42.0,4.076,5195.8,No,43,blue-collar,married,basic.9y,No,No,No
CLI000416,cellular,jul,fri,4,999,0,nonexistent,1.4,93.918,-42.7,4.962,5228.1,No,56,services,married,high.school,No,Sí,Sí
CLI000417,cellular,aug,thu,2,999,0,nonexistent,1.4,93.444,-36.1,4.964,5228.1,No,33,admin.,single,university.degree,No,Sí,No
CLI000418,telephone,jun,wed,1,999,0,nonexistent,1.4,94.465,-41.8,4.962,5228.1,No,31,housemaid,married,professional.course,No,Sí,No
CLI000419,cellular,apr,fri,2,999,0,nonexistent,-1.8,93.075,-47.1,1.405,5099.1,No,40,blue-collar,single,basic.6y,Desconocido,No,Sí
CLI000420,cellular,apr,thu,2,999,1,failure,-1.8,93.075,-47.1,1.435,5099.1,No,37,blue-collar,divorced,basic.9y,Desconocido,Sí,No
CLI000421,cellular,aug,mon,2,999,0,nonexistent,-2.9,92.201,-31.4,0.843,5076.2,Sí,38,unemployed,single,high.school,No,Sí,No
CLI000422,cellular,jul,wed,3,999,0,nonexistent,1.4,93.918,-42.7,4.963,5228.1,No,39,blue-collar,married,Desconocido,Desconocido,Sí,No
CLI000423,cellular,may,fri,1,999,1,failure,-1.8,92.893,-46.2,1.25,5099.1,No,29,blue-collar,single,Desconocido,No,Sí,No
CLI000424,telephone,may,mon,4,999,0,nonexistent,1.1,93.994,-36.4,4.858,5191.0,No,58,retired,divorced,university.degree,No,Sí,No
CLI000425,telephone,jun,mon,2,999,0,nonexistent,1.4,94.465,-41.8,4.96,5228.1,No,45,blue-collar,married,basic.6y,No,Sí,No
CLI000426,cellular,aug,thu,2,999,0,nonexistent,1.4,93.444,-36.1,4.964,5228.1,No,58,technician,divorced,university.degree,Desconocido,Sí,No
CLI000427,telephone,nov,fri,2,3,2,success,-3.4,92.649,-30.1,0.714,5017.5,Sí,31,services,married,high.school,No,No,No
CLI000428,telephone,jun,wed,9,999,0,nonexistent,1.4,94.465,-41.8,4.962,5228.1,No,49,Desconocido,married,basic.6y,No,No,No
CLI000429,cellular,may,wed,2,999,0,nonexistent,-1.8,92.893,-46.2,1.334,5099.1,No,37,blue-collar,married,basic.9y,No,Sí,No
CLI000430,cellular,nov,fri,1,999,0,nonexistent,-0.1,93.2,-42.0,4.021,5195.8,No,48,technician,married,professional.course,No,Sí,Sí
CLI000431,cellular,may,thu,1,999,1,failure,-1.8,92.893,-46.2,1.266,5099.1,No,29,admin.,married,university.degree,No,Sí,No
CLI000432,cellular,may,thu,3,999,0,nonexistent,-1.8,92.893,-46.2,1.27,5099.1,No,41,unemployed,married,university.degree,No,No,No
CLI000433,cellular,jul,fri,1,999,0,nonexistent,1.4,93.918,-42.7,4.963,5228.1,No,35,blue-collar,married,basic.9y,Desconocido,Sí,No
CLI000434,cellular,jul,mon,8,999,0,nonexistent,1.4,93.918,-42.7,4.962,5228.1,No,56,Desconocido,single,basic.9y,No,No,Sí
CLI000435,cellular,sep,tue,1,3,5,success,-1.1,94.199,-37.5,0.877,4963.6,Sí,57,admin.,divorced,high.school,No,No,No
CLI000436,cellular,apr,mon,1,999,0,nonexistent,-1.8,93.075,-47.1,1.405,5099.1,No,33,blue-collar,married,high.school,No,No,No
CLI000437,telephone,jun,thu,1,999,0,nonexistent,1.4,94.465,-41.8,4.961,5228.1,No,58,entrepreneur,married,basic.4y,No,No,No
CLI000438,cellular,oct,thu,1,999,0,nonexistent,-3.4,92.431,-26.9,0.754,5017.5,No,49,technician,divorced,Desconocido,No,Sí,Sí
CLI000439,cellular,aug,thu,3,999,0,nonexistent,1.4,93.444,-36.1,4.964,5228.1,No,49,technician,married,professional.course,Desconocido,Sí,No
CLI000440,telephone,jun,thu,8,999,0,nonexistent,1.4,94.465,-41.8,4.866,5228.1,No,34,technician,single,professional.course,No,No,No
CLI000441,telephone,may,tue,1,999,0,nonexistent,1.1,93.994,-36.4,4.856,5191.0,No,34,blue-collar,married,basic.6y,No,No,No
CLI000442,cellular,may,tue,2,999,1,failure,-1.8,92.893,-46.2,1.291,5099.1,No,27,services,married,basic.6y,No,No,No
CLI000443,telephone,may,mon,1,999,0,nonexistent,1.1,93.994,-36.4,4.857,5191.0,No,41,blue-collar,married,basic.9y,Desconocido,No,No
CLI000445,cellular,aug,mon,9,999,0,nonexistent,1.4,93.444,-36.1,4.965,5228.1,No,31,admin.,married,university.degree,No,No,No
CLI000446,cellular,aug,mon,3,999,0,nonexistent,-2.9,92.201,-31.4,0.821,5076.2,No,40,technician,married,high.school,No,No,No
CLI000448,telephone,may,tue,2,999,0,nonexistent,1.1,93.994,-36.4,4.856,5191.0,No,27,management,single,,No,Sí,No
CLI000449,telephone,may,mon,1,999,0,nonexistent,1.1,93.994,-36.4,4.857,5191.0,No,57,admin.,married,university.degree,No,Sí,Sí
CLI000450,cellular,aug,tue,2,999,0,nonexistent,1.4,93.444,-36.1,4.965,5228.1,No,55,management,married,university.degree,No,Sí,No
CLI000451,cellular,may,fri,3,999,0,nonexistent,-1.8,92.893,-46.2,1.25,5099.1,No,23,admin.,single,professional.course,No,No,No
CLI000452,telephone,jul,tue,1,999,0,nonexistent,1.4,93.918,-42.7,4.955,5228.1,No,42,admin.,married,basic.6y,No,No,No
CLI000453,telephone,may,tue,9,999,0,nonexistent,1.1,93.994,-36.4,4.856,5191.0,No,36,technician,married,basic.9y,Desconocido,No,No
CLI000454,cellular,jul,thu,2,999,0,nonexistent,1.4,93.918,-42.7,4.962,5228.1,No,33,technician,single,basic.9y,No,No,No
CLI000455,telephone,may,tue,4,999,0,nonexistent,1.1,93.994,-36.4,4.857,5191.0,No,35,admin.,married,university.degree,No,No,No
CLI000456,cellular,may,fri,7,999,0,nonexistent,-1.8,92.893,-46.2,1.25,5099.1,No,26,technician,single,professional.course,No,Sí,No
CLI000457,cellular,may,tue,5,999,0,nonexistent,-1.8,92.893,-46.2,1.344,5099.1,No,55,retired,married,basic.4y,No,No,No
CLI000458,cellular,apr,fri,1,999,0,nonexistent,-1.8,93.075,-47.1,1.405,5099.1,No,41,management,married,university.degree,No,Sí,Sí
CLI000459,cellular,sep,fri,1,999,1,failure,-3.4,92.379,-29.8,0.773,5017.5,No,38,admin.,single,high.school,No,Sí,No
CLI000460,cellular,nov,mon,3,999,0,nonexistent,-3.4,92.649,-30.1,0.719,5017.5,No,38,admin.,married,university.degree,No,Sí,No
CLI000461,cellular,may,wed,3,999,0,nonexistent,-1.8,92.893,-46.2,1.281,5099.1,No,38,management,married,university.degree,No,Sí,No
CLI000462,telephone,may,fri,1,999,0,nonexistent,1.1,93.994,-36.4,4.859,5191.0,No,26,admin.,single,university.degree,Desconocido,No,No
CLI000463,telephone,jun,wed,2,999,0,nonexistent,1.4,94.465,-41.8,4.959,5228.1,No,45,entrepreneur,married,high.school,No,Sí,No
CLI000464,telephone,may,wed,2,999,0,nonexistent,1.1,93.994,-36.4,4.858,5191.0,No,38,entrepreneur,married,basic.6y,No,Desconocido,Desconocido
CLI000465,telephone,nov,tue,1,999,0,nonexistent,-0.1,93.2,-42.0,4.343,5195.8,Sí,32,unemployed,married,professional.course,No,Sí,No
CLI000466,telephone,jun,fri,2,999,0,nonexistent,1.4,94.465,-41.8,4.959,5228.1,No,27,admin.,single,university.degree,No,No,No
CLI000467,cellular,dec,mon,1,6,1,success,-3.0,92.713,-33.0,0.715,5023.5,No,54,technician,divorced,professional.course,No,Sí,No
CLI000468,cellular,nov,tue,1,999,1,failure,-0.1,93.2,-42.0,4.153,5195.8,No,54,admin.,single,university.degree,No,Sí,No
CLI000469,telephone,apr,thu,1,999,0,nonexistent,-1.8,93.075,-47.1,1.365,5099.1,No,37,self-employed,single,university.degree,No,Sí,No
CLI000470,telephone,jun,thu,2,999,0,nonexistent,1.4,94.465,-41.8,4.866,5228.1,No,57,technician,single,professional.course,No,Sí,No
CLI000471,telephone,may,thu,1,999,0,nonexistent,1.1,93.994,-36.4,4.86,5191.0,No,49,technician,married,high.school,No,Sí,No
CLI000472,cellular,aug,mon,2,999,0,nonexistent,1.4,93.444,-36.1,4.97,5228.1,No,58,retired,married,professional.course,Desconocido,No,No
CLI000473,cellular,aug,wed,5,999,0,nonexistent,1.4,93.444,-36.1,4.964,5228.1,No,38,admin.,single,university.degree,Desconocido,Sí,Sí
CLI000474,cellular,jul,thu,1,999,0,nonexistent,1.4,93.918,-42.7,4.958,5228.1,No,39,housemaid,divorced,basic.9y,No,Sí,No
CLI000475,telephone,jun,mon,1,999,0,nonexistent,1.4,94.465,-41.8,4.961,5228.1,No,40,technician,married,professional.course,No,No,No
CLI000476,cellular,may,wed,1,999,1,failure,-1.8,92.893,-46.2,1.281,5099.1,No,36,blue-collar,married,basic.6y,No,Sí,No
CLI000477,telephone,may,wed,2,999,0,nonexistent,1.1,93.994,-36.4,4.859,5191.0,No,33,admin.,married,high.school,No,Sí,Sí
CLI000478,cellular,jul,wed,1,999,0,nonexistent,1.4,93.918,-42.7,4.962,5228.1,No,34,management,married,university.degree,Desconocido,No,No
CLI000479,cellular,nov,fri,2,999,1,failure,-0.1,93.2,-42.0,4.021,5195.8,No,47,technician,married,Desconocido,Desconocido,Sí,No
CLI000480,cellular,apr,wed,2,999,1,failure,-1.8,93.075,-47.1,1.415,5099.1,No,37,self-employed,divorced,basic.9y,No,Sí,No
CLI000481,cellular,apr,thu,1,999,0,nonexistent,-1.8,93.075,-47.1,1.365,5099.1,No,47,Desconocido,married,Desconocido,No,No,No
CLI000482,cellular,sep,thu,1,999,0,nonexistent,-1.1,94.199,-37.5,0.878,4963.6,No,21,student,single,Desconocido,No,No,No
CLI000483,telephone,may,wed,1,999,0,nonexistent,1.1,93.994,-36.4,4.856,5191.0,No,35,admin.,single,high.school,No,No,
CLI000484,telephone,may,tue,2,999,0,nonexistent,1.1,93.994,-36.4,4.857,5191.0,No,43,admin.,married,high.school,No,No,Sí
CLI000485,cellular,oct,thu,1,999,0,nonexistent,-3.4,92.431,-26.9,0.74,5017.5,No,37,blue-collar,married,basic.6y,No,Sí,No
CLI000486,cellular,may,mon,1,999,1,failure,-1.8,92.893,-46.2,1.299,5099.1,No,37,admin.,single,university.degree,No,No,Sí
CLI000487,cellular,jul,thu,11,999,0,nonexistent,1.4,93.918,-42.7,4.968,5228.1,No,44,admin.,divorced,university.degree,No,Sí,No
CLI000488,telephone,may,wed,1,999,0,nonexistent,1.1,93.994,-36.4,4.858,5191.0,No,35,technician,married,basic.9y,No,No,No
CLI000489,telephone,jun,fri,2,999,0,nonexistent,1.4,94.465,-41.8,4.967,5228.1,No,36,entrepreneur,married,university.degree,Desconocido,Desconocido,Desconocido
CLI000490,cellular,jul,mon,3,999,0,nonexistent,1.4,93.918,-42.7,4.962,5228.1,No,31,blue-collar,divorced,basic.6y,No,Sí,No
CLI000491,cellular,oct,tue,2,999,0,nonexistent,-3.4,92.431,-26.9,0.742,5017.5,Sí,35,student,single,university.degree,No,Sí,No
CLI000492,telephone,jun,thu,1,999,0,nonexistent,1.4,94.465,-41.8,4.961,5228.1,No,41,services,divorced,basic.9y,No,No,No
CLI000493,telephone,jun,tue,1,999,0,nonexistent,1.4,94.465,-41.8,4.864,5228.1,No,31,blue-collar,single,basic.9y,Desconocido,Sí,No
CLI000494,cellular,jun,wed,1,999,1,failure,-2.9,92.963,-40.8,1.26,5076.2,No,25,technician,single,university.degree,No,Sí,Sí
CLI000495,telephone,may,thu,3,999,0,nonexistent,1.1,93.994,-36.4,4.86,5191.0,No,34,blue-collar,married,basic.6y,No,No,No
CLI000496,cellular,aug,tue,1,999,0,nonexistent,1.4,93.444,-36.1,4.965,5228.1,No,50,blue-collar,married,basic.4y,Desconocido,Sí,No
CLI000497,cellular,nov,wed,1,999,1,failure,-0.1,93.2,-42.0,4.12,5195.8,No,31,services,married,high.school,No,No,No
CLI000498,cellular,aug,fri,3,999,0,nonexistent,1.4,93.444,-36.1,4.966,5228.1,No,47,blue-collar,married,Desconocido,Desconocido,Sí,No
CLI000499,cellular,jul,tue,1,999,0,nonexistent,1.4,93.918,-42.7,4.962,5228.1,Sí,50,admin.,married,professional.course,No,Sí,Sí
CLI000500,cellular,may,mon,4,999,0,nonexistent,-1.8,92.893,-46.2,1.244,5099.1,No,26,services,single,basic.9y,No,No,No
CLI000501,cellular,aug,fri,2,999,0,nonexistent,1.4,93.444,-36.1,4.964,5228.1,No,51,unemployed,married,basic.9y,No,No,No
CLI000502,cellular,aug,wed,4,999,0,nonexistent,1.4,93.444,-36.1,4.964,5228.1,No,53,Desconocido,married,basic.4y,Desconocido,No,No
CLI000503,cellular,aug,mon,2,999,0,nonexistent,1.4,93.444,-36.1,4.963,5228.1,No,37,technician,married,professional.course,No,Sí,No
CLI000504,cellular,aug,wed,3,999,0,nonexistent,1.4,93.444,-36.1,4.964,5228.1,No,49,technician,married,professional.course,Desconocido,Sí,No
CLI000505,telephone,jun,tue,1,999,0,nonexistent,1.4,94.465,-41.8,4.864,5228.1,No,56,entrepreneur,married,Desconocido,Desconocido,Sí,No
CLI000506,cellular,oct,wed,2,999,1,failure,-1.1,94.601,-49.5,0.985,4963.6,No,60,retired,married,basic.4y,No,Sí,No
CLI000507,telephone,may,tue,10,999,0,nonexistent,1.1,93.994,-36.4,4.856,5191.0,No,39,management,married,,No,Sí,Sí
CLI000508,cellular,apr,thu,1,999,0,nonexistent,-1.8,93.075,-47.1,1.41,5099.1,No,29,admin.,single,high.school,No,Sí,No
CLI000509,cellular,nov,thu,2,999,0,nonexistent,-0.1,93.2,-42.0,4.076,5195.8,No,50,management,divorced,high.school,Desconocido,No,No
CLI000510,telephone,jun,thu,1,999,0,nonexistent,1.4,94.465,-41.8,4.961,5228.1,No,57,admin.,married,university.degree,No,No,Sí
CLI000511,cellular,nov,fri,1,999,0,nonexistent,-1.1,94.767,-50.8,1.028,4963.6,Sí,44,technician,married,professional.course,No,No,No
CLI000512,cellular,may,wed,3,999,1,failure,-1.8,92.893,-46.2,1.281,5099.1,Sí,29,blue-collar,married,basic.9y,No,No,No
CLI000513,cellular,aug,tue,2,999,1,failure,-2.9,92.201,-31.4,0.883,5076.2,No,35,technician,married,university.degree,No,Sí,No
CLI000514,telephone,oct,mon,2,999,0,nonexistent,-3.4,92.431,-26.9,0.739,5017.5,No,55,entrepreneur,married,professional.course,No,,No
CLI000515,cellular,jul,fri,1,999,0,nonexistent,1.4,93.918,-42.7,4.962,5228.1,No,45,technician,divorced,Desconocido,Desconocido,No,No
CLI000516,telephone,may,wed,1,999,0,nonexistent,1.1,93.994,-36.4,4.859,5191.0,No,28,entrepreneur,married,university.degree,No,No,No
CLI000517,cellular,jul,fri,2,999,0,nonexistent,1.4,93.918,-42.7,4.962,5228.1,No,48,admin.,single,high.school,No,No,No
CLI000518,telephone,may,wed,3,999,0,nonexistent,1.1,93.994,-36.4,4.858,5191.0,No,29,housemaid,single,high.school,No,Sí,No
CLI000519,telephone,jun,mon,3,999,0,nonexistent,1.4,94.465,-41.8,4.865,5228.1,No,41,admin.,single,university.degree,No,No,No
CLI000520,cellular,nov,thu,2,999,0,nonexistent,-0.1,93.2,-42.0,4.076,5195.8,No,39,services,married,high.school,No,Sí,No
CLI000521,cellular,may,tue,1,999,0,nonexistent,-1.8,92.893,-46.2,1.344,5099.1,No,47,blue-collar,divorced,basic.4y,No,No,No
CLI000522,telephone,may,tue,10,999,0,nonexistent,1.1,93.994,-36.4,4.856,5191.0,No,33,blue-collar,single,basic.9y,No,No,No
CLI000523,telephone,may,tue,3,999,0,nonexistent,1.1,93.994,-36.4,4.857,5191.0,No,38,services,married,high.school,No,Sí,No
CLI000524,cellular,dec,mon,1,999,1,failure,-3.0,92.713,-33.0,0.717,5023.5,Sí,50,technician,married,high.school,No,Sí,No
CLI000525,telephone,may,thu,4,999,0,nonexistent,1.1,93.994,-36.4,4.86,5191.0,No,34,blue-collar,married,basic.9y,No,No,No
CLI000526,cellular,apr,fri,2,999,0,nonexistent,-1.8,93.075,-47.1,1.405,5099.1,No,29,admin.,divorced,basic.9y,No,Sí,No
CLI000527,cellular,may,fri,2,999,1,failure,-1.8,92.893,-46.2,1.313,5099.1,No,30,admin.,married,university.degree,No,Sí,No
CLI000528,cellular,apr,fri,1,999,0,nonexistent,-1.8,93.075,-47.1,1.405,5099.1,No,44,admin.,married,university.degree,No,Sí,Sí
CLI000529,cellular,aug,thu,1,999,0,nonexistent,1.4,93.444,-36.1,4.968,5228.1,No,52,management,married,university.degree,Desconocido,Sí,Sí
CLI000530,cellular,may,tue,1,999,0,nonexistent,-1.8,92.893,-46.2,1.291,5099.1,No,33,blue-collar,single,basic.4y,No,Sí,No
CLI000531,cellular,jul,thu,2,999,0,nonexistent,1.4,93.918,-42.7,4.962,5228.1,No,35,services,single,basic.9y,No,Sí,No
CLI000533,cellular,may,wed,2,999,1,failure,-1.8,92.893,-46.2,1.281,5099.1,No,45,blue-collar,married,basic.9y,No,No,No
CLI000534,cellular,sep,fri,2,15,4,failure,-1.1,94.199,-37.5,0.879,4963.6,Sí,30,technician,single,university.degree,No,Sí,No
CLI000535,cellular,may,thu,3,999,1,failure,-1.8,92.893,-46.2,1.327,5099.1,No,26,admin.,single,basic.9y,Desconocido,Sí,
CLI000536,cellular,may,wed,1,12,1,success,-1.8,92.893,-46.2,1.334,5099.1,No,48,blue-collar,married,basic.4y,No,No,No
CLI000537,cellular,may,wed,1,999,0,nonexistent,-1.8,92.893,-46.2,1.281,5099.1,No,34,services,married,university.degree,No,Sí,Sí
CLI000538,cellular,may,wed,3,999,0,nonexistent,-1.8,92.893,-46.2,1.334,5099.1,No,50,admin.,divorced,university.degree,No,Sí,No
CLI000539,cellular,nov,mon,2,999,1,failure,-0.1,93.2,-42.0,4.191,5195.8,No,46,blue-collar,married,basic.9y,No,Sí,No
CLI000540,cellular,apr,mon,4,999,0,nonexistent,-1.8,93.749,-34.6,0.643,5008.7,No,29,admin.,single,university.degree,No,Sí,No
CLI000541,telephone,may,tue,5,999,0,nonexistent,1.1,93.994,-36.4,4.857,5191.0,No,39,technician,married,professional.course,No,No,No
CLI000542,cellular,may,mon,2,999,0,nonexistent,-1.8,92.893,-46.2,1.299,5099.1,No,34,blue-collar,single,basic.6y,No,No,No
CLI000543,telephone,jun,wed,16,999,0,nonexistent,1.4,94.465,-41.8,4.864,5228.1,No,45,entrepreneur,married,Desconocido,No,No,No
CLI000544,telephone,jun,thu,1,999,0,nonexistent,1.4,94.465,-41.8,4.961,5228.1,No,34,admin.,married,basic.9y,No,No,No
CLI000545,telephone,may,mon,2,999,0,nonexistent,1.1,93.994,-36.4,4.857,5191.0,No,47,blue-collar,married,basic.4y,Desconocido,Sí,No
CLI000546,cellular,jul,thu,1,999,0,nonexistent,1.4,93.918,-42.7,4.963,5228.1,No,31,admin.,married,high.school,No,No,No
CLI000547,cellular,jul,fri,4,999,0,nonexistent,1.4,93.918,-42.7,4.957,5228.1,No,38,technician,single,professional.course,No,No,No
CLI000548,cellular,jul,mon,3,999,0,nonexistent,1.4,93.918,-42.7,4.96,5228.1,No,31,services,married,high.school,Desconocido,No,No
CLI000549,telephone,jul,tue,1,999,0,nonexistent,-1.7,94.215,-40.3,0.797,4991.6,No,35,admin.,single,university.degree,No,No,No
CLI000550,cellular,may,mon,1,999,1,failure,-1.8,92.893,-46.2,1.299,5099.1,No,27,entrepreneur,married,university.degree,No,No,Sí
CLI000551,cellular,nov,wed,1,999,0,nonexistent,-0.1,93.2,-42.0,4.12,5195.8,No,30,services,single,high.school,No,No,No
CLI000552,cellular,aug,mon,3,999,0,nonexistent,1.4,93.444,-36.1,4.97,5228.1,No,60,retired,married,university.degree,Desconocido,Sí,Sí
CLI000553,cellular,jun,mon,1,999,1,failure,-2.9,92.963,-40.8,1.215,5076.2,No,48,admin.,married,university.degree,No,Sí,No
CLI000554,cellular,nov,fri,4,999,0,nonexistent,-0.1,93.2,-42.0,4.021,5195.8,No,51,blue-collar,married,high.school,No,No,No
CLI000555,cellular,nov,mon,1,999,0,nonexistent,-0.1,93.2,-42.0,4.191,5195.8,No,42,admin.,married,high.school,No,Sí,No
CLI000556,telephone,may,mon,3,999,0,nonexistent,1.1,93.994,-36.4,4.857,5191.0,No,49,blue-collar,married,basic.4y,No,No,No
CLI000557,cellular,jul,tue,4,999,0,nonexistent,1.4,93.918,-42.7,4.961,5228.1,No,43,management,married,university.degree,No,Sí,No
CLI000558,cellular,may,tue,1,999,0,nonexistent,-1.8,92.893,-46.2,1.291,5099.1,No,32,blue-collar,single,basic.9y,No,Sí,No
CLI000559,telephone,may,fri,2,999,0,nonexistent,1.1,93.994,-36.4,4.857,5191.0,No,35,admin.,single,high.school,No,Sí,No
CLI000560,telephone,jul,wed,4,999,0,nonexistent,1.4,93.918,-42.7,4.963,5228.1,No,43,admin.,married,university.degree,No,Sí,No
CLI000561,cellular,jul,fri,2,999,0,nonexistent,1.4,93.918,-42.7,4.963,5228.1,No,53,retired,married,basic.9y,Desconocido,No,No
CLI000562,cellular,jul,thu,1,999,0,nonexistent,1.4,93.918,-42.7,4.963,5228.1,Sí,57,management,married,basic.4y,Desconocido,No,Sí
CLI000563,cellular,jul,thu,1,999,0,nonexistent,1.4,93.918,-42.7,4.963,5228.1,No,49,blue-collar,married,basic.9y,No,Sí,No
CLI000564,cellular,may,fri,4,999,0,nonexistent,-1.8,92.893,-46.2,1.25,5099.1,No,34,technician,divorced,professional.course,No,No,No
CLI000565,cellular,apr,fri,2,999,1,failure,-1.8,93.749,-34.6,0.645,5008.7,No,62,technician,married,Desconocido,No,Sí,No
CLI000566,cellular,jul,wed,3,999,0,nonexistent,1.4,93.918,-42.7,4.962,5228.1,No,36,admin.,divorced,high.school,No,Sí,No
CLI000567,telephone,jul,fri,2,999,0,nonexistent,1.4,93.918,-42.7,4.963,5228.1,No,28,blue-collar,married,basic.6y,Desconocido,Sí,No
CLI000568,telephone,may,mon,2,999,0,nonexistent,1.1,93.994,-36.4,4.857,5191.0,No,41,unemployed,married,university.degree,Desconocido,No,No
CLI000569,cellular,aug,wed,7,999,0,nonexistent,1.4,93.444,-36.1,4.964,5228.1,No,41,technician,divorced,professional.course,No,No,No
CLI000570,telephone,jun,wed,1,999,0,nonexistent,1.4,94.465,-41.8,4.864,5228.1,No,25,blue-collar,married,high.school,No,No,Sí
CLI000571,telephone,jun,thu,3,999,0,nonexistent,1.4,94.465,-41.8,4.866,5228.1,No,49,technician,married,university.degree,No,Sí,Sí
CLI000572,telephone,jun,mon,32,999,0,nonexistent,1.4,94.465,-41.8,4.865,5228.1,No,32,services,married,high.school,No,Sí,No
CLI000573,cellular,jul,tue,5,999,0,nonexistent,1.4,93.918,-42.7,4.961,5228.1,No,47,blue-collar,single,Desconocido,Desconocido,Sí,No
CLI000574,cellular,may,wed,1,999,0,nonexistent,-1.8,92.893,-46.2,1.281,5099.1,No,34,blue-collar,single,high.school,No,No,No
CLI000576,telephone,jun,wed,5,999,0,nonexistent,1.4,94.465,-41.8,4.959,5228.1,No,30,services,married,high.school,No,Sí,No
CLI000577,cellular,sep,mon,2,6,3,success,-1.1,94.199,-37.5,0.882,4963.6,No,28,admin.,single,university.degree,No,Sí,No
CLI000578,cellular,sep,thu,1,3,4,success,-1.1,94.199,-37.5,0.879,4963.6,Sí,37,admin.,single,university.degree,No,No,No
CLI000579,cellular,jul,fri,8,999,0,nonexistent,1.4,93.918,-42.7,4.962,5228.1,No,55,technician,married,Desconocido,No,No,No
CLI000580,telephone,may,wed,2,999,0,nonexistent,1.1,93.994,-36.4,4.857,5191.0,No,33,services,single,,Desconocido,Sí,No
CLI000581,cellular,may,wed,2,999,1,failure,-1.8,92.893,-46.2,1.334,5099.1,No,54,technician,divorced,university.degree,No,Sí,No
CLI000582,cellular,nov,wed,3,999,2,failure,-1.1,94.767,-50.8,1.048,4963.6,No,28,services,married,high.school,No,Sí,No
CLI000583,cellular,may,wed,1,999,0,nonexistent,-1.8,92.893,-46.2,1.334,5099.1,No,35,blue-collar,married,basic.9y,No,Sí,No
CLI000584,cellular,nov,wed,1,999,1,failure,-0.1,93.2,-42.0,4.12,5195.8,No,31,blue-collar,single,high.school,No,Sí,No
CLI000585,telephone,aug,thu,1,6,2,success,-1.7,94.027,-38.3,0.899,4991.6,Sí,33,management,married,university.degree,No,No,No
CLI000586,telephone,may,fri,2,999,0,nonexistent,1.1,93.994,-36.4,4.864,5191.0,No,34,housemaid,single,university.degree,No,No,No
CLI000587,cellular,apr,fri,3,999,1,failure,-1.8,93.075,-47.1,1.405,5099.1,No,49,services,divorced,high.school,No,No,No
CLI000588,cellular,oct,thu,2,3,2,success,-1.1,94.601,-49.5,0.987,4963.6,No,81,retired,divorced,basic.4y,No,Sí,No
CLI000589,telephone,jun,mon,1,999,0,nonexistent,1.4,94.465,-41.8,4.865,5228.1,No,40,technician,married,professional.course,Desconocido,No,No
CLI000590,telephone,may,fri,1,999,0,nonexistent,1.1,93.994,-36.4,4.855,5191.0,No,51,blue-collar,married,basic.9y,No,No,No
CLI000591,cellular,may,fri,2,999,0,nonexistent,-1.8,92.893,-46.2,1.313,5099.1,No,34,admin.,married,high.school,Desconocido,No,No
CLI000592,cellular,apr,mon,3,999,0,nonexistent,-1.8,93.075,-47.1,1.405,5099.1,No,40,self-employed,single,university.degree,No,Sí,No
CLI000593,cellular,apr,fri,2,999,0,nonexistent,-1.8,93.075,-47.1,1.4,5099.1,Sí,64,management,married,high.school,No,Sí,No
CLI000594,telephone,may,mon,6,999,0,nonexistent,-1.8,92.893,-46.2,1.244,5099.1,No,27,admin.,single,university.degree,No,No,No
CLI000595,telephone,may,thu,2,999,0,nonexistent,1.1,93.994,-36.4,4.855,5191.0,No,43,admin.,married,high.school,No,Sí,No
CLI000596,telephone,jun,mon,2,999,0,nonexistent,1.4,94.465,-41.8,4.961,5228.1,No,41,blue-collar,single,basic.9y,No,No,No
CLI000597,cellular,apr,mon,2,999,0,nonexistent,-1.8,93.075,-47.1,1.405,5099.1,No,46,admin.,married,basic.9y,No,No,No
CLI000598,cellular,jun,tue,1,999,0,nonexistent,-2.9,92.963,-40.8,1.262,5076.2,No,49,admin.,divorced,university.degree,No,Sí,No
CLI000599,cellular,jul,thu,1,999,0,nonexistent,1.4,93.918,-42.7,4.958,5228.1,No,26,housemaid,married,basic.4y,No,No,No
CLI000600,cellular,nov,mon,2,999,0,nonexistent,-0.1,93.2,-42.0,4.191,5195.8,No,40,entrepreneur,divorced,university.degree,No,Sí,No
CLI000601,telephone,may,wed,2,999,0,nonexistent,1.1,93.994,-36.4,4.859,5191.0,No,58,admin.,divorced,university.degree,No,No,No
CLI000602,cellular,jul,wed,4,999,0,nonexistent,1.4,93.918,-42.7,4.962,5228.1,No,26,services,married,high.school,No,Sí,Sí
CLI000603,telephone,may,mon,1,999,0,nonexistent,1.1,93.994,-36.4,4.857,5191.0,No,30,admin.,single,high.school,No,Desconocido,Desconocido
CLI000604,telephone,may,wed,2,999,0,nonexistent,1.1,93.994,-36.4,4.857,5191.0,No,41,blue-collar,single,high.school,No,Sí,No
CLI000605,telephone,may,fri,1,999,0,nonexistent,1.1,93.994,-36.4,4.857,5191.0,No,26,blue-collar,single,high.school,No,No,No
CLI000606,cellular,may,tue,1,999,0,nonexistent,-1.8,92.893,-46.2,1.291,5099.1,No,33,self-employed,single,high.school,No,,No
CLI000607,cellular,nov,wed,1,999,1,failure,-0.1,93.2,-42.0,4.12,5195.8,No,37,management,divorced,university.degree,No,No,No
CLI000608,cellular,apr,mon,2,999,0,nonexistent,-1.8,93.075,-47.1,1.405,5099.1,No,57,management,divorced,university.degree,Desconocido,No,No
CLI000609,cellular,apr,mon,2,999,0,nonexistent,-1.8,93.075,-47.1,1.405,5099.1,No,40,blue-collar,married,basic.9y,Desconocido,No,No
CLI000610,cellular,jul,tue,1,999,0,nonexistent,1.4,93.918,-42.7,4.961,5228.1,No,37,admin.,married,high.school,No,No,Sí
CLI000611,cellular,aug,mon,3,999,0,nonexistent,1.4,93.444,-36.1,4.963,5228.1,No,34,admin.,single,university.degree,Desconocido,No,Sí
CLI000612,cellular,may,tue,2,999,0,nonexistent,-1.8,92.893,-46.2,1.266,5099.1,No,42,services,married,high.school,No,Sí,Sí
CLI000613,cellular,sep,fri,3,999,0,nonexistent,-3.4,92.379,-29.8,0.773,5017.5,Sí,69,retired,married,high.school,No,No,No
CLI000614,telephone,jun,wed,3,999,0,nonexistent,1.4,94.465,-41.8,4.864,5228.1,No,49,housemaid,divorced,,No,Sí,No
CLI000615,cellular,aug,thu,1,999,0,nonexistent,1.4,93.444,-36.1,4.963,5228.1,No,49,blue-collar,married,basic.9y,Desconocido,Sí,No
CLI000616,telephone,jun,thu,1,999,0,nonexistent,1.4,94.465,-41.8,4.866,5228.1,No,36,blue-collar,married,high.school,No,No,No
CLI000617,cellular,may,tue,3,999,0,nonexistent,-1.8,92.893,-46.2,1.344,5099.1,No,37,services,married,high.school,No,No,No
CLI000618,cellular,aug,tue,2,999,0,nonexistent,1.4,93.444,-36.1,4.966,5228.1,No,51,entrepreneur,married,basic.4y,Desconocido,No,No
CLI000619,cellular,nov,thu,2,4,1,success,-0.1,93.2,-42.0,4.076,5195.8,No,42,admin.,married,university.degree,No,Sí,No
CLI000621,cellular,may,fri,4,999,0,nonexistent,-1.8,92.893,-46.2,1.25,5099.1,No,30,management,married,university.degree,No,No,No
CLI000622,cellular,aug,wed,1,999,0,nonexistent,1.4,93.444,-36.1,4.965,5228.1,No,33,technician,single,university.degree,No,No,No
CLI000623,cellular,aug,mon,1,999,0,nonexistent,1.4,93.444,-36.1,4.97,5228.1,No,50,self-employed,married,basic.4y,Desconocido,Sí,No
CLI000624,telephone,may,tue,2,999,0,nonexistent,1.1,93.994,-36.4,4.856,5191.0,No,40,blue-collar,married,basic.6y,Desconocido,No,No
CLI000625,telephone,jun,tue,3,999,0,nonexistent,1.4,94.465,-41.8,4.961,5228.1,No,42,self-employed,married,Desconocido,No,Sí,No
CLI000626,cellular,aug,thu,3,999,0,nonexistent,1.4,93.444,-36.1,4.963,5228.1,No,56,housemaid,married,basic.9y,Desconocido,No,No
CLI000627,cellular,jun,wed,1,999,0,nonexistent,-1.7,94.055,-39.8,0.739,4991.6,Sí,36,admin.,single,university.degree,No,Sí,Sí
CLI000628,cellular,apr,mon,4,999,0,nonexistent,-1.8,93.075,-47.1,1.405,5099.1,No,35,technician,married,university.degree,No,Sí,No
CLI000629,cellular,may,thu,2,999,0,nonexistent,-1.8,92.893,-46.2,1.266,5099.1,No,28,student,single,high.school,No,Desconocido,Desconocido
CLI000630,cellular,nov,thu,1,999,0,nonexistent,-0.1,93.2,-42.0,4.076,5195.8,No,31,admin.,married,university.degree,No,Sí,No
CLI000631,telephone,may,fri,2,999,0,nonexistent,1.1,93.994,-36.4,4.864,5191.0,No,60,admin.,married,high.school,No,Sí,No
CLI000632,cellular,oct,fri,2,999,0,nonexistent,-3.4,92.431,-26.9,0.743,5017.5,Sí,42,management,single,university.degree,No,No,No
CLI000633,cellular,jul,tue,1,999,0,nonexistent,1.4,93.918,-42.7,4.961,5228.1,Sí,53,entrepreneur,married,university.degree,Desconocido,Sí,No
CLI000634,cellular,jul,mon,3,999,0,nonexistent,1.4,93.918,-42.7,4.96,5228.1,No,41,blue-collar,single,basic.4y,No,Desconocido,Desconocido
CLI000635,cellular,jul,thu,3,999,0,nonexistent,1.4,93.918,-42.7,4.968,5228.1,No,38,admin.,married,basic.6y,No,Sí,No
CLI000636,cellular,jul,fri,1,999,0,nonexistent,1.4,93.918,-42.7,4.962,5228.1,No,38,technician,single,Desconocido,No,Sí,No
CLI000637,cellular,jul,tue,3,999,0,nonexistent,1.4,93.918,-42.7,4.961,5228.1,No,29,technician,single,professional.course,No,Sí,No
CLI000638,cellular,aug,mon,3,999,0,nonexistent,1.4,93.444,-36.1,4.965,5228.1,No,30,admin.,single,university.degree,No,Sí,No
CLI000639,cellular,may,fri,1,999,1,failure,-1.8,92.893,-46.2,1.25,5099.1,Sí,33,blue-collar,married,professional.course,No,Sí,No
CLI000640,cellular,aug,wed,4,999,0,nonexistent,1.4,93.444,-36.1,4.964,5228.1,No,33,admin.,married,university.degree,No,Sí,No
CLI000641,cellular,aug,fri,3,999,0,nonexistent,1.4,93.444,-36.1,4.963,5228.1,No,40,self-employed,married,university.degree,No,No,No
CLI000642,cellular,apr,thu,1,999,0,nonexistent,-1.8,93.075,-47.1,1.365,5099.1,Sí,24,student,single,professional.course,No,Sí,No
CLI000643,cellular,may,fri,3,999,0,nonexistent,-1.8,92.893,-46.2,1.25,5099.1,No,32,technician,single,professional.course,No,No,No
CLI000644,cellular,mar,fri,2,999,3,failure,-1.8,93.369,-34.8,0.649,5008.7,No,33,admin.,married,university.degree,No,No,
CLI000645,cellular,jul,thu,1,999,0,nonexistent,1.4,93.918,-42.7,4.968,5228.1,No,31,admin.,single,university.degree,No,No,No
CLI000646,telephone,may,tue,3,999,0,nonexistent,1.1,93.994,-36.4,4.857,5191.0,No,39,admin.,married,university.degree,No,No,
CLI000647,cellular,jul,thu,1,999,0,nonexistent,1.4,93.918,-42.7,4.968,5228.1,No,32,technician,single,,No,Sí,No
CLI000648,cellular,may,wed,3,999,2,failure,-1.8,92.893,-46.2,1.334,5099.1,No,41,blue-collar,married,basic.4y,Desconocido,No,Sí
CLI000649,cellular,jul,thu,1,999,0,nonexistent,1.4,93.918,-42.7,4.968,5228.1,No,38,services,married,high.school,No,No,No
CLI000650,cellular,jul,thu,2,3,1,success,-1.7,94.215,-40.3,0.884,4991.6,Sí,24,technician,single,professional.course,No,Sí,No
CLI000651,cellular,may,wed,1,999,0,nonexistent,-1.8,92.893,-46.2,1.334,5099.1,No,36,blue-collar,married,basic.9y,No,No,No
CLI000652,telephone,may,tue,2,999,0,nonexistent,1.1,93.994,-36.4,4.857,5191.0,No,57,entrepreneur,married,university.degree,No,Sí,No
CLI000653,cellular,jul,mon,6,999,0,nonexistent,1.4,93.918,-42.7,4.96,5228.1,No,27,admin.,single,high.school,Desconocido,No,No
CLI000654,telephone,may,thu,2,999,0,nonexistent,1.1,93.994,-36.4,4.855,5191.0,No,28,student,married,university.degree,No,No,Sí
CLI000655,cellular,jul,thu,14,999,0,nonexistent,1.4,93.918,-42.7,4.963,5228.1,No,33,admin.,single,high.school,No,Sí,No
CLI000656,cellular,nov,thu,3,999,0,nonexistent,-0.1,93.2,-42.0,4.076,5195.8,Sí,38,admin.,divorced,university.degree,No,Sí,
CLI000657,telephone,jul,thu,1,999,1,failure,-1.7,94.215,-40.3,0.782,4991.6,No,34,admin.,married,high.school,No,Sí,No
CLI000658,cellular,aug,thu,3,999,0,nonexistent,1.4,93.444,-36.1,4.968,5228.1,No,48,blue-collar,married,basic.4y,Desconocido,No,Sí
CLI000659,telephone,jun,mon,1,999,0,nonexistent,1.4,94.465,-41.8,4.96,5228.1,No,26,admin.,married,high.school,No,No,Sí
CLI000660,telephone,may,tue,1,999,0,nonexistent,1.1,93.994,-36.4,4.856,5191.0,No,42,housemaid,married,high.school,Desconocido,Sí,No
CLI000661,cellular,aug,tue,3,999,0,nonexistent,1.4,93.444,-36.1,4.963,5228.1,No,33,admin.,single,university.degree,Desconocido,Desconocido,Desconocido
CLI000662,cellular,jul,wed,1,999,0,nonexistent,1.4,93.918,-42.7,4.963,5228.1,Sí,25,services,single,basic.9y,No,Sí,No
CLI000663,cellular,apr,fri,7,999,1,failure,-1.8,93.075,-47.1,1.405,5099.1,No,55,services,married,high.school,Desconocido,Sí,No
CLI000664,telephone,may,thu,16,999,0,nonexistent,1.1,93.994,-36.4,4.86,5191.0,No,59,technician,married,basic.6y,Desconocido,No,No
CLI000665,telephone,may,wed,1,999,0,nonexistent,1.1,93.994,-36.4,4.858,5191.0,No,37,services,single,high.school,No,No,No
CLI000666,cellular,jul,thu,1,999,0,nonexistent,1.4,93.918,-42.7,4.962,5228.1,No,59,admin.,married,basic.4y,Desconocido,Sí,No
CLI000667,cellular,may,wed,3,999,0,nonexistent,-1.8,92.893,-46.2,1.281,5099.1,No,29,management,married,university.degree,No,No,No
CLI000668,telephone,jun,fri,4,999,0,nonexistent,1.4,94.465,-41.8,4.959,5228.1,No,51,blue-collar,married,basic.9y,Desconocido,No,No
CLI000669,cellular,may,tue,1,999,1,failure,-1.8,92.893,-46.2,1.344,5099.1,No,58,retired,married,high.school,Desconocido,No,No
CLI000670,telephone,jun,wed,2,999,0,nonexistent,1.4,94.465,-41.8,4.864,5228.1,No,24,technician,single,high.school,No,Sí,No
CLI000671,cellular,jun,thu,1,999,0,nonexistent,-1.7,94.055,-39.8,0.729,4991.6,No,24,student,single,,No,Sí,Sí
CLI000672,cellular,oct,mon,5,999,0,nonexistent,-1.1,94.601,-49.5,1.032,4963.6,Sí,33,admin.,single,university.degree,No,,No
CLI000673,cellular,jun,wed,1,999,0,nonexistent,-2.9,92.963,-40.8,1.26,5076.2,Sí,40,management,divorced,university.degree,No,Sí,No
CLI000674,cellular,nov,tue,1,999,0,nonexistent,-0.1,93.2,-42.0,4.153,5195.8,Sí,30,admin.,divorced,university.degree,No,No,No
CLI000675,cellular,may,fri,8,999,1,failure,-1.8,92.893,-46.2,1.25,5099.1,No,32,admin.,single,university.degree,No,Sí,No
CLI000676,cellular,aug,mon,3,999,0,nonexistent,1.4,93.444,-36.1,4.965,5228.1,No,56,blue-collar,married,Desconocido,No,No,No
CLI000677,cellular,jul,mon,2,999,0,nonexistent,1.4,93.918,-42.7,4.962,5228.1,No,54,housemaid,married,basic.4y,Desconocido,,No
CLI000678,cellular,may,mon,4,3,1,success,-1.8,92.893,-46.2,1.354,5099.1,No,43,admin.,married,high.school,No,Sí,No
CLI000679,cellular,nov,mon,2,999,0,nonexistent,-0.1,93.2,-42.0,4.191,5195.8,No,38,blue-collar,married,basic.4y,No,Sí,No
CLI000680,telephone,jun,mon,1,999,0,nonexistent,1.4,94.465,-41.8,4.865,5228.1,No,43,unemployed,married,university.degree,Desconocido,No,No
CLI000681,cellular,nov,tue,1,999,0,nonexistent,-0.1,93.2,-42.0,4.153,5195.8,No,58,blue-collar,married,basic.9y,No,Sí,No
CLI000682,cellular,aug,mon,1,999,0,nonexistent,1.4,93.444,-36.1,4.963,5228.1,No,36,admin.,single,university.degree,Desconocido,Sí,Sí
CLI000683,telephone,jun,tue,1,999,0,nonexistent,1.4,94.465,-41.8,4.864,5228.1,No,29,management,single,university.degree,No,No,No
CLI000684,telephone,may,wed,3,999,0,nonexistent,1.1,93.994,-36.4,4.858,5191.0,No,30,technician,married,university.degree,Desconocido,Sí,No
CLI000685,cellular,may,fri,2,999,0,nonexistent,-1.8,92.893,-46.2,1.25,5099.1,Sí,34,services,divorced,high.school,No,Sí,Sí
CLI000686,telephone,may,tue,1,999,0,nonexistent,1.1,93.994,-36.4,4.857,5191.0,No,35,services,married,basic.9y,Desconocido,Sí,No
CLI000687,cellular,aug,fri,1,999,2,failure,-2.9,92.201,-31.4,0.825,5076.2,No,24,student,single,high.school,No,No,No
CLI000688,cellular,aug,fri,1,999,0,nonexistent,1.4,93.444,-36.1,4.963,5228.1,No,55,blue-collar,married,basic.4y,No,No,No
CLI000689,cellular,jun,mon,2,999,0,nonexistent,-2.9,92.963,-40.8,1.266,5076.2,Sí,45,unemployed,married,basic.9y,No,No,No
CLI000690,telephone,may,fri,1,999,0,nonexistent,1.1,93.994,-36.4,4.857,5191.0,No,31,services,single,professional.course,No,No,No
CLI000691,cellular,aug,fri,2,999,0,nonexistent,1.4,93.444,-36.1,4.963,5228.1,No,55,admin.,married,university.degree,Desconocido,No,Sí
CLI000692,telephone,may,wed,2,999,0,nonexistent,-1.8,92.893,-46.2,1.334,5099.1,No,51,blue-collar,married,basic.9y,No,Sí,No
CLI000693,telephone,may,tue,2,999,0,nonexistent,1.1,93.994,-36.4,4.857,5191.0,No,45,blue-collar,married,basic.4y,Desconocido,,No
CLI000694,cellular,jul,tue,8,999,0,nonexistent,1.4,93.918,-42.7,4.961,5228.1,No,30,management,divorced,,No,Sí,No
CLI000695,cellular,may,mon,2,999,0,nonexistent,-1.8,92.893,-46.2,1.244,5099.1,No,33,technician,single,high.school,No,Desconocido,Desconocido
CLI000696,cellular,may,wed,1,999,0,nonexistent,-1.8,92.893,-46.2,1.334,5099.1,No,39,unemployed,married,,No,No,No
CLI000697,cellular,apr,thu,2,999,1,failure,-1.8,93.075,-47.1,1.365,5099.1,Sí,41,technician,divorced,professional.course,No,No,No
CLI000698,telephone,may,tue,1,999,0,nonexistent,1.1,93.994,-36.4,4.856,5191.0,No,38,technician,married,professional.course,No,Sí,No
CLI000699,telephone,apr,thu,4,999,0,nonexistent,-1.8,93.075,-47.1,1.435,5099.1,No,67,retired,married,university.degree,No,Sí,No
CLI000700,cellular,jul,thu,9,999,0,nonexistent,1.4,93.918,-42.7,4.968,5228.1,No,39,technician,married,high.school,No,No,No
CLI000701,cellular,nov,fri,4,999,1,failure,-0.1,93.2,-42.0,4.021,5195.8,No,50,technician,married,professional.course,No,No,No
CLI000702,telephone,jun,mon,4,999,0,nonexistent,1.4,94.465,-41.8,4.865,5228.1,Sí,39,technician,single,professional.course,Desconocido,No,No
CLI000703,telephone,jun,thu,1,999,0,nonexistent,1.4,94.465,-41.8,4.958,5228.1,No,42,blue-collar,married,basic.6y,No,Sí,No
CLI000704,cellular,may,tue,1,999,0,nonexistent,-1.8,92.893,-46.2,1.344,5099.1,No,34,management,married,university.degree,No,Sí,Sí
CLI000705,cellular,jul,thu,23,999,0,nonexistent,1.4,93.918,-42.7,4.968,5228.1,No,35,technician,married,professional.course,No,No,Sí
CLI000706,telephone,jul,mon,2,999,0,nonexistent,1.4,93.918,-42.7,4.96,5228.1,No,31,admin.,married,university.degree,No,No,No
CLI000707,telephone,jul,tue,11,999,0,nonexistent,1.4,93.918,-42.7,4.961,5228.1,Sí,44,blue-collar,single,basic.9y,No,Sí,No
CLI000708,cellular,may,thu,1,999,1,failure,-1.8,92.893,-46.2,1.266,5099.1,No,23,blue-collar,married,basic.4y,No,No,No
CLI000709,telephone,may,fri,4,999,0,nonexistent,1.1,93.994,-36.4,4.857,5191.0,No,42,blue-collar,married,basic.6y,Desconocido,No,Sí
CLI000710,telephone,jun,mon,3,999,0,nonexistent,1.4,94.465,-41.8,4.961,5228.1,No,50,services,single,,No,No,No
CLI000711,cellular,jul,tue,1,999,0,nonexistent,1.4,93.918,-42.7,4.961,5228.1,Sí,38,unemployed,married,basic.4y,Desconocido,No,No
CLI000712,telephone,may,mon,2,999,0,nonexistent,1.1,93.994,-36.4,4.857,5191.0,No,32,technician,single,professional.course,No,No,No
CLI000713,cellular,nov,wed,1,999,2,failure,-3.4,92.649,-30.1,0.716,5017.5,Sí,58,retired,married,basic.4y,No,Sí,No
CLI000714,cellular,jul,mon,11,999,0,nonexistent,1.4,93.918,-42.7,4.962,5228.1,No,36,admin.,married,university.degree,No,No,No
CLI000715,cellular,nov,mon,1,999,0,nonexistent,-0.1,93.2,-42.0,4.191,5195.8,No,42,admin.,married,Desconocido,No,No,No
CLI000716,cellular,aug,mon,6,999,0,nonexistent,1.4,93.444,-36.1,4.965,5228.1,No,39,technician,single,high.school,Desconocido,Sí,No
CLI000717,cellular,apr,thu,1,999,0,nonexistent,-1.8,93.075,-47.1,1.41,5099.1,No,27,services,single,university.degree,No,,No
CLI000718,cellular,sep,wed,1,999,0,nonexistent,-3.4,92.379,-29.8,0.768,5017.5,No,31,self-employed,married,university.degree,No,No,No
CLI000719,telephone,jun,thu,1,999,0,nonexistent,1.4,94.465,-41.8,4.961,5228.1,No,29,admin.,married,basic.9y,No,Sí,No
CLI000720,cellular,aug,tue,2,999,0,nonexistent,1.4,93.444,-36.1,4.968,5228.1,No,43,management,married,university.degree,Desconocido,Sí,No
CLI000721,telephone,jun,fri,3,999,0,nonexistent,1.4,94.465,-41.8,4.959,5228.1,No,34,admin.,single,high.school,No,No,No
CLI000722,cellular,aug,wed,3,999,0,nonexistent,1.4,93.444,-36.1,4.964,5228.1,No,47,technician,married,university.degree,No,Sí,No
CLI000723,telephone,jun,thu,1,999,0,nonexistent,1.4,94.465,-41.8,4.961,5228.1,No,42,unemployed,married,high.school,Desconocido,Sí,No
CLI000724,telephone,may,mon,3,999,0,nonexistent,1.1,93.994,-36.4,4.858,5191.0,No,35,self-employed,divorced,basic.9y,No,No,Sí
CLI000725,cellular,aug,mon,3,999,0,nonexistent,1.4,93.444,-36.1,4.965,5228.1,No,36,admin.,married,university.degree,No,Sí,No
CLI000726,cellular,jun,tue,1,3,1,success,-1.7,94.055,-39.8,0.761,4991.6,Sí,76,retired,married,professional.course,Desconocido,Sí,No
CLI000727,telephone,jun,mon,1,999,0,nonexistent,1.4,94.465,-41.8,4.961,5228.1,No,29,admin.,married,high.school,No,No,No
CLI000728,cellular,apr,thu,2,2,1,success,-1.8,93.075,-47.1,1.365,5099.1,Sí,60,unemployed,married,high.school,No,Sí,No
CLI000729,cellular,oct,thu,6,999,2,failure,-3.4,92.431,-26.9,0.722,5017.5,No,60,technician,married,basic.4y,No,Sí,No
CLI000730,telephone,may,tue,2,999,0,nonexistent,-1.8,92.893,-46.2,1.291,5099.1,No,51,blue-collar,married,basic.6y,No,Sí,No
CLI000731,cellular,nov,tue,2,999,0,nonexistent,-0.1,93.2,-42.0,4.153,5195.8,No,40,blue-collar,single,high.school,No,Sí,No
CLI000732,cellular,aug,mon,1,999,0,nonexistent,1.4,93.444,-36.1,4.965,5228.1,No,33,technician,single,high.school,No,Sí,No
CLI000733,telephone,may,wed,2,999,0,nonexistent,1.1,93.994,-36.4,4.856,5191.0,No,54,retired,married,basic.4y,Desconocido,Sí,No
CLI000734,cellular,jul,wed,3,999,0,nonexistent,1.4,93.918,-42.7,4.957,5228.1,No,45,unemployed,married,basic.6y,Desconocido,No,No
CLI000735,telephone,jun,thu,1,999,0,nonexistent,1.4,94.465,-41.8,4.866,5228.1,No,49,admin.,divorced,university.degree,No,No,No
CLI000736,cellular,aug,fri,5,999,0,nonexistent,1.4,93.444,-36.1,4.966,5228.1,No,47,technician,married,,Desconocido,Sí,No
CLI000737,cellular,apr,mon,1,999,0,nonexistent,-1.8,93.075,-47.1,1.466,5099.1,No,57,blue-collar,married,high.school,No,Sí,Sí
CLI000738,telephone,may,mon,3,999,0,nonexistent,1.1,93.994,-36.4,4.857,5191.0,No,42,unemployed,married,high.school,Desconocido,No,No
CLI000739,telephone,may,fri,4,999,0,nonexistent,1.1,93.994,-36.4,4.859,5191.0,No,31,admin.,married,basic.9y,Desconocido,Sí,No
CLI000740,cellular,jul,mon,1,999,0,nonexistent,1.4,93.918,-42.7,4.96,5228.1,No,41,technician,married,Desconocido,No,,No
CLI000741,cellular,aug,fri,4,999,0,nonexistent,1.4,93.444,-36.1,4.964,5228.1,No,57,technician,married,professional.course,Desconocido,No,No
CLI000742,telephone,jul,tue,1,999,0,nonexistent,1.4,93.918,-42.7,4.961,5228.1,No,42,blue-collar,single,basic.6y,Desconocido,No,No
CLI000743,telephone,may,fri,2,999,0,nonexistent,1.1,93.994,-36.4,4.864,5191.0,No,27,blue-collar,married,basic.6y,No,Sí,No
CLI000744,cellular,apr,mon,1,999,0,nonexistent,-1.8,93.075,-47.1,1.466,5099.1,No,34,admin.,married,basic.6y,No,Sí,No
CLI000745,cellular,sep,tue,1,999,0,nonexistent,-3.4,92.379,-29.8,0.819,5017.5,Sí,33,admin.,married,high.school,No,Sí,No
CLI000746,telephone,nov,mon,1,999,0,nonexistent,-0.1,93.2,-42.0,4.191,5195.8,No,51,entrepreneur,married,,No,No,No
CLI000747,cellular,mar,tue,2,999,0,nonexistent,-1.8,92.843,-50.0,1.614,5099.1,No,32,admin.,single,professional.course,No,Sí,No
CLI000748,telephone,may,tue,1,999,0,nonexistent,1.1,93.994,-36.4,4.857,5191.0,No,49,blue-collar,married,basic.9y,Desconocido,Sí,No
CLI000749,cellular,oct,tue,1,999,0,nonexistent,-3.4,92.431,-26.9,0.728,5017.5,No,63,technician,married,professional.course,No,No,No
CLI000750,cellular,jul,mon,4,999,0,nonexistent,1.4,93.918,-42.7,4.962,5228.1,No,44,admin.,married,university.degree,No,Sí,Sí
CLI000751,cellular,sep,wed,1,999,0,nonexistent,-1.1,94.199,-37.5,0.886,4963.6,No,33,technician,single,professional.course,No,No,No
CLI000752,telephone,jun,thu,1,999,0,nonexistent,1.4,94.465,-41.8,4.961,5228.1,No,43,technician,married,basic.9y,Desconocido,Sí,No
CLI000753,cellular,jul,mon,1,999,0,nonexistent,1.4,93.918,-42.7,4.96,5228.1,No,37,services,divorced,high.school,No,Desconocido,Desconocido
CLI000754,cellular,may,fri,2,999,2,failure,-1.8,92.893,-46.2,1.313,5099.1,No,34,admin.,married,high.school,Desconocido,Sí,No
CLI000755,telephone,may,tue,1,999,0,nonexistent,1.1,93.994,-36.4,4.857,5191.0,No,48,unemployed,single,basic.4y,No,Sí,No
CLI000756,cellular,aug,wed,4,999,0,nonexistent,1.4,93.444,-36.1,4.964,5228.1,No,41,technician,married,professional.course,No,Sí,No
CLI000757,telephone,jun,thu,2,999,0,nonexistent,1.4,94.465,-41.8,4.961,5228.1,No,32,blue-collar,married,basic.6y,Desconocido,Sí,No
CLI000758,telephone,may,tue,2,999,0,nonexistent,1.1,93.994,-36.4,4.856,5191.0,No,45,admin.,married,high.school,No,No,No
CLI000759,cellular,jul,mon,3,999,0,nonexistent,1.4,93.918,-42.7,4.962,5228.1,No,37,admin.,married,high.school,Desconocido,Sí,No
CLI000760,cellular,jul,mon,8,999,0,nonexistent,1.4,93.918,-42.7,4.962,5228.1,No,41,services,married,high.school,No,Sí,No
CLI000761,cellular,jul,fri,2,999,0,nonexistent,1.4,93.918,-42.7,4.963,5228.1,No,36,services,single,high.school,No,Sí,No
CLI000763,telephone,may,fri,1,999,0,nonexistent,1.1,93.994,-36.4,4.857,5191.0,No,54,blue-collar,single,basic.4y,Desconocido,Sí,No
CLI000764,telephone,jun,wed,2,999,0,nonexistent,1.4,94.465,-41.8,4.962,5228.1,No,32,blue-collar,single,high.school,No,Sí,No
CLI000765,telephone,may,tue,3,999,0,nonexistent,1.1,93.994,-36.4,4.857,5191.0,No,29,admin.,single,university.degree,No,No,No
CLI000766,cellular,aug,wed,6,999,0,nonexistent,1.4,93.444,-36.1,4.964,5228.1,No,35,technician,single,professional.course,No,Sí,No
CLI000767,telephone,jun,wed,2,999,0,nonexistent,1.4,94.465,-41.8,4.962,5228.1,No,35,admin.,divorced,university.degree,No,Sí,No
CLI000768,cellular,jul,thu,1,999,0,nonexistent,1.4,93.918,-42.7,4.958,5228.1,No,31,student,single,university.degree,No,No,No
CLI000769,cellular,jul,wed,4,999,0,nonexistent,1.4,93.918,-42.7,4.963,5228.1,No,30,entrepreneur,single,university.degree,No,Sí,Sí
CLI000770,telephone,may,tue,1,999,0,nonexistent,1.1,93.994,-36.4,4.856,5191.0,No,36,blue-collar,married,basic.9y,Desconocido,No,No
CLI000771,telephone,nov,mon,1,999,0,nonexistent,-0.1,93.2,-42.0,4.191,5195.8,No,48,technician,married,professional.course,No,No,No
CLI000772,telephone,may,fri,2,999,0,nonexistent,1.1,93.994,-36.4,4.859,5191.0,No,35,admin.,divorced,university.degree,No,Sí,No
CLI000773,telephone,may,fri,1,999,0,nonexistent,1.1,93.994,-36.4,4.857,5191.0,No,36,blue-collar,married,basic.9y,No,Sí,Sí
CLI000774,cellular,nov,wed,1,999,1,failure,-0.1,93.2,-42.0,4.12,5195.8,No,48,admin.,single,high.school,No,Sí,No
CLI000775,cellular,aug,tue,1,999,0,nonexistent,1.4,93.444,-36.1,4.968,5228.1,No,52,technician,divorced,university.degree,No,No,No
CLI000776,cellular,aug,tue,3,999,0,nonexistent,1.4,93.444,-36.1,4.963,5228.1,No,29,technician,single,university.degree,No,Sí,No
CLI000777,cellular,nov,mon,2,999,0,nonexistent,-0.1,93.2,-42.0,4.191,5195.8,No,55,technician,single,professional.course,No,No,No
CLI000778,cellular,aug,thu,2,4,1,success,-2.9,92.201,-31.4,0.873,5076.2,No,81,retired,married,basic.6y,No,No,No
CLI000779,telephone,may,wed,2,999,0,nonexistent,1.1,93.994,-36.4,4.857,5191.0,No,36,admin.,married,high.school,No,No,No
CLI000780,telephone,may,tue,1,999,0,nonexistent,1.1,93.994,-36.4,4.857,5191.0,No,37,blue-collar,married,professional.course,No,No,No
CLI000781,telephone,may,thu,1,999,0,nonexistent,1.1,93.994,-36.4,4.855,5191.0,No,28,management,single,Desconocido,No,Sí,No
CLI000782,telephone,jun,mon,1,999,0,nonexistent,1.4,94.465,-41.8,4.961,5228.1,Sí,24,services,single,high.school,No,No,No
CLI000783,cellular,may,wed,2,999,0,nonexistent,-1.8,92.893,-46.2,1.27,5099.1,No,25,student,single,professional.course,No,Sí,No
CLI000784,telephone,may,fri,2,999,0,nonexistent,1.1,93.994,-36.4,4.864,5191.0,No,44,blue-collar,married,basic.4y,No,Sí,No
CLI000785,telephone,may,thu,7,999,0,nonexistent,1.1,93.994,-36.4,4.86,5191.0,No,45,technician,divorced,professional.course,No,No,No
CLI000786,telephone,may,mon,4,999,0,nonexistent,1.1,93.994,-36.4,4.858,5191.0,No,32,admin.,single,university.degree,No,No,No
CLI000787,cellular,jul,wed,1,999,0,nonexistent,1.4,93.918,-42.7,4.957,5228.1,Sí,26,technician,single,professional.course,No,Desconocido,Desconocido
CLI000788,cellular,may,tue,1,999,1,failure,-1.8,92.893,-46.2,1.291,5099.1,No,35,blue-collar,married,high.school,No,Sí,No
CLI000789,cellular,may,thu,1,999,0,nonexistent,-1.8,92.893,-46.2,1.327,5099.1,Sí,28,admin.,divorced,university.degree,No,Sí,No
CLI000790,cellular,apr,thu,1,999,0,nonexistent,-1.8,93.075,-47.1,1.365,5099.1,Sí,24,technician,single,university.degree,No,Sí,No
CLI000791,telephone,may,tue,1,999,0,nonexistent,1.1,93.994,-36.4,4.856,5191.0,No,44,blue-collar,married,Desconocido,No,No,Sí
CLI000792,cellular,aug,wed,7,999,0,nonexistent,1.4,93.444,-36.1,4.967,5228.1,Sí,43,admin.,single,university.degree,No,No,Sí
CLI000793,cellular,nov,fri,2,999,0,nonexistent,-0.1,93.2,-42.0,4.021,5195.8,No,54,admin.,married,university.degree,Desconocido,No,No
CLI000794,cellular,apr,wed,2,999,0,nonexistent,-1.8,93.075,-47.1,1.405,5099.1,Sí,65,retired,married,university.degree,No,No,No
CLI000795,telephone,jun,tue,2,999,0,nonexistent,-2.9,92.963,-40.8,1.262,5076.2,No,52,Desconocido,married,professional.course,Desconocido,Sí,No
CLI000796,cellular,jul,mon,3,999,0,nonexistent,1.4,93.918,-42.7,4.962,5228.1,No,33,self-employed,married,university.degree,No,No,No
CLI000797,cellular,nov,mon,2,999,0,nonexistent,-0.1,93.2,-42.0,4.191,5195.8,No,34,admin.,single,university.degree,No,No,No
CLI000798,telephone,may,thu,1,999,0,nonexistent,1.1,93.994,-36.4,4.855,5191.0,No,40,admin.,single,high.school,No,Sí,No
CLI000799,telephone,may,mon,1,999,0,nonexistent,1.1,93.994,-36.4,4.857,5191.0,No,33,unemployed,married,basic.9y,No,No,No
CLI000800,cellular,aug,wed,11,999,0,nonexistent,1.4,93.444,-36.1,4.964,5228.1,No,31,unemployed,married,university.degree,No,Sí,No
CLI000801,cellular,aug,tue,3,999,0,nonexistent,1.4,93.444,-36.1,4.965,5228.1,No,54,admin.,married,university.degree,No,Sí,No
CLI000802,telephone,jun,fri,3,999,0,nonexistent,1.4,94.465,-41.8,4.967,5228.1,No,58,technician,divorced,basic.9y,No,No,No
CLI000803,telephone,may,mon,2,999,0,nonexistent,1.1,93.994,-36.4,4.857,5191.0,No,53,technician,single,professional.course,No,Sí,No
CLI000804,cellular,nov,wed,1,999,0,nonexistent,-0.1,93.2,-42.0,4.12,5195.8,No,43,services,divorced,high.school,No,No,No
CLI000805,cellular,nov,thu,1,999,0,nonexistent,-0.1,93.2,-42.0,4.076,5195.8,No,32,admin.,married,university.degree,No,Sí,
CLI000806,telephone,may,tue,2,999,0,nonexistent,1.1,93.994,-36.4,4.856,5191.0,No,58,entrepreneur,married,university.degree,Desconocido,No,No
CLI000807,telephone,may,wed,2,999,0,nonexistent,1.1,93.994,-36.4,4.858,5191.0,No,27,blue-collar,married,basic.9y,Desconocido,No,No
CLI000808,cellular,mar,mon,1,999,0,nonexistent,-1.8,93.369,-34.8,0.646,5008.7,Sí,29,admin.,single,high.school,No,Sí,Sí
CLI000809,cellular,nov,mon,1,999,0,nonexistent,-0.1,93.2,-42.0,4.191,5195.8,No,52,admin.,married,basic.4y,No,Sí,No
CLI000810,telephone,may,tue,2,999,0,nonexistent,1.1,93.994,-36.4,4.856,5191.0,No,38,technician,married,professional.course,No,Sí,Sí
CLI000811,cellular,may,mon,2,999,0,nonexistent,-1.8,92.893,-46.2,1.299,5099.1,No,41,blue-collar,married,basic.6y,Desconocido,Sí,No
CLI000812,cellular,aug,fri,1,999,0,nonexistent,1.4,93.444,-36.1,4.963,5228.1,No,34,technician,married,university.degree,No,Sí,No
CLI000813,cellular,apr,tue,1,999,1,failure,-1.8,93.075,-47.1,1.453,5099.1,No,42,technician,divorced,professional.course,No,No,No
CLI000814,cellular,jul,thu,3,999,0,nonexistent,1.4,93.918,-42.7,4.958,5228.1,No,31,admin.,single,university.degree,No,Sí,Sí
CLI000815,cellular,aug,mon,2,999,0,nonexistent,1.4,93.444,-36.1,4.963,5228.1,No,44,admin.,divorced,university.degree,No,Sí,No
CLI000816,telephone,jun,wed,6,999,0,nonexistent,1.4,94.465,-41.8,4.962,5228.1,No,28,student,single,high.school,No,Sí,Sí
CLI000817,telephone,may,fri,2,999,0,nonexistent,1.1,93.994,-36.4,4.859,5191.0,No,56,retired,married,,Desconocido,No,No
CLI000818,cellular,jul,tue,1,999,0,nonexistent,1.4,93.918,-42.7,4.962,5228.1,No,31,admin.,single,professional.course,No,No,No
CLI000819,telephone,may,thu,8,999,0,nonexistent,1.1,93.994,-36.4,4.86,5191.0,No,32,services,married,high.school,No,Sí,No
CLI000820,telephone,may,fri,1,999,0,nonexistent,1.1,93.994,-36.4,4.855,5191.0,No,39,unemployed,married,high.school,No,Sí,No
CLI000821,cellular,may,tue,2,999,0,nonexistent,-1.8,92.893,-46.2,1.266,5099.1,No,34,technician,single,university.degree,No,No,No
CLI000822,telephone,may,fri,4,999,0,nonexistent,1.1,93.994,-36.4,4.864,5191.0,No,48,blue-collar,single,basic.6y,Desconocido,No,No
CLI000823,cellular,nov,wed,5,999,0,nonexistent,-0.1,93.2,-42.0,4.12,5195.8,No,35,technician,single,high.school,No,No,No
CLI000824,cellular,may,fri,2,999,1,failure,-1.8,92.893,-46.2,1.25,5099.1,No,34,technician,single,professional.course,No,Sí,No
CLI000825,telephone,jun,mon,8,999,0,nonexistent,1.4,94.465,-41.8,4.96,5228.1,No,34,blue-collar,married,basic.9y,Desconocido,No,No
CLI000826,cellular,aug,fri,1,999,0,nonexistent,1.4,93.444,-36.1,4.966,5228.1,No,50,blue-collar,married,basic.6y,No,Sí,No
CLI000827,cellular,jun,wed,1,999,2,failure,-1.7,94.055,-39.8,0.704,4991.6,No,29,admin.,single,university.degree,No,Sí,No
CLI000828,telephone,may,wed,2,999,0,nonexistent,1.1,93.994,-36.4,4.856,5191.0,No,54,blue-collar,married,basic.9y,No,Sí,No
CLI000829,cellular,nov,thu,2,999,0,nonexistent,-0.1,93.2,-42.0,4.076,5195.8,No,31,services,single,high.school,No,Sí,No
CLI000830,cellular,aug,mon,2,999,0,nonexistent,1.4,93.444,-36.1,4.965,5228.1,No,36,admin.,married,university.degree,No,Sí,No
CLI000831,telephone,jul,tue,1,999,0,nonexistent,1.4,93.918,-42.7,4.962,5228.1,No,28,services,married,high.school,No,Sí,No
CLI000832,telephone,may,wed,1,999,0,nonexistent,1.1,93.994,-36.4,4.856,5191.0,No,34,management,married,university.degree,No,Sí,Sí
CLI000833,telephone,may,thu,1,999,0,nonexistent,1.1,93.994,-36.4,4.86,5191.0,No,57,management,divorced,university.degree,No,Sí,No
CLI000834,cellular,jul,mon,5,999,0,nonexistent,1.4,93.918,-42.7,4.96,5228.1,No,48,admin.,divorced,university.degree,No,No,Sí
CLI000835,cellular,may,thu,1,999,0,nonexistent,-1.8,92.893,-46.2,1.327,5099.1,No,43,blue-collar,married,basic.9y,No,Sí,No
CLI000836,cellular,aug,mon,2,999,0,nonexistent,1.4,93.444,-36.1,4.97,5228.1,No,47,technician,married,professional.course,No,No,No
CLI000837,cellular,jul,mon,4,999,0,nonexistent,1.4,93.918,-42.7,4.96,5228.1,No,49,management,married,university.degree,No,No,No
CLI000838,cellular,may,wed,1,999,0,nonexistent,-1.8,92.893,-46.2,1.334,5099.1,No,41,entrepreneur,married,basic.4y,No,Sí,No
CLI000839,cellular,nov,thu,1,999,0,nonexistent,-0.1,93.2,-42.0,4.076,5195.8,No,43,services,divorced,high.school,No,No,No
CLI000840,cellular,jul,fri,1,999,0,nonexistent,1.4,93.918,-42.7,4.962,5228.1,No,56,technician,married,Desconocido,Desconocido,Sí,No
CLI000841,cellular,aug,fri,2,999,0,nonexistent,1.4,93.444,-36.1,4.966,5228.1,No,40,admin.,married,university.degree,No,No,Sí
CLI000842,telephone,may,wed,1,999,0,nonexistent,-1.8,92.893,-46.2,1.281,5099.1,No,33,admin.,divorced,university.degree,No,Sí,No
CLI000843,cellular,may,wed,2,999,0,nonexistent,-1.8,92.893,-46.2,1.281,5099.1,No,24,admin.,single,high.school,No,Sí,No
CLI000844,cellular,may,tue,1,999,1,failure,-1.8,92.893,-46.2,1.266,5099.1,No,25,admin.,single,university.degree,No,No,No
CLI000845,cellular,may,wed,1,999,0,nonexistent,-1.8,92.893,-46.2,1.334,5099.1,No,34,admin.,married,high.school,No,,No
CLI000846,cellular,nov,mon,1,999,0,nonexistent,-0.1,93.2,-42.0,4.191,5195.8,No,53,services,married,,No,No,Sí
CLI000847,cellular,jul,tue,4,999,0,nonexistent,1.4,93.918,-42.7,4.961,5228.1,Sí,43,services,single,high.school,No,No,No
CLI000848,telephone,jun,fri,3,999,0,nonexistent,1.4,94.465,-41.8,4.959,5228.1,No,43,unemployed,married,basic.4y,Desconocido,No,No
CLI000849,cellular,aug,thu,2,999,0,nonexistent,1.4,93.444,-36.1,4.963,5228.1,No,31,admin.,single,university.degree,No,Sí,No
CLI000850,telephone,may,thu,5,999,0,nonexistent,1.1,93.994,-36.4,4.86,5191.0,No,46,admin.,married,university.degree,No,No,No
CLI000851,cellular,nov,tue,2,999,0,nonexistent,-3.4,92.649,-30.1,0.716,5017.5,No,31,admin.,single,university.degree,No,,No
CLI000852,telephone,may,fri,1,999,0,nonexistent,1.1,93.994,-36.4,4.859,5191.0,No,28,unemployed,single,high.school,No,No,No
CLI000853,telephone,may,mon,4,999,0,nonexistent,1.1,93.994,-36.4,4.857,5191.0,No,35,admin.,married,high.school,Desconocido,No,No
CLI000854,telephone,may,tue,6,999,0,nonexistent,1.1,93.994,-36.4,4.856,5191.0,No,45,blue-collar,single,basic.9y,No,Sí,Sí
CLI000855,cellular,aug,thu,4,4,2,success,-2.9,92.201,-31.4,0.883,5076.2,Sí,42,unemployed,married,Desconocido,No,Sí,Sí
CLI000856,cellular,nov,wed,9,999,0,nonexistent,-0.1,93.2,-42.0,4.12,5195.8,No,45,admin.,divorced,basic.9y,No,Sí,No
CLI000857,cellular,may,mon,1,999,0,nonexistent,-1.8,92.893,-46.2,1.299,5099.1,No,30,admin.,single,high.school,No,No,No
CLI000858,cellular,apr,mon,2,999,0,nonexistent,-1.8,93.075,-47.1,1.405,5099.1,No,34,blue-collar,married,basic.9y,No,Sí,No
CLI000859,telephone,may,tue,2,999,0,nonexistent,1.1,93.994,-36.4,4.857,5191.0,No,39,blue-collar,married,basic.9y,No,No,Sí
CLI000860,cellular,may,fri,1,999,0,nonexistent,-1.8,92.893,-46.2,1.313,5099.1,No,47,services,married,high.school,No,No,Sí
CLI000861,cellular,jul,wed,2,999,0,nonexistent,1.4,93.918,-42.7,4.963,5228.1,No,28,admin.,married,university.degree,No,No,No
CLI000862,cellular,nov,thu,1,999,0,nonexistent,-0.1,93.2,-42.0,4.076,5195.8,No,31,admin.,single,university.degree,No,Sí,No
CLI000863,cellular,jul,mon,4,999,0,nonexistent,1.4,93.918,-42.7,4.962,5228.1,No,44,blue-collar,married,basic.9y,No,No,No
CLI000864,cellular,jul,thu,1,999,0,nonexistent,1.4,93.918,-42.7,4.962,5228.1,No,45,services,married,high.school,No,No,No
CLI000865,cellular,apr,fri,1,999,1,failure,-1.8,93.075,-47.1,1.405,5099.1,No,40,technician,single,professional.course,No,Sí,No
CLI000866,cellular,jul,mon,3,999,0,nonexistent,-2.9,92.469,-33.6,1.048,5076.2,Sí,23,student,single,high.school,No,No,No
CLI000867,telephone,may,thu,2,999,0,nonexistent,1.1,93.994,-36.4,4.86,5191.0,No,32,Desconocido,Desconocido,university.degree,No,Sí,Sí
CLI000868,cellular,apr,wed,2,999,0,nonexistent,-1.8,93.749,-34.6,0.654,5008.7,Sí,52,admin.,married,Desconocido,No,No,No
CLI000869,cellular,jul,tue,2,999,0,nonexistent,1.4,93.918,-42.7,4.962,5228.1,No,35,blue-collar,married,professional.course,No,No,No
CLI000870,cellular,oct,tue,2,999,0,nonexistent,-3.4,92.431,-26.9,0.742,5017.5,No,44,blue-collar,single,professional.course,No,No,No
CLI000871,cellular,may,fri,7,999,0,nonexistent,-1.8,92.893,-46.2,1.259,5099.1,No,46,technician,married,university.degree,No,No,No
CLI000872,telephone,apr,tue,3,999,0,nonexistent,-1.8,93.075,-47.1,1.423,5099.1,No,29,admin.,single,university.degree,No,Sí,No
CLI000873,telephone,jun,thu,1,999,0,nonexistent,1.4,94.465,-41.8,4.961,5228.1,No,34,admin.,married,high.school,No,No,No
CLI000874,cellular,may,mon,1,999,0,nonexistent,-1.8,92.893,-46.2,1.264,5099.1,No,34,admin.,married,university.degree,No,Sí,
CLI000875,cellular,aug,mon,1,999,0,nonexistent,1.4,93.444,-36.1,4.965,5228.1,No,48,services,married,high.school,Desconocido,Sí,Sí
CLI000876,cellular,aug,thu,5,999,0,nonexistent,1.4,93.444,-36.1,4.964,5228.1,No,46,admin.,married,university.degree,No,No,
CLI000877,cellular,jul,tue,1,999,0,nonexistent,1.4,93.918,-42.7,4.961,5228.1,No,55,admin.,married,Desconocido,No,Sí,Sí
CLI000878,cellular,may,mon,1,999,0,nonexistent,-1.8,92.893,-46.2,1.299,5099.1,No,31,management,single,university.degree,No,Sí,Sí
CLI000879,cellular,nov,mon,2,999,1,failure,-0.1,93.2,-42.0,4.191,5195.8,No,42,technician,married,professional.course,No,Sí,Sí
CLI000880,telephone,jun,wed,2,999,0,nonexistent,1.4,94.465,-41.8,4.864,5228.1,No,49,admin.,married,university.degree,No,No,No
CLI000881,cellular,may,fri,1,999,1,failure,-1.8,92.893,-46.2,1.313,5099.1,No,44,management,married,university.degree,No,Sí,No
CLI000882,telephone,may,tue,2,999,0,nonexistent,1.1,93.994,-36.4,4.856,5191.0,No,41,blue-collar,married,basic.6y,Desconocido,Sí,No
CLI000883,cellular,jul,wed,1,999,0,nonexistent,1.4,93.918,-42.7,4.963,5228.1,No,30,admin.,single,high.school,No,Sí,No
CLI000884,cellular,may,tue,6,999,1,failure,-1.8,92.893,-46.2,1.291,5099.1,No,40,services,single,high.school,No,Sí,No
CLI000885,cellular,aug,wed,3,999,0,nonexistent,1.4,93.444,-36.1,4.964,5228.1,No,37,technician,married,university.degree,No,Sí,No
CLI000886,telephone,may,wed,3,999,0,nonexistent,1.1,93.994,-36.4,4.858,5191.0,No,55,technician,married,high.school,No,No,No
CLI000887,cellular,may,fri,1,999,0,nonexistent,-1.8,92.893,-46.2,1.313,5099.1,No,32,housemaid,married,basic.4y,No,Sí,No
CLI000888,telephone,jun,thu,1,999,0,nonexistent,1.4,94.465,-41.8,4.961,5228.1,No,23,technician,single,professional.course,No,Desconocido,Desconocido
CLI000889,cellular,nov,tue,1,999,0,nonexistent,-3.4,92.649,-30.1,0.72,5017.5,Sí,30,unemployed,single,basic.9y,No,Sí,No
CLI000890,cellular,aug,tue,1,999,0,nonexistent,1.4,93.444,-36.1,4.968,5228.1,Sí,58,admin.,married,high.school,No,Sí,No
CLI000891,cellular,may,mon,4,999,0,nonexistent,-1.8,92.893,-46.2,1.354,5099.1,No,45,admin.,married,university.degree,No,Sí,No
CLI000892,cellular,may,tue,2,999,0,nonexistent,-1.8,92.893,-46.2,1.344,5099.1,No,32,technician,single,professional.course,No,No,No
CLI000893,telephone,jun,wed,1,999,0,nonexistent,1.4,94.465,-41.8,4.962,5228.1,Sí,28,management,married,university.degree,No,Sí,No
CLI000894,cellular,may,mon,4,999,1,failure,-1.8,92.893,-46.2,1.264,5099.1,No,47,admin.,divorced,high.school,No,Sí,No
CLI000895,telephone,may,fri,3,999,0,nonexistent,1.1,93.994,-36.4,4.859,5191.0,Sí,45,technician,married,university.degree,No,Sí,No
CLI000896,telephone,may,mon,4,999,0,nonexistent,1.1,93.994,-36.4,4.857,5191.0,No,42,management,married,university.degree,Desconocido,Sí,No
CLI000897,telephone,jun,mon,1,999,0,nonexistent,1.4,94.465,-41.8,4.865,5228.1,No,45,admin.,divorced,university.degree,Desconocido,No,No
CLI000898,cellular,aug,thu,4,999,0,nonexistent,-2.9,92.201,-31.4,0.873,5076.2,Sí,46,technician,married,basic.6y,No,Sí,No
CLI000899,cellular,may,thu,1,999,0,nonexistent,-1.8,92.893,-46.2,1.266,5099.1,No,33,admin.,single,high.school,No,Sí,No
CLI000900,cellular,jul,thu,1,999,0,nonexistent,1.4,93.918,-42.7,4.958,5228.1,No,32,blue-collar,married,basic.6y,Desconocido,Sí,No
CLI000901,cellular,aug,tue,1,999,0,nonexistent,-2.9,92.201,-31.4,0.884,5076.2,Sí,52,management,married,university.degree,No,No,No
CLI000902,cellular,nov,mon,2,999,0,nonexistent,-0.1,93.2,-42.0,4.191,5195.8,No,29,self-employed,single,university.degree,No,Sí,No
CLI000903,cellular,jun,tue,1,999,0,nonexistent,-2.9,92.963,-40.8,1.099,5076.2,No,37,entrepreneur,married,university.degree,No,Sí,No
CLI000904,cellular,jun,mon,2,999,0,nonexistent,-2.9,92.963,-40.8,1.266,5076.2,No,34,blue-collar,married,high.school,No,Sí,No
CLI000905,cellular,jul,mon,3,999,0,nonexistent,1.4,93.918,-42.7,4.962,5228.1,No,34,admin.,married,high.school,No,Sí,No
CLI000906,cellular,jul,thu,1,999,0,nonexistent,1.4,93.918,-42.7,4.962,5228.1,No,43,entrepreneur,married,high.school,No,Sí,No
CLI000907,telephone,may,thu,3,999,0,nonexistent,1.1,93.994,-36.4,4.855,5191.0,No,47,services,single,high.school,No,No,No
CLI000908,cellular,jul,tue,3,999,0,nonexistent,1.4,93.918,-42.7,4.961,5228.1,No,43,retired,married,basic.9y,No,Sí,No
CLI000909,telephone,may,tue,1,999,0,nonexistent,1.1,93.994,-36.4,4.857,5191.0,Sí,34,blue-collar,married,basic.9y,No,No,No
CLI000910,cellular,aug,wed,1,999,0,nonexistent,1.4,93.444,-36.1,4.965,5228.1,No,45,self-employed,married,basic.6y,No,Sí,No
CLI000911,cellular,may,tue,6,999,0,nonexistent,-1.8,92.893,-46.2,1.291,5099.1,No,38,technician,married,,No,Sí,No
CLI000912,cellular,nov,thu,2,999,0,nonexistent,-0.1,93.2,-42.0,4.076,5195.8,No,33,admin.,married,university.degree,No,No,No
CLI000913,cellular,aug,tue,6,999,0,nonexistent,1.4,93.444,-36.1,4.966,5228.1,No,31,admin.,married,university.degree,No,Sí,No
CLI000914,telephone,jun,fri,1,999,0,nonexistent,1.4,94.465,-41.8,4.967,5228.1,No,57,management,divorced,university.degree,No,Sí,No
CLI000915,cellular,aug,fri,4,999,0,nonexistent,1.4,93.444,-36.1,4.964,5228.1,No,35,admin.,single,university.degree,No,,No
CLI000916,cellular,jun,tue,1,3,2,success,-2.9,92.963,-40.8,1.262,5076.2,Sí,24,Desconocido,single,university.degree,No,No,No
CLI000917,cellular,may,mon,5,999,0,nonexistent,-1.8,92.893,-46.2,1.244,5099.1,No,27,services,single,university.degree,No,Sí,Sí
CLI000918,cellular,aug,wed,3,999,0,nonexistent,1.4,93.444,-36.1,4.964,5228.1,No,34,technician,married,high.school,No,Sí,No
CLI000919,telephone,jul,tue,2,999,0,nonexistent,1.4,93.918,-42.7,4.955,5228.1,No,44,admin.,divorced,Desconocido,No,No,No
CLI000920,cellular,aug,thu,4,999,0,nonexistent,1.4,93.444,-36.1,4.963,5228.1,No,49,blue-collar,married,basic.4y,No,Sí,Sí
CLI000921,cellular,may,fri,3,999,0,nonexistent,-1.8,92.893,-46.2,1.25,5099.1,No,26,services,married,high.school,No,No,Sí
CLI000922,cellular,may,wed,1,999,1,failure,-1.8,92.893,-46.2,1.281,5099.1,No,34,admin.,single,high.school,No,Sí,No
CLI000923,telephone,may,wed,3,999,0,nonexistent,1.1,93.994,-36.4,4.856,5191.0,No,45,entrepreneur,single,university.degree,No,Desconocido,Desconocido
CLI000924,cellular,jul,thu,4,999,0,nonexistent,1.4,93.918,-42.7,4.958,5228.1,Sí,42,services,married,high.school,No,No,No
CLI000926,cellular,mar,tue,1,999,0,nonexistent,-1.8,92.843,-50.0,1.799,5099.1,No,26,Desconocido,single,basic.9y,No,No,No
CLI000927,telephone,jun,wed,1,999,0,nonexistent,1.4,94.465,-41.8,4.962,5228.1,No,52,services,single,high.school,No,Sí,No
CLI000928,cellular,may,fri,1,999,1,failure,-1.8,92.893,-46.2,1.313,5099.1,No,49,admin.,divorced,university.degree,No,Sí,No
CLI000929,telephone,nov,wed,4,999,1,failure,-0.1,93.2,-42.0,4.12,5195.8,No,38,technician,divorced,high.school,No,Sí,No
CLI000930,cellular,may,wed,1,10,1,success,-1.8,92.893,-46.2,1.334,5099.1,Sí,36,technician,married,professional.course,No,Sí,No
CLI000931,telephone,may,tue,1,999,0,nonexistent,1.1,93.994,-36.4,4.857,5191.0,No,29,blue-collar,divorced,basic.4y,No,No,No
CLI000932,cellular,may,wed,5,999,0,nonexistent,-1.8,92.893,-46.2,1.281,5099.1,No,29,admin.,married,university.degree,No,No,
CLI000933,cellular,nov,wed,2,999,0,nonexistent,-0.1,93.2,-42.0,4.12,5195.8,No,46,management,married,university.degree,No,Sí,No
CLI000934,telephone,may,mon,11,999,0,nonexistent,1.1,93.994,-36.4,4.857,5191.0,No,29,services,divorced,high.school,No,No,Sí
CLI000935,cellular,nov,mon,3,999,0,nonexistent,-0.1,93.2,-42.0,4.191,5195.8,No,49,management,married,university.degree,No,Sí,Sí
CLI000936,telephone,jun,mon,4,999,0,nonexistent,1.4,94.465,-41.8,4.961,5228.1,No,41,self-employed,married,basic.9y,No,Sí,No
CLI000937,cellular,jul,tue,6,999,0,nonexistent,1.4,93.918,-42.7,4.961,5228.1,No,27,services,single,basic.9y,No,Sí,Sí
CLI000938,cellular,may,thu,7,999,0,nonexistent,-1.8,92.893,-46.2,1.266,5099.1,No,29,blue-collar,married,basic.6y,No,No,No
CLI000939,cellular,may,mon,1,999,0,nonexistent,-1.8,92.893,-46.2,1.299,5099.1,No,32,blue-collar,single,high.school,No,No,No
CLI000940,telephone,jun,mon,1,999,0,nonexistent,1.4,94.465,-41.8,4.961,5228.1,No,34,blue-collar,married,basic.9y,Desconocido,No,No
CLI000941,telephone,aug,tue,1,999,1,failure,-2.9,92.201,-31.4,0.883,5076.2,No,59,admin.,divorced,professional.course,No,Sí,No
CLI000942,cellular,apr,tue,3,999,0,nonexistent,-1.8,93.075,-47.1,1.423,5099.1,No,37,admin.,single,university.degree,No,No,No
CLI000943,cellular,aug,thu,1,999,0,nonexistent,1.4,93.444,-36.1,4.968,5228.1,No,58,retired,married,professional.course,No,Sí,Sí
CLI000944,cellular,apr,wed,1,999,1,failure,-1.8,93.075,-47.1,1.445,5099.1,No,27,admin.,single,university.degree,No,Sí,Sí
CLI000945,cellular,jul,thu,25,999,0,nonexistent,1.4,93.918,-42.7,4.968,5228.1,No,42,admin.,married,university.degree,No,No,Sí
CLI000946,telephone,may,tue,1,999,0,nonexistent,1.1,93.994,-36.4,4.856,5191.0,No,36,technician,married,professional.course,No,No,No
CLI000947,cellular,may,fri,3,999,0,nonexistent,-1.8,92.893,-46.2,1.259,5099.1,No,45,blue-collar,married,professional.course,No,Sí,No
CLI000948,cellular,apr,thu,2,999,0,nonexistent,-1.8,93.075,-47.1,1.41,5099.1,No,41,services,married,high.school,No,Sí,No
CLI000949,cellular,may,fri,8,999,0,nonexistent,-1.8,92.893,-46.2,1.25,5099.1,Sí,50,admin.,single,high.school,No,No,Sí
CLI000950,telephone,may,tue,2,999,0,nonexistent,1.1,93.994,-36.4,4.856,5191.0,No,60,retired,married,high.school,Desconocido,Sí,No
CLI000951,cellular,nov,wed,3,999,0,nonexistent,-0.1,93.2,-42.0,4.12,5195.8,No,31,technician,single,university.degree,Desconocido,No,No
CLI000952,cellular,aug,mon,3,999,0,nonexistent,1.4,93.444,-36.1,4.965,5228.1,No,53,admin.,married,university.degree,Desconocido,Sí,No
CLI000953,cellular,may,fri,2,999,0,nonexistent,-1.8,92.893,-46.2,1.25,5099.1,No,35,blue-collar,single,basic.9y,No,Sí,No
CLI000954,cellular,oct,tue,1,999,0,nonexistent,-3.4,92.431,-26.9,0.728,5017.5,Sí,32,technician,single,university.degree,No,Sí,No
CLI000955,cellular,mar,wed,1,999,0,nonexistent,-1.8,92.843,-50.0,1.602,5099.1,Sí,68,retired,married,university.degree,No,No,No
CLI000956,cellular,jun,fri,2,999,0,nonexistent,-2.9,92.963,-40.8,1.268,5076.2,Sí,45,admin.,married,Desconocido,No,No,No
CLI000957,telephone,may,mon,1,999,0,nonexistent,-1.8,93.876,-40.0,0.682,5008.7,No,33,blue-collar,married,basic.6y,No,No,No
CLI000958,cellular,jul,thu,1,999,0,nonexistent,1.4,93.918,-42.7,4.958,5228.1,No,30,admin.,married,basic.6y,No,Sí,No
CLI000959,telephone,may,fri,2,999,0,nonexistent,1.1,93.994,-36.4,4.864,5191.0,No,53,self-employed,married,university.degree,No,No,No
CLI000960,cellular,aug,fri,1,999,0,nonexistent,1.4,93.444,-36.1,4.964,5228.1,No,38,technician,single,university.degree,No,Sí,Sí
CLI000961,cellular,mar,mon,1,999,0,nonexistent,-1.8,93.369,-34.8,0.639,5008.7,Sí,29,admin.,single,university.degree,No,Sí,No
CLI000962,cellular,aug,wed,3,999,0,nonexistent,1.4,93.444,-36.1,4.965,5228.1,No,59,retired,married,university.degree,Desconocido,Sí,No
CLI000963,telephone,may,thu,1,999,0,nonexistent,1.1,93.994,-36.4,4.855,5191.0,No,38,unemployed,married,high.school,No,No,Sí
CLI000964,cellular,apr,fri,1,999,0,nonexistent,-1.8,93.075,-47.1,1.405,5099.1,No,43,management,married,university.degree,Desconocido,Sí,Sí
CLI000965,cellular,aug,wed,1,999,0,nonexistent,1.4,93.444,-36.1,4.967,5228.1,No,47,blue-collar,married,basic.9y,No,Sí,No
CLI000966,cellular,jun,mon,1,999,0,nonexistent,-2.9,92.963,-40.8,1.266,5076.2,No,29,admin.,single,university.degree,No,Sí,
CLI000967,telephone,jun,mon,4,999,0,nonexistent,1.4,94.465,-41.8,4.865,5228.1,No,34,unemployed,single,university.degree,No,No,No
CLI000968,telephone,may,mon,4,999,0,nonexistent,-1.8,92.893,-46.2,1.244,5099.1,No,41,admin.,single,,Desconocido,Sí,No
CLI000969,cellular,aug,tue,1,999,0,nonexistent,1.4,93.444,-36.1,4.968,5228.1,No,48,technician,divorced,professional.course,No,No,No
CLI000970,telephone,jun,fri,3,999,0,nonexistent,1.4,94.465,-41.8,4.967,5228.1,No,35,technician,single,,No,No,No
CLI000971,cellular,nov,mon,1,999,1,failure,-0.1,93.2,-42.0,4.191,5195.8,No,43,technician,married,professional.course,No,,No
CLI000972,cellular,jul,mon,3,999,0,nonexistent,1.4,93.918,-42.7,4.962,5228.1,No,30,blue-collar,single,basic.9y,No,Sí,No
CLI000973,cellular,jul,fri,6,999,0,nonexistent,1.4,93.918,-42.7,4.957,5228.1,No,42,entrepreneur,married,university.degree,Desconocido,No,No
CLI000974,telephone,may,thu,1,999,0,nonexistent,1.1,93.994,-36.4,4.855,5191.0,No,33,admin.,single,university.degree,No,No,No
CLI000975,cellular,may,mon,1,999,0,nonexistent,-1.8,92.893,-46.2,1.299,5099.1,No,36,entrepreneur,married,high.school,No,Sí,Sí
CLI000976,cellular,jul,wed,2,999,0,nonexistent,1.4,93.918,-42.7,4.957,5228.1,No,31,admin.,married,university.degree,No,Sí,Sí
CLI000977,cellular,may,wed,2,999,0,nonexistent,-1.8,92.893,-46.2,1.27,5099.1,No,41,blue-collar,married,basic.9y,No,Sí,Sí
CLI000978,cellular,jul,tue,1,999,0,nonexistent,1.4,93.918,-42.7,4.961,5228.1,No,41,management,single,university.degree,No,No,No
CLI000979,telephone,may,mon,1,999,0,nonexistent,1.1,93.994,-36.4,4.857,5191.0,No,38,blue-collar,married,basic.6y,Desconocido,No,No
CLI000980,cellular,mar,mon,1,999,0,nonexistent,-1.8,92.843,-50.0,1.811,5099.1,No,38,admin.,single,university.degree,No,Sí,No
CLI000981,cellular,nov,wed,3,999,0,nonexistent,-0.1,93.2,-42.0,4.12,5195.8,No,30,blue-collar,married,professional.course,No,Sí,No
CLI000982,cellular,jul,thu,1,999,0,nonexistent,1.4,93.918,-42.7,4.963,5228.1,No,45,management,married,university.degree,No,No,Sí
CLI000983,telephone,may,fri,4,999,0,nonexistent,1.1,93.994,-36.4,4.855,5191.0,No,38,blue-collar,divorced,basic.9y,No,No,Sí
CLI000984,cellular,nov,wed,2,999,1,failure,-0.1,93.2,-42.0,4.12,5195.8,No,30,blue-collar,single,basic.9y,No,No,No
CLI000985,cellular,may,wed,1,999,0,nonexistent,-1.8,92.893,-46.2,1.281,5099.1,No,37,technician,divorced,professional.course,No,,No
CLI000986,cellular,nov,fri,2,999,0,nonexistent,-0.1,93.2,-42.0,4.021,5195.8,No,55,technician,married,professional.course,No,No,No
CLI000987,cellular,nov,wed,4,6,1,success,-3.4,92.649,-30.1,0.715,5017.5,No,37,services,married,,No,No,Sí
CLI000988,cellular,may,thu,2,999,0,nonexistent,-1.8,92.893,-46.2,1.266,5099.1,Sí,31,admin.,single,high.school,No,Sí,
CLI000989,cellular,jul,thu,4,999,1,failure,-1.7,94.215,-40.3,0.899,4991.6,Sí,31,technician,single,university.degree,No,No,No
CLI000990,telephone,may,fri,5,999,0,nonexistent,1.1,93.994,-36.4,4.857,5191.0,No,37,blue-collar,married,basic.6y,Desconocido,No,Sí
CLI000991,cellular,nov,tue,2,999,0,nonexistent,-0.1,93.2,-42.0,4.153,5195.8,No,50,management,single,university.degree,No,No,No
CLI000992,cellular,aug,thu,1,999,0,nonexistent,1.4,93.444,-36.1,4.963,5228.1,No,48,services,married,high.school,Desconocido,Sí,Sí
CLI000993,cellular,aug,thu,7,999,0,nonexistent,1.4,93.444,-36.1,4.964,5228.1,No,50,self-employed,married,basic.9y,No,Sí,No
CLI000994,telephone,jun,tue,1,999,0,nonexistent,-1.7,94.055,-39.8,0.702,4991.6,No,30,technician,single,professional.course,No,No,No
CLI000995,cellular,apr,fri,3,999,0,nonexistent,-1.8,93.075,-47.1,1.405,5099.1,No,41,admin.,divorced,high.school,No,Sí,No
CLI000996,cellular,mar,thu,2,999,0,nonexistent,-1.8,92.843,-50.0,1.757,5099.1,No,33,admin.,divorced,high.school,No,No,No
CLI000997,telephone,may,wed,2,999,0,nonexistent,1.1,93.994,-36.4,4.856,5191.0,No,37,services,married,high.school,No,Sí,No
CLI000998,telephone,may,tue,2,999,0,nonexistent,1.1,93.994,-36.4,4.856,5191.0,No,46,admin.,married,basic.4y,No,No,No
CLI000999,telephone,may,wed,1,999,0,nonexistent,1.1,93.994,-36.4,4.857,5191.0,No,34,admin.,single,high.school,No,Sí,No
CLI001000,cellular,may,wed,2,999,0,nonexistent,-1.8,92.893,-46.2,1.334,5099.1,No,41,services,divorced,high.school,No,No,No
CLI001001,cellular,nov,tue,1,999,0,nonexistent,-0.1,93.2,-42.0,4.153,5195.8,No,52,management,married,university.degree,No,Sí,No
CLI001002,cellular,jul,tue,3,999,0,nonexistent,1.4,93.918,-42.7,4.961,5228.1,No,42,self-employed,divorced,basic.6y,Desconocido,Sí,No
CLI001003,cellular,may,mon,1,999,0,nonexistent,-1.8,92.893,-46.2,1.299,5099.1,No,40,technician,married,professional.course,No,Sí,No
CLI001004,cellular,may,mon,2,999,0,nonexistent,-1.8,92.893,-46.2,1.299,5099.1,No,40,blue-collar,married,basic.4y,No,No,No
CLI001005,telephone,may,thu,1,999,0,nonexistent,1.1,93.994,-36.4,4.855,5191.0,No,48,blue-collar,married,basic.4y,Desconocido,No,No
CLI001006,telephone,may,tue,1,999,0,nonexistent,1.1,93.994,-36.4,4.856,5191.0,No,36,blue-collar,married,basic.9y,No,Sí,No
CLI001007,cellular,aug,thu,3,999,0,nonexistent,1.4,93.444,-36.1,4.963,5228.1,No,47,services,married,high.school,Desconocido,No,No
CLI001008,telephone,jun,mon,3,999,0,nonexistent,1.4,94.465,-41.8,4.865,5228.1,No,51,management,married,Desconocido,Desconocido,Sí,Sí
CLI001009,telephone,may,mon,5,999,0,nonexistent,1.1,93.994,-36.4,4.858,5191.0,No,46,blue-collar,married,basic.9y,No,Sí,No
CLI001010,telephone,may,fri,3,999,0,nonexistent,1.1,93.994,-36.4,4.859,5191.0,No,47,blue-collar,divorced,basic.9y,Desconocido,No,No
CLI001011,telephone,jun,tue,1,999,0,nonexistent,1.4,94.465,-41.8,4.961,5228.1,No,47,housemaid,single,basic.4y,No,No,No
CLI001012,cellular,may,fri,1,999,0,nonexistent,-1.8,92.893,-46.2,1.313,5099.1,No,33,blue-collar,single,basic.6y,No,Desconocido,Desconocido
CLI001013,cellular,apr,thu,1,999,1,failure,-1.8,93.075,-47.1,1.365,5099.1,No,40,services,married,high.school,No,Sí,No
CLI001014,cellular,aug,mon,2,3,1,success,-2.9,92.201,-31.4,0.843,5076.2,No,64,retired,married,basic.9y,No,Sí,No
CLI001015,cellular,aug,tue,3,999,0,nonexistent,1.4,93.444,-36.1,4.963,5228.1,No,45,technician,divorced,professional.course,No,No,No
CLI001016,cellular,aug,tue,1,999,0,nonexistent,1.4,93.444,-36.1,4.963,5228.1,No,44,blue-collar,married,basic.9y,Desconocido,No,No
CLI001017,telephone,jun,mon,1,999,0,nonexistent,1.4,94.465,-41.8,4.96,5228.1,No,51,blue-collar,married,basic.9y,Desconocido,Sí,No
CLI001018,cellular,jul,thu,1,999,0,nonexistent,1.4,93.918,-42.7,4.962,5228.1,No,38,blue-collar,married,basic.6y,No,Desconocido,Desconocido
CLI001019,telephone,may,tue,1,999,0,nonexistent,1.1,93.994,-36.4,4.856,5191.0,No,46,housemaid,married,high.school,Desconocido,No,No
CLI001020,cellular,nov,mon,1,999,0,nonexistent,-0.1,93.2,-42.0,4.191,5195.8,No,38,entrepreneur,married,basic.9y,No,Sí,No
CLI001021,cellular,sep,tue,1,999,1,failure,-3.4,92.379,-29.8,0.77,5017.5,Sí,62,entrepreneur,married,university.degree,No,No,No
CLI001023,cellular,may,thu,3,999,1,failure,-1.8,92.893,-46.2,1.327,5099.1,No,39,technician,married,professional.course,No,Sí,No
CLI001024,cellular,jul,fri,3,999,0,nonexistent,1.4,93.918,-42.7,4.957,5228.1,No,41,blue-collar,married,basic.4y,No,Sí,No
CLI001025,cellular,apr,fri,1,999,0,nonexistent,-1.8,93.075,-47.1,1.405,5099.1,No,34,admin.,married,high.school,No,Sí,Sí
CLI001026,telephone,jun,fri,1,999,0,nonexistent,1.4,94.465,-41.8,4.967,5228.1,No,32,blue-collar,married,professional.course,No,No,No
CLI001027,cellular,aug,tue,2,999,0,nonexistent,1.4,93.444,-36.1,4.963,5228.1,No,30,technician,married,high.school,No,Sí,No
CLI001028,cellular,mar,wed,6,999,0,nonexistent,-1.8,92.843,-50.0,1.663,5099.1,No,88,retired,divorced,basic.4y,No,Sí,No
CLI001029,cellular,aug,fri,1,999,0,nonexistent,1.4,93.444,-36.1,4.963,5228.1,No,34,admin.,married,high.school,Desconocido,Sí,No
CLI001030,telephone,jun,wed,2,999,0,nonexistent,1.4,94.465,-41.8,4.864,5228.1,No,41,entrepreneur,married,basic.4y,No,Sí,No
CLI001031,cellular,nov,tue,1,999,0,nonexistent,-0.1,93.2,-42.0,4.153,5195.8,No,34,blue-collar,married,professional.course,No,No,Sí
CLI001032,telephone,jun,mon,1,999,0,nonexistent,1.4,94.465,-41.8,4.96,5228.1,No,40,housemaid,married,basic.4y,No,No,No
CLI001033,telephone,jun,mon,3,999,0,nonexistent,1.4,94.465,-41.8,4.96,5228.1,No,24,services,single,high.school,No,Sí,No
CLI001034,cellular,may,mon,1,999,0,nonexistent,-1.8,92.893,-46.2,1.299,5099.1,No,23,blue-collar,single,basic.9y,No,Sí,No
CLI001035,cellular,nov,mon,1,999,0,nonexistent,-0.1,93.2,-42.0,4.191,5195.8,No,40,entrepreneur,divorced,university.degree,No,No,No
CLI001036,cellular,jul,wed,6,999,0,nonexistent,1.4,93.918,-42.7,4.963,5228.1,Sí,39,services,married,Desconocido,Desconocido,Sí,Sí
CLI001037,telephone,may,tue,3,999,0,nonexistent,1.1,93.994,-36.4,4.857,5191.0,No,57,management,married,professional.course,Desconocido,Sí,No
CLI001038,cellular,apr,mon,2,999,0,nonexistent,-1.8,93.075,-47.1,1.466,5099.1,No,32,blue-collar,married,basic.9y,No,No,No
CLI001039,cellular,sep,thu,1,6,4,success,-1.1,94.199,-37.5,0.878,4963.6,No,26,self-employed,single,university.degree,No,Sí,No
CLI001040,cellular,apr,wed,1,999,1,failure,-1.8,93.075,-47.1,1.405,5099.1,Sí,23,admin.,single,university.degree,No,No,No
CLI001041,cellular,aug,tue,1,999,0,nonexistent,1.4,93.444,-36.1,4.965,5228.1,No,35,technician,single,professional.course,No,Sí,Sí
CLI001042,telephone,may,tue,1,999,0,nonexistent,1.1,93.994,-36.4,4.856,5191.0,No,36,blue-collar,married,basic.9y,No,No,No
CLI001043,cellular,aug,mon,2,999,0,nonexistent,1.4,93.444,-36.1,4.965,5228.1,No,33,technician,married,professional.course,No,Sí,
CLI001044,cellular,aug,wed,1,999,0,nonexistent,1.4,93.444,-36.1,4.964,5228.1,No,30,technician,single,university.degree,No,Sí,No
CLI001045,telephone,jun,thu,1,999,0,nonexistent,1.4,94.465,-41.8,4.866,5228.1,No,34,management,married,university.degree,No,Sí,No
CLI001046,cellular,may,wed,7,999,1,failure,-1.8,92.893,-46.2,1.281,5099.1,No,47,blue-collar,married,basic.4y,Desconocido,,No
CLI001047,telephone,jul,thu,12,999,0,nonexistent,1.4,93.918,-42.7,4.962,5228.1,No,29,admin.,single,university.degree,No,Sí,No
CLI001048,cellular,aug,wed,1,999,0,nonexistent,1.4,93.444,-36.1,4.964,5228.1,No,29,admin.,single,university.degree,No,No,No
CLI001049,cellular,aug,wed,8,999,0,nonexistent,1.4,93.444,-36.1,4.964,5228.1,No,41,technician,married,professional.course,No,Sí,No
CLI001050,telephone,may,wed,2,999,0,nonexistent,1.1,93.994,-36.4,4.857,5191.0,No,35,entrepreneur,married,high.school,No,No,No
CLI001051,cellular,may,thu,2,999,0,nonexistent,-1.8,92.893,-46.2,1.327,5099.1,No,36,blue-collar,married,Desconocido,No,No,No
CLI001052,telephone,may,thu,1,999,0,nonexistent,1.1,93.994,-36.4,4.86,5191.0,No,40,technician,married,basic.4y,No,Sí,No
CLI001053,cellular,aug,fri,1,999,0,nonexistent,1.4,93.444,-36.1,4.966,5228.1,No,51,blue-collar,married,,Desconocido,Sí,No
CLI001054,cellular,may,tue,7,999,0,nonexistent,-1.8,92.893,-46.2,1.291,5099.1,No,43,blue-collar,married,basic.6y,No,No,No
CLI001055,cellular,aug,wed,1,0,1,success,-1.7,94.027,-38.3,0.9,4991.6,Sí,28,student,single,basic.9y,No,Sí,No
CLI001056,cellular,aug,wed,1,999,0,nonexistent,1.4,93.444,-36.1,4.964,5228.1,No,29,admin.,single,university.degree,No,Sí,No
CLI001057,cellular,may,wed,2,999,0,nonexistent,-1.8,92.893,-46.2,1.334,5099.1,No,36,admin.,married,university.degree,No,Sí,No
CLI001058,cellular,apr,fri,1,999,0,nonexistent,-1.8,93.075,-47.1,1.405,5099.1,No,36,entrepreneur,married,basic.9y,No,No,No
CLI001059,telephone,may,fri,2,999,0,nonexistent,1.1,93.994,-36.4,4.855,5191.0,No,32,admin.,single,university.degree,No,Sí,Sí
CLI001060,telephone,may,thu,1,999,0,nonexistent,1.1,93.994,-36.4,4.855,5191.0,No,50,unemployed,married,professional.course,No,No,No
CLI001061,cellular,nov,fri,1,999,0,nonexistent,-0.1,93.2,-42.0,4.021,5195.8,No,31,services,single,university.degree,Desconocido,Desconocido,Desconocido
CLI001062,cellular,sep,fri,5,3,3,success,-1.1,94.199,-37.5,0.879,4963.6,Sí,41,management,divorced,university.degree,No,No,No
CLI001063,cellular,aug,fri,1,999,0,nonexistent,1.4,93.444,-36.1,4.964,5228.1,No,37,management,married,high.school,No,Sí,No
CLI001064,cellular,jun,tue,1,999,1,failure,-2.9,92.963,-40.8,1.262,5076.2,Sí,37,technician,single,university.degree,No,No,No
CLI001065,telephone,jul,wed,1,999,0,nonexistent,1.4,93.918,-42.7,4.962,5228.1,No,36,blue-collar,married,,No,Sí,No
CLI001066,telephone,jun,tue,6,999,0,nonexistent,1.4,94.465,-41.8,4.961,5228.1,No,31,services,married,high.school,No,No,No
CLI001067,cellular,may,thu,1,999,0,nonexistent,-1.8,92.893,-46.2,1.327,5099.1,No,25,blue-collar,single,basic.9y,No,Sí,No
CLI001068,cellular,may,wed,2,999,0,nonexistent,-1.8,92.893,-46.2,1.334,5099.1,No,36,admin.,married,university.degree,No,No,
CLI001069,cellular,apr,fri,1,999,0,nonexistent,-1.8,93.075,-47.1,1.405,5099.1,No,35,services,married,high.school,No,Sí,No
CLI001070,cellular,may,thu,3,999,0,nonexistent,-1.8,92.893,-46.2,1.266,5099.1,No,39,blue-collar,divorced,basic.9y,Desconocido,Sí,No
CLI001071,telephone,may,thu,4,999,0,nonexistent,1.1,93.994,-36.4,4.86,5191.0,No,28,admin.,single,high.school,No,Sí,No
CLI001072,cellular,may,thu,5,999,1,failure,-1.8,92.893,-46.2,1.266,5099.1,No,31,blue-collar,single,professional.course,No,Sí,No
CLI001073,cellular,may,mon,4,999,0,nonexistent,-1.8,92.893,-46.2,1.244,5099.1,No,27,admin.,divorced,high.school,No,Sí,No
CLI001074,cellular,apr,thu,1,2,1,success,-1.8,93.075,-47.1,1.365,5099.1,No,48,entrepreneur,married,university.degree,No,Sí,No
CLI001075,cellular,jul,wed,5,999,0,nonexistent,1.4,93.918,-42.7,4.957,5228.1,No,36,management,single,university.degree,No,Sí,No
CLI001076,cellular,nov,mon,1,999,3,failure,-1.1,94.767,-50.8,1.05,4963.6,No,37,technician,married,university.degree,No,No,No
CLI001077,telephone,aug,mon,2,999,0,nonexistent,1.4,93.444,-36.1,4.963,5228.1,No,52,services,married,high.school,No,Sí,No
CLI001078,cellular,aug,thu,9,999,0,nonexistent,1.4,93.444,-36.1,4.962,5228.1,No,29,admin.,single,university.degree,No,No,No
CLI001079,cellular,nov,thu,2,999,1,failure,-0.1,93.2,-42.0,4.076,5195.8,No,57,management,married,professional.course,Desconocido,Sí,No
CLI001080,telephone,may,mon,2,999,0,nonexistent,1.1,93.994,-36.4,4.857,5191.0,No,48,technician,married,professional.course,No,Sí,No
CLI001081,cellular,nov,wed,1,999,0,nonexistent,-0.1,93.2,-42.0,4.12,5195.8,No,39,admin.,married,high.school,No,No,No
CLI001082,cellular,may,thu,2,999,0,nonexistent,-1.8,92.893,-46.2,1.327,5099.1,No,45,technician,divorced,high.school,No,Sí,No
CLI001083,cellular,jul,mon,2,999,0,nonexistent,1.4,93.918,-42.7,4.962,5228.1,No,42,entrepreneur,single,university.degree,No,No,No
CLI001084,cellular,mar,tue,2,11,1,success,-1.8,93.369,-34.8,0.635,5008.7,Sí,68,retired,divorced,basic.4y,No,Sí,No
CLI001085,cellular,aug,tue,5,999,0,nonexistent,1.4,93.444,-36.1,4.963,5228.1,No,32,technician,married,university.degree,No,No,No
CLI001086,cellular,jul,mon,1,999,2,failure,-1.7,94.215,-40.3,0.827,4991.6,Sí,62,technician,married,Desconocido,No,Sí,No
CLI001087,telephone,jun,mon,2,999,0,nonexistent,1.4,94.465,-41.8,4.865,5228.1,No,29,blue-collar,married,basic.4y,No,Sí,No
CLI001088,telephone,may,wed,3,999,0,nonexistent,1.1,93.994,-36.4,4.856,5191.0,No,36,admin.,married,high.school,No,No,No
CLI001089,cellular,apr,mon,1,999,0,nonexistent,-1.8,93.075,-47.1,1.405,5099.1,No,53,blue-collar,married,,Desconocido,Sí,No
CLI001090,telephone,may,tue,1,999,0,nonexistent,1.1,93.994,-36.4,4.856,5191.0,No,48,technician,married,high.school,No,No,Sí
CLI001091,telephone,jul,tue,4,999,0,nonexistent,1.4,93.918,-42.7,4.962,5228.1,No,30,technician,single,high.school,No,No,No
CLI001092,telephone,may,mon,2,999,0,nonexistent,1.1,93.994,-36.4,4.858,5191.0,No,27,blue-collar,married,basic.9y,No,Sí,No
CLI001093,cellular,may,fri,1,999,0,nonexistent,-1.8,92.893,-46.2,1.259,5099.1,Sí,27,admin.,single,university.degree,No,Sí,No
CLI001094,cellular,mar,mon,2,999,1,failure,-1.8,92.843,-50.0,1.703,5099.1,No,32,management,single,university.degree,No,Sí,No
CLI001095,telephone,jun,fri,1,999,0,nonexistent,1.4,94.465,-41.8,4.959,5228.1,No,28,blue-collar,married,basic.9y,Desconocido,No,No
CLI001096,cellular,nov,wed,2,999,0,nonexistent,-0.1,93.2,-42.0,4.12,5195.8,No,38,blue-collar,divorced,basic.6y,No,Sí,No
CLI001097,cellular,jul,wed,1,999,0,nonexistent,1.4,93.918,-42.7,4.963,5228.1,No,31,blue-collar,married,basic.4y,Desconocido,Sí,No
CLI001098,cellular,may,fri,1,999,0,nonexistent,-1.8,92.893,-46.2,1.313,5099.1,No,35,services,married,high.school,No,,Desconocido
CLI001099,cellular,nov,tue,1,999,0,nonexistent,-0.1,93.2,-42.0,4.153,5195.8,No,36,blue-collar,married,basic.6y,No,No,No
CLI001100,cellular,sep,thu,2,6,1,success,-1.1,94.199,-37.5,0.884,4963.6,Sí,60,retired,married,university.degree,No,No,No
CLI001101,cellular,may,wed,1,999,0,nonexistent,-1.8,92.893,-46.2,1.334,5099.1,No,33,technician,married,professional.course,No,Sí,No
CLI001102,telephone,jun,fri,2,999,0,nonexistent,1.4,94.465,-41.8,4.947,5228.1,No,27,self-employed,single,university.degree,No,Sí,No
CLI001103,telephone,nov,fri,2,999,0,nonexistent,-0.1,93.2,-42.0,4.021,5195.8,No,44,self-employed,married,professional.course,No,Sí,No
CLI001104,cellular,may,thu,2,999,0,nonexistent,-1.8,92.893,-46.2,1.327,5099.1,No,36,student,single,basic.9y,Desconocido,Sí,No
CLI001105,cellular,may,tue,1,999,1,failure,-1.8,92.893,-46.2,1.344,5099.1,No,38,technician,married,university.degree,No,Sí,No
CLI001106,cellular,jul,tue,1,3,1,success,-1.7,94.215,-40.3,0.835,4991.6,Sí,29,admin.,married,university.degree,No,Desconocido,Desconocido
CLI001107,cellular,apr,fri,1,999,0,nonexistent,-1.8,93.075,-47.1,1.405,5099.1,No,41,admin.,single,professional.course,No,Sí,Sí
CLI001108,cellular,nov,mon,1,999,0,nonexistent,-0.1,93.2,-42.0,4.191,5195.8,No,29,admin.,single,university.degree,No,Sí,No
CLI001109,cellular,jul,wed,4,999,0,nonexistent,1.4,93.918,-42.7,4.957,5228.1,Sí,43,blue-collar,single,,No,Sí,Sí
CLI001110,cellular,jul,wed,1,999,0,nonexistent,1.4,93.918,-42.7,4.963,5228.1,No,40,blue-collar,married,high.school,No,No,No
CLI001111,telephone,jun,fri,1,999,0,nonexistent,1.4,94.465,-41.8,4.959,5228.1,No,58,entrepreneur,married,university.degree,Desconocido,No,No
CLI001112,cellular,nov,fri,1,999,1,failure,-0.1,93.2,-42.0,4.021,5195.8,No,57,unemployed,married,university.degree,No,Sí,Sí
CLI001113,cellular,jul,thu,5,999,0,nonexistent,1.4,93.918,-42.7,4.968,5228.1,No,38,admin.,married,high.school,No,No,No
CLI001114,telephone,jul,wed,1,999,0,nonexistent,1.4,93.918,-42.7,4.963,5228.1,No,40,admin.,married,university.degree,Desconocido,Sí,No
CLI001115,cellular,jul,thu,5,999,0,nonexistent,1.4,93.918,-42.7,4.958,5228.1,No,25,admin.,single,university.degree,No,Sí,No
CLI001116,telephone,may,tue,1,999,0,nonexistent,1.1,93.994,-36.4,4.856,5191.0,No,35,services,married,high.school,No,Sí,No
CLI001117,cellular,nov,tue,1,999,0,nonexistent,-0.1,93.2,-42.0,4.153,5195.8,No,53,services,divorced,high.school,No,Sí,No
CLI001118,cellular,jun,mon,1,3,1,success,-2.9,92.963,-40.8,1.215,5076.2,Sí,50,admin.,married,university.degree,No,No,No
CLI001119,cellular,aug,fri,3,999,0,nonexistent,1.4,93.444,-36.1,4.964,5228.1,No,30,admin.,married,university.degree,No,No,No
CLI001120,cellular,nov,tue,5,999,0,nonexistent,-0.1,93.2,-42.0,4.153,5195.8,No,30,entrepreneur,single,basic.9y,No,Sí,No
CLI001121,cellular,may,thu,1,999,0,nonexistent,-1.8,92.893,-46.2,1.266,5099.1,No,48,admin.,divorced,high.school,No,,No
CLI001122,telephone,may,fri,1,999,0,nonexistent,1.1,93.994,-36.4,4.859,5191.0,No,47,blue-collar,married,high.school,Desconocido,No,No
CLI001123,cellular,oct,fri,3,999,0,nonexistent,-1.1,94.601,-49.5,1.029,4963.6,Sí,31,student,single,high.school,No,Sí,No
CLI001124,cellular,aug,thu,7,999,0,nonexistent,1.4,93.444,-36.1,4.963,5228.1,No,31,admin.,married,university.degree,No,Sí,
CLI001125,cellular,nov,tue,2,999,0,nonexistent,-0.1,93.2,-42.0,4.153,5195.8,No,31,management,single,university.degree,No,No,No
CLI001126,cellular,jul,tue,4,999,0,nonexistent,1.4,93.918,-42.7,4.961,5228.1,No,34,blue-collar,single,high.school,No,Sí,No
CLI001127,telephone,may,wed,3,999,0,nonexistent,-1.8,92.893,-46.2,1.281,5099.1,No,29,admin.,single,university.degree,No,Sí,No
CLI001128,cellular,jul,tue,1,999,0,nonexistent,1.4,93.918,-42.7,4.962,5228.1,No,26,entrepreneur,married,basic.4y,Desconocido,No,No
CLI001129,cellular,may,mon,4,999,1,failure,-1.8,92.893,-46.2,1.354,5099.1,No,30,admin.,single,university.degree,No,Sí,No
CLI001130,telephone,oct,mon,1,999,0,nonexistent,-0.1,93.798,-40.4,4.912,5195.8,Sí,46,admin.,divorced,university.degree,No,No,No
CLI001131,cellular,may,wed,1,999,0,nonexistent,-1.8,92.893,-46.2,1.27,5099.1,No,30,management,married,university.degree,No,No,No
CLI001132,cellular,apr,thu,1,999,1,failure,-1.8,93.075,-47.1,1.365,5099.1,No,56,entrepreneur,married,university.degree,No,No,No
CLI001133,cellular,jul,thu,4,999,0,nonexistent,1.4,93.918,-42.7,4.968,5228.1,Sí,39,technician,married,high.school,No,Sí,No
CLI001134,cellular,aug,thu,2,999,0,nonexistent,1.4,93.444,-36.1,4.962,5228.1,No,46,admin.,married,high.school,No,Desconocido,Desconocido
CLI001135,cellular,may,wed,3,999,0,nonexistent,-1.8,92.893,-46.2,1.281,5099.1,No,35,entrepreneur,married,university.degree,No,Sí,No
CLI001136,telephone,may,wed,1,999,0,nonexistent,1.1,93.994,-36.4,4.857,5191.0,No,41,management,married,high.school,No,No,No
CLI001137,telephone,aug,tue,1,999,0,nonexistent,-2.9,92.201,-31.4,0.883,5076.2,No,59,admin.,divorced,professional.course,No,No,No
CLI001138,telephone,apr,wed,2,999,0,nonexistent,-1.8,93.075,-47.1,1.445,5099.1,Sí,27,technician,single,basic.9y,No,Sí,No
CLI001139,telephone,jun,mon,2,999,0,nonexistent,1.4,94.465,-41.8,4.865,5228.1,No,39,technician,married,professional.course,No,No,No
CLI001140,cellular,may,fri,2,999,2,failure,-1.8,92.893,-46.2,1.313,5099.1,No,55,blue-collar,married,Desconocido,Desconocido,No,No
CLI001141,cellular,sep,thu,1,999,1,failure,-1.1,94.199,-37.5,0.879,4963.6,Sí,24,admin.,single,,No,No,No
CLI001142,telephone,may,tue,3,999,0,nonexistent,1.1,93.994,-36.4,4.857,5191.0,No,38,blue-collar,single,high.school,No,No,No
CLI001143,telephone,jul,tue,1,999,0,nonexistent,1.4,93.918,-42.7,4.961,5228.1,No,52,admin.,married,high.school,No,No,No
CLI001144,cellular,aug,fri,1,4,2,success,-2.9,92.201,-31.4,0.881,5076.2,Sí,41,services,single,university.degree,No,Sí,No
CLI001145,cellular,jun,tue,2,3,1,success,-1.7,94.055,-39.8,0.723,4991.6,Sí,31,technician,married,professional.course,No,Sí,No
CLI001146,cellular,may,thu,8,999,0,nonexistent,-1.8,92.893,-46.2,1.327,5099.1,No,39,technician,married,professional.course,No,No,No
CLI001147,cellular,nov,wed,1,999,0,nonexistent,-0.1,93.2,-42.0,4.12,5195.8,No,42,unemployed,divorced,high.school,No,Sí,No
CLI001148,telephone,jun,mon,2,999,0,nonexistent,-2.9,92.963,-40.8,1.266,5076.2,No,49,management,married,university.degree,No,Sí,No
CLI001149,telephone,nov,mon,1,999,0,nonexistent,-0.1,93.2,-42.0,4.733,5195.8,No,31,admin.,married,university.degree,No,Sí,No
CLI001150,cellular,aug,thu,1,999,0,nonexistent,1.4,93.444,-36.1,4.964,5228.1,No,39,admin.,single,university.degree,No,No,No
CLI001151,cellular,apr,wed,1,999,0,nonexistent,-1.8,93.075,-47.1,1.405,5099.1,Sí,30,unemployed,single,university.degree,No,Sí,No
CLI001152,cellular,apr,wed,1,999,0,nonexistent,-1.8,93.075,-47.1,1.445,5099.1,No,41,blue-collar,married,basic.4y,No,Sí,No
CLI001153,telephone,may,mon,1,999,0,nonexistent,1.1,93.994,-36.4,4.857,5191.0,No,59,blue-collar,married,basic.4y,Desconocido,No,No
CLI001154,telephone,jul,thu,4,999,0,nonexistent,1.4,93.918,-42.7,4.962,5228.1,No,26,technician,single,university.degree,No,No,No
CLI001155,cellular,jun,mon,1,999,0,nonexistent,-2.9,92.963,-40.8,1.266,5076.2,Sí,29,admin.,married,high.school,No,Sí,No
CLI001156,telephone,may,fri,2,999,0,nonexistent,1.1,93.994,-36.4,4.857,5191.0,No,36,blue-collar,married,basic.6y,Desconocido,Sí,No
CLI001157,telephone,sep,thu,4,999,0,nonexistent,-1.1,94.199,-37.5,0.879,4963.6,No,80,retired,divorced,basic.4y,No,Sí,No
CLI001158,cellular,may,mon,1,999,0,nonexistent,-1.8,92.893,-46.2,1.354,5099.1,Sí,39,admin.,married,high.school,No,No,No
CLI001159,telephone,jun,wed,2,999,0,nonexistent,1.4,94.465,-41.8,4.959,5228.1,No,38,blue-collar,married,basic.4y,Desconocido,No,No
CLI001160,cellular,jul,tue,20,999,0,nonexistent,1.4,93.918,-42.7,4.961,5228.1,No,38,unemployed,married,basic.4y,Desconocido,Sí,No
CLI001161,cellular,aug,thu,2,999,1,failure,-2.9,92.201,-31.4,0.851,5076.2,No,74,retired,married,basic.9y,No,No,No
CLI001162,cellular,may,wed,4,999,0,nonexistent,-1.8,92.893,-46.2,1.281,5099.1,No,28,student,single,high.school,No,No,No
CLI001163,cellular,may,tue,2,999,0,nonexistent,-1.8,92.893,-46.2,1.266,5099.1,No,31,blue-collar,single,professional.course,No,No,No
CLI001164,telephone,may,wed,1,999,0,nonexistent,1.1,93.994,-36.4,4.858,5191.0,No,55,admin.,married,high.school,No,Sí,Sí
CLI001165,telephone,may,tue,16,999,0,nonexistent,1.1,93.994,-36.4,4.856,5191.0,No,52,blue-collar,married,basic.9y,No,Sí,Sí
CLI001166,cellular,may,thu,1,999,0,nonexistent,-1.8,92.893,-46.2,1.327,5099.1,No,52,technician,married,professional.course,No,No,No
CLI001167,telephone,jun,wed,2,999,0,nonexistent,1.4,94.465,-41.8,4.962,5228.1,No,29,management,married,university.degree,No,No,No
CLI001168,telephone,may,tue,3,999,0,nonexistent,1.1,93.994,-36.4,4.856,5191.0,No,33,blue-collar,married,basic.9y,No,No,No
CLI001169,cellular,mar,tue,1,999,0,nonexistent,-1.8,92.843,-50.0,1.799,5099.1,No,24,services,single,Desconocido,No,No,No
CLI001170,telephone,jun,fri,2,999,0,nonexistent,1.4,94.465,-41.8,4.959,5228.1,No,31,services,single,professional.course,No,,No
CLI001171,cellular,may,wed,2,999,0,nonexistent,-1.8,92.893,-46.2,1.281,5099.1,No,31,management,single,university.degree,No,No,No
CLI001172,cellular,jul,tue,3,999,0,nonexistent,1.4,93.918,-42.7,4.961,5228.1,Sí,42,technician,married,basic.9y,No,No,No
CLI001173,telephone,may,tue,1,999,0,nonexistent,1.1,93.994,-36.4,4.856,5191.0,No,29,services,divorced,high.school,No,Sí,No
CLI001174,cellular,may,mon,2,999,0,nonexistent,-1.8,92.893,-46.2,1.299,5099.1,No,30,blue-collar,married,basic.4y,No,Sí,
CLI001175,telephone,may,tue,4,999,0,nonexistent,1.1,93.994,-36.4,4.857,5191.0,No,45,technician,married,professional.course,No,Sí,No
CLI001176,cellular,aug,wed,1,999,0,nonexistent,1.4,93.444,-36.1,4.964,5228.1,No,29,technician,single,professional.course,No,No,No
CLI001177,telephone,jun,fri,1,999,0,nonexistent,1.4,94.465,-41.8,4.959,5228.1,No,41,management,married,university.degree,No,Sí,No
CLI001178,cellular,apr,thu,1,999,0,nonexistent,-1.8,93.075,-47.1,1.365,5099.1,Sí,48,entrepreneur,married,university.degree,No,No,No
CLI001179,telephone,jun,mon,1,999,0,nonexistent,1.4,94.465,-41.8,4.961,5228.1,No,48,blue-collar,married,basic.4y,No,No,No
CLI001180,cellular,mar,thu,2,999,0,nonexistent,-1.8,92.843,-50.0,1.538,5099.1,No,45,technician,single,professional.course,No,Sí,Sí
CLI001181,cellular,apr,tue,1,999,1,failure,-1.8,93.075,-47.1,1.423,5099.1,No,38,blue-collar,married,basic.9y,No,No,
CLI001182,cellular,aug,thu,3,999,0,nonexistent,-1.7,94.027,-38.3,0.904,4991.6,No,41,admin.,divorced,high.school,No,Sí,Sí
CLI001184,telephone,may,thu,3,999,0,nonexistent,1.1,93.994,-36.4,4.855,5191.0,No,37,technician,single,university.degree,No,Sí,No
CLI001185,cellular,mar,wed,3,999,0,nonexistent,-1.8,93.369,-34.8,0.644,5008.7,Sí,52,technician,married,basic.9y,No,No,No
CLI001186,cellular,may,thu,1,999,0,nonexistent,-1.8,92.893,-46.2,1.266,5099.1,No,33,admin.,married,university.degree,No,Sí,Sí
CLI001187,telephone,jun,wed,3,999,0,nonexistent,1.4,94.465,-41.8,4.962,5228.1,No,47,entrepreneur,married,professional.course,Desconocido,No,Sí
CLI001188,cellular,jun,wed,1,3,1,success,-2.9,92.963,-40.8,1.26,5076.2,Sí,42,self-employed,married,university.degree,No,Sí,No
CLI001189,telephone,may,tue,5,999,0,nonexistent,1.1,93.994,-36.4,4.857,5191.0,No,33,self-employed,married,university.degree,No,No,No
CLI001190,cellular,aug,thu,11,999,0,nonexistent,1.4,93.444,-36.1,4.962,5228.1,No,54,management,married,university.degree,No,Sí,Sí
CLI001191,telephone,may,mon,2,999,0,nonexistent,-1.8,93.876,-40.0,0.682,5008.7,No,41,admin.,married,university.degree,No,No,No
CLI001192,cellular,jul,tue,1,999,0,nonexistent,1.4,93.918,-42.7,4.961,5228.1,No,29,technician,married,professional.course,No,Sí,Sí
CLI001193,cellular,jun,mon,1,999,0,nonexistent,-1.7,94.055,-39.8,0.754,4991.6,Sí,34,admin.,single,university.degree,No,Sí,No
CLI001194,telephone,may,wed,1,999,0,nonexistent,1.1,93.994,-36.4,4.857,5191.0,No,50,management,married,university.degree,No,,No
CLI001195,cellular,may,fri,1,999,0,nonexistent,-1.8,92.893,-46.2,1.313,5099.1,No,37,admin.,married,high.school,Desconocido,Sí,No
CLI001196,cellular,aug,thu,2,999,0,nonexistent,1.4,93.444,-36.1,4.964,5228.1,No,41,admin.,divorced,university.degree,Desconocido,No,No
CLI001197,cellular,may,mon,1,3,3,success,-1.8,93.876,-40.0,0.697,5008.7,Sí,80,retired,married,basic.4y,No,No,No
CLI001198,cellular,nov,wed,1,999,0,nonexistent,-0.1,93.2,-42.0,4.12,5195.8,No,29,admin.,married,university.degree,No,No,No
CLI001199,cellular,may,fri,2,999,0,nonexistent,-1.8,92.893,-46.2,1.313,5099.1,No,34,admin.,single,university.degree,No,No,Sí
CLI001200,cellular,jul,thu,17,999,0,nonexistent,1.4,93.918,-42.7,4.963,5228.1,No,32,blue-collar,married,basic.4y,Desconocido,No,No
CLI001201,cellular,jul,tue,6,999,0,nonexistent,1.4,93.918,-42.7,4.961,5228.1,No,32,technician,single,professional.course,No,Sí,No
CLI001202,telephone,jul,fri,7,999,0,nonexistent,1.4,93.918,-42.7,4.957,5228.1,No,53,blue-collar,married,basic.4y,Desconocido,Sí,Sí
CLI001203,cellular,may,tue,1,999,0,nonexistent,-1.8,92.893,-46.2,1.291,5099.1,No,37,admin.,single,high.school,Desconocido,No,No
CLI001204,cellular,jul,thu,1,999,0,nonexistent,1.4,93.918,-42.7,4.958,5228.1,Sí,50,blue-collar,married,Desconocido,Desconocido,No,No
CLI001205,telephone,may,mon,2,999,0,nonexistent,1.1,93.994,-36.4,4.857,5191.0,No,48,retired,divorced,professional.course,No,Sí,No
CLI001206,cellular,may,wed,1,999,0,nonexistent,-1.8,92.893,-46.2,1.281,5099.1,Sí,34,housemaid,single,high.school,No,No,No
CLI001207,cellular,aug,thu,2,999,0,nonexistent,1.4,93.444,-36.1,4.962,5228.1,No,50,admin.,married,university.degree,No,Sí,No
CLI001208,telephone,may,fri,2,999,0,nonexistent,1.1,93.994,-36.4,4.859,5191.0,No,44,self-employed,single,basic.6y,Desconocido,Sí,No
CLI001209,cellular,may,tue,1,999,1,failure,-1.8,92.893,-46.2,1.291,5099.1,No,43,blue-collar,married,basic.4y,No,Sí,Sí
CLI001210,telephone,may,tue,2,999,0,nonexistent,1.1,93.994,-36.4,4.856,5191.0,No,37,admin.,married,high.school,No,Sí,Sí
CLI001211,cellular,apr,thu,1,999,0,nonexistent,-1.8,93.075,-47.1,1.406,5099.1,No,34,Desconocido,married,basic.4y,No,Sí,Sí
CLI001212,cellular,jun,fri,7,999,1,failure,-2.9,92.963,-40.8,1.268,5076.2,Sí,50,admin.,married,university.degree,No,Sí,No
CLI001213,telephone,jun,fri,4,999,0,nonexistent,1.4,94.465,-41.8,4.967,5228.1,No,29,admin.,married,high.school,No,,No
CLI001214,cellular,jul,mon,3,999,0,nonexistent,1.4,93.918,-42.7,4.962,5228.1,No,35,blue-collar,married,high.school,No,Sí,No
CLI001215,telephone,may,wed,2,999,0,nonexistent,1.1,93.994,-36.4,4.859,5191.0,No,29,technician,single,professional.course,No,No,No
CLI001216,cellular,aug,mon,3,999,0,nonexistent,1.4,93.444,-36.1,4.963,5228.1,No,29,admin.,married,high.school,No,Sí,Sí
CLI001217,cellular,aug,mon,1,999,0,nonexistent,1.4,93.444,-36.1,4.965,5228.1,No,35,technician,single,university.degree,No,Sí,No
CLI001218,telephone,jun,mon,4,999,0,nonexistent,1.4,94.465,-41.8,4.865,5228.1,No,34,admin.,married,university.degree,No,No,No
CLI001219,telephone,may,wed,1,999,0,nonexistent,1.1,93.994,-36.4,4.859,5191.0,No,50,admin.,divorced,basic.9y,No,Sí,No
CLI001220,telephone,jun,mon,3,999,0,nonexistent,1.4,94.465,-41.8,4.947,5228.1,No,40,entrepreneur,divorced,university.degree,No,No,No
CLI001221,telephone,jul,mon,2,999,0,nonexistent,1.4,93.918,-42.7,4.962,5228.1,No,27,blue-collar,single,basic.9y,No,Sí,No
CLI001222,cellular,may,tue,1,999,0,nonexistent,-1.8,92.893,-46.2,1.344,5099.1,No,39,blue-collar,married,,No,No,No
CLI001223,telephone,may,thu,1,999,0,nonexistent,1.1,93.994,-36.4,4.86,5191.0,No,56,technician,married,professional.course,Desconocido,No,No
CLI001224,cellular,apr,thu,1,999,1,failure,-1.8,93.075,-47.1,1.365,5099.1,Sí,58,retired,married,basic.4y,No,No,No
CLI001226,cellular,jul,fri,1,999,1,failure,-1.7,94.215,-40.3,0.861,4991.6,No,43,technician,divorced,Desconocido,No,No,No
CLI001227,cellular,nov,fri,3,999,1,failure,-0.1,93.2,-42.0,4.021,5195.8,No,58,retired,married,professional.course,Desconocido,No,No
CLI001228,telephone,may,fri,18,999,0,nonexistent,1.1,93.994,-36.4,4.857,5191.0,No,30,management,married,university.degree,No,Sí,No
CLI001229,cellular,aug,thu,5,999,0,nonexistent,1.4,93.444,-36.1,4.968,5228.1,No,34,technician,married,high.school,No,Sí,No
CLI001230,cellular,apr,mon,6,999,1,failure,-1.8,93.075,-47.1,1.405,5099.1,No,32,services,married,high.school,No,Sí,Sí
CLI001231,cellular,aug,thu,6,999,0,nonexistent,1.4,93.444,-36.1,4.963,5228.1,No,44,technician,divorced,professional.course,Desconocido,Sí,No
CLI001232,telephone,may,fri,1,999,0,nonexistent,1.1,93.994,-36.4,4.857,5191.0,No,43,admin.,divorced,high.school,No,Sí,No
CLI001233,cellular,nov,fri,2,999,0,nonexistent,-0.1,93.2,-42.0,4.021,5195.8,No,37,services,married,high.school,No,Sí,No
CLI001234,cellular,aug,wed,1,999,0,nonexistent,1.4,93.444,-36.1,4.964,5228.1,Sí,42,technician,married,professional.course,No,Sí,No
CLI001235,cellular,apr,thu,1,999,0,nonexistent,-1.8,93.075,-47.1,1.483,5099.1,Sí,28,blue-collar,single,high.school,No,Sí,Sí
CLI001236,cellular,jul,wed,2,999,0,nonexistent,1.4,93.918,-42.7,4.957,5228.1,No,26,technician,single,professional.course,No,No,No
CLI001237,cellular,jul,fri,1,999,0,nonexistent,1.4,93.918,-42.7,4.963,5228.1,No,35,admin.,married,high.school,Desconocido,No,No
CLI001238,cellular,nov,wed,1,999,0,nonexistent,-0.1,93.2,-42.0,4.12,5195.8,No,40,technician,married,professional.course,No,Sí,No
CLI001239,cellular,may,mon,1,999,0,nonexistent,-1.8,92.893,-46.2,1.299,5099.1,No,35,admin.,single,university.degree,No,No,No
CLI001240,cellular,may,wed,1,999,0,nonexistent,-1.8,92.893,-46.2,1.334,5099.1,No,52,admin.,single,Desconocido,Desconocido,No,No
CLI001241,cellular,may,fri,1,999,1,failure,-1.8,92.893,-46.2,1.25,5099.1,No,53,services,married,basic.6y,No,No,No
CLI001242,cellular,aug,tue,1,999,0,nonexistent,1.4,93.444,-36.1,4.963,5228.1,No,38,admin.,married,university.degree,Desconocido,Sí,
CLI001243,telephone,apr,tue,2,999,1,failure,-1.8,93.749,-34.6,0.646,5008.7,Sí,44,management,married,Desconocido,No,No,No
CLI001244,cellular,jul,fri,2,999,0,nonexistent,1.4,93.918,-42.7,4.963,5228.1,No,27,blue-collar,married,basic.6y,No,Sí,No
CLI001245,telephone,may,tue,2,999,0,nonexistent,1.1,93.994,-36.4,4.857,5191.0,No,42,blue-collar,married,basic.4y,Desconocido,No,No
CLI001246,telephone,jul,wed,2,999,0,nonexistent,1.4,93.918,-42.7,4.962,5228.1,No,39,services,married,basic.6y,Desconocido,Sí,No
CLI001247,cellular,may,tue,2,999,0,nonexistent,-1.8,92.893,-46.2,1.344,5099.1,No,32,admin.,married,high.school,No,Sí,No
CLI001248,telephone,may,thu,4,999,0,nonexistent,1.1,93.994,-36.4,4.86,5191.0,No,53,services,married,high.school,Desconocido,No,No
CLI001249,cellular,jul,thu,3,999,0,nonexistent,1.4,93.918,-42.7,4.968,5228.1,No,31,blue-collar,single,high.school,No,Sí,No
CLI001250,telephone,may,mon,3,999,0,nonexistent,1.1,93.994,-36.4,4.857,5191.0,No,35,admin.,married,high.school,No,No,
CLI001251,telephone,may,thu,7,999,0,nonexistent,1.1,93.994,-36.4,4.86,5191.0,No,40,services,single,high.school,Desconocido,Sí,No
CLI001252,telephone,may,thu,3,999,0,nonexistent,1.1,93.994,-36.4,4.86,5191.0,No,37,services,married,high.school,Desconocido,Sí,Sí
CLI001253,cellular,jul,thu,1,999,0,nonexistent,1.4,93.918,-42.7,4.963,5228.1,Sí,32,technician,married,professional.course,No,Sí,No
CLI001254,telephone,jun,tue,2,999,0,nonexistent,1.4,94.465,-41.8,4.864,5228.1,No,43,admin.,married,high.school,No,Sí,No
CLI001255,cellular,apr,thu,2,999,0,nonexistent,-1.8,93.075,-47.1,1.41,5099.1,No,44,technician,divorced,professional.course,Desconocido,Sí,No
CLI001256,cellular,jul,wed,20,999,0,nonexistent,1.4,93.918,-42.7,4.963,5228.1,No,31,services,single,high.school,No,Sí,No
CLI001257,cellular,aug,tue,1,999,0,nonexistent,1.4,93.444,-36.1,4.966,5228.1,No,48,blue-collar,married,basic.9y,No,Sí,No
CLI001258,telephone,may,wed,2,999,0,nonexistent,1.1,93.994,-36.4,4.858,5191.0,No,39,self-employed,married,university.degree,No,,No
CLI001259,cellular,nov,thu,4,999,1,failure,-0.1,93.2,-42.0,4.076,5195.8,No,29,admin.,single,university.degree,No,Sí,Sí
CLI001260,cellular,aug,mon,2,999,0,nonexistent,1.4,93.444,-36.1,4.965,5228.1,No,31,technician,single,professional.course,No,No,No
CLI001261,telephone,may,thu,1,999,0,nonexistent,1.1,93.994,-36.4,4.86,5191.0,No,42,unemployed,divorced,high.school,Desconocido,Sí,Sí
CLI001262,cellular,nov,mon,1,999,1,failure,-0.1,93.2,-42.0,4.191,5195.8,No,47,admin.,divorced,professional.course,No,No,No
CLI001263,telephone,may,mon,1,999,0,nonexistent,1.1,93.994,-36.4,4.857,5191.0,No,35,blue-collar,married,Desconocido,No,Sí,No
CLI001264,cellular,jul,wed,1,999,0,nonexistent,1.4,93.918,-42.7,4.962,5228.1,No,34,blue-collar,married,basic.9y,No,Sí,No
CLI001265,cellular,oct,thu,2,999,0,nonexistent,-3.4,92.431,-26.9,0.722,5017.5,Sí,30,technician,married,professional.course,No,Sí,Sí
CLI001266,telephone,jun,wed,3,999,0,nonexistent,1.4,94.465,-41.8,4.962,5228.1,No,47,admin.,married,basic.9y,No,Sí,No
CLI001267,telephone,may,thu,2,999,0,nonexistent,1.1,93.994,-36.4,4.86,5191.0,No,36,blue-collar,married,basic.4y,No,No,No
CLI001268,cellular,may,tue,2,999,1,failure,-1.8,92.893,-46.2,1.291,5099.1,No,32,technician,single,university.degree,No,Sí,No
CLI001269,telephone,jun,mon,2,999,0,nonexistent,1.4,94.465,-41.8,4.865,5228.1,No,30,admin.,married,university.degree,No,No,No
CLI001270,cellular,may,tue,1,999,1,failure,-1.8,92.893,-46.2,1.291,5099.1,No,28,technician,divorced,professional.course,No,No,No
CLI001271,cellular,nov,wed,1,999,1,failure,-0.1,93.2,-42.0,4.12,5195.8,No,29,services,single,high.school,No,Sí,No
CLI001272,cellular,aug,thu,3,999,0,nonexistent,1.4,93.444,-36.1,4.963,5228.1,No,32,self-employed,single,university.degree,No,Sí,No
CLI001273,telephone,may,fri,1,999,0,nonexistent,1.1,93.994,-36.4,4.857,5191.0,No,53,technician,married,professional.course,Desconocido,Sí,No
CLI001274,telephone,may,wed,2,999,0,nonexistent,1.1,93.994,-36.4,4.858,5191.0,No,39,technician,married,professional.course,No,Desconocido,Desconocido
CLI001275,cellular,aug,tue,2,999,0,nonexistent,1.4,93.444,-36.1,4.966,5228.1,No,34,technician,single,professional.course,No,Sí,No
CLI001276,cellular,aug,mon,1,999,0,nonexistent,1.4,93.444,-36.1,4.97,5228.1,No,34,technician,single,university.degree,No,Sí,No
CLI001277,cellular,sep,wed,1,3,1,success,-3.4,92.379,-29.8,0.749,5017.5,Sí,63,housemaid,married,basic.4y,No,Sí,No
CLI001278,cellular,apr,thu,1,999,1,failure,-1.8,93.075,-47.1,1.483,5099.1,No,39,blue-collar,married,basic.9y,No,No,No
CLI001279,telephone,may,tue,2,999,0,nonexistent,1.1,93.994,-36.4,4.857,5191.0,No,40,admin.,single,high.school,No,No,No
CLI001280,cellular,nov,mon,1,999,0,nonexistent,-0.1,93.2,-42.0,4.191,5195.8,No,52,management,divorced,university.degree,No,No,No
CLI001281,cellular,jul,wed,2,999,0,nonexistent,-2.9,92.469,-33.6,1.029,5076.2,No,59,admin.,married,high.school,No,Sí,No
CLI001282,cellular,jul,tue,8,999,0,nonexistent,1.4,93.918,-42.7,4.961,5228.1,No,54,technician,married,high.school,No,,No
CLI001283,cellular,nov,fri,7,999,0,nonexistent,-0.1,93.2,-42.0,4.021,5195.8,No,36,technician,single,Desconocido,No,Sí,No
CLI001284,telephone,may,wed,2,999,0,nonexistent,1.1,93.994,-36.4,4.858,5191.0,No,32,blue-collar,married,basic.6y,No,No,
CLI001285,cellular,apr,mon,5,999,0,nonexistent,-1.8,93.075,-47.1,1.405,5099.1,No,54,technician,married,high.school,No,Sí,No
CLI001286,telephone,jun,fri,2,999,0,nonexistent,1.4,94.465,-41.8,4.959,5228.1,No,57,retired,married,basic.4y,No,No,No
CLI001287,cellular,apr,mon,1,999,2,failure,-1.8,93.749,-34.6,0.642,5008.7,No,33,admin.,single,university.degree,No,No,No
CLI001288,cellular,aug,wed,1,999,0,nonexistent,1.4,93.444,-36.1,4.965,5228.1,No,42,admin.,married,university.degree,No,Sí,No
CLI001289,telephone,may,wed,1,999,0,nonexistent,1.1,93.994,-36.4,4.859,5191.0,No,50,housemaid,divorced,basic.4y,Desconocido,No,No
CLI001290,cellular,aug,wed,3,999,0,nonexistent,1.4,93.444,-36.1,4.967,5228.1,No,57,blue-collar,married,basic.6y,No,No,No
CLI001291,telephone,jun,thu,2,999,0,nonexistent,1.4,94.465,-41.8,4.961,5228.1,No,49,management,divorced,university.degree,No,No,No
CLI001292,cellular,aug,tue,2,999,0,nonexistent,1.4,93.444,-36.1,4.963,5228.1,No,46,technician,married,professional.course,Desconocido,No,No
CLI001293,telephone,may,tue,6,999,0,nonexistent,1.1,93.994,-36.4,4.857,5191.0,No,42,services,married,high.school,Desconocido,Sí,Sí
CLI001294,telephone,jun,thu,2,999,0,nonexistent,1.4,94.465,-41.8,4.866,5228.1,No,43,technician,married,professional.course,No,No,No
CLI001295,cellular,aug,thu,3,999,0,nonexistent,1.4,93.444,-36.1,4.962,5228.1,No,39,admin.,single,university.degree,No,Sí,No
CLI001296,cellular,aug,fri,1,999,1,failure,-2.9,92.201,-31.4,0.869,5076.2,No,24,student,single,,Desconocido,Sí,No
CLI001297,cellular,may,tue,1,999,1,failure,-1.8,92.893,-46.2,1.344,5099.1,No,47,management,married,university.degree,No,No,No
CLI001298,cellular,apr,mon,2,999,1,failure,-1.8,93.075,-47.1,1.466,5099.1,No,38,entrepreneur,married,professional.course,No,Sí,Sí
CLI001299,cellular,aug,thu,4,999,0,nonexistent,1.4,93.444,-36.1,4.962,5228.1,No,55,blue-collar,married,basic.4y,No,Sí,Sí
CLI001300,telephone,may,fri,3,999,0,nonexistent,1.1,93.994,-36.4,4.864,5191.0,No,42,technician,divorced,university.degree,No,Sí,No
CLI001301,cellular,aug,wed,2,999,0,nonexistent,1.4,93.444,-36.1,4.964,5228.1,No,39,admin.,married,professional.course,No,No,No
CLI001302,telephone,jun,mon,6,999,0,nonexistent,1.4,94.465,-41.8,4.961,5228.1,No,46,admin.,married,high.school,Desconocido,Sí,No
CLI001303,cellular,may,thu,1,999,0,nonexistent,-1.8,92.893,-46.2,1.266,5099.1,No,27,admin.,married,high.school,No,Sí,Sí
CLI001304,telephone,jun,wed,2,999,0,nonexistent,1.4,94.465,-41.8,4.962,5228.1,No,51,blue-collar,divorced,Desconocido,Desconocido,Desconocido,Desconocido
CLI001305,telephone,jul,wed,2,999,0,nonexistent,1.4,93.918,-42.7,4.963,5228.1,No,24,services,single,basic.9y,No,Sí,No
CLI001306,telephone,may,wed,1,999,0,nonexistent,1.1,93.994,-36.4,4.859,5191.0,No,32,blue-collar,married,basic.9y,No,No,No
CLI001307,cellular,nov,fri,2,999,0,nonexistent,-0.1,93.2,-42.0,4.021,5195.8,No,55,technician,single,professional.course,No,No,No
CLI001308,cellular,jul,mon,3,999,0,nonexistent,1.4,93.918,-42.7,4.96,5228.1,No,49,unemployed,divorced,basic.9y,Desconocido,No,No
CLI001309,telephone,jun,fri,3,999,0,nonexistent,1.4,94.465,-41.8,4.959,5228.1,No,41,technician,married,professional.course,No,No,No
CLI001310,cellular,apr,thu,1,999,1,failure,-1.8,93.075,-47.1,1.365,5099.1,Sí,48,technician,married,professional.course,No,Sí,Sí
CLI001311,cellular,aug,fri,3,999,0,nonexistent,1.4,93.444,-36.1,4.964,5228.1,No,59,retired,married,university.degree,Desconocido,No,No
CLI001312,telephone,may,fri,2,999,0,nonexistent,1.1,93.994,-36.4,4.859,5191.0,No,29,blue-collar,single,basic.9y,No,Sí,No
CLI001313,telephone,may,fri,7,999,0,nonexistent,1.1,93.994,-36.4,4.864,5191.0,No,44,technician,married,professional.course,Desconocido,Sí,No
CLI001314,cellular,jul,thu,1,999,0,nonexistent,1.4,93.918,-42.7,4.968,5228.1,No,37,housemaid,single,professional.course,No,Sí,No
CLI001315,telephone,may,thu,2,999,0,nonexistent,1.1,93.994,-36.4,4.86,5191.0,Sí,49,blue-collar,divorced,basic.4y,Desconocido,No,No
CLI001316,cellular,aug,fri,6,999,0,nonexistent,1.4,93.444,-36.1,4.963,5228.1,No,51,self-employed,married,high.school,No,Sí,No
CLI001317,telephone,may,thu,1,999,0,nonexistent,1.1,93.994,-36.4,4.86,5191.0,No,45,Desconocido,married,Desconocido,No,No,Sí
CLI001318,telephone,may,mon,1,999,0,nonexistent,1.1,93.994,-36.4,4.858,5191.0,No,31,blue-collar,married,basic.9y,No,Desconocido,Desconocido
CLI001319,cellular,may,fri,1,999,0,nonexistent,-1.8,92.893,-46.2,1.259,5099.1,No,37,technician,married,university.degree,No,Sí,Sí
CLI001320,cellular,jul,thu,1,999,0,nonexistent,1.4,93.918,-42.7,4.958,5228.1,No,41,entrepreneur,married,professional.course,No,Sí,No
CLI001321,cellular,jul,mon,1,999,0,nonexistent,1.4,93.918,-42.7,4.96,5228.1,No,43,admin.,married,high.school,No,No,Sí
CLI001322,telephone,may,mon,3,999,0,nonexistent,1.1,93.994,-36.4,4.857,5191.0,No,36,blue-collar,single,high.school,No,Sí,Sí
CLI001323,telephone,jun,tue,1,999,0,nonexistent,-1.7,94.055,-39.8,0.713,4991.6,No,32,blue-collar,single,basic.9y,No,Sí,No
CLI001324,telephone,may,mon,9,999,0,nonexistent,1.1,93.994,-36.4,4.858,5191.0,No,35,admin.,married,university.degree,No,Sí,Sí
CLI001325,cellular,may,fri,4,999,0,nonexistent,-1.8,92.893,-46.2,1.25,5099.1,No,32,services,divorced,high.school,Desconocido,Sí,No
CLI001326,telephone,may,mon,3,999,0,nonexistent,1.1,93.994,-36.4,4.857,5191.0,No,35,admin.,married,,No,Sí,Sí
CLI001327,telephone,jun,thu,1,999,0,nonexistent,1.4,94.465,-41.8,4.958,5228.1,No,35,housemaid,single,Desconocido,No,Sí,No
CLI001328,cellular,may,thu,1,999,0,nonexistent,-1.8,92.893,-46.2,1.266,5099.1,No,22,blue-collar,married,,No,Sí,No
CLI001329,cellular,may,tue,2,999,1,failure,-1.8,92.893,-46.2,1.344,5099.1,No,34,services,Desconocido,high.school,No,Sí,Sí
CLI001330,cellular,aug,wed,8,999,0,nonexistent,1.4,93.444,-36.1,4.964,5228.1,No,30,technician,single,university.degree,No,No,No
CLI001331,cellular,aug,wed,2,999,0,nonexistent,1.4,93.444,-36.1,4.967,5228.1,Sí,46,blue-collar,married,basic.9y,No,No,No
CLI001332,cellular,may,mon,1,999,0,nonexistent,-1.8,92.893,-46.2,1.299,5099.1,No,35,blue-collar,married,basic.4y,No,Sí,No
CLI001333,telephone,jun,mon,7,999,0,nonexistent,1.4,94.465,-41.8,4.865,5228.1,No,36,management,married,university.degree,No,No,No
CLI001334,telephone,may,fri,1,999,0,nonexistent,1.1,93.994,-36.4,4.859,5191.0,No,28,admin.,single,university.degree,No,Sí,No
CLI001335,cellular,sep,fri,2,999,1,failure,-3.4,92.379,-29.8,0.762,5017.5,Sí,46,self-employed,divorced,high.school,No,No,No
CLI001336,cellular,apr,mon,2,999,0,nonexistent,-1.8,93.075,-47.1,1.405,5099.1,No,57,technician,married,university.degree,No,No,No
CLI001337,telephone,jun,mon,1,999,0,nonexistent,1.4,94.465,-41.8,4.961,5228.1,No,46,admin.,single,university.degree,Desconocido,Sí,No
CLI001338,cellular,jul,wed,2,999,0,nonexistent,1.4,93.918,-42.7,4.963,5228.1,Sí,52,admin.,married,basic.9y,No,No,No
CLI001339,telephone,jun,mon,2,999,0,nonexistent,1.4,94.465,-41.8,4.961,5228.1,No,37,blue-collar,divorced,basic.9y,No,Sí,Sí
CLI001340,cellular,may,mon,1,999,1,failure,-1.8,92.893,-46.2,1.299,5099.1,No,34,admin.,Desconocido,university.degree,No,Sí,Sí
CLI001341,telephone,may,fri,3,999,0,nonexistent,1.1,93.994,-36.4,4.857,5191.0,No,35,student,single,high.school,No,Sí,No
CLI001342,telephone,may,fri,2,999,0,nonexistent,1.1,93.994,-36.4,4.859,5191.0,No,41,blue-collar,divorced,basic.6y,No,Desconocido,Desconocido
CLI001343,cellular,nov,tue,2,999,0,nonexistent,-0.1,93.2,-42.0,4.153,5195.8,No,51,admin.,married,high.school,No,Sí,No
CLI001344,cellular,may,wed,1,999,0,nonexistent,-1.8,92.893,-46.2,1.334,5099.1,No,45,blue-collar,married,basic.4y,Desconocido,No,No
CLI001345,cellular,may,mon,3,999,0,nonexistent,-1.8,92.893,-46.2,1.299,5099.1,No,32,technician,married,high.school,No,Sí,No
CLI001346,telephone,jul,fri,1,999,0,nonexistent,1.4,93.918,-42.7,4.962,5228.1,No,40,admin.,single,university.degree,No,No,No
CLI001347,telephone,jun,wed,1,999,1,failure,-1.7,94.055,-39.8,0.739,4991.6,No,27,admin.,single,high.school,No,Sí,No
CLI001348,telephone,jun,fri,1,999,0,nonexistent,1.4,94.465,-41.8,4.967,5228.1,No,48,blue-collar,married,basic.6y,No,Desconocido,Desconocido
CLI001349,cellular,apr,thu,1,999,1,failure,-1.8,93.075,-47.1,1.365,5099.1,Sí,60,admin.,married,professional.course,No,Sí,No
CLI001350,cellular,may,wed,2,999,0,nonexistent,-1.8,92.893,-46.2,1.281,5099.1,No,33,blue-collar,married,basic.6y,Desconocido,No,No
CLI001351,telephone,apr,wed,7,999,0,nonexistent,-1.8,93.075,-47.1,1.405,5099.1,No,46,admin.,married,university.degree,No,Sí,No
CLI001352,cellular,aug,thu,2,999,0,nonexistent,-2.9,92.201,-31.4,0.883,5076.2,Sí,44,admin.,married,university.degree,No,Sí,No
CLI001353,telephone,jun,fri,3,999,0,nonexistent,1.4,94.465,-41.8,4.959,5228.1,No,46,admin.,married,high.school,No,Sí,No
CLI001354,cellular,oct,fri,1,2,2,success,-3.4,92.431,-26.9,0.73,5017.5,Sí,98,retired,married,basic.4y,Desconocido,Sí,No
CLI001355,cellular,aug,mon,3,999,0,nonexistent,1.4,93.444,-36.1,4.965,5228.1,No,49,blue-collar,married,basic.6y,No,No,No
CLI001356,cellular,aug,thu,2,999,0,nonexistent,1.4,93.444,-36.1,4.964,5228.1,Sí,35,self-employed,married,university.degree,No,Sí,No
CLI001357,cellular,jun,fri,2,999,0,nonexistent,-2.9,92.963,-40.8,1.268,5076.2,Sí,25,technician,single,basic.9y,No,Sí,No
CLI001358,cellular,oct,fri,1,999,0,nonexistent,-3.4,92.431,-26.9,0.739,5017.5,Sí,33,admin.,single,university.degree,No,Sí,No
CLI001359,cellular,aug,thu,1,999,0,nonexistent,1.4,93.444,-36.1,4.964,5228.1,No,31,admin.,single,university.degree,No,Sí,Sí
CLI001360,telephone,jun,wed,2,999,0,nonexistent,1.4,94.465,-41.8,4.864,5228.1,No,33,admin.,single,high.school,No,No,No
CLI001361,cellular,nov,mon,2,999,0,nonexistent,-0.1,93.2,-42.0,4.191,5195.8,No,31,technician,single,university.degree,No,Sí,Sí
CLI001362,telephone,jun,tue,2,999,0,nonexistent,1.4,94.465,-41.8,4.961,5228.1,No,34,management,married,university.degree,No,Sí,No
CLI001363,cellular,may,wed,3,999,0,nonexistent,-1.8,92.893,-46.2,1.281,5099.1,No,55,management,married,,No,Sí,Sí
CLI001364,cellular,jul,tue,6,999,0,nonexistent,1.4,93.918,-42.7,4.962,5228.1,No,55,services,married,basic.6y,Desconocido,Sí,No
CLI001365,cellular,may,wed,3,999,0,nonexistent,-1.8,92.893,-46.2,1.281,5099.1,No,35,services,single,high.school,No,No,No
CLI001366,cellular,aug,thu,4,999,0,nonexistent,1.4,93.444,-36.1,4.963,5228.1,Sí,33,admin.,single,university.degree,No,Sí,No
CLI001367,cellular,apr,fri,1,999,0,nonexistent,-1.8,93.075,-47.1,1.405,5099.1,No,34,technician,divorced,professional.course,No,No,No
CLI001368,cellular,apr,fri,3,999,0,nonexistent,-1.8,93.075,-47.1,1.405,5099.1,No,22,student,single,high.school,No,Sí,No
CLI001369,cellular,nov,thu,1,999,0,nonexistent,-0.1,93.2,-42.0,4.076,5195.8,No,31,admin.,single,university.degree,No,Sí,No
CLI001370,cellular,apr,thu,1,13,1,success,-1.8,93.749,-34.6,0.659,5008.7,Sí,38,admin.,single,,No,Sí,Sí
CLI001371,cellular,aug,tue,1,999,0,nonexistent,1.4,93.444,-36.1,4.963,5228.1,No,33,technician,married,professional.course,No,Sí,No
CLI001372,cellular,nov,wed,1,999,0,nonexistent,-0.1,93.2,-42.0,4.12,5195.8,No,34,management,married,university.degree,No,Sí,No
CLI001373,cellular,jul,mon,1,999,0,nonexistent,1.4,93.918,-42.7,4.96,5228.1,No,28,blue-collar,married,high.school,No,Sí,No
CLI001374,cellular,may,wed,1,999,0,nonexistent,-1.8,92.893,-46.2,1.281,5099.1,No,27,blue-collar,married,university.degree,No,No,Sí
CLI001375,cellular,apr,tue,8,999,0,nonexistent,-1.8,93.075,-47.1,1.453,5099.1,No,40,blue-collar,married,high.school,No,No,No
CLI001376,cellular,jul,thu,1,999,0,nonexistent,1.4,93.918,-42.7,4.968,5228.1,No,32,technician,single,professional.course,No,No,No
CLI001377,telephone,may,tue,2,999,0,nonexistent,1.1,93.994,-36.4,4.857,5191.0,No,34,management,married,university.degree,No,Sí,
CLI001378,cellular,aug,tue,1,999,0,nonexistent,1.4,93.444,-36.1,4.968,5228.1,No,49,services,married,high.school,No,No,No
CLI001379,telephone,may,thu,1,999,0,nonexistent,1.1,93.994,-36.4,4.86,5191.0,No,25,blue-collar,single,basic.9y,Desconocido,No,No
CLI001380,cellular,aug,wed,1,999,0,nonexistent,1.4,93.444,-36.1,4.964,5228.1,No,33,admin.,single,university.degree,No,No,No
CLI001381,cellular,may,wed,11,999,0,nonexistent,-1.8,92.893,-46.2,1.334,5099.1,No,48,blue-collar,married,basic.6y,Desconocido,No,No
CLI001382,cellular,aug,mon,10,999,0,nonexistent,1.4,93.444,-36.1,4.965,5228.1,No,52,admin.,married,university.degree,No,Sí,No
CLI001383,cellular,may,mon,2,999,0,nonexistent,-1.8,92.893,-46.2,1.244,5099.1,No,52,admin.,divorced,high.school,No,Sí,
CLI001385,cellular,aug,tue,1,999,0,nonexistent,1.4,93.444,-36.1,4.963,5228.1,No,32,technician,married,professional.course,No,No,No
CLI001386,telephone,jun,thu,1,999,0,nonexistent,1.4,94.465,-41.8,4.958,5228.1,No,58,entrepreneur,married,university.degree,Desconocido,Sí,Sí
CLI001387,cellular,jul,thu,1,999,0,nonexistent,1.4,93.918,-42.7,4.958,5228.1,No,33,admin.,married,university.degree,No,No,No
CLI001388,telephone,jun,fri,4,999,0,nonexistent,1.4,94.465,-41.8,4.959,5228.1,No,45,housemaid,divorced,basic.4y,No,Sí,Sí
CLI001389,telephone,jun,fri,5,999,0,nonexistent,1.4,94.465,-41.8,4.959,5228.1,No,43,management,married,university.degree,No,No,No
CLI001390,telephone,jul,wed,8,999,0,nonexistent,1.4,93.918,-42.7,4.957,5228.1,No,27,services,single,professional.course,No,Desconocido,Desconocido
CLI001391,cellular,aug,fri,1,999,0,nonexistent,1.4,93.444,-36.1,4.963,5228.1,No,33,admin.,married,university.degree,Desconocido,No,No
CLI001392,cellular,sep,fri,3,999,0,nonexistent,-1.1,94.199,-37.5,0.879,4963.6,No,36,admin.,divorced,university.degree,No,Sí,Sí
CLI001393,telephone,may,wed,4,999,0,nonexistent,1.1,93.994,-36.4,4.859,5191.0,No,55,admin.,married,high.school,No,Sí,No
CLI001394,telephone,jul,fri,1,14,1,success,-1.7,94.215,-40.3,0.79,4991.6,No,39,blue-collar,married,basic.6y,No,Sí,No
CLI001395,telephone,jun,mon,3,999,0,nonexistent,1.4,94.465,-41.8,4.961,5228.1,No,48,admin.,married,,Desconocido,Sí,No
CLI001396,cellular,may,wed,9,999,0,nonexistent,-1.8,92.893,-46.2,1.281,5099.1,No,39,blue-collar,single,university.degree,No,Sí,No
CLI001397,telephone,may,tue,2,999,0,nonexistent,1.1,93.994,-36.4,4.856,5191.0,No,45,services,single,professional.course,Desconocido,Desconocido,Desconocido
CLI001398,telephone,jul,tue,1,999,0,nonexistent,1.4,93.918,-42.7,4.955,5228.1,No,47,retired,married,basic.4y,No,No,No
CLI001399,cellular,apr,thu,2,5,3,failure,-1.8,93.075,-47.1,1.435,5099.1,No,48,blue-collar,married,basic.4y,Desconocido,Sí,No
CLI001400,cellular,jul,thu,2,999,0,nonexistent,1.4,93.918,-42.7,4.968,5228.1,No,32,technician,single,professional.course,No,Sí,No
CLI001401,cellular,aug,tue,3,999,0,nonexistent,1.4,93.444,-36.1,4.965,5228.1,No,30,technician,divorced,professional.course,Desconocido,Sí,No
CLI001402,telephone,jun,thu,4,999,0,nonexistent,1.4,94.465,-41.8,4.961,5228.1,No,29,student,married,high.school,Desconocido,No,No
CLI001403,cellular,apr,thu,1,999,0,nonexistent,-1.8,93.075,-47.1,1.365,5099.1,Sí,55,admin.,divorced,university.degree,No,No,No
CLI001404,telephone,may,fri,1,999,0,nonexistent,1.1,93.994,-36.4,4.857,5191.0,No,26,student,single,basic.9y,Desconocido,Sí,Sí
CLI001405,cellular,jul,wed,1,999,0,nonexistent,1.4,93.918,-42.7,4.962,5228.1,No,28,entrepreneur,married,university.degree,No,No,No
CLI001406,cellular,jul,tue,1,999,0,nonexistent,1.4,93.918,-42.7,4.962,5228.1,No,39,services,married,high.school,No,No,No
CLI001407,cellular,jul,mon,4,999,0,nonexistent,1.4,93.918,-42.7,4.96,5228.1,No,48,services,divorced,high.school,No,No,Sí
CLI001408,cellular,may,thu,5,999,0,nonexistent,-1.8,92.893,-46.2,1.266,5099.1,Sí,25,services,single,high.school,No,No,No
CLI001409,telephone,may,tue,3,999,0,nonexistent,1.1,93.994,-36.4,4.857,5191.0,No,33,management,married,university.degree,Desconocido,Sí,No
CLI001410,cellular,nov,tue,1,999,0,nonexistent,-0.1,93.2,-42.0,4.153,5195.8,No,29,admin.,single,university.degree,No,Sí,No
CLI001411,telephone,jun,fri,7,999,0,nonexistent,1.4,94.465,-41.8,4.959,5228.1,No,59,services,married,high.school,Desconocido,Sí,No
CLI001412,telephone,jun,fri,2,999,0,nonexistent,1.4,94.465,-41.8,4.967,5228.1,No,56,blue-collar,married,basic.4y,Desconocido,No,No
CLI001413,cellular,jul,thu,2,999,0,nonexistent,1.4,93.918,-42.7,4.963,5228.1,No,48,technician,divorced,professional.course,No,Sí,No
CLI001414,cellular,may,wed,2,999,0,nonexistent,-1.8,92.893,-46.2,1.27,5099.1,No,38,management,single,university.degree,No,No,No
CLI001415,telephone,may,thu,1,999,0,nonexistent,1.1,93.994,-36.4,4.855,5191.0,No,28,admin.,single,professional.course,No,No,No
CLI001416,cellular,apr,wed,3,999,1,failure,-1.8,93.075,-47.1,1.415,5099.1,No,55,admin.,married,high.school,No,Sí,No
CLI001417,cellular,nov,wed,1,999,0,nonexistent,-0.1,93.2,-42.0,4.12,5195.8,No,31,blue-collar,single,high.school,No,No,No
CLI001418,cellular,oct,thu,1,999,1,failure,-3.4,92.431,-26.9,0.754,5017.5,Sí,71,retired,married,basic.4y,No,Sí,No
CLI001419,cellular,jul,wed,1,999,0,nonexistent,1.4,93.918,-42.7,4.957,5228.1,Sí,45,Desconocido,Desconocido,Desconocido,No,Sí,
CLI001420,cellular,may,wed,1,999,1,failure,-1.8,92.893,-46.2,1.334,5099.1,No,34,blue-collar,married,Desconocido,No,Sí,No
CLI001421,cellular,aug,thu,2,999,0,nonexistent,1.4,93.444,-36.1,4.964,5228.1,No,31,technician,married,university.degree,No,No,No
CLI001422,telephone,jun,wed,5,999,0,nonexistent,-2.9,92.963,-40.8,1.26,5076.2,No,56,management,married,,No,Sí,No
CLI001423,telephone,oct,tue,1,999,0,nonexistent,-0.1,93.798,-40.4,4.968,5195.8,No,59,blue-collar,married,professional.course,No,No,No
CLI001424,cellular,jul,wed,1,999,0,nonexistent,1.4,93.918,-42.7,4.962,5228.1,No,37,blue-collar,married,basic.6y,Desconocido,No,No
CLI001425,telephone,may,wed,1,999,0,nonexistent,1.1,93.994,-36.4,4.859,5191.0,No,51,services,married,high.school,No,Sí,No
CLI001426,cellular,aug,fri,1,999,0,nonexistent,1.4,93.444,-36.1,4.964,5228.1,No,40,technician,single,high.school,No,Sí,No
CLI001427,cellular,aug,wed,4,999,0,nonexistent,1.4,93.444,-36.1,4.967,5228.1,No,41,admin.,divorced,university.degree,No,Sí,No
CLI001428,telephone,jun,wed,2,999,0,nonexistent,1.4,94.465,-41.8,4.962,5228.1,No,48,technician,married,professional.course,Desconocido,Sí,No
CLI001429,telephone,jun,tue,6,999,0,nonexistent,1.4,94.465,-41.8,4.864,5228.1,No,36,blue-collar,married,basic.9y,No,No,No
CLI001430,telephone,may,mon,2,999,0,nonexistent,1.1,93.994,-36.4,4.857,5191.0,No,31,admin.,single,university.degree,No,Sí,No
CLI001431,cellular,may,wed,3,999,0,nonexistent,-1.8,92.893,-46.2,1.281,5099.1,No,47,services,married,professional.course,No,Sí,No
CLI001432,telephone,may,wed,1,999,0,nonexistent,1.1,93.994,-36.4,4.856,5191.0,No,44,blue-collar,married,basic.6y,No,Sí,Sí
CLI001433,telephone,jun,wed,1,999,0,nonexistent,1.4,94.465,-41.8,4.959,5228.1,No,29,admin.,single,university.degree,No,No,No
CLI001434,telephone,may,fri,4,999,0,nonexistent,1.1,93.994,-36.4,4.855,5191.0,No,33,services,married,high.school,No,No,No
CLI001435,cellular,nov,mon,1,999,0,nonexistent,-0.1,93.2,-42.0,4.191,5195.8,No,41,admin.,divorced,university.degree,No,No,No
CLI001436,cellular,aug,wed,1,999,0,nonexistent,1.4,93.444,-36.1,4.967,5228.1,No,48,blue-collar,married,professional.course,No,Sí,No
CLI001437,cellular,may,mon,1,999,0,nonexistent,-1.8,92.893,-46.2,1.299,5099.1,No,51,entrepreneur,married,professional.course,Desconocido,No,No
CLI001438,cellular,nov,fri,1,999,0,nonexistent,-0.1,93.2,-42.0,4.021,5195.8,No,48,admin.,married,university.degree,No,No,No
CLI001439,cellular,may,wed,2,999,0,nonexistent,-1.8,92.893,-46.2,1.281,5099.1,No,33,blue-collar,married,basic.9y,Desconocido,No,
CLI001440,cellular,jul,mon,9,999,0,nonexistent,1.4,93.918,-42.7,4.962,5228.1,No,50,admin.,divorced,university.degree,Desconocido,No,Sí
CLI001441,cellular,may,tue,5,10,1,success,-1.8,92.893,-46.2,1.344,5099.1,No,42,blue-collar,married,basic.9y,No,No,No
CLI001442,telephone,jun,wed,5,999,0,nonexistent,1.4,94.465,-41.8,4.962,5228.1,No,32,admin.,single,high.school,Desconocido,No,No
CLI001443,cellular,nov,tue,2,999,1,failure,-0.1,93.2,-42.0,4.153,5195.8,No,42,self-employed,single,basic.4y,No,Sí,No
CLI001444,cellular,jun,mon,2,999,0,nonexistent,-2.9,92.963,-40.8,1.266,5076.2,Sí,49,management,married,university.degree,No,No,No
CLI001445,cellular,jul,mon,3,999,0,nonexistent,1.4,93.918,-42.7,4.962,5228.1,No,40,services,married,basic.6y,No,Sí,No
CLI001446,cellular,jul,tue,9,999,0,nonexistent,1.4,93.918,-42.7,4.961,5228.1,No,37,management,married,Desconocido,No,Sí,No
CLI001447,telephone,may,tue,1,999,0,nonexistent,1.1,93.994,-36.4,4.857,5191.0,No,32,admin.,single,university.degree,Desconocido,No,No
CLI001448,telephone,jun,fri,5,999,0,nonexistent,1.4,94.465,-41.8,4.959,5228.1,No,38,admin.,married,university.degree,No,No,No
CLI001449,cellular,aug,mon,7,999,0,nonexistent,1.4,93.444,-36.1,4.963,5228.1,No,32,technician,single,university.degree,No,No,No
CLI001450,cellular,aug,thu,9,999,0,nonexistent,1.4,93.444,-36.1,4.962,5228.1,No,32,self-employed,married,,No,Sí,No
CLI001451,cellular,nov,wed,1,999,0,nonexistent,-3.4,92.649,-30.1,0.719,5017.5,No,28,admin.,married,high.school,No,Sí,No
CLI001452,telephone,jun,mon,1,999,0,nonexistent,1.4,94.465,-41.8,4.961,5228.1,No,40,technician,married,professional.course,Desconocido,No,No
CLI001453,cellular,aug,mon,2,999,0,nonexistent,1.4,93.444,-36.1,4.965,5228.1,No,32,admin.,single,university.degree,No,Sí,No
CLI001454,telephone,may,thu,1,999,0,nonexistent,1.1,93.994,-36.4,4.86,5191.0,Sí,32,services,married,basic.9y,No,No,No
CLI001455,cellular,aug,tue,3,999,0,nonexistent,1.4,93.444,-36.1,4.968,5228.1,No,56,retired,married,university.degree,No,Sí,No
CLI001456,telephone,jul,mon,2,999,0,nonexistent,-2.9,92.469,-33.6,0.914,5076.2,No,38,admin.,single,university.degree,No,Sí,No
CLI001457,cellular,oct,thu,2,6,1,success,-3.4,92.431,-26.9,0.74,5017.5,Sí,74,retired,married,basic.9y,No,Sí,No
CLI001458,telephone,may,fri,6,999,0,nonexistent,1.1,93.994,-36.4,4.864,5191.0,No,38,services,married,high.school,Desconocido,No,No
CLI001459,cellular,nov,fri,1,7,1,success,-3.4,92.649,-30.1,0.714,5017.5,Sí,26,student,single,university.degree,No,No,No
CLI001460,cellular,oct,thu,6,6,1,success,-1.1,94.601,-49.5,0.987,4963.6,No,54,self-employed,married,university.degree,No,Sí,No
CLI001461,cellular,jul,wed,2,999,0,nonexistent,1.4,93.918,-42.7,4.963,5228.1,No,29,blue-collar,married,high.school,No,Sí,Sí
CLI001462,cellular,apr,wed,1,999,1,failure,-1.8,93.075,-47.1,1.415,5099.1,Sí,43,management,married,basic.6y,No,No,No
CLI001463,telephone,may,wed,4,999,0,nonexistent,1.1,93.994,-36.4,4.856,5191.0,No,48,blue-collar,married,professional.course,No,No,Sí
CLI001464,cellular,aug,mon,2,999,0,nonexistent,1.4,93.444,-36.1,4.965,5228.1,No,30,admin.,single,university.degree,No,,Sí
CLI001465,telephone,jun,mon,4,999,0,nonexistent,1.4,94.465,-41.8,4.96,5228.1,No,35,unemployed,married,university.degree,No,Sí,No
CLI001466,telephone,may,fri,8,999,0,nonexistent,-1.8,92.893,-46.2,1.313,5099.1,No,25,admin.,single,high.school,No,No,No
CLI001467,cellular,aug,wed,1,999,0,nonexistent,1.4,93.444,-36.1,4.964,5228.1,No,40,admin.,married,university.degree,No,Sí,No
CLI001468,cellular,jul,wed,4,999,0,nonexistent,1.4,93.918,-42.7,4.963,5228.1,Sí,43,admin.,divorced,high.school,No,No,No
CLI001469,cellular,nov,wed,1,999,1,failure,-3.4,92.649,-30.1,0.715,5017.5,No,45,admin.,married,university.degree,No,No,Sí
CLI001470,cellular,jul,thu,1,999,0,nonexistent,1.4,93.918,-42.7,4.963,5228.1,No,58,services,married,high.school,Desconocido,No,No
CLI001471,telephone,jun,mon,1,999,0,nonexistent,1.4,94.465,-41.8,4.865,5228.1,No,39,entrepreneur,married,high.school,No,Desconocido,Desconocido
CLI001472,cellular,jul,mon,4,999,0,nonexistent,1.4,93.918,-42.7,4.96,5228.1,No,30,technician,single,university.degree,No,Sí,Sí
CLI001473,cellular,may,tue,5,999,0,nonexistent,-1.8,92.893,-46.2,1.344,5099.1,No,36,admin.,divorced,high.school,No,Sí,No
CLI001474,telephone,may,thu,2,1,1,success,-1.8,93.876,-40.0,0.699,5008.7,Sí,22,student,single,high.school,Desconocido,,Sí
CLI001475,telephone,may,tue,1,999,0,nonexistent,1.1,93.994,-36.4,4.857,5191.0,No,30,technician,divorced,professional.course,No,Sí,No
CLI001476,cellular,jul,wed,1,999,0,nonexistent,1.4,93.918,-42.7,4.963,5228.1,No,49,blue-collar,married,basic.4y,Desconocido,Sí,No
CLI001477,telephone,jun,fri,2,999,0,nonexistent,1.4,94.465,-41.8,4.959,5228.1,No,40,technician,married,professional.course,No,No,No
CLI001478,telephone,jun,wed,2,999,0,nonexistent,1.4,94.465,-41.8,4.962,5228.1,No,33,housemaid,married,high.school,No,Desconocido,Desconocido
CLI001479,cellular,jul,tue,1,999,0,nonexistent,1.4,93.918,-42.7,4.961,5228.1,No,40,admin.,single,university.degree,No,No,No
CLI001480,cellular,oct,tue,1,4,3,success,-1.1,94.601,-49.5,1.037,4963.6,Sí,62,admin.,married,high.school,No,No,No
CLI001481,cellular,may,thu,2,999,0,nonexistent,-1.8,92.893,-46.2,1.327,5099.1,No,41,admin.,single,high.school,No,Sí,No
CLI001482,telephone,jul,tue,4,999,0,nonexistent,1.4,93.918,-42.7,4.961,5228.1,No,35,admin.,married,university.degree,No,Desconocido,Desconocido
CLI001483,telephone,may,wed,2,999,0,nonexistent,1.1,93.994,-36.4,4.857,5191.0,No,30,management,single,university.degree,No,No,Sí
CLI001484,telephone,may,thu,2,999,0,nonexistent,1.1,93.994,-36.4,4.86,5191.0,No,39,admin.,single,university.degree,Desconocido,No,No
CLI001485,telephone,jun,fri,3,999,0,nonexistent,1.4,94.465,-41.8,4.959,5228.1,Sí,38,blue-collar,married,basic.9y,No,No,No
CLI001486,cellular,jul,thu,4,999,0,nonexistent,1.4,93.918,-42.7,4.968,5228.1,No,60,management,married,professional.course,Desconocido,Sí,No
CLI001487,telephone,jun,fri,8,999,0,nonexistent,1.4,94.465,-41.8,4.959,5228.1,No,47,services,married,high.school,No,Sí,No
CLI001488,telephone,may,mon,1,999,0,nonexistent,1.1,93.994,-36.4,4.857,5191.0,No,32,admin.,single,university.degree,Desconocido,Sí,No
CLI001489,telephone,may,wed,2,999,0,nonexistent,1.1,93.994,-36.4,4.858,5191.0,No,30,blue-collar,married,basic.9y,No,No,No
CLI001490,telephone,may,wed,1,999,0,nonexistent,1.1,93.994,-36.4,4.858,5191.0,No,29,admin.,single,basic.9y,Desconocido,No,No
CLI001491,telephone,may,wed,5,999,0,nonexistent,1.1,93.994,-36.4,4.857,5191.0,No,42,technician,married,professional.course,No,No,Sí
CLI001492,telephone,jun,mon,3,999,0,nonexistent,1.4,94.465,-41.8,4.865,5228.1,No,43,admin.,married,high.school,Desconocido,Sí,No
CLI001493,telephone,may,wed,2,999,0,nonexistent,1.1,93.994,-36.4,4.858,5191.0,No,38,technician,single,professional.course,Desconocido,No,No
CLI001494,cellular,nov,tue,2,999,0,nonexistent,-0.1,93.2,-42.0,4.153,5195.8,No,45,unemployed,single,professional.course,No,No,No
CLI001495,cellular,nov,tue,1,999,0,nonexistent,-0.1,93.2,-42.0,4.153,5195.8,No,58,technician,married,Desconocido,No,No,No
CLI001496,cellular,aug,mon,2,10,4,failure,-1.7,94.027,-38.3,0.898,4991.6,No,25,student,single,high.school,No,No,No
CLI001497,cellular,may,mon,1,999,0,nonexistent,-1.8,92.893,-46.2,1.264,5099.1,No,43,technician,divorced,professional.course,No,Sí,No
CLI001498,telephone,jun,mon,3,999,0,nonexistent,1.4,94.465,-41.8,4.865,5228.1,No,36,admin.,married,university.degree,No,Sí,No
CLI001499,telephone,may,fri,1,999,0,nonexistent,1.1,93.994,-36.4,4.864,5191.0,No,36,blue-collar,single,basic.9y,No,No,No
CLI001500,telephone,may,fri,1,999,0,nonexistent,1.1,93.994,-36.4,4.859,5191.0,No,39,admin.,single,Desconocido,No,No,No
CLI001501,telephone,jun,fri,3,999,0,nonexistent,1.4,94.465,-41.8,4.967,5228.1,No,53,admin.,married,basic.9y,No,No,No
CLI001502,telephone,aug,fri,1,999,0,nonexistent,-1.7,94.027,-38.3,0.89,4991.6,No,49,admin.,married,university.degree,No,Sí,No
CLI001503,telephone,may,mon,4,999,0,nonexistent,1.1,93.994,-36.4,4.857,5191.0,No,29,technician,married,university.degree,No,Sí,No
CLI001504,telephone,nov,tue,1,999,0,nonexistent,-0.1,93.2,-42.0,4.153,5195.8,No,33,technician,single,basic.9y,No,No,No
CLI001505,telephone,may,tue,1,999,0,nonexistent,1.1,93.994,-36.4,4.857,5191.0,No,39,technician,divorced,university.degree,No,No,No
CLI001506,cellular,jul,thu,3,999,0,nonexistent,1.4,93.918,-42.7,4.968,5228.1,No,46,technician,married,university.degree,No,No,No
CLI001507,telephone,may,wed,3,999,0,nonexistent,1.1,93.994,-36.4,4.857,5191.0,No,43,blue-collar,single,Desconocido,Desconocido,No,No
CLI001508,telephone,may,mon,2,999,0,nonexistent,1.1,93.994,-36.4,4.857,5191.0,No,32,blue-collar,married,basic.9y,No,No,No
CLI001509,telephone,jun,mon,6,999,0,nonexistent,1.4,94.465,-41.8,4.961,5228.1,Sí,34,admin.,married,high.school,No,Sí,No
CLI001510,cellular,jul,fri,1,999,0,nonexistent,-1.7,94.215,-40.3,0.822,4991.6,No,32,entrepreneur,married,university.degree,No,No,Sí
CLI001511,cellular,aug,fri,1,999,0,nonexistent,1.4,93.444,-36.1,4.966,5228.1,No,50,unemployed,married,professional.course,Desconocido,Sí,No
CLI001512,telephone,jul,thu,1,999,0,nonexistent,1.4,93.918,-42.7,4.966,5228.1,No,34,management,married,university.degree,No,Sí,No
CLI001513,cellular,nov,thu,1,999,0,nonexistent,-0.1,93.2,-42.0,4.076,5195.8,No,31,admin.,single,university.degree,No,No,No
CLI001514,telephone,may,fri,2,999,0,nonexistent,1.1,93.994,-36.4,4.855,5191.0,No,30,housemaid,married,high.school,Desconocido,Sí,No
CLI001515,cellular,aug,wed,1,999,0,nonexistent,1.4,93.444,-36.1,4.964,5228.1,No,53,admin.,married,university.degree,No,No,No
CLI001516,telephone,mar,fri,2,999,0,nonexistent,-1.8,92.843,-50.0,1.531,5099.1,Sí,31,technician,single,university.degree,No,Sí,No
CLI001517,cellular,jul,fri,2,999,0,nonexistent,1.4,93.918,-42.7,4.962,5228.1,No,43,entrepreneur,single,university.degree,No,No,
CLI001518,cellular,may,mon,1,999,1,failure,-1.8,92.893,-46.2,1.299,5099.1,No,55,management,married,university.degree,No,Sí,No
CLI001519,telephone,may,fri,1,999,0,nonexistent,1.1,93.994,-36.4,4.855,5191.0,No,33,management,married,university.degree,No,No,No
CLI001520,telephone,jun,mon,1,999,0,nonexistent,-2.9,92.963,-40.8,1.266,5076.2,No,36,management,married,university.degree,No,Desconocido,Desconocido
CLI001521,telephone,apr,mon,4,999,0,nonexistent,-1.8,93.075,-47.1,1.405,5099.1,No,38,admin.,married,high.school,Desconocido,No,No
CLI001522,cellular,jul,tue,7,999,0,nonexistent,1.4,93.918,-42.7,4.961,5228.1,No,31,admin.,single,high.school,No,No,No
CLI001523,telephone,mar,mon,2,999,0,nonexistent,-1.8,93.369,-34.8,0.646,5008.7,Sí,82,retired,married,professional.course,No,Sí,No
CLI001524,cellular,nov,fri,5,999,0,nonexistent,-0.1,93.2,-42.0,4.021,5195.8,No,56,admin.,divorced,,No,Sí,No
CLI001525,cellular,may,tue,5,999,1,failure,-1.8,92.893,-46.2,1.291,5099.1,No,34,admin.,married,high.school,No,No,No
CLI001526,cellular,aug,mon,6,999,0,nonexistent,1.4,93.444,-36.1,4.963,5228.1,No,29,admin.,single,university.degree,No,No,Sí
CLI001527,telephone,may,fri,1,999,0,nonexistent,1.1,93.994,-36.4,4.864,5191.0,No,33,admin.,married,high.school,No,No,No
CLI001528,cellular,may,tue,1,999,2,failure,-1.8,92.893,-46.2,1.344,5099.1,No,43,blue-collar,married,basic.4y,No,No,No
CLI001529,cellular,aug,thu,2,999,0,nonexistent,1.4,93.444,-36.1,4.964,5228.1,No,33,admin.,single,university.degree,No,No,No
CLI001530,cellular,jul,thu,2,999,0,nonexistent,-2.9,92.469,-33.6,0.899,5076.2,No,54,unemployed,married,university.degree,No,Sí,Sí
CLI001531,cellular,aug,tue,3,999,0,nonexistent,1.4,93.444,-36.1,4.965,5228.1,No,43,management,married,university.degree,No,No,No
CLI001532,cellular,jul,wed,2,999,0,nonexistent,1.4,93.918,-42.7,4.963,5228.1,No,38,technician,single,professional.course,No,Desconocido,Desconocido
CLI001533,telephone,jun,tue,5,999,0,nonexistent,1.4,94.465,-41.8,4.961,5228.1,No,60,self-employed,married,professional.course,Desconocido,No,No
CLI001534,cellular,nov,tue,1,999,0,nonexistent,-3.4,92.649,-30.1,0.715,5017.5,No,57,technician,married,professional.course,No,No,No
CLI001535,telephone,jul,tue,2,999,0,nonexistent,-1.7,94.215,-40.3,0.835,4991.6,No,73,retired,married,basic.4y,No,Sí,Sí
CLI001536,telephone,may,wed,7,999,0,nonexistent,1.1,93.994,-36.4,4.859,5191.0,No,51,self-employed,married,basic.4y,Desconocido,No,Sí
CLI001537,cellular,jul,mon,3,999,0,nonexistent,1.4,93.918,-42.7,4.962,5228.1,No,44,entrepreneur,married,high.school,No,No,No
CLI001538,cellular,aug,mon,2,999,0,nonexistent,1.4,93.444,-36.1,4.965,5228.1,No,58,admin.,divorced,university.degree,Desconocido,No,No
CLI001539,telephone,jun,thu,5,999,0,nonexistent,-2.9,92.963,-40.8,1.26,5076.2,No,35,admin.,married,university.degree,No,No,Sí
CLI001540,telephone,may,mon,2,999,0,nonexistent,1.1,93.994,-36.4,4.857,5191.0,No,52,management,married,Desconocido,Desconocido,Sí,No
CLI001541,cellular,may,wed,3,999,1,failure,-1.8,92.893,-46.2,1.281,5099.1,No,33,management,married,university.degree,No,Sí,Sí
CLI001542,telephone,may,tue,1,999,0,nonexistent,1.1,93.994,-36.4,4.856,5191.0,No,50,blue-collar,married,basic.4y,No,Sí,No
CLI001543,cellular,aug,mon,2,999,0,nonexistent,1.4,93.444,-36.1,4.963,5228.1,No,34,unemployed,married,university.degree,Desconocido,Sí,No
CLI001544,cellular,may,wed,2,999,0,nonexistent,-1.8,92.893,-46.2,1.281,5099.1,No,45,blue-collar,single,basic.4y,No,Sí,No
CLI001545,cellular,jul,tue,1,999,0,nonexistent,1.4,93.918,-42.7,4.961,5228.1,No,57,management,married,university.degree,No,No,No
CLI001546,cellular,aug,wed,1,999,0,nonexistent,1.4,93.444,-36.1,4.964,5228.1,No,33,admin.,married,university.degree,No,No,No
CLI001547,cellular,nov,tue,1,999,0,nonexistent,-0.1,93.2,-42.0,4.153,5195.8,No,38,blue-collar,married,basic.9y,No,No,No
CLI001548,cellular,aug,mon,5,999,0,nonexistent,1.4,93.444,-36.1,4.965,5228.1,No,59,housemaid,married,basic.4y,Desconocido,Sí,Sí
CLI001549,cellular,jul,tue,2,999,0,nonexistent,1.4,93.918,-42.7,4.961,5228.1,No,37,services,single,high.school,No,No,Sí
CLI001550,telephone,may,fri,2,999,0,nonexistent,1.1,93.994,-36.4,4.857,5191.0,No,35,student,single,university.degree,Desconocido,No,Sí
CLI001551,cellular,aug,mon,1,6,1,success,-2.9,92.201,-31.4,0.861,5076.2,Sí,25,admin.,single,university.degree,No,Sí,No
CLI001552,cellular,may,wed,4,999,0,nonexistent,-1.8,92.893,-46.2,1.281,5099.1,No,42,technician,married,professional.course,No,No,No
CLI001553,telephone,jul,thu,3,999,0,nonexistent,1.4,93.918,-42.7,4.968,5228.1,No,27,self-employed,married,university.degree,No,Sí,No
CLI001554,telephone,may,thu,2,999,0,nonexistent,1.1,93.994,-36.4,4.855,5191.0,No,60,entrepreneur,married,basic.4y,No,Sí,No
CLI001555,telephone,may,mon,2,999,0,nonexistent,1.1,93.994,-36.4,4.857,5191.0,No,27,admin.,single,university.degree,No,No,No
CLI001556,cellular,jul,thu,1,999,0,nonexistent,1.4,93.918,-42.7,4.963,5228.1,No,33,blue-collar,married,basic.4y,No,No,
CLI001557,cellular,may,tue,1,999,0,nonexistent,-1.8,92.893,-46.2,1.291,5099.1,No,41,blue-collar,married,basic.6y,No,No,No
CLI001558,cellular,jul,wed,1,999,0,nonexistent,1.4,93.918,-42.7,4.963,5228.1,No,40,blue-collar,married,basic.6y,No,Sí,No
CLI001559,telephone,may,wed,1,999,0,nonexistent,1.1,93.994,-36.4,4.856,5191.0,No,46,admin.,single,university.degree,No,Desconocido,Desconocido
CLI001560,telephone,may,tue,1,999,0,nonexistent,1.1,93.994,-36.4,4.857,5191.0,No,56,management,married,university.degree,Desconocido,No,No
CLI001561,cellular,aug,tue,14,999,0,nonexistent,1.4,93.444,-36.1,4.965,5228.1,No,36,housemaid,married,basic.4y,No,Desconocido,Desconocido
CLI001562,cellular,jul,fri,2,999,0,nonexistent,1.4,93.918,-42.7,4.962,5228.1,No,39,admin.,married,high.school,No,No,No
CLI001563,telephone,may,wed,1,999,0,nonexistent,1.1,93.994,-36.4,4.856,5191.0,No,47,services,married,high.school,Desconocido,Sí,No
CLI001564,cellular,aug,tue,2,999,0,nonexistent,1.4,93.444,-36.1,4.965,5228.1,No,47,blue-collar,married,basic.4y,Desconocido,No,No
CLI001565,cellular,aug,fri,1,999,0,nonexistent,1.4,93.444,-36.1,4.966,5228.1,No,50,unemployed,married,professional.course,Desconocido,No,No
CLI001566,telephone,may,thu,2,999,0,nonexistent,1.1,93.994,-36.4,4.855,5191.0,No,34,blue-collar,married,basic.6y,Desconocido,No,Sí
CLI001567,cellular,nov,wed,1,999,0,nonexistent,-3.4,92.649,-30.1,0.716,5017.5,Sí,25,technician,single,professional.course,No,Sí,No
CLI001568,cellular,jul,wed,1,999,0,nonexistent,1.4,93.918,-42.7,4.962,5228.1,No,51,management,married,university.degree,No,No,
CLI001569,cellular,aug,wed,1,999,0,nonexistent,1.4,93.444,-36.1,4.964,5228.1,No,31,admin.,married,university.degree,No,No,No
CLI001570,telephone,jun,tue,1,999,0,nonexistent,-1.7,94.055,-39.8,0.713,4991.6,No,35,technician,single,professional.course,No,No,No
CLI001571,cellular,aug,wed,2,999,0,nonexistent,1.4,93.444,-36.1,4.967,5228.1,No,44,blue-collar,married,Desconocido,No,Sí,No
CLI001572,cellular,jul,tue,2,999,0,nonexistent,1.4,93.918,-42.7,4.961,5228.1,No,34,services,divorced,high.school,No,No,Sí
CLI001573,telephone,may,wed,4,999,0,nonexistent,1.1,93.994,-36.4,4.857,5191.0,No,30,services,married,Desconocido,No,Sí,Sí
CLI001574,telephone,may,wed,1,999,0,nonexistent,-1.8,92.893,-46.2,1.27,5099.1,No,54,unemployed,married,basic.9y,No,No,No
CLI001575,cellular,jul,tue,3,999,0,nonexistent,1.4,93.918,-42.7,4.961,5228.1,No,48,housemaid,married,basic.4y,Desconocido,Sí,Sí
CLI001576,telephone,nov,thu,2,999,0,nonexistent,-0.1,93.2,-42.0,4.076,5195.8,No,40,blue-collar,married,basic.6y,No,Sí,No
CLI001577,telephone,jun,mon,2,999,0,nonexistent,-2.9,92.963,-40.8,1.266,5076.2,No,31,services,single,university.degree,No,Sí,No
CLI001578,cellular,nov,wed,2,999,0,nonexistent,-0.1,93.2,-42.0,4.12,5195.8,No,42,technician,married,basic.9y,No,No,No
CLI001579,cellular,jun,tue,3,999,0,nonexistent,-2.9,92.963,-40.8,1.286,5076.2,No,48,services,married,high.school,No,Sí,Sí
CLI001580,cellular,aug,wed,2,999,0,nonexistent,1.4,93.444,-36.1,4.964,5228.1,No,49,technician,married,university.degree,No,Sí,No
CLI001581,cellular,sep,mon,3,999,1,failure,-1.1,94.199,-37.5,0.882,4963.6,No,34,unemployed,married,university.degree,No,No,No
CLI001582,telephone,oct,thu,1,999,0,nonexistent,-3.4,92.431,-26.9,0.74,5017.5,No,25,admin.,single,university.degree,No,Sí,Sí
CLI001583,cellular,aug,fri,1,999,0,nonexistent,1.4,93.444,-36.1,4.966,5228.1,Sí,41,technician,divorced,university.degree,No,No,No
CLI001584,telephone,jul,fri,1,999,0,nonexistent,1.4,93.918,-42.7,4.959,5228.1,No,39,admin.,married,high.school,No,Sí,No
CLI001585,cellular,aug,thu,1,999,0,nonexistent,1.4,93.444,-36.1,4.968,5228.1,No,39,technician,single,professional.course,No,Sí,No
CLI001586,telephone,jun,mon,1,999,0,nonexistent,1.4,94.465,-41.8,4.96,5228.1,No,33,blue-collar,married,basic.4y,Desconocido,No,No
CLI001587,telephone,jul,thu,1,999,0,nonexistent,1.4,93.918,-42.7,4.963,5228.1,No,32,admin.,married,university.degree,No,No,No
CLI001588,cellular,jul,thu,3,999,0,nonexistent,1.4,93.918,-42.7,4.968,5228.1,No,25,admin.,single,basic.9y,No,,No
CLI001589,telephone,may,fri,1,999,0,nonexistent,-1.8,92.893,-46.2,1.25,5099.1,No,41,entrepreneur,divorced,Desconocido,No,No,No
CLI001590,telephone,may,wed,2,999,0,nonexistent,1.1,93.994,-36.4,4.857,5191.0,No,35,entrepreneur,married,high.school,No,No,No
CLI001591,cellular,mar,tue,3,999,0,nonexistent,-1.8,93.369,-34.8,0.646,5008.7,No,30,technician,single,university.degree,No,Desconocido,Desconocido
CLI001592,cellular,sep,mon,1,3,1,success,-1.1,94.199,-37.5,0.882,4963.6,Sí,43,entrepreneur,married,university.degree,No,No,No
CLI001593,cellular,jul,thu,1,999,0,nonexistent,1.4,93.918,-42.7,4.968,5228.1,No,53,blue-collar,married,basic.4y,Desconocido,No,Sí
CLI001594,cellular,aug,wed,4,999,0,nonexistent,1.4,93.444,-36.1,4.964,5228.1,No,37,technician,married,university.degree,No,,No
CLI001595,cellular,aug,mon,2,999,0,nonexistent,1.4,93.444,-36.1,4.963,5228.1,No,29,housemaid,married,university.degree,No,Sí,No
CLI001596,telephone,nov,tue,4,999,0,nonexistent,-0.1,93.2,-42.0,4.153,5195.8,No,40,technician,married,professional.course,No,Sí,No
CLI001597,cellular,aug,thu,4,999,0,nonexistent,1.4,93.444,-36.1,4.964,5228.1,No,31,technician,married,university.degree,No,Sí,No
CLI001598,cellular,may,mon,2,999,0,nonexistent,-1.8,92.893,-46.2,1.244,5099.1,No,42,services,single,high.school,No,Sí,No
CLI001599,telephone,may,fri,2,999,0,nonexistent,1.1,93.994,-36.4,4.855,5191.0,No,26,admin.,single,high.school,Desconocido,Sí,No
CLI001600,cellular,nov,wed,2,999,0,nonexistent,-0.1,93.2,-42.0,4.12,5195.8,No,55,technician,married,high.school,Desconocido,Sí,No
CLI001601,telephone,jul,thu,1,999,0,nonexistent,1.4,93.918,-42.7,4.968,5228.1,No,38,services,married,high.school,No,Sí,No
CLI001602,telephone,may,tue,1,999,0,nonexistent,1.1,93.994,-36.4,4.856,5191.0,No,38,blue-collar,married,basic.4y,Desconocido,Sí,No
CLI001603,cellular,aug,mon,1,999,0,nonexistent,1.4,93.444,-36.1,4.965,5228.1,No,30,technician,single,university.degree,No,No,No
CLI001604,telephone,may,tue,1,999,0,nonexistent,1.1,93.994,-36.4,4.857,5191.0,No,35,blue-collar,married,professional.course,No,No,No
CLI001605,cellular,mar,tue,1,999,1,failure,-1.8,92.843,-50.0,1.687,5099.1,No,73,retired,married,university.degree,No,Sí,No
CLI001606,telephone,may,fri,2,999,0,nonexistent,1.1,93.994,-36.4,4.859,5191.0,No,38,management,married,university.degree,No,No,No
CLI001607,cellular,nov,fri,4,999,0,nonexistent,-0.1,93.2,-42.0,4.021,5195.8,No,29,management,married,university.degree,No,No,No
CLI001608,telephone,jun,thu,1,999,0,nonexistent,1.4,94.465,-41.8,4.866,5228.1,No,33,self-employed,married,university.degree,No,Sí,No
CLI001609,cellular,aug,fri,4,999,0,nonexistent,1.4,93.444,-36.1,4.963,5228.1,No,35,management,married,university.degree,No,Sí,No
CLI001610,telephone,may,tue,1,999,0,nonexistent,1.1,93.994,-36.4,4.857,5191.0,No,42,admin.,divorced,university.degree,No,No,No
CLI001611,cellular,aug,thu,1,999,0,nonexistent,1.4,93.444,-36.1,4.968,5228.1,No,36,technician,married,university.degree,No,Sí,No
CLI001612,cellular,may,wed,3,999,0,nonexistent,-1.8,92.893,-46.2,1.334,5099.1,No,37,blue-collar,married,basic.4y,No,Sí,No
CLI001613,cellular,jul,fri,7,999,0,nonexistent,1.4,93.918,-42.7,4.962,5228.1,No,48,admin.,single,high.school,No,No,Sí
CLI001614,telephone,jun,mon,3,999,0,nonexistent,1.4,94.465,-41.8,4.865,5228.1,No,34,blue-collar,married,basic.6y,No,No,Sí
CLI001615,cellular,may,fri,1,999,0,nonexistent,-1.8,92.893,-46.2,1.313,5099.1,No,34,admin.,married,basic.9y,No,Sí,No
CLI001616,cellular,may,thu,2,999,0,nonexistent,-1.8,92.893,-46.2,1.266,5099.1,No,26,blue-collar,married,professional.course,No,Sí,No
CLI001617,cellular,jul,wed,4,999,0,nonexistent,1.4,93.918,-42.7,4.963,5228.1,No,24,services,single,basic.9y,No,Sí,No
CLI001618,cellular,jul,mon,3,999,0,nonexistent,1.4,93.918,-42.7,4.96,5228.1,No,55,admin.,married,university.degree,Desconocido,No,No
CLI001619,cellular,nov,wed,2,999,1,failure,-0.1,93.2,-42.0,4.12,5195.8,No,51,blue-collar,married,basic.9y,No,Sí,No
CLI001620,cellular,may,wed,9,999,0,nonexistent,-1.8,92.893,-46.2,1.281,5099.1,No,35,technician,married,professional.course,No,No,No
CLI001621,cellular,apr,thu,1,999,0,nonexistent,-1.8,93.075,-47.1,1.41,5099.1,No,35,admin.,married,professional.course,No,No,Sí
CLI001622,telephone,may,tue,2,999,0,nonexistent,1.1,93.994,-36.4,4.856,5191.0,No,27,blue-collar,married,basic.9y,No,Desconocido,Desconocido
CLI001623,cellular,may,fri,2,999,1,failure,-1.8,92.893,-46.2,1.25,5099.1,No,25,blue-collar,single,basic.9y,No,No,No
CLI001624,cellular,may,mon,2,999,1,failure,-1.8,92.893,-46.2,1.244,5099.1,No,46,blue-collar,married,basic.9y,No,Sí,No
CLI001625,cellular,apr,thu,1,999,0,nonexistent,-1.8,93.075,-47.1,1.365,5099.1,No,45,management,married,university.degree,Desconocido,Sí,No
CLI001626,cellular,mar,tue,1,10,2,success,-1.8,93.369,-34.8,0.646,5008.7,Sí,46,unemployed,single,university.degree,No,No,No
CLI001627,telephone,jun,mon,3,999,0,nonexistent,1.4,94.465,-41.8,4.96,5228.1,Sí,39,management,married,university.degree,No,No,No
CLI001628,cellular,aug,wed,3,999,0,nonexistent,1.4,93.444,-36.1,4.967,5228.1,No,46,blue-collar,married,basic.4y,No,Sí,No
CLI001629,cellular,nov,tue,1,999,0,nonexistent,-0.1,93.2,-42.0,4.153,5195.8,No,43,blue-collar,married,basic.9y,No,No,No
CLI001630,cellular,aug,mon,1,999,0,nonexistent,1.4,93.444,-36.1,4.965,5228.1,No,31,technician,single,professional.course,No,Sí,No
CLI001631,cellular,nov,thu,1,999,0,nonexistent,-0.1,93.2,-42.0,4.076,5195.8,No,46,management,married,Desconocido,No,Sí,No
CLI001632,telephone,may,wed,4,999,0,nonexistent,1.1,93.994,-36.4,4.858,5191.0,No,36,blue-collar,married,high.school,Desconocido,No,No
CLI001633,cellular,aug,thu,3,999,0,nonexistent,1.4,93.444,-36.1,4.962,5228.1,Sí,42,housemaid,married,university.degree,No,Sí,Sí
CLI001634,cellular,mar,wed,6,999,0,nonexistent,-1.8,92.843,-50.0,1.778,5099.1,Sí,41,services,married,high.school,No,No,No
CLI001635,telephone,may,fri,9,999,0,nonexistent,1.1,93.994,-36.4,4.864,5191.0,No,45,blue-collar,married,basic.9y,Desconocido,No,No
CLI001636,cellular,may,wed,1,999,1,failure,-1.8,92.893,-46.2,1.281,5099.1,No,35,management,married,high.school,No,Sí,No
CLI001637,telephone,may,wed,1,999,0,nonexistent,1.1,93.994,-36.4,4.857,5191.0,No,46,housemaid,married,basic.4y,Desconocido,No,No
CLI001638,cellular,jul,wed,1,999,0,nonexistent,1.4,93.918,-42.7,4.963,5228.1,No,55,unemployed,married,university.degree,No,Sí,No
CLI001639,telephone,may,wed,2,999,0,nonexistent,1.1,93.994,-36.4,4.859,5191.0,Sí,40,blue-collar,married,high.school,No,No,No
CLI001640,cellular,may,fri,3,999,0,nonexistent,-1.8,93.876,-40.0,0.682,5008.7,No,42,retired,single,basic.4y,Desconocido,Sí,Sí
CLI001641,cellular,jul,tue,3,999,0,nonexistent,1.4,93.918,-42.7,4.961,5228.1,No,37,blue-collar,married,basic.4y,No,Sí,No
CLI001642,cellular,nov,fri,1,999,1,failure,-0.1,93.2,-42.0,4.021,5195.8,No,31,self-employed,single,university.degree,No,No,No
CLI001643,cellular,jul,thu,4,999,0,nonexistent,1.4,93.918,-42.7,4.968,5228.1,No,54,services,married,basic.6y,No,Sí,No
CLI001644,telephone,may,fri,3,999,0,nonexistent,1.1,93.994,-36.4,4.855,5191.0,No,28,services,single,high.school,No,Desconocido,Desconocido
CLI001645,cellular,may,wed,5,999,0,nonexistent,-1.8,92.893,-46.2,1.281,5099.1,No,40,technician,married,,No,Sí,No
CLI001646,telephone,jun,thu,1,999,0,nonexistent,1.4,94.465,-41.8,4.866,5228.1,No,35,technician,married,professional.course,No,Sí,No
CLI001647,telephone,may,fri,3,999,0,nonexistent,1.1,93.994,-36.4,4.864,5191.0,No,33,technician,married,professional.course,No,No,No
CLI001648,telephone,may,thu,2,999,0,nonexistent,1.1,93.994,-36.4,4.86,5191.0,No,37,technician,married,professional.course,No,Sí,No
CLI001649,cellular,may,fri,2,999,0,nonexistent,-1.8,92.893,-46.2,1.25,5099.1,Sí,23,blue-collar,single,basic.4y,No,Sí,No
CLI001650,telephone,may,tue,1,999,0,nonexistent,1.1,93.994,-36.4,4.857,5191.0,Sí,44,services,married,high.school,No,Sí,No
CLI001651,telephone,jun,mon,2,999,0,nonexistent,1.4,94.465,-41.8,4.865,5228.1,No,41,blue-collar,married,basic.4y,Desconocido,No,No
CLI001652,telephone,jun,fri,20,999,0,nonexistent,1.4,94.465,-41.8,4.959,5228.1,No,53,blue-collar,married,basic.9y,Desconocido,Sí,Sí
CLI001653,telephone,may,tue,2,999,0,nonexistent,1.1,93.994,-36.4,4.857,5191.0,No,38,services,married,high.school,No,Sí,No
CLI001654,cellular,aug,mon,4,999,0,nonexistent,1.4,93.444,-36.1,4.965,5228.1,No,49,housemaid,married,basic.4y,No,Sí,No
CLI001655,cellular,apr,thu,2,999,0,nonexistent,-1.8,93.075,-47.1,1.41,5099.1,No,46,self-employed,divorced,basic.9y,No,Sí,No
CLI001656,cellular,nov,mon,2,999,0,nonexistent,-0.1,93.2,-42.0,4.191,5195.8,No,38,management,married,university.degree,No,No,No
CLI001657,cellular,jul,tue,1,999,0,nonexistent,-2.9,92.469,-33.6,1.044,5076.2,No,25,student,single,Desconocido,No,No,No
CLI001658,cellular,apr,tue,1,999,0,nonexistent,-1.8,93.075,-47.1,1.453,5099.1,Sí,44,services,divorced,high.school,No,Sí,Sí
CLI001659,cellular,sep,thu,1,999,0,nonexistent,-3.4,92.379,-29.8,0.778,5017.5,No,59,management,married,Desconocido,No,Sí,No
CLI001660,cellular,aug,mon,4,999,0,nonexistent,1.4,93.444,-36.1,4.963,5228.1,No,30,self-employed,single,university.degree,No,Sí,No
CLI001661,cellular,may,fri,1,999,0,nonexistent,-1.8,92.893,-46.2,1.313,5099.1,No,43,unemployed,married,basic.9y,No,Sí,No
CLI001662,cellular,may,mon,1,999,0,nonexistent,-1.8,92.893,-46.2,1.244,5099.1,No,30,student,single,university.degree,No,Sí,No
CLI001663,telephone,may,wed,1,999,0,nonexistent,1.1,93.994,-36.4,4.856,5191.0,No,43,Desconocido,married,high.school,Desconocido,No,No
CLI001664,telephone,jun,fri,1,999,0,nonexistent,-2.9,92.963,-40.8,1.268,5076.2,No,50,entrepreneur,married,basic.9y,No,No,No
CLI001665,cellular,aug,fri,1,999,0,nonexistent,1.4,93.444,-36.1,4.963,5228.1,No,34,technician,married,professional.course,No,No,No
CLI001666,cellular,aug,mon,3,999,0,nonexistent,1.4,93.444,-36.1,4.963,5228.1,No,37,admin.,married,university.degree,No,Sí,No
CLI001667,cellular,jul,wed,2,999,0,nonexistent,1.4,93.918,-42.7,4.957,5228.1,No,56,admin.,married,high.school,Desconocido,Sí,No
CLI001668,telephone,jun,fri,2,999,0,nonexistent,1.4,94.465,-41.8,4.967,5228.1,No,33,technician,married,professional.course,No,No,No
CLI001669,telephone,may,fri,3,999,0,nonexistent,1.1,93.994,-36.4,4.855,5191.0,No,37,blue-collar,married,basic.6y,Desconocido,Sí,Sí
CLI001670,cellular,nov,thu,1,999,0,nonexistent,-0.1,93.2,-42.0,4.076,5195.8,Sí,32,technician,single,university.degree,No,No,No
CLI001671,cellular,aug,mon,1,999,0,nonexistent,1.4,93.444,-36.1,4.965,5228.1,No,45,blue-collar,married,basic.4y,Desconocido,Sí,Sí
CLI001672,telephone,may,mon,1,999,0,nonexistent,1.1,93.994,-36.4,4.857,5191.0,No,43,management,married,professional.course,No,Sí,No
CLI001673,cellular,may,tue,4,999,1,failure,-1.8,92.893,-46.2,1.291,5099.1,No,33,services,married,basic.6y,No,Sí,Sí
CLI001674,cellular,aug,tue,1,999,0,nonexistent,-2.9,92.201,-31.4,0.838,5076.2,No,64,Desconocido,married,Desconocido,No,No,No
CLI001675,cellular,aug,fri,1,999,0,nonexistent,1.4,93.444,-36.1,4.964,5228.1,No,55,technician,divorced,professional.course,No,No,No
CLI001676,cellular,aug,mon,2,999,0,nonexistent,1.4,93.444,-36.1,4.963,5228.1,No,30,admin.,married,university.degree,Desconocido,No,No
CLI001677,cellular,may,fri,4,3,4,success,-1.8,93.876,-40.0,0.684,5008.7,Sí,33,technician,married,professional.course,No,Sí,No
CLI001678,cellular,jul,wed,2,999,0,nonexistent,1.4,93.918,-42.7,4.963,5228.1,No,34,technician,single,professional.course,No,Sí,No
CLI001679,cellular,jul,wed,1,999,0,nonexistent,-2.9,92.469,-33.6,1.085,5076.2,No,59,admin.,married,university.degree,No,Sí,Sí
CLI001680,telephone,aug,wed,2,999,0,nonexistent,-2.9,92.201,-31.4,0.884,5076.2,Sí,46,admin.,married,high.school,No,No,No
CLI001681,telephone,may,mon,1,999,0,nonexistent,1.1,93.994,-36.4,4.857,5191.0,No,38,Desconocido,divorced,high.school,Desconocido,Sí,No
CLI001682,telephone,may,fri,4,999,0,nonexistent,1.1,93.994,-36.4,4.857,5191.0,No,26,services,single,high.school,No,No,No
CLI001683,telephone,may,fri,2,999,0,nonexistent,1.1,93.994,-36.4,4.859,5191.0,No,41,blue-collar,married,basic.9y,Desconocido,No,No
CLI001684,cellular,may,wed,2,999,0,nonexistent,-1.8,92.893,-46.2,1.281,5099.1,Sí,42,technician,single,professional.course,No,No,No
CLI001685,telephone,jun,thu,2,999,0,nonexistent,1.4,94.465,-41.8,4.866,5228.1,No,27,blue-collar,single,basic.9y,No,No,Sí
CLI001686,telephone,may,thu,5,999,0,nonexistent,1.1,93.994,-36.4,4.855,5191.0,No,53,retired,married,high.school,Desconocido,Sí,No
CLI001687,cellular,nov,fri,1,999,1,failure,-0.1,93.2,-42.0,4.021,5195.8,No,49,blue-collar,married,basic.6y,No,Sí,No
CLI001688,telephone,may,wed,2,999,0,nonexistent,1.1,93.994,-36.4,4.857,5191.0,No,45,management,married,university.degree,No,No,No
CLI001689,telephone,jun,wed,1,999,0,nonexistent,1.4,94.465,-41.8,4.864,5228.1,No,28,management,single,university.degree,No,No,No
CLI001690,cellular,jul,fri,1,999,0,nonexistent,1.4,93.918,-42.7,4.962,5228.1,No,28,technician,single,Desconocido,No,Sí,No
CLI001691,telephone,jun,fri,16,999,0,nonexistent,1.4,94.465,-41.8,4.959,5228.1,No,28,admin.,single,high.school,No,No,No
CLI001692,telephone,jun,fri,7,999,0,nonexistent,1.4,94.465,-41.8,4.967,5228.1,No,51,admin.,married,basic.9y,Desconocido,Sí,No
CLI001693,cellular,apr,mon,2,999,0,nonexistent,-1.8,93.075,-47.1,1.405,5099.1,No,33,blue-collar,married,high.school,No,Sí,No
CLI001694,telephone,may,thu,3,999,0,nonexistent,1.1,93.994,-36.4,4.86,5191.0,No,41,blue-collar,married,basic.6y,No,Sí,No
CLI001695,cellular,jul,fri,5,999,0,nonexistent,1.4,93.918,-42.7,4.962,5228.1,No,53,management,married,university.degree,No,Sí,No
CLI001696,cellular,aug,mon,2,999,0,nonexistent,1.4,93.444,-36.1,4.965,5228.1,No,33,admin.,married,university.degree,No,No,No
CLI001697,telephone,nov,mon,1,999,0,nonexistent,-0.1,93.2,-42.0,4.191,5195.8,No,49,entrepreneur,married,university.degree,No,Sí,No
CLI001698,cellular,aug,thu,1,999,0,nonexistent,-2.9,92.201,-31.4,0.873,5076.2,No,64,Desconocido,married,Desconocido,No,Sí,Sí
CLI001699,cellular,aug,tue,1,999,0,nonexistent,1.4,93.444,-36.1,4.968,5228.1,No,29,admin.,single,university.degree,No,Sí,No
CLI001700,telephone,jun,thu,1,999,0,nonexistent,1.4,94.465,-41.8,4.961,5228.1,No,49,blue-collar,married,basic.9y,Desconocido,No,No
CLI001701,telephone,may,fri,3,999,0,nonexistent,1.1,93.994,-36.4,4.857,5191.0,No,56,retired,married,high.school,Desconocido,No,No
CLI001702,cellular,mar,tue,1,999,0,nonexistent,-1.8,93.369,-34.8,0.637,5008.7,Sí,27,admin.,single,university.degree,No,No,No
CLI001703,cellular,aug,tue,1,999,0,nonexistent,1.4,93.444,-36.1,4.965,5228.1,No,50,admin.,married,university.degree,No,Sí,No
CLI001704,telephone,jul,thu,1,5,1,success,-1.7,94.215,-40.3,0.899,4991.6,Sí,31,technician,single,university.degree,No,No,No
CLI001705,cellular,may,mon,5,999,0,nonexistent,-1.8,92.893,-46.2,1.299,5099.1,No,34,admin.,single,university.degree,No,No,Sí
CLI001706,telephone,may,mon,1,999,0,nonexistent,1.1,93.994,-36.4,4.857,5191.0,No,46,technician,married,basic.4y,Desconocido,Sí,No
CLI001707,telephone,may,mon,3,999,0,nonexistent,1.1,93.994,-36.4,4.858,5191.0,No,32,admin.,married,high.school,Desconocido,Sí,No
CLI001708,cellular,aug,mon,4,999,0,nonexistent,1.4,93.444,-36.1,4.965,5228.1,No,39,technician,divorced,professional.course,Desconocido,No,No
CLI001709,telephone,jun,wed,10,999,0,nonexistent,1.4,94.465,-41.8,4.962,5228.1,No,29,technician,married,professional.course,No,No,No
CLI001710,cellular,nov,mon,1,999,0,nonexistent,-0.1,93.2,-42.0,4.191,5195.8,No,42,admin.,married,high.school,Desconocido,No,No
CLI001711,cellular,nov,wed,2,999,0,nonexistent,-0.1,93.2,-42.0,4.12,5195.8,No,48,management,divorced,university.degree,No,Sí,No
CLI001712,telephone,jul,tue,2,999,0,nonexistent,1.4,93.918,-42.7,4.961,5228.1,No,30,entrepreneur,single,high.school,No,Sí,No
CLI001713,telephone,may,mon,3,999,0,nonexistent,1.1,93.994,-36.4,4.857,5191.0,No,32,management,married,high.school,No,No,No
CLI001714,cellular,aug,fri,1,999,0,nonexistent,1.4,93.444,-36.1,4.966,5228.1,No,57,admin.,married,university.degree,Desconocido,Sí,No
CLI001715,telephone,may,mon,1,999,0,nonexistent,1.1,93.994,-36.4,4.857,5191.0,No,53,admin.,single,professional.course,No,No,No
CLI001716,cellular,may,thu,1,999,0,nonexistent,-1.8,92.893,-46.2,1.327,5099.1,No,43,admin.,single,high.school,No,Sí,No
CLI001717,cellular,may,tue,1,999,0,nonexistent,-1.8,92.893,-46.2,1.344,5099.1,No,55,self-employed,married,,No,Sí,No
CLI001718,telephone,jul,tue,2,999,0,nonexistent,1.4,93.918,-42.7,4.955,5228.1,No,53,services,married,basic.9y,No,Sí,No
CLI001719,cellular,nov,wed,1,999,0,nonexistent,-0.1,93.2,-42.0,4.12,5195.8,No,39,admin.,married,university.degree,No,No,No
CLI001720,cellular,jul,fri,2,999,0,nonexistent,1.4,93.918,-42.7,4.962,5228.1,No,44,blue-collar,married,Desconocido,Desconocido,No,No
CLI001721,cellular,jul,wed,1,999,0,nonexistent,1.4,93.918,-42.7,4.963,5228.1,No,44,admin.,married,basic.6y,No,No,No
CLI001722,cellular,aug,tue,3,999,0,nonexistent,1.4,93.444,-36.1,4.965,5228.1,No,50,housemaid,married,Desconocido,No,No,No
CLI001723,telephone,may,mon,1,999,0,nonexistent,1.1,93.994,-36.4,4.857,5191.0,No,32,admin.,married,university.degree,No,Sí,Sí
CLI001724,telephone,may,tue,1,999,0,nonexistent,1.1,93.994,-36.4,4.857,5191.0,No,29,admin.,married,university.degree,Desconocido,Sí,No
CLI001725,telephone,may,fri,1,999,0,nonexistent,1.1,93.994,-36.4,4.857,5191.0,No,40,blue-collar,married,basic.9y,No,Sí,
CLI001726,telephone,jun,fri,5,999,0,nonexistent,1.4,94.465,-41.8,4.967,5228.1,No,43,management,married,university.degree,No,No,No
CLI001727,cellular,mar,mon,4,999,0,nonexistent,-1.8,92.843,-50.0,1.811,5099.1,No,26,student,single,basic.9y,No,No,No
CLI001728,cellular,may,wed,2,999,0,nonexistent,-1.8,92.893,-46.2,1.281,5099.1,No,34,technician,single,professional.course,No,Sí,No
CLI001729,cellular,may,mon,1,999,0,nonexistent,-1.8,92.893,-46.2,1.244,5099.1,No,30,admin.,single,university.degree,Desconocido,Sí,No
CLI001730,cellular,may,tue,2,999,0,nonexistent,-1.8,92.893,-46.2,1.291,5099.1,No,36,admin.,married,university.degree,No,Sí,Sí
CLI001731,telephone,jun,mon,5,999,0,nonexistent,1.4,94.465,-41.8,4.961,5228.1,No,35,blue-collar,married,basic.4y,Desconocido,Sí,No
CLI001732,cellular,may,tue,1,999,0,nonexistent,-1.8,92.893,-46.2,1.291,5099.1,No,33,blue-collar,single,basic.4y,No,No,No
CLI001733,cellular,jun,fri,4,999,1,failure,-2.9,92.963,-40.8,1.224,5076.2,No,32,technician,married,high.school,No,No,Sí
CLI001734,cellular,aug,wed,1,999,0,nonexistent,1.4,93.444,-36.1,4.967,5228.1,No,50,admin.,divorced,high.school,Desconocido,No,No
CLI001735,cellular,jul,thu,2,999,0,nonexistent,1.4,93.918,-42.7,4.962,5228.1,No,34,admin.,single,Desconocido,Desconocido,Sí,No
CLI001736,cellular,aug,tue,1,999,0,nonexistent,1.4,93.444,-36.1,4.963,5228.1,No,47,admin.,married,high.school,No,Sí,No
CLI001737,cellular,aug,thu,1,999,0,nonexistent,-2.9,92.201,-31.4,0.883,5076.2,No,37,blue-collar,married,basic.9y,No,Sí,Sí
CLI001739,cellular,may,wed,2,999,0,nonexistent,-1.8,92.893,-46.2,1.281,5099.1,No,41,services,married,high.school,No,Sí,No
CLI001740,cellular,aug,fri,2,999,0,nonexistent,1.4,93.444,-36.1,4.966,5228.1,No,29,admin.,single,university.degree,Desconocido,No,No
CLI001741,telephone,jun,thu,2,999,0,nonexistent,1.4,94.465,-41.8,4.961,5228.1,No,27,blue-collar,married,basic.6y,Desconocido,Sí,No
CLI001742,cellular,jul,mon,2,999,0,nonexistent,1.4,93.918,-42.7,4.96,5228.1,No,42,admin.,single,university.degree,No,No,No
CLI001743,cellular,jul,wed,1,999,0,nonexistent,1.4,93.918,-42.7,4.963,5228.1,No,30,management,married,university.degree,No,Sí,No
CLI001744,cellular,jul,wed,8,999,0,nonexistent,1.4,93.918,-42.7,4.963,5228.1,No,52,admin.,divorced,university.degree,No,No,Sí
CLI001745,cellular,aug,fri,6,999,0,nonexistent,1.4,93.444,-36.1,4.964,5228.1,No,55,blue-collar,married,basic.9y,Desconocido,No,No
CLI001746,telephone,jul,mon,2,999,0,nonexistent,1.4,93.918,-42.7,4.962,5228.1,No,27,technician,married,professional.course,No,No,No
CLI001747,cellular,aug,fri,2,999,0,nonexistent,1.4,93.444,-36.1,4.963,5228.1,No,32,admin.,married,university.degree,No,No,No
CLI001748,telephone,may,thu,3,999,0,nonexistent,1.1,93.994,-36.4,4.855,5191.0,No,46,blue-collar,married,basic.4y,No,No,No
CLI001749,telephone,may,thu,2,999,0,nonexistent,1.1,93.994,-36.4,4.855,5191.0,No,35,services,married,basic.9y,No,No,No
CLI001750,cellular,nov,thu,2,999,0,nonexistent,-0.1,93.2,-42.0,4.076,5195.8,No,37,services,divorced,basic.6y,No,No,No
CLI001751,telephone,may,mon,5,999,0,nonexistent,1.1,93.994,-36.4,4.858,5191.0,No,49,technician,married,professional.course,Desconocido,Sí,No
CLI001752,cellular,may,wed,2,999,0,nonexistent,-1.8,92.893,-46.2,1.27,5099.1,No,26,services,single,high.school,No,No,No
CLI001753,telephone,may,wed,1,999,0,nonexistent,1.1,93.994,-36.4,4.859,5191.0,No,35,technician,married,professional.course,No,No,No
CLI001754,cellular,apr,thu,1,999,0,nonexistent,-1.8,93.075,-47.1,1.41,5099.1,No,45,entrepreneur,married,university.degree,No,No,No
CLI001755,cellular,may,tue,1,999,1,failure,-1.8,92.893,-46.2,1.291,5099.1,No,47,admin.,divorced,high.school,No,Sí,No
CLI001756,cellular,aug,thu,4,999,0,nonexistent,1.4,93.444,-36.1,4.962,5228.1,No,53,technician,married,professional.course,Desconocido,Sí,No
CLI001757,telephone,may,fri,2,999,0,nonexistent,1.1,93.994,-36.4,4.857,5191.0,No,42,self-employed,married,university.degree,No,No,No
CLI001758,cellular,mar,wed,1,13,2,failure,-1.8,93.369,-34.8,0.655,5008.7,Sí,38,blue-collar,single,high.school,No,Sí,No
CLI001759,cellular,nov,wed,5,999,0,nonexistent,-0.1,93.2,-42.0,4.12,5195.8,No,43,self-employed,married,basic.4y,No,No,Sí
CLI001760,cellular,may,wed,1,999,0,nonexistent,-1.8,92.893,-46.2,1.334,5099.1,No,57,entrepreneur,divorced,basic.9y,No,Sí,No
CLI001761,telephone,jun,wed,16,999,0,nonexistent,1.4,94.465,-41.8,4.864,5228.1,No,37,unemployed,married,professional.course,Desconocido,No,No
CLI001762,telephone,mar,tue,1,3,2,success,-1.8,93.369,-34.8,0.637,5008.7,Sí,30,student,single,Desconocido,No,,Sí
CLI001763,cellular,nov,tue,1,999,0,nonexistent,-0.1,93.2,-42.0,4.153,5195.8,Sí,54,entrepreneur,married,professional.course,No,No,No
CLI001764,cellular,nov,mon,2,999,1,failure,-0.1,93.2,-42.0,4.191,5195.8,Sí,42,admin.,married,high.school,No,No,No
CLI001765,telephone,jun,wed,2,999,0,nonexistent,1.4,94.465,-41.8,4.864,5228.1,No,39,admin.,single,high.school,No,No,No
CLI001766,cellular,may,thu,4,999,0,nonexistent,-1.8,92.893,-46.2,1.327,5099.1,No,34,management,married,basic.4y,No,Sí,No
CLI001767,cellular,may,thu,1,999,0,nonexistent,-1.8,92.893,-46.2,1.266,5099.1,No,49,services,married,high.school,No,Sí,No
CLI001768,cellular,jul,tue,2,999,0,nonexistent,1.4,93.918,-42.7,4.961,5228.1,No,25,entrepreneur,single,university.degree,No,No,Sí
CLI001769,cellular,oct,fri,2,999,0,nonexistent,-3.4,92.431,-26.9,0.72,5017.5,No,37,admin.,single,university.degree,No,Sí,No
CLI001770,telephone,may,thu,5,999,0,nonexistent,1.1,93.994,-36.4,4.86,5191.0,No,47,self-employed,married,university.degree,No,Sí,No
CLI001771,telephone,jun,thu,2,999,0,nonexistent,1.4,94.465,-41.8,4.958,5228.1,No,48,admin.,married,professional.course,Desconocido,Sí,No
CLI001772,cellular,aug,tue,3,999,0,nonexistent,1.4,93.444,-36.1,4.968,5228.1,No,41,Desconocido,married,Desconocido,No,Sí,No
CLI001773,telephone,may,wed,2,999,0,nonexistent,1.1,93.994,-36.4,4.857,5191.0,No,44,admin.,married,university.degree,No,Sí,Sí
CLI001774,telephone,may,fri,3,999,0,nonexistent,1.1,93.994,-36.4,4.864,5191.0,Sí,48,technician,single,Desconocido,No,Sí,No
CLI001775,cellular,may,fri,1,999,0,nonexistent,-1.8,92.893,-46.2,1.313,5099.1,No,41,blue-collar,married,basic.9y,No,Sí,Sí
CLI001776,telephone,may,mon,1,999,0,nonexistent,1.1,93.994,-36.4,4.857,5191.0,No,53,admin.,married,basic.9y,Desconocido,No,No
CLI001777,telephone,may,fri,2,999,0,nonexistent,1.1,93.994,-36.4,4.855,5191.0,No,35,technician,married,professional.course,No,No,No
CLI001778,cellular,may,wed,1,999,0,nonexistent,-1.8,93.876,-40.0,0.672,5008.7,No,37,housemaid,married,university.degree,No,Sí,No
CLI001779,cellular,jul,fri,2,999,0,nonexistent,1.4,93.918,-42.7,4.962,5228.1,No,31,entrepreneur,married,university.degree,No,Sí,No
CLI001780,cellular,aug,wed,1,999,0,nonexistent,1.4,93.444,-36.1,4.964,5228.1,No,52,admin.,married,high.school,No,Sí,Sí
CLI001781,cellular,nov,wed,1,999,0,nonexistent,-0.1,93.2,-42.0,4.12,5195.8,No,36,management,married,university.degree,No,No,No
CLI001782,cellular,aug,mon,3,999,0,nonexistent,1.4,93.444,-36.1,4.965,5228.1,No,40,technician,married,professional.course,No,No,No
CLI001783,telephone,may,mon,3,999,0,nonexistent,1.1,93.994,-36.4,4.857,5191.0,No,28,admin.,married,university.degree,No,No,No
CLI001784,cellular,may,tue,2,999,1,failure,-1.8,92.893,-46.2,1.344,5099.1,No,37,management,divorced,Desconocido,No,Sí,No
CLI001785,cellular,nov,fri,1,999,0,nonexistent,-0.1,93.2,-42.0,4.021,5195.8,No,33,blue-collar,single,basic.4y,No,No,No
CLI001786,cellular,may,wed,2,999,0,nonexistent,-1.8,92.893,-46.2,1.281,5099.1,No,39,entrepreneur,married,basic.9y,No,Sí,No
CLI001787,telephone,may,fri,3,999,0,nonexistent,1.1,93.994,-36.4,4.859,5191.0,No,28,admin.,single,university.degree,No,Sí,No
CLI001788,cellular,mar,mon,1,3,4,success,-1.8,93.369,-34.8,0.639,5008.7,Sí,38,student,single,Desconocido,No,No,Sí
CLI001789,telephone,may,tue,1,999,0,nonexistent,1.1,93.994,-36.4,4.856,5191.0,No,53,admin.,married,university.degree,No,Sí,No
CLI001790,telephone,jul,mon,7,999,0,nonexistent,1.4,93.918,-42.7,4.96,5228.1,No,48,services,divorced,high.school,No,No,Sí
CLI001791,cellular,jul,wed,1,999,0,nonexistent,1.4,93.918,-42.7,4.963,5228.1,No,58,technician,married,basic.9y,No,Sí,No
CLI001792,telephone,jun,fri,1,999,0,nonexistent,1.4,94.465,-41.8,4.959,5228.1,Sí,37,blue-collar,married,basic.4y,Desconocido,No,No
CLI001793,telephone,oct,mon,1,999,0,nonexistent,-0.1,93.798,-40.4,5.0,5195.8,Sí,39,technician,divorced,university.degree,No,No,Sí
CLI001794,cellular,nov,mon,1,999,0,nonexistent,-0.1,93.2,-42.0,4.191,5195.8,No,55,retired,married,professional.course,No,Sí,
CLI001795,cellular,may,mon,1,999,2,failure,-1.8,92.893,-46.2,1.244,5099.1,No,41,management,married,high.school,No,No,No
CLI001796,telephone,may,fri,1,999,0,nonexistent,1.1,93.994,-36.4,4.857,5191.0,No,31,admin.,single,university.degree,No,No,No
CLI001797,telephone,may,thu,1,999,0,nonexistent,1.1,93.994,-36.4,4.86,5191.0,No,44,blue-collar,single,basic.4y,No,Sí,No
CLI001798,cellular,apr,thu,2,999,0,nonexistent,-1.8,93.075,-47.1,1.406,5099.1,Sí,25,admin.,single,university.degree,No,Sí,No
CLI001799,telephone,apr,thu,7,999,0,nonexistent,-1.8,93.075,-47.1,1.41,5099.1,No,25,student,married,university.degree,No,Sí,Sí
CLI001800,cellular,jul,wed,10,999,0,nonexistent,1.4,93.918,-42.7,4.963,5228.1,No,46,services,married,high.school,No,Sí,Sí
CLI001801,telephone,aug,mon,7,999,0,nonexistent,1.4,93.444,-36.1,4.965,5228.1,No,34,management,married,high.school,No,Sí,No
CLI001802,cellular,jul,mon,8,999,0,nonexistent,1.4,93.918,-42.7,4.962,5228.1,No,41,admin.,married,high.school,No,No,No
CLI001803,telephone,may,thu,2,999,0,nonexistent,1.1,93.994,-36.4,4.86,5191.0,No,31,blue-collar,married,basic.6y,No,Sí,Sí
CLI001804,telephone,may,mon,1,999,0,nonexistent,1.1,93.994,-36.4,4.858,5191.0,No,45,unemployed,married,basic.6y,Desconocido,No,No
CLI001806,telephone,jul,fri,2,3,2,success,-1.7,94.215,-40.3,0.896,4991.6,Sí,40,management,married,university.degree,No,No,No
CLI001807,telephone,may,tue,1,999,0,nonexistent,1.1,93.994,-36.4,4.856,5191.0,No,48,entrepreneur,married,,Desconocido,Sí,No
CLI001808,cellular,aug,tue,5,999,0,nonexistent,1.4,93.444,-36.1,4.963,5228.1,No,38,technician,married,university.degree,No,Sí,Sí
CLI001809,cellular,nov,tue,1,999,0,nonexistent,-0.1,93.2,-42.0,4.153,5195.8,No,34,admin.,married,high.school,No,No,No
CLI001810,cellular,nov,tue,1,999,0,nonexistent,-0.1,93.2,-42.0,4.153,5195.8,No,48,blue-collar,married,basic.4y,Desconocido,Sí,No
CLI001811,cellular,aug,fri,3,999,0,nonexistent,1.4,93.444,-36.1,4.966,5228.1,No,39,technician,divorced,professional.course,No,Sí,No
CLI001812,telephone,may,wed,2,999,0,nonexistent,1.1,93.994,-36.4,4.857,5191.0,No,39,services,married,high.school,No,No,No
CLI001813,cellular,aug,tue,1,999,0,nonexistent,1.4,93.444,-36.1,4.968,5228.1,No,59,admin.,married,university.degree,No,Sí,No
CLI001814,telephone,may,fri,1,999,0,nonexistent,1.1,93.994,-36.4,4.857,5191.0,No,39,admin.,married,university.degree,No,No,No
CLI001815,telephone,may,tue,2,999,0,nonexistent,1.1,93.994,-36.4,4.857,5191.0,No,30,services,divorced,basic.9y,No,No,Sí
CLI001816,cellular,apr,wed,3,999,0,nonexistent,-1.8,93.075,-47.1,1.415,5099.1,Sí,42,blue-collar,married,basic.4y,No,No,No
CLI001817,cellular,jul,tue,1,999,0,nonexistent,1.4,93.918,-42.7,4.961,5228.1,No,47,admin.,divorced,university.degree,No,No,No
CLI001818,telephone,jun,thu,2,999,0,nonexistent,1.4,94.465,-41.8,4.958,5228.1,No,41,admin.,married,basic.9y,Desconocido,Sí,No
CLI001819,telephone,jun,thu,1,999,0,nonexistent,1.4,94.465,-41.8,4.866,5228.1,No,39,blue-collar,married,professional.course,Desconocido,Sí,No
CLI001820,cellular,nov,thu,1,999,0,nonexistent,-0.1,93.2,-42.0,4.076,5195.8,No,31,blue-collar,married,basic.9y,No,No,No
CLI001821,cellular,aug,wed,3,999,0,nonexistent,1.4,93.444,-36.1,4.964,5228.1,No,31,unemployed,married,university.degree,No,No,No
CLI001822,telephone,jun,mon,3,999,0,nonexistent,1.4,94.465,-41.8,4.865,5228.1,No,54,services,divorced,high.school,No,,No
CLI001823,cellular,may,mon,1,999,0,nonexistent,-1.8,92.893,-46.2,1.299,5099.1,No,34,admin.,married,high.school,No,Sí,Sí
CLI001824,telephone,may,fri,3,999,0,nonexistent,1.1,93.994,-36.4,4.864,5191.0,No,30,blue-collar,married,basic.9y,No,No,No
CLI001825,cellular,nov,mon,1,999,0,nonexistent,-0.1,93.2,-42.0,4.191,5195.8,No,41,admin.,divorced,,No,Sí,No
CLI001826,telephone,may,thu,2,999,0,nonexistent,1.1,93.994,-36.4,4.86,5191.0,No,31,services,married,high.school,No,No,No
CLI001827,cellular,aug,thu,3,999,0,nonexistent,1.4,93.444,-36.1,4.963,5228.1,No,56,self-employed,married,basic.9y,No,Sí,No
CLI001828,cellular,aug,fri,2,999,0,nonexistent,1.4,93.444,-36.1,4.964,5228.1,No,32,admin.,married,university.degree,Desconocido,Sí,No
CLI001829,cellular,jul,wed,2,999,0,nonexistent,1.4,93.918,-42.7,4.957,5228.1,No,27,housemaid,single,high.school,No,No,No
CLI001830,telephone,jun,fri,3,999,0,nonexistent,1.4,94.465,-41.8,4.967,5228.1,No,26,entrepreneur,married,university.degree,No,Sí,No
CLI001831,cellular,apr,thu,1,999,0,nonexistent,-1.8,93.075,-47.1,1.365,5099.1,No,39,services,married,university.degree,No,Sí,No
CLI001832,telephone,nov,wed,1,999,0,nonexistent,-0.1,93.2,-42.0,4.286,5195.8,Sí,58,management,divorced,university.degree,No,No,No
CLI001833,cellular,aug,thu,1,999,0,nonexistent,1.4,93.444,-36.1,4.963,5228.1,No,46,unemployed,married,basic.9y,No,Sí,No
CLI001834,telephone,may,wed,1,999,0,nonexistent,1.1,93.994,-36.4,4.856,5191.0,No,42,blue-collar,married,basic.6y,No,No,No
CLI001835,cellular,apr,thu,1,999,0,nonexistent,-1.8,93.075,-47.1,1.435,5099.1,Sí,32,self-employed,single,university.degree,No,No,No
CLI001836,cellular,may,wed,2,999,0,nonexistent,-1.8,92.893,-46.2,1.281,5099.1,Sí,31,services,single,basic.6y,No,Sí,No
CLI001837,cellular,apr,fri,1,999,0,nonexistent,-1.8,93.075,-47.1,1.405,5099.1,No,38,blue-collar,married,basic.9y,No,No,No
CLI001838,telephone,jun,thu,2,999,0,nonexistent,1.4,94.465,-41.8,4.866,5228.1,No,49,admin.,divorced,university.degree,No,Sí,No
CLI001839,cellular,nov,fri,2,999,0,nonexistent,-0.1,93.2,-42.0,4.021,5195.8,No,51,admin.,single,university.degree,Desconocido,Sí,Sí
CLI001840,cellular,jul,wed,1,999,0,nonexistent,1.4,93.918,-42.7,4.957,5228.1,No,29,technician,divorced,high.school,No,No,No
CLI001841,cellular,jul,thu,1,999,0,nonexistent,1.4,93.918,-42.7,4.968,5228.1,No,38,services,married,high.school,No,,Sí
CLI001842,cellular,oct,tue,2,999,0,nonexistent,-1.1,94.601,-49.5,1.037,4963.6,Sí,21,student,single,high.school,No,No,No
CLI001843,cellular,jul,wed,1,999,0,nonexistent,1.4,93.918,-42.7,4.957,5228.1,No,34,blue-collar,single,basic.6y,No,Sí,Sí
CLI001844,cellular,nov,thu,2,999,0,nonexistent,-0.1,93.2,-42.0,4.076,5195.8,No,36,blue-collar,married,high.school,No,Sí,No
CLI001845,cellular,may,fri,2,999,0,nonexistent,-1.8,92.893,-46.2,1.313,5099.1,No,45,services,single,high.school,No,Sí,No
CLI001846,cellular,jul,tue,3,999,0,nonexistent,1.4,93.918,-42.7,4.962,5228.1,No,53,retired,divorced,high.school,Desconocido,Sí,No
CLI001847,cellular,jul,mon,1,999,0,nonexistent,1.4,93.918,-42.7,4.96,5228.1,No,47,services,divorced,basic.9y,Desconocido,No,No
CLI001848,telephone,jun,mon,4,999,0,nonexistent,1.4,94.465,-41.8,4.96,5228.1,No,59,admin.,married,high.school,No,No,No
CLI001849,cellular,jul,tue,1,999,0,nonexistent,1.4,93.918,-42.7,4.962,5228.1,No,34,self-employed,divorced,professional.course,Desconocido,No,No
CLI001850,cellular,apr,thu,2,999,0,nonexistent,-1.8,93.075,-47.1,1.365,5099.1,No,41,management,married,high.school,No,Sí,No
CLI001851,cellular,may,thu,6,999,0,nonexistent,-1.8,92.893,-46.2,1.266,5099.1,No,23,admin.,single,high.school,No,No,No
CLI001852,telephone,may,thu,7,999,0,nonexistent,-1.8,92.893,-46.2,1.266,5099.1,No,30,admin.,married,university.degree,No,No,No
CLI001853,cellular,aug,mon,1,999,0,nonexistent,1.4,93.444,-36.1,4.963,5228.1,No,44,blue-collar,married,basic.4y,No,Sí,No
CLI001854,telephone,jun,wed,2,999,0,nonexistent,1.4,94.465,-41.8,4.864,5228.1,No,39,technician,married,professional.course,No,No,No
CLI001855,cellular,aug,fri,4,999,0,nonexistent,1.4,93.444,-36.1,4.964,5228.1,No,38,admin.,divorced,university.degree,No,Sí,No
CLI001856,cellular,jul,fri,1,999,0,nonexistent,1.4,93.918,-42.7,4.962,5228.1,No,56,admin.,married,,Desconocido,No,No
CLI001857,cellular,jul,mon,7,999,0,nonexistent,1.4,93.918,-42.7,4.962,5228.1,Sí,59,retired,married,university.degree,No,Sí,No
CLI001858,telephone,oct,tue,1,999,0,nonexistent,-1.1,94.601,-49.5,1.037,4963.6,No,25,student,single,high.school,No,Sí,No
CLI001859,cellular,may,tue,12,999,0,nonexistent,-1.8,92.893,-46.2,1.291,5099.1,No,45,admin.,single,high.school,Desconocido,Desconocido,Desconocido
CLI001860,cellular,aug,fri,1,999,0,nonexistent,1.4,93.444,-36.1,4.964,5228.1,Sí,46,services,married,Desconocido,No,No,No
CLI001861,telephone,may,fri,2,999,0,nonexistent,1.1,93.994,-36.4,4.855,5191.0,No,32,management,married,high.school,No,Sí,No
CLI001862,cellular,jul,mon,3,999,0,nonexistent,1.4,93.918,-42.7,4.962,5228.1,No,29,entrepreneur,single,basic.9y,No,No,No
CLI001863,telephone,jul,tue,1,999,0,nonexistent,-1.7,94.215,-40.3,0.835,4991.6,No,29,blue-collar,single,basic.6y,No,Sí,No
CLI001864,telephone,nov,thu,6,999,0,nonexistent,-0.1,93.2,-42.0,4.076,5195.8,No,41,blue-collar,married,basic.6y,No,Sí,No
CLI001865,telephone,aug,fri,1,999,0,nonexistent,1.4,93.444,-36.1,4.963,5228.1,No,32,admin.,single,university.degree,No,Sí,No
CLI001866,telephone,jun,mon,1,999,0,nonexistent,1.4,94.465,-41.8,4.865,5228.1,No,46,entrepreneur,married,basic.9y,No,No,No
CLI001867,cellular,nov,thu,1,999,0,nonexistent,-0.1,93.2,-42.0,4.076,5195.8,No,39,unemployed,divorced,high.school,No,No,No
CLI001868,telephone,may,fri,3,999,1,failure,-1.8,93.876,-40.0,0.684,5008.7,No,41,admin.,married,university.degree,No,Sí,No
CLI001869,telephone,may,tue,2,999,0,nonexistent,1.1,93.994,-36.4,4.856,5191.0,No,33,technician,married,university.degree,Desconocido,Sí,No
CLI001870,cellular,aug,wed,3,999,0,nonexistent,1.4,93.444,-36.1,4.964,5228.1,No,42,management,married,university.degree,No,Sí,Sí
CLI001871,cellular,jul,mon,4,999,0,nonexistent,-1.7,94.215,-40.3,0.827,4991.6,Sí,35,technician,single,professional.course,No,No,No
CLI001872,cellular,nov,thu,3,999,0,nonexistent,-0.1,93.2,-42.0,4.076,5195.8,No,31,blue-collar,married,basic.9y,No,No,No
CLI001873,cellular,jul,thu,4,999,0,nonexistent,1.4,93.918,-42.7,4.968,5228.1,No,45,blue-collar,married,basic.6y,No,No,Sí
CLI001874,cellular,apr,fri,1,999,0,nonexistent,-1.8,93.075,-47.1,1.405,5099.1,No,39,admin.,married,university.degree,No,Sí,No
CLI001875,telephone,jun,mon,5,999,0,nonexistent,1.4,94.465,-41.8,4.865,5228.1,No,44,blue-collar,married,basic.6y,Desconocido,Sí,No
CLI001876,cellular,aug,fri,1,999,0,nonexistent,1.4,93.444,-36.1,4.964,5228.1,No,31,technician,married,university.degree,No,,No
CLI001877,cellular,jul,fri,2,999,0,nonexistent,1.4,93.918,-42.7,4.957,5228.1,No,33,blue-collar,married,basic.6y,Desconocido,Sí,No
CLI001878,telephone,jun,fri,3,999,0,nonexistent,1.4,94.465,-41.8,4.959,5228.1,No,32,blue-collar,married,basic.9y,No,Sí,No
CLI001879,cellular,jul,wed,2,999,0,nonexistent,1.4,93.918,-42.7,4.957,5228.1,No,31,self-employed,married,basic.9y,No,No,No
CLI001880,telephone,may,wed,26,999,0,nonexistent,1.1,93.994,-36.4,4.858,5191.0,No,57,management,married,basic.9y,No,No,No
CLI001881,cellular,jul,thu,4,999,0,nonexistent,-1.7,94.215,-40.3,0.846,4991.6,No,54,retired,single,basic.4y,No,Sí,No
CLI001882,telephone,may,fri,7,999,0,nonexistent,1.1,93.994,-36.4,4.859,5191.0,No,31,management,married,high.school,No,No,No
CLI001883,telephone,jun,mon,1,999,0,nonexistent,1.4,94.465,-41.8,4.96,5228.1,No,43,blue-collar,married,basic.6y,Desconocido,Sí,No
CLI001884,cellular,aug,thu,10,999,0,nonexistent,1.4,93.444,-36.1,4.962,5228.1,No,44,admin.,married,basic.9y,Desconocido,Sí,Sí
CLI001885,cellular,aug,wed,3,999,0,nonexistent,1.4,93.444,-36.1,4.964,5228.1,No,32,admin.,single,university.degree,No,No,No
CLI001886,cellular,may,mon,3,999,1,failure,-1.8,92.893,-46.2,1.244,5099.1,Sí,58,admin.,married,university.degree,No,Sí,No
CLI001887,cellular,may,mon,2,999,0,nonexistent,-1.8,92.893,-46.2,1.244,5099.1,No,32,admin.,married,high.school,No,Sí,No
CLI001888,telephone,may,tue,4,999,0,nonexistent,1.1,93.994,-36.4,4.857,5191.0,No,51,admin.,single,basic.6y,No,No,No
CLI001889,cellular,may,wed,1,999,0,nonexistent,-1.8,92.893,-46.2,1.281,5099.1,No,32,blue-collar,single,basic.9y,No,Sí,Sí
CLI001890,cellular,apr,mon,3,999,0,nonexistent,-1.8,93.075,-47.1,1.405,5099.1,No,33,technician,single,professional.course,No,No,No
CLI001891,cellular,apr,thu,1,999,0,nonexistent,-1.8,93.075,-47.1,1.365,5099.1,Sí,30,admin.,married,university.degree,No,Sí,No
CLI001892,cellular,may,fri,2,999,1,failure,-1.8,92.893,-46.2,1.313,5099.1,No,35,blue-collar,married,basic.9y,Desconocido,No,No
CLI001893,cellular,sep,tue,6,999,1,failure,-3.4,92.379,-29.8,0.819,5017.5,No,45,admin.,married,university.degree,No,Desconocido,Desconocido
CLI001894,telephone,may,tue,1,999,0,nonexistent,1.1,93.994,-36.4,4.857,5191.0,No,42,entrepreneur,married,university.degree,No,Sí,No
CLI001895,cellular,may,wed,1,999,0,nonexistent,-1.8,92.893,-46.2,1.281,5099.1,Sí,31,unemployed,married,basic.9y,No,No,No
CLI001896,telephone,jul,tue,1,999,0,nonexistent,1.4,93.918,-42.7,4.961,5228.1,No,57,housemaid,married,high.school,Desconocido,No,No
CLI001897,cellular,aug,thu,1,999,0,nonexistent,-2.9,92.201,-31.4,0.851,5076.2,Sí,25,student,single,university.degree,No,No,No
CLI001898,cellular,jul,mon,3,999,0,nonexistent,1.4,93.918,-42.7,4.96,5228.1,No,31,technician,married,high.school,No,No,No
CLI001899,telephone,may,mon,1,999,0,nonexistent,1.1,93.994,-36.4,4.857,5191.0,No,51,blue-collar,married,basic.9y,No,Sí,No
CLI001900,telephone,may,fri,1,999,0,nonexistent,1.1,93.994,-36.4,4.864,5191.0,No,37,technician,single,university.degree,No,No,No
CLI001901,cellular,nov,tue,5,999,0,nonexistent,-0.1,93.2,-42.0,4.153,5195.8,No,51,admin.,married,basic.9y,No,No,Sí
CLI001902,cellular,may,mon,1,999,0,nonexistent,-1.8,92.893,-46.2,1.299,5099.1,No,57,technician,married,high.school,No,Sí,No
CLI001903,cellular,apr,fri,1,999,1,failure,-1.8,93.075,-47.1,1.405,5099.1,No,31,admin.,married,high.school,No,No,No
CLI001904,cellular,may,thu,2,999,0,nonexistent,-1.8,92.893,-46.2,1.327,5099.1,No,38,admin.,single,university.degree,No,No,No
CLI001905,telephone,may,fri,1,999,0,nonexistent,1.1,93.994,-36.4,4.859,5191.0,No,56,blue-collar,single,,No,Sí,No
CLI001906,cellular,jul,thu,1,999,0,nonexistent,1.4,93.918,-42.7,4.963,5228.1,No,46,admin.,divorced,university.degree,Desconocido,Sí,No
CLI001907,cellular,jul,tue,4,999,0,nonexistent,1.4,93.918,-42.7,4.961,5228.1,No,38,management,married,university.degree,No,Sí,No
CLI001908,telephone,may,fri,1,999,0,nonexistent,1.1,93.994,-36.4,4.857,5191.0,No,38,admin.,single,university.degree,No,Sí,No
CLI001909,cellular,jul,wed,1,999,0,nonexistent,1.4,93.918,-42.7,4.962,5228.1,No,49,services,married,high.school,No,No,No
CLI001910,telephone,apr,thu,1,999,0,nonexistent,-1.8,93.075,-47.1,1.365,5099.1,No,34,admin.,single,professional.course,No,No,No
CLI001911,cellular,aug,tue,2,999,0,nonexistent,1.4,93.444,-36.1,4.965,5228.1,No,38,technician,married,,No,No,No
CLI001912,telephone,may,fri,2,999,0,nonexistent,1.1,93.994,-36.4,4.857,5191.0,No,41,blue-collar,divorced,basic.6y,No,No,No
CLI001913,cellular,nov,wed,2,999,0,nonexistent,-0.1,93.2,-42.0,4.12,5195.8,No,43,management,married,university.degree,No,No,No
CLI001914,cellular,jul,tue,4,999,0,nonexistent,1.4,93.918,-42.7,4.961,5228.1,No,48,retired,married,basic.4y,Desconocido,No,No
CLI001915,telephone,may,wed,1,999,0,nonexistent,1.1,93.994,-36.4,4.859,5191.0,No,40,technician,married,professional.course,No,No,No
CLI001916,telephone,may,tue,3,999,0,nonexistent,1.1,93.994,-36.4,4.857,5191.0,No,52,management,divorced,university.degree,No,No,Sí
CLI001917,cellular,may,fri,1,999,0,nonexistent,-1.8,92.893,-46.2,1.25,5099.1,No,54,management,married,university.degree,No,Sí,Sí
CLI001918,cellular,may,mon,2,999,0,nonexistent,-1.8,92.893,-46.2,1.299,5099.1,No,38,blue-collar,married,high.school,Desconocido,No,No
CLI001919,cellular,jul,mon,5,999,0,nonexistent,1.4,93.918,-42.7,4.96,5228.1,No,35,admin.,single,university.degree,No,No,No
CLI001920,telephone,nov,mon,1,999,0,nonexistent,-0.1,93.2,-42.0,4.191,5195.8,No,44,admin.,married,professional.course,No,Sí,No
CLI001921,cellular,may,wed,1,999,1,failure,-1.8,92.893,-46.2,1.334,5099.1,No,35,technician,married,professional.course,No,Sí,Sí
CLI001922,cellular,aug,wed,1,999,0,nonexistent,1.4,93.444,-36.1,4.967,5228.1,No,33,technician,single,professional.course,No,No,No
CLI001923,telephone,may,tue,13,999,0,nonexistent,1.1,93.994,-36.4,4.856,5191.0,No,53,admin.,married,university.degree,No,No,Sí
CLI001924,telephone,jul,wed,2,999,0,nonexistent,1.4,93.918,-42.7,4.957,5228.1,No,33,blue-collar,divorced,basic.9y,Desconocido,No,No
CLI001925,cellular,nov,thu,1,999,2,failure,-3.4,92.649,-30.1,0.714,5017.5,Sí,65,retired,single,university.degree,No,No,No
CLI001926,cellular,jun,fri,1,7,1,success,-1.7,94.055,-39.8,0.748,4991.6,No,30,technician,married,university.degree,No,No,No
CLI001927,cellular,sep,wed,2,6,2,success,-1.1,94.199,-37.5,0.88,4963.6,Sí,31,student,single,Desconocido,No,Desconocido,Desconocido
CLI001928,telephone,may,wed,3,999,0,nonexistent,1.1,93.994,-36.4,4.859,5191.0,No,39,services,single,high.school,Desconocido,No,No
CLI001929,cellular,jun,tue,1,999,2,failure,-2.9,92.963,-40.8,1.262,5076.2,Sí,28,admin.,single,high.school,No,Sí,No
CLI001930,telephone,may,mon,1,999,0,nonexistent,1.1,93.994,-36.4,4.858,5191.0,No,43,blue-collar,married,basic.4y,Desconocido,No,Sí
CLI001931,cellular,sep,fri,4,999,0,nonexistent,-3.4,92.379,-29.8,0.773,5017.5,Sí,71,retired,married,Desconocido,No,Sí,No
CLI001932,telephone,may,mon,2,999,0,nonexistent,1.1,93.994,-36.4,4.857,5191.0,No,34,admin.,married,high.school,No,Sí,No
CLI001933,telephone,jun,thu,2,999,0,nonexistent,1.4,94.465,-41.8,4.866,5228.1,Sí,49,blue-collar,married,basic.9y,Desconocido,No,No
CLI001934,cellular,aug,wed,3,999,0,nonexistent,1.4,93.444,-36.1,4.967,5228.1,No,58,retired,married,professional.course,No,Sí,No
CLI001935,cellular,may,wed,4,999,0,nonexistent,-1.8,92.893,-46.2,1.281,5099.1,No,27,admin.,single,high.school,No,Sí,Sí
CLI001936,telephone,may,wed,1,999,0,nonexistent,1.1,93.994,-36.4,4.858,5191.0,Sí,44,blue-collar,divorced,Desconocido,No,Sí,Sí
CLI001937,cellular,jul,mon,9,999,0,nonexistent,1.4,93.918,-42.7,4.96,5228.1,No,26,admin.,single,university.degree,No,Sí,No
CLI001938,telephone,jun,fri,1,999,0,nonexistent,-2.9,92.963,-40.8,1.268,5076.2,Sí,51,technician,married,basic.9y,No,No,No
CLI001939,telephone,jul,wed,5,999,0,nonexistent,1.4,93.918,-42.7,4.957,5228.1,No,58,management,divorced,university.degree,No,Sí,No
CLI001940,cellular,may,tue,5,999,0,nonexistent,-1.8,92.893,-46.2,1.344,5099.1,No,37,blue-collar,married,basic.6y,No,No,No
CLI001941,cellular,nov,tue,3,999,0,nonexistent,-0.1,93.2,-42.0,4.153,5195.8,No,46,admin.,married,high.school,No,Sí,No
CLI001942,cellular,may,fri,1,999,0,nonexistent,-1.8,92.893,-46.2,1.25,5099.1,No,55,management,married,basic.6y,Desconocido,Sí,No
CLI001943,telephone,jul,thu,1,999,0,nonexistent,1.4,93.918,-42.7,4.968,5228.1,No,44,technician,married,professional.course,No,Sí,No
CLI001944,telephone,may,wed,2,999,0,nonexistent,1.1,93.994,-36.4,4.859,5191.0,No,46,blue-collar,married,basic.9y,Desconocido,No,No
CLI001945,telephone,may,tue,2,999,0,nonexistent,1.1,93.994,-36.4,4.857,5191.0,No,52,blue-collar,married,basic.4y,No,No,No
CLI001946,cellular,aug,wed,3,999,0,nonexistent,1.4,93.444,-36.1,4.964,5228.1,No,59,admin.,married,university.degree,No,Sí,No
CLI001947,cellular,may,wed,1,999,1,failure,-1.8,92.893,-46.2,1.281,5099.1,No,41,blue-collar,married,basic.4y,Desconocido,No,No
CLI001948,cellular,jul,tue,1,999,0,nonexistent,-1.7,94.215,-40.3,0.835,4991.6,Sí,66,retired,married,high.school,No,No,No
CLI001949,cellular,aug,mon,1,999,0,nonexistent,1.4,93.444,-36.1,4.965,5228.1,No,32,admin.,married,university.degree,No,No,No
CLI001950,telephone,may,tue,5,999,0,nonexistent,1.1,93.994,-36.4,4.857,5191.0,No,41,admin.,married,basic.9y,No,No,No
CLI001951,telephone,may,fri,4,999,0,nonexistent,1.1,93.994,-36.4,4.855,5191.0,No,34,admin.,single,basic.9y,No,No,No
CLI001952,cellular,aug,mon,2,999,0,nonexistent,1.4,93.444,-36.1,4.965,5228.1,No,34,technician,married,professional.course,No,No,No
CLI001953,cellular,sep,wed,3,999,0,nonexistent,-1.1,94.199,-37.5,0.886,4963.6,Sí,34,admin.,married,university.degree,No,No,Sí
CLI001954,cellular,aug,mon,2,999,0,nonexistent,1.4,93.444,-36.1,4.963,5228.1,No,41,technician,married,professional.course,No,No,No
CLI001955,telephone,nov,fri,1,999,0,nonexistent,-0.1,93.2,-42.0,4.021,5195.8,No,50,technician,divorced,university.degree,No,Sí,No
CLI001956,cellular,may,wed,1,3,1,success,-1.8,92.893,-46.2,1.27,5099.1,No,26,self-employed,single,university.degree,No,No,No
CLI001957,cellular,may,wed,2,7,1,success,-1.8,92.893,-46.2,1.334,5099.1,Sí,38,blue-collar,married,high.school,Desconocido,Sí,No
CLI001958,telephone,jun,mon,5,999,0,nonexistent,1.4,94.465,-41.8,4.865,5228.1,Sí,46,admin.,married,university.degree,No,Sí,No
CLI001959,cellular,may,tue,2,999,0,nonexistent,-1.8,92.893,-46.2,1.344,5099.1,No,32,self-employed,married,basic.9y,No,No,No
CLI001960,telephone,may,mon,3,999,0,nonexistent,1.1,93.994,-36.4,4.857,5191.0,No,31,management,single,high.school,No,No,No
CLI001961,cellular,may,fri,2,999,0,nonexistent,-1.8,92.893,-46.2,1.313,5099.1,No,32,admin.,married,university.degree,No,Sí,No
CLI001962,cellular,aug,fri,1,999,0,nonexistent,1.4,93.444,-36.1,4.966,5228.1,No,30,admin.,single,university.degree,No,No,No
CLI001964,telephone,may,fri,1,999,0,nonexistent,1.1,93.994,-36.4,4.857,5191.0,Sí,47,blue-collar,married,basic.6y,No,Sí,No
CLI001965,telephone,may,tue,4,999,0,nonexistent,1.1,93.994,-36.4,4.856,5191.0,No,28,services,married,high.school,No,Sí,No
CLI001966,telephone,may,thu,1,999,0,nonexistent,1.1,93.994,-36.4,4.86,5191.0,No,36,services,married,high.school,Desconocido,Sí,No
CLI001967,telephone,jun,mon,2,999,0,nonexistent,1.4,94.465,-41.8,4.961,5228.1,No,32,technician,married,professional.course,No,Sí,No
CLI001968,telephone,may,wed,1,999,0,nonexistent,1.1,93.994,-36.4,4.856,5191.0,No,33,blue-collar,single,basic.9y,Desconocido,No,No
CLI001969,cellular,aug,wed,1,999,0,nonexistent,1.4,93.444,-36.1,4.965,5228.1,No,45,technician,married,professional.course,No,No,No
CLI001970,cellular,may,mon,1,999,0,nonexistent,-1.8,92.893,-46.2,1.299,5099.1,No,53,blue-collar,single,basic.4y,Desconocido,Sí,No
CLI001971,cellular,jul,wed,3,999,0,nonexistent,1.4,93.918,-42.7,4.957,5228.1,No,43,blue-collar,single,basic.6y,No,No,No
CLI001972,cellular,aug,mon,1,999,0,nonexistent,-2.9,92.201,-31.4,0.884,5076.2,No,41,admin.,married,high.school,No,No,No
CLI001973,cellular,jul,tue,2,999,0,nonexistent,1.4,93.918,-42.7,4.962,5228.1,No,29,entrepreneur,married,university.degree,No,Sí,No
CLI001974,cellular,aug,tue,3,999,0,nonexistent,1.4,93.444,-36.1,4.963,5228.1,No,36,admin.,married,university.degree,Desconocido,Sí,No
CLI001975,cellular,jun,tue,1,3,1,success,-2.9,92.963,-40.8,1.262,5076.2,No,24,student,single,high.school,No,No,No
CLI001976,telephone,may,fri,19,999,0,nonexistent,1.1,93.994,-36.4,4.859,5191.0,No,34,blue-collar,married,basic.9y,Desconocido,No,Sí
CLI001977,telephone,may,tue,1,999,0,nonexistent,1.1,93.994,-36.4,4.856,5191.0,No,45,blue-collar,married,basic.9y,Desconocido,No,No
CLI001978,telephone,nov,wed,1,999,0,nonexistent,-0.1,93.2,-42.0,4.286,5195.8,No,37,housemaid,married,university.degree,No,Sí,No
CLI001979,telephone,jul,fri,3,999,0,nonexistent,1.4,93.918,-42.7,4.959,5228.1,No,35,blue-collar,married,high.school,No,No,No
CLI001980,telephone,may,fri,3,999,0,nonexistent,1.1,93.994,-36.4,4.857,5191.0,No,30,admin.,divorced,university.degree,No,No,Sí
CLI001981,cellular,apr,fri,2,999,0,nonexistent,-1.8,93.075,-47.1,1.405,5099.1,No,39,blue-collar,married,basic.4y,No,Sí,No
CLI001982,telephone,may,tue,1,999,0,nonexistent,1.1,93.994,-36.4,4.856,5191.0,No,42,services,married,professional.course,No,No,No
CLI001983,cellular,may,fri,1,999,0,nonexistent,-1.8,92.893,-46.2,1.313,5099.1,No,57,retired,single,university.degree,No,No,No
CLI001984,cellular,apr,fri,6,999,0,nonexistent,-1.8,93.075,-47.1,1.405,5099.1,No,41,technician,married,professional.course,No,Sí,No
CLI001985,cellular,jul,wed,1,999,0,nonexistent,1.4,93.918,-42.7,4.962,5228.1,No,44,unemployed,married,basic.9y,Desconocido,No,Sí
CLI001986,cellular,jul,thu,9,999,0,nonexistent,1.4,93.918,-42.7,4.968,5228.1,No,46,services,married,basic.9y,No,Sí,No
CLI001987,telephone,may,mon,2,999,0,nonexistent,1.1,93.994,-36.4,4.857,5191.0,No,51,blue-collar,married,basic.4y,Desconocido,No,No
CLI001988,telephone,jun,tue,4,999,0,nonexistent,1.4,94.465,-41.8,4.961,5228.1,No,36,technician,married,university.degree,No,No,No
CLI001989,telephone,jul,tue,2,999,0,nonexistent,1.4,93.918,-42.7,4.961,5228.1,No,48,admin.,single,university.degree,No,Sí,Sí
CLI001990,cellular,jul,tue,2,999,0,nonexistent,1.4,93.918,-42.7,4.962,5228.1,No,44,blue-collar,single,university.degree,Desconocido,Sí,Sí
CLI001991,telephone,jun,thu,1,999,0,nonexistent,1.4,94.465,-41.8,4.961,5228.1,No,57,retired,single,basic.4y,No,Sí,No
CLI001992,cellular,jun,mon,1,999,0,nonexistent,-2.9,92.963,-40.8,1.26,5076.2,Sí,24,student,single,Desconocido,No,Sí,No
CLI001993,cellular,aug,fri,1,999,0,nonexistent,1.4,93.444,-36.1,4.963,5228.1,No,30,admin.,divorced,university.degree,No,Sí,Sí
CLI001994,telephone,jun,mon,1,999,0,nonexistent,1.4,94.465,-41.8,4.96,5228.1,No,30,technician,single,university.degree,No,Sí,No
CLI001995,telephone,may,fri,1,999,0,nonexistent,1.1,93.994,-36.4,4.857,5191.0,No,33,self-employed,single,university.degree,No,No,No
CLI001996,telephone,may,thu,2,999,0,nonexistent,1.1,93.994,-36.4,4.855,5191.0,No,32,technician,married,professional.course,No,Sí,Sí
CLI001997,cellular,aug,fri,4,999,0,nonexistent,-2.9,92.201,-31.4,0.869,5076.2,Sí,62,retired,married,Desconocido,No,No,No
CLI001998,cellular,apr,mon,1,999,0,nonexistent,-1.8,93.075,-47.1,1.392,5099.1,No,28,blue-collar,single,basic.9y,No,No,No
CLI001999,cellular,mar,mon,4,999,0,nonexistent,-1.8,92.843,-50.0,1.56,5099.1,No,70,admin.,divorced,university.degree,No,No,No
CLI002000,cellular,may,thu,6,999,0,nonexistent,-1.8,92.893,-46.2,1.266,5099.1,No,37,services,single,high.school,No,Sí,No
CLI002001,cellular,nov,thu,1,999,0,nonexistent,-0.1,93.2,-42.0,4.076,5195.8,No,38,management,married,university.degree,No,Sí,No
CLI002002,telephone,jun,fri,2,999,0,nonexistent,1.4,94.465,-41.8,4.967,5228.1,No,28,blue-collar,married,basic.6y,Desconocido,No,No
CLI002003,telephone,may,wed,1,999,0,nonexistent,1.1,93.994,-36.4,4.857,5191.0,No,51,unemployed,married,basic.9y,Desconocido,Sí,No
CLI002004,cellular,mar,fri,2,999,0,nonexistent,-1.8,93.369,-34.8,0.653,5008.7,Sí,38,technician,single,high.school,No,Sí,No
CLI002005,telephone,may,tue,4,999,0,nonexistent,1.1,93.994,-36.4,4.857,5191.0,No,35,admin.,single,professional.course,Desconocido,Sí,No
CLI002006,cellular,aug,tue,3,999,0,nonexistent,1.4,93.444,-36.1,4.965,5228.1,No,42,admin.,married,university.degree,No,No,No
CLI002007,telephone,may,mon,2,999,0,nonexistent,1.1,93.994,-36.4,4.857,5191.0,No,55,technician,married,professional.course,No,No,No
CLI002008,telephone,jun,mon,35,999,0,nonexistent,1.4,94.465,-41.8,4.96,5228.1,No,26,blue-collar,married,basic.9y,No,Sí,No
CLI002009,telephone,may,tue,2,999,0,nonexistent,-1.8,92.893,-46.2,1.291,5099.1,No,42,blue-collar,married,basic.4y,No,Sí,No
CLI002010,cellular,may,wed,4,999,1,failure,-1.8,92.893,-46.2,1.334,5099.1,Sí,45,entrepreneur,married,university.degree,No,Sí,No
CLI002011,telephone,jun,tue,1,999,0,nonexistent,1.4,94.465,-41.8,4.864,5228.1,No,58,retired,married,basic.4y,No,No,No
CLI002012,cellular,jul,mon,1,999,0,nonexistent,1.4,93.918,-42.7,4.96,5228.1,No,30,management,single,university.degree,No,Sí,No
CLI002013,cellular,may,tue,1,999,0,nonexistent,-1.8,92.893,-46.2,1.266,5099.1,No,59,retired,married,basic.4y,No,No,No
CLI002014,telephone,jun,fri,2,999,0,nonexistent,1.4,94.465,-41.8,4.967,5228.1,No,49,housemaid,married,basic.4y,Desconocido,Sí,
CLI002015,cellular,nov,mon,2,999,0,nonexistent,-3.4,92.649,-30.1,0.722,5017.5,No,50,admin.,married,university.degree,No,Sí,No
CLI002016,telephone,may,fri,2,999,0,nonexistent,1.1,93.994,-36.4,4.855,5191.0,No,32,services,married,high.school,No,No,No
CLI002017,cellular,jun,thu,1,999,0,nonexistent,-2.9,92.963,-40.8,1.26,5076.2,Sí,30,technician,single,professional.course,No,No,No
CLI002018,telephone,may,tue,1,999,0,nonexistent,1.1,93.994,-36.4,4.857,5191.0,No,44,blue-collar,married,basic.4y,Desconocido,Sí,Sí
CLI002019,cellular,mar,tue,4,999,0,nonexistent,-1.8,92.843,-50.0,1.51,5099.1,No,59,blue-collar,married,basic.4y,No,Sí,
CLI002020,cellular,may,thu,4,999,0,nonexistent,-1.8,92.893,-46.2,1.266,5099.1,No,34,technician,married,professional.course,No,Sí,No
CLI002021,cellular,dec,mon,2,999,1,failure,-3.0,92.713,-33.0,0.715,5023.5,Sí,63,technician,married,Desconocido,No,Sí,No
CLI002022,cellular,aug,wed,2,999,0,nonexistent,1.4,93.444,-36.1,4.964,5228.1,No,33,admin.,single,university.degree,No,Sí,No
CLI002023,cellular,may,tue,2,999,1,failure,-1.8,92.893,-46.2,1.291,5099.1,No,46,admin.,married,basic.9y,Desconocido,No,No
CLI002024,cellular,may,fri,1,999,1,failure,-1.8,92.893,-46.2,1.313,5099.1,No,34,admin.,married,university.degree,No,No,No
CLI002025,cellular,jul,fri,2,999,0,nonexistent,1.4,93.918,-42.7,4.963,5228.1,No,45,management,married,Desconocido,No,Sí,No
CLI002026,cellular,jul,tue,3,999,0,nonexistent,1.4,93.918,-42.7,4.962,5228.1,No,54,admin.,married,high.school,No,Sí,No
CLI002027,cellular,may,wed,1,999,0,nonexistent,-1.8,92.893,-46.2,1.334,5099.1,No,46,blue-collar,married,basic.6y,Desconocido,No,No
CLI002028,telephone,may,mon,3,999,0,nonexistent,1.1,93.994,-36.4,4.858,5191.0,No,53,technician,married,Desconocido,No,Sí,No
CLI002029,cellular,aug,mon,7,999,0,nonexistent,-1.7,94.027,-38.3,0.898,4991.6,No,38,technician,single,university.degree,No,No,No
CLI002030,cellular,aug,thu,2,999,0,nonexistent,-1.7,94.027,-38.3,0.904,4991.6,Sí,31,student,single,Desconocido,No,Sí,No
CLI002031,cellular,may,fri,3,999,0,nonexistent,-1.8,92.893,-46.2,1.313,5099.1,No,24,technician,single,basic.9y,No,No,No
CLI002032,cellular,jul,thu,1,999,0,nonexistent,1.4,93.918,-42.7,4.963,5228.1,No,33,self-employed,married,basic.9y,Desconocido,Sí,No
CLI002033,telephone,jun,mon,2,999,0,nonexistent,1.4,94.465,-41.8,4.961,5228.1,No,34,technician,married,basic.6y,Desconocido,No,No
CLI002034,cellular,may,mon,1,999,0,nonexistent,-1.8,92.893,-46.2,1.299,5099.1,Sí,27,blue-collar,married,basic.9y,No,No,No
CLI002035,cellular,jul,thu,1,999,0,nonexistent,1.4,93.918,-42.7,4.958,5228.1,No,35,self-employed,married,university.degree,No,Sí,No
CLI002036,cellular,may,thu,2,999,1,failure,-1.8,92.893,-46.2,1.266,5099.1,No,23,technician,single,high.school,No,No,No
CLI002037,cellular,aug,tue,10,999,0,nonexistent,1.4,93.444,-36.1,4.965,5228.1,No,32,technician,single,,No,No,No
CLI002038,cellular,aug,mon,2,999,0,nonexistent,1.4,93.444,-36.1,4.963,5228.1,No,38,admin.,divorced,university.degree,No,No,No
CLI002039,telephone,may,tue,1,999,0,nonexistent,1.1,93.994,-36.4,4.856,5191.0,No,42,admin.,divorced,university.degree,No,No,No
CLI002040,telephone,may,mon,2,999,0,nonexistent,1.1,93.994,-36.4,4.857,5191.0,No,36,technician,married,professional.course,No,No,No
CLI002041,telephone,may,fri,1,999,0,nonexistent,1.1,93.994,-36.4,4.855,5191.0,No,29,management,single,university.degree,No,Sí,No
CLI002042,cellular,jul,wed,16,999,0,nonexistent,1.4,93.918,-42.7,4.957,5228.1,No,59,retired,married,university.degree,Desconocido,Sí,Sí
CLI002043,telephone,jun,fri,1,999,0,nonexistent,1.4,94.465,-41.8,4.967,5228.1,No,38,blue-collar,married,basic.9y,Desconocido,Desconocido,Desconocido
CLI002044,cellular,aug,tue,1,999,0,nonexistent,1.4,93.444,-36.1,4.963,5228.1,No,40,technician,single,university.degree,No,No,No
CLI002045,telephone,jun,wed,2,999,0,nonexistent,1.4,94.465,-41.8,4.864,5228.1,No,29,admin.,single,high.school,No,Sí,No
CLI002046,cellular,jul,wed,2,999,0,nonexistent,1.4,93.918,-42.7,4.962,5228.1,No,39,technician,married,professional.course,No,Sí,No
CLI002047,telephone,jun,mon,3,999,0,nonexistent,1.4,94.465,-41.8,4.96,5228.1,No,38,admin.,divorced,high.school,No,No,No
CLI002048,cellular,aug,fri,1,999,0,nonexistent,1.4,93.444,-36.1,4.966,5228.1,No,51,blue-collar,married,basic.4y,Desconocido,No,No
CLI002049,telephone,jun,fri,7,999,0,nonexistent,1.4,94.465,-41.8,4.959,5228.1,No,41,admin.,married,high.school,Desconocido,No,No
CLI002050,cellular,nov,fri,1,999,0,nonexistent,-1.1,94.767,-50.8,1.04,4963.6,Sí,37,admin.,married,university.degree,No,Sí,No
CLI002051,telephone,oct,wed,1,999,0,nonexistent,-0.1,93.798,-40.4,4.936,5195.8,No,56,technician,married,professional.course,No,No,No
CLI002052,telephone,may,fri,3,999,0,nonexistent,1.1,93.994,-36.4,4.864,5191.0,No,28,admin.,single,university.degree,No,Sí,Sí
CLI002053,telephone,may,thu,1,999,0,nonexistent,1.1,93.994,-36.4,4.855,5191.0,No,46,blue-collar,married,basic.4y,Desconocido,No,No
CLI002054,cellular,jul,wed,2,999,0,nonexistent,1.4,93.918,-42.7,4.957,5228.1,No,55,blue-collar,married,basic.4y,No,No,No
CLI002055,cellular,sep,wed,1,6,2,success,-1.1,94.199,-37.5,0.886,4963.6,Sí,69,retired,married,high.school,No,,Sí
CLI002056,telephone,jun,thu,5,999,0,nonexistent,1.4,94.465,-41.8,4.958,5228.1,No,32,technician,married,basic.9y,Desconocido,No,No
CLI002057,telephone,aug,mon,2,999,0,nonexistent,1.4,93.444,-36.1,4.965,5228.1,No,37,technician,married,high.school,Desconocido,Sí,Sí
CLI002058,telephone,jul,thu,1,999,0,nonexistent,1.4,93.918,-42.7,4.968,5228.1,No,50,management,married,university.degree,Desconocido,Sí,No
CLI002059,cellular,aug,wed,2,999,0,nonexistent,1.4,93.444,-36.1,4.967,5228.1,No,31,technician,single,high.school,No,Sí,No
CLI002060,cellular,jul,mon,4,999,0,nonexistent,1.4,93.918,-42.7,4.962,5228.1,No,31,services,married,high.school,No,No,No
CLI002061,telephone,may,mon,1,999,0,nonexistent,1.1,93.994,-36.4,4.858,5191.0,No,41,admin.,divorced,university.degree,Desconocido,Sí,No
CLI002062,telephone,jun,wed,2,999,0,nonexistent,1.4,94.465,-41.8,4.959,5228.1,No,25,admin.,married,Desconocido,No,No,No
CLI002063,telephone,apr,tue,1,999,1,failure,-1.8,93.075,-47.1,1.423,5099.1,No,24,services,single,high.school,No,Sí,No
CLI002064,telephone,may,mon,2,999,0,nonexistent,1.1,93.994,-36.4,4.857,5191.0,No,38,blue-collar,married,basic.6y,Desconocido,No,No
CLI002065,telephone,may,wed,3,999,0,nonexistent,1.1,93.994,-36.4,4.858,5191.0,No,30,blue-collar,married,basic.9y,No,No,Sí
CLI002066,telephone,may,wed,1,999,0,nonexistent,1.1,93.994,-36.4,4.858,5191.0,No,36,technician,married,university.degree,No,No,No
CLI002067,cellular,aug,thu,2,999,0,nonexistent,1.4,93.444,-36.1,4.963,5228.1,No,31,technician,divorced,university.degree,No,Sí,No
CLI002068,telephone,may,thu,1,999,0,nonexistent,1.1,93.994,-36.4,4.86,5191.0,No,41,blue-collar,married,basic.6y,No,No,No
CLI002069,telephone,may,tue,11,999,0,nonexistent,1.1,93.994,-36.4,4.856,5191.0,No,47,blue-collar,married,professional.course,Desconocido,Sí,No
CLI002070,telephone,may,wed,1,999,0,nonexistent,1.1,93.994,-36.4,4.856,5191.0,No,33,self-employed,married,basic.9y,No,Sí,No
CLI002071,cellular,mar,mon,2,6,2,success,-1.8,93.369,-34.8,0.639,5008.7,Sí,30,technician,Desconocido,university.degree,No,No,No
CLI002072,cellular,aug,tue,3,999,0,nonexistent,1.4,93.444,-36.1,4.966,5228.1,Sí,53,management,married,university.degree,No,Sí,No
CLI002073,cellular,aug,mon,6,999,0,nonexistent,1.4,93.444,-36.1,4.965,5228.1,Sí,36,technician,married,high.school,No,Sí,No
CLI002074,cellular,apr,mon,1,999,0,nonexistent,-1.8,93.075,-47.1,1.466,5099.1,No,45,blue-collar,single,basic.9y,No,,No
CLI002075,cellular,nov,thu,2,999,0,nonexistent,-0.1,93.2,-42.0,4.076,5195.8,No,40,services,married,basic.6y,No,No,No
CLI002076,cellular,jul,wed,1,999,0,nonexistent,1.4,93.918,-42.7,4.962,5228.1,No,43,housemaid,married,basic.4y,No,Sí,No
CLI002077,cellular,jul,tue,19,999,0,nonexistent,1.4,93.918,-42.7,4.961,5228.1,No,30,technician,married,professional.course,No,No,No
CLI002078,telephone,jun,fri,4,999,0,nonexistent,1.4,94.465,-41.8,4.959,5228.1,Sí,56,technician,married,Desconocido,No,No,Sí
CLI002079,cellular,aug,tue,1,999,0,nonexistent,1.4,93.444,-36.1,4.968,5228.1,No,45,technician,married,professional.course,Desconocido,Sí,No
CLI002080,cellular,apr,fri,1,999,0,nonexistent,-1.8,93.075,-47.1,1.405,5099.1,No,41,blue-collar,married,basic.9y,No,No,Sí
CLI002081,telephone,jun,thu,2,999,0,nonexistent,1.4,94.465,-41.8,4.961,5228.1,No,37,blue-collar,married,basic.6y,No,Sí,No
CLI002082,cellular,jul,tue,2,999,0,nonexistent,1.4,93.918,-42.7,4.961,5228.1,No,31,admin.,single,university.degree,No,Sí,Sí
CLI002083,telephone,aug,mon,10,999,0,nonexistent,1.4,93.444,-36.1,4.963,5228.1,No,38,technician,married,university.degree,No,No,No
CLI002084,telephone,may,mon,1,999,0,nonexistent,1.1,93.994,-36.4,4.857,5191.0,No,35,student,single,high.school,No,Sí,Sí
CLI002085,telephone,jul,thu,14,999,0,nonexistent,1.4,93.918,-42.7,4.968,5228.1,No,37,admin.,married,high.school,No,Sí,No
CLI002086,cellular,jul,mon,3,999,0,nonexistent,1.4,93.918,-42.7,4.962,5228.1,No,44,blue-collar,married,basic.9y,No,Sí,
CLI002087,cellular,nov,tue,1,999,0,nonexistent,-0.1,93.2,-42.0,4.153,5195.8,No,33,admin.,single,university.degree,No,Sí,Sí
CLI002088,telephone,may,wed,2,999,0,nonexistent,1.1,93.994,-36.4,4.857,5191.0,No,35,blue-collar,married,basic.6y,Desconocido,No,No
CLI002089,cellular,apr,fri,1,999,0,nonexistent,-1.8,93.075,-47.1,1.405,5099.1,No,41,management,married,university.degree,No,Sí,No
CLI002090,cellular,jul,tue,4,999,1,failure,-2.9,92.469,-33.6,0.908,5076.2,No,34,admin.,married,university.degree,No,No,Sí
CLI002091,cellular,jun,wed,1,3,1,success,-1.7,94.055,-39.8,0.715,4991.6,Sí,33,admin.,single,university.degree,No,No,No
CLI002092,cellular,oct,tue,1,999,1,failure,-3.4,92.431,-26.9,0.744,5017.5,No,43,management,single,university.degree,No,No,No
CLI002093,telephone,may,fri,2,999,0,nonexistent,1.1,93.994,-36.4,4.859,5191.0,No,38,entrepreneur,married,basic.6y,No,No,
CLI002094,telephone,may,mon,2,999,0,nonexistent,1.1,93.994,-36.4,4.857,5191.0,No,43,services,married,high.school,No,Sí,No
CLI002095,cellular,nov,wed,2,999,1,failure,-0.1,93.2,-42.0,4.12,5195.8,No,53,blue-collar,married,basic.9y,No,Sí,No
CLI002096,telephone,may,fri,1,999,0,nonexistent,1.1,93.994,-36.4,4.855,5191.0,No,37,services,married,high.school,No,Sí,No
CLI002097,cellular,may,tue,2,999,0,nonexistent,-1.8,92.893,-46.2,1.344,5099.1,No,55,blue-collar,married,high.school,No,No,No
CLI002098,telephone,may,thu,1,999,1,failure,-1.8,92.893,-46.2,1.327,5099.1,No,33,services,married,high.school,No,No,No
CLI002099,cellular,may,fri,5,999,1,failure,-1.8,92.893,-46.2,1.313,5099.1,No,29,technician,divorced,professional.course,Desconocido,Sí,No
CLI002100,cellular,jul,tue,1,999,0,nonexistent,1.4,93.918,-42.7,4.961,5228.1,No,52,housemaid,married,university.degree,No,No,Sí
CLI002101,telephone,oct,fri,3,999,0,nonexistent,-3.4,92.431,-26.9,0.72,5017.5,No,37,admin.,single,university.degree,No,Sí,No
CLI002102,telephone,nov,mon,1,999,0,nonexistent,-0.1,93.2,-42.0,4.191,5195.8,Sí,32,blue-collar,married,high.school,No,Sí,No
CLI002103,cellular,jul,wed,11,999,0,nonexistent,1.4,93.918,-42.7,4.957,5228.1,Sí,33,blue-collar,married,basic.9y,No,Sí,No
CLI002104,cellular,may,tue,1,999,0,nonexistent,-1.8,92.893,-46.2,1.291,5099.1,Sí,48,management,married,basic.9y,No,Sí,No
CLI002105,cellular,jul,fri,1,999,0,nonexistent,1.4,93.918,-42.7,4.962,5228.1,No,55,retired,married,basic.4y,Desconocido,Sí,Sí
CLI002106,telephone,jun,thu,1,999,0,nonexistent,1.4,94.465,-41.8,4.961,5228.1,No,49,admin.,divorced,high.school,No,No,No
CLI002107,cellular,aug,tue,1,999,0,nonexistent,1.4,93.444,-36.1,4.968,5228.1,No,39,unemployed,divorced,,Desconocido,No,No
CLI002108,cellular,aug,fri,1,999,0,nonexistent,1.4,93.444,-36.1,4.966,5228.1,No,31,entrepreneur,married,university.degree,No,Sí,No
CLI002109,telephone,may,mon,2,999,0,nonexistent,1.1,93.994,-36.4,4.858,5191.0,No,26,services,married,high.school,No,No,No
CLI002110,telephone,jul,mon,2,999,0,nonexistent,1.4,93.918,-42.7,4.96,5228.1,No,28,technician,married,basic.9y,No,Sí,No
CLI002111,cellular,aug,thu,1,999,0,nonexistent,1.4,93.444,-36.1,4.962,5228.1,No,33,services,married,professional.course,No,Sí,Sí
CLI002112,telephone,may,tue,1,999,0,nonexistent,1.1,93.994,-36.4,4.856,5191.0,No,41,entrepreneur,single,university.degree,Desconocido,Sí,No
CLI002113,cellular,jul,mon,1,999,0,nonexistent,1.4,93.918,-42.7,4.96,5228.1,No,27,blue-collar,single,basic.9y,No,No,No
CLI002114,cellular,aug,wed,2,999,0,nonexistent,1.4,93.444,-36.1,4.965,5228.1,No,33,management,married,university.degree,No,Sí,No
CLI002115,cellular,jul,fri,8,999,0,nonexistent,1.4,93.918,-42.7,4.962,5228.1,No,56,blue-collar,married,basic.9y,Desconocido,No,
CLI002116,cellular,nov,thu,1,999,0,nonexistent,-0.1,93.2,-42.0,4.076,5195.8,No,30,admin.,married,basic.9y,No,Sí,Sí
CLI002117,telephone,may,thu,24,999,0,nonexistent,1.1,93.994,-36.4,4.86,5191.0,No,46,self-employed,married,basic.4y,Desconocido,No,No
CLI002118,cellular,may,thu,1,6,2,success,-1.8,93.876,-40.0,0.699,5008.7,Sí,36,admin.,married,university.degree,No,Sí,Sí
CLI002119,cellular,jul,mon,4,999,0,nonexistent,1.4,93.918,-42.7,4.96,5228.1,No,34,technician,single,professional.course,Desconocido,Sí,No
CLI002120,telephone,jun,fri,2,999,0,nonexistent,1.4,94.465,-41.8,4.959,5228.1,No,58,retired,married,basic.4y,No,No,
CLI002121,cellular,sep,wed,1,3,3,success,-1.1,94.199,-37.5,0.88,4963.6,Sí,44,management,married,university.degree,No,No,No
CLI002122,cellular,may,tue,1,3,3,success,-1.8,93.876,-40.0,0.668,5008.7,Sí,48,blue-collar,married,basic.9y,No,Sí,No
CLI002123,cellular,aug,tue,1,999,0,nonexistent,1.4,93.444,-36.1,4.968,5228.1,No,48,blue-collar,married,basic.9y,Desconocido,Sí,No
CLI002124,cellular,may,fri,2,999,0,nonexistent,-1.8,92.893,-46.2,1.259,5099.1,No,27,admin.,married,high.school,No,Sí,No
CLI002125,cellular,nov,mon,1,999,0,nonexistent,-0.1,93.2,-42.0,4.191,5195.8,No,53,unemployed,married,university.degree,No,Sí,No
CLI002126,telephone,may,fri,1,999,0,nonexistent,1.1,93.994,-36.4,4.857,5191.0,No,50,technician,married,professional.course,No,Sí,No
CLI002127,cellular,may,thu,2,999,1,failure,-1.8,92.893,-46.2,1.327,5099.1,No,46,management,married,university.degree,No,Sí,No
CLI002128,cellular,jul,tue,1,999,0,nonexistent,1.4,93.918,-42.7,4.961,5228.1,No,24,student,single,high.school,No,Sí,No
CLI002129,cellular,aug,fri,3,999,0,nonexistent,1.4,93.444,-36.1,4.966,5228.1,Sí,58,self-employed,married,university.degree,No,No,No
CLI002130,cellular,jun,wed,4,12,3,failure,-1.7,94.055,-39.8,0.767,4991.6,Sí,26,admin.,married,high.school,No,No,No
CLI002131,cellular,nov,wed,1,999,0,nonexistent,-0.1,93.2,-42.0,4.12,5195.8,No,31,blue-collar,married,basic.9y,No,No,No
CLI002132,telephone,jun,thu,1,999,0,nonexistent,1.4,94.465,-41.8,4.955,5228.1,No,45,technician,single,professional.course,Desconocido,Sí,Sí
CLI002133,cellular,jul,mon,1,999,0,nonexistent,1.4,93.918,-42.7,4.962,5228.1,No,37,admin.,married,university.degree,Desconocido,No,No
CLI002134,telephone,may,wed,1,999,0,nonexistent,1.1,93.994,-36.4,4.856,5191.0,No,34,admin.,single,high.school,No,Sí,No
CLI002135,cellular,may,wed,1,999,1,failure,-1.8,92.893,-46.2,1.334,5099.1,No,37,admin.,married,university.degree,No,No,No
CLI002136,cellular,may,tue,1,999,0,nonexistent,-1.8,92.893,-46.2,1.266,5099.1,Sí,29,technician,single,high.school,No,No,Sí
CLI002137,cellular,jul,thu,4,999,0,nonexistent,1.4,93.918,-42.7,4.958,5228.1,No,27,admin.,single,university.degree,No,Sí,No
CLI002138,telephone,jun,mon,1,999,0,nonexistent,1.4,94.465,-41.8,4.961,5228.1,No,26,services,single,high.school,No,Sí,No
CLI002139,cellular,may,wed,1,999,0,nonexistent,-1.8,92.893,-46.2,1.334,5099.1,No,36,management,married,basic.9y,No,Sí,Sí
CLI002140,telephone,jul,mon,2,999,0,nonexistent,1.4,93.918,-42.7,4.96,5228.1,No,48,admin.,divorced,high.school,No,No,No
CLI002141,cellular,may,thu,3,999,1,failure,-1.8,92.893,-46.2,1.327,5099.1,No,46,management,married,university.degree,No,Sí,Sí
CLI002142,cellular,nov,thu,6,999,0,nonexistent,-0.1,93.2,-42.0,4.076,5195.8,No,42,blue-collar,divorced,basic.4y,Desconocido,No,No
CLI002143,cellular,aug,mon,4,999,0,nonexistent,1.4,93.444,-36.1,4.963,5228.1,No,43,technician,married,university.degree,No,Sí,No
CLI002145,cellular,jun,thu,4,999,0,nonexistent,-2.9,92.963,-40.8,1.235,5076.2,Sí,29,admin.,single,university.degree,No,No,Sí
CLI002146,cellular,jul,fri,2,999,0,nonexistent,1.4,93.918,-42.7,4.962,5228.1,No,31,admin.,divorced,high.school,No,No,Sí
CLI002147,telephone,jun,mon,3,999,0,nonexistent,1.4,94.465,-41.8,4.96,5228.1,No,57,management,married,university.degree,Desconocido,No,No
CLI002148,telephone,jun,tue,2,999,0,nonexistent,1.4,94.465,-41.8,4.864,5228.1,No,31,management,single,university.degree,No,Sí,No
CLI002149,telephone,may,thu,2,999,0,nonexistent,1.1,93.994,-36.4,4.86,5191.0,No,55,blue-collar,married,basic.9y,No,No,No
CLI002150,cellular,nov,fri,1,999,0,nonexistent,-0.1,93.2,-42.0,4.021,5195.8,No,49,admin.,married,high.school,No,Sí,No
CLI002151,cellular,may,wed,6,999,0,nonexistent,-1.8,92.893,-46.2,1.281,5099.1,No,36,admin.,married,university.degree,No,Sí,No
CLI002152,cellular,may,mon,1,999,0,nonexistent,-1.8,92.893,-46.2,1.354,5099.1,No,30,Desconocido,married,,No,No,No
CLI002153,telephone,jun,thu,1,999,0,nonexistent,1.4,94.465,-41.8,4.961,5228.1,No,38,admin.,married,high.school,No,No,No
CLI002154,telephone,may,wed,1,999,0,nonexistent,1.1,93.994,-36.4,4.856,5191.0,No,51,blue-collar,married,basic.9y,No,No,No
CLI002155,telephone,may,fri,2,999,0,nonexistent,1.1,93.994,-36.4,4.855,5191.0,No,48,admin.,married,professional.course,Desconocido,Sí,No
CLI002156,cellular,aug,tue,3,999,0,nonexistent,1.4,93.444,-36.1,4.966,5228.1,No,45,admin.,married,university.degree,No,No,No
CLI002157,cellular,aug,fri,1,4,1,success,-2.9,92.201,-31.4,0.881,5076.2,Sí,27,blue-collar,Desconocido,high.school,No,No,No
CLI002158,telephone,jul,fri,1,999,0,nonexistent,1.4,93.918,-42.7,4.962,5228.1,No,54,technician,married,professional.course,No,Sí,No
CLI002159,telephone,may,wed,2,999,0,nonexistent,1.1,93.994,-36.4,4.858,5191.0,No,31,blue-collar,single,basic.9y,Desconocido,Sí,
CLI002160,telephone,may,mon,1,999,0,nonexistent,1.1,93.994,-36.4,4.857,5191.0,No,37,admin.,married,basic.4y,No,Sí,No
CLI002161,cellular,apr,mon,5,999,0,nonexistent,-1.8,93.075,-47.1,1.405,5099.1,No,36,services,single,high.school,Desconocido,No,Sí
CLI002162,cellular,may,wed,2,999,1,failure,-1.8,92.893,-46.2,1.281,5099.1,No,41,blue-collar,married,basic.9y,Desconocido,Sí,No
CLI002163,telephone,may,mon,4,999,0,nonexistent,1.1,93.994,-36.4,4.858,5191.0,No,40,admin.,single,Desconocido,Desconocido,No,Sí
CLI002164,telephone,may,tue,2,999,0,nonexistent,1.1,93.994,-36.4,4.856,5191.0,No,36,technician,divorced,university.degree,Desconocido,Sí,No
CLI002165,telephone,jun,fri,2,999,0,nonexistent,1.4,94.465,-41.8,4.959,5228.1,No,41,blue-collar,married,basic.9y,Desconocido,No,No
CLI002166,cellular,may,fri,2,999,0,nonexistent,-1.8,92.893,-46.2,1.313,5099.1,No,34,technician,married,professional.course,No,Sí,No
CLI002167,cellular,nov,thu,2,999,0,nonexistent,-0.1,93.2,-42.0,4.076,5195.8,No,30,admin.,single,university.degree,No,Sí,No
CLI002168,telephone,may,thu,1,999,0,nonexistent,1.1,93.994,-36.4,4.86,5191.0,No,41,blue-collar,married,basic.4y,No,No,No
CLI002169,cellular,jul,thu,1,999,0,nonexistent,1.4,93.918,-42.7,4.963,5228.1,No,30,services,single,high.school,No,No,No
CLI002170,cellular,jul,mon,1,999,0,nonexistent,1.4,93.918,-42.7,4.96,5228.1,No,41,technician,divorced,high.school,No,Sí,No
CLI002171,cellular,may,wed,3,999,0,nonexistent,-1.8,92.893,-46.2,1.281,5099.1,No,27,admin.,married,high.school,No,Sí,No
CLI002172,cellular,may,mon,1,999,0,nonexistent,-1.8,92.893,-46.2,1.299,5099.1,No,30,admin.,single,university.degree,No,Sí,No
CLI002173,telephone,may,tue,1,999,0,nonexistent,1.1,93.994,-36.4,4.857,5191.0,No,38,management,married,high.school,No,No,No
CLI002174,cellular,jul,mon,6,999,0,nonexistent,1.4,93.918,-42.7,4.962,5228.1,No,32,management,single,university.degree,No,No,No
CLI002175,cellular,may,wed,1,999,1,failure,-1.8,92.893,-46.2,1.281,5099.1,No,29,admin.,married,high.school,No,No,No
CLI002176,telephone,may,wed,1,999,0,nonexistent,1.1,93.994,-36.4,4.856,5191.0,No,45,blue-collar,married,basic.9y,Desconocido,Sí,Sí
CLI002177,telephone,may,fri,1,999,0,nonexistent,1.1,93.994,-36.4,4.859,5191.0,No,48,technician,married,professional.course,Desconocido,Sí,No
CLI002178,telephone,may,wed,2,999,0,nonexistent,1.1,93.994,-36.4,4.857,5191.0,No,39,blue-collar,single,basic.4y,Desconocido,No,No
CLI002179,cellular,apr,tue,2,999,0,nonexistent,-1.8,93.075,-47.1,1.405,5099.1,No,47,housemaid,married,basic.4y,No,No,No
CLI002180,cellular,may,tue,2,999,0,nonexistent,-1.8,92.893,-46.2,1.344,5099.1,No,39,blue-collar,married,basic.9y,No,No,No
CLI002181,cellular,jul,tue,6,999,0,nonexistent,-2.9,92.469,-33.6,0.908,5076.2,No,23,student,single,basic.9y,No,No,No
CLI002182,telephone,jun,mon,2,999,0,nonexistent,1.4,94.465,-41.8,4.961,5228.1,No,31,blue-collar,married,basic.4y,No,Sí,Sí
CLI002183,cellular,aug,tue,1,999,0,nonexistent,1.4,93.444,-36.1,4.963,5228.1,No,31,technician,single,university.degree,No,Sí,No
CLI002184,cellular,jul,wed,1,999,0,nonexistent,1.4,93.918,-42.7,4.963,5228.1,No,39,management,married,basic.9y,No,No,No
CLI002185,telephone,jun,wed,6,999,0,nonexistent,1.4,94.465,-41.8,4.864,5228.1,No,45,admin.,single,high.school,No,No,No
CLI002186,cellular,aug,wed,1,999,0,nonexistent,1.4,93.444,-36.1,4.965,5228.1,No,39,technician,married,professional.course,No,Sí,Sí
CLI002187,cellular,aug,wed,3,4,2,success,-2.9,92.201,-31.4,0.884,5076.2,Sí,37,technician,married,professional.course,No,No,No
CLI002188,telephone,jul,wed,2,999,0,nonexistent,1.4,93.918,-42.7,4.963,5228.1,No,25,services,single,basic.9y,No,No,No
CLI002189,telephone,jun,thu,2,999,0,nonexistent,1.4,94.465,-41.8,4.866,5228.1,No,50,blue-collar,married,basic.4y,No,Desconocido,Desconocido
CLI002190,telephone,jun,mon,2,999,0,nonexistent,1.4,94.465,-41.8,4.961,5228.1,No,28,entrepreneur,single,high.school,No,Sí,No
CLI002191,cellular,may,thu,1,999,1,failure,-1.8,92.893,-46.2,1.266,5099.1,No,33,services,single,high.school,No,Sí,No
CLI002192,cellular,jul,fri,2,999,0,nonexistent,1.4,93.918,-42.7,4.962,5228.1,No,41,admin.,married,basic.9y,Desconocido,Sí,No
CLI002193,cellular,aug,wed,7,999,0,nonexistent,1.4,93.444,-36.1,4.964,5228.1,No,30,housemaid,married,university.degree,No,Sí,No
CLI002194,cellular,aug,tue,1,999,0,nonexistent,1.4,93.444,-36.1,4.965,5228.1,No,41,technician,single,professional.course,No,Sí,No
CLI002195,telephone,may,thu,4,999,0,nonexistent,1.1,93.994,-36.4,4.86,5191.0,No,59,entrepreneur,married,basic.9y,No,No,No
CLI002196,cellular,may,fri,2,999,0,nonexistent,-1.8,92.893,-46.2,1.259,5099.1,Sí,37,housemaid,single,university.degree,No,No,
CLI002197,cellular,apr,thu,1,999,1,failure,-1.8,93.075,-47.1,1.41,5099.1,No,31,blue-collar,married,basic.4y,No,Sí,No
CLI002198,cellular,aug,fri,2,999,0,nonexistent,1.4,93.444,-36.1,4.963,5228.1,No,31,admin.,single,university.degree,No,Sí,No
CLI002199,telephone,may,thu,1,999,0,nonexistent,1.1,93.994,-36.4,4.86,5191.0,No,49,blue-collar,married,basic.9y,No,No,No
CLI002200,telephone,may,wed,1,999,0,nonexistent,-1.8,93.876,-40.0,0.672,5008.7,No,46,management,married,basic.9y,No,Sí,No
CLI002201,cellular,jul,thu,3,999,0,nonexistent,1.4,93.918,-42.7,4.958,5228.1,No,33,services,single,high.school,No,Sí,No
CLI002202,cellular,may,wed,4,999,1,failure,-1.8,92.893,-46.2,1.334,5099.1,No,40,services,married,high.school,No,No,No
CLI002203,cellular,aug,tue,1,999,0,nonexistent,-2.9,92.201,-31.4,0.884,5076.2,Sí,18,student,single,basic.9y,No,Sí,No
CLI002204,cellular,aug,wed,2,999,0,nonexistent,-2.9,92.201,-31.4,0.879,5076.2,No,76,retired,married,basic.4y,No,,No
CLI002205,cellular,nov,mon,1,999,0,nonexistent,-0.1,93.2,-42.0,4.191,5195.8,No,57,admin.,married,university.degree,No,No,Sí
CLI002206,telephone,oct,wed,1,999,0,nonexistent,-3.4,92.431,-26.9,0.724,5017.5,No,73,retired,married,basic.4y,No,Sí,No
CLI002207,cellular,aug,tue,1,999,0,nonexistent,1.4,93.444,-36.1,4.965,5228.1,No,48,services,married,basic.4y,Desconocido,Sí,No
CLI002208,cellular,jul,mon,2,999,0,nonexistent,1.4,93.918,-42.7,4.962,5228.1,No,56,services,divorced,high.school,Desconocido,Sí,No
CLI002209,cellular,may,tue,2,999,0,nonexistent,-1.8,92.893,-46.2,1.291,5099.1,No,37,technician,single,university.degree,No,No,No
CLI002210,cellular,jul,fri,1,999,0,nonexistent,1.4,93.918,-42.7,4.957,5228.1,No,45,admin.,divorced,university.degree,No,No,No
CLI002211,cellular,jul,tue,8,999,0,nonexistent,1.4,93.918,-42.7,4.961,5228.1,No,28,technician,single,high.school,No,No,No
CLI002212,cellular,aug,wed,1,999,0,nonexistent,1.4,93.444,-36.1,4.967,5228.1,No,39,technician,single,university.degree,No,Sí,No
CLI002213,cellular,aug,thu,1,3,1,success,-2.9,92.201,-31.4,0.851,5076.2,Sí,35,blue-collar,divorced,high.school,No,No,No
CLI002214,telephone,may,thu,4,999,0,nonexistent,1.1,93.994,-36.4,4.86,5191.0,No,51,services,divorced,basic.4y,Desconocido,Sí,No
CLI002215,cellular,jul,tue,3,999,0,nonexistent,1.4,93.918,-42.7,4.961,5228.1,No,46,housemaid,single,university.degree,Desconocido,No,Sí
CLI002216,telephone,may,tue,1,999,0,nonexistent,1.1,93.994,-36.4,4.856,5191.0,No,50,self-employed,married,,No,Sí,Sí
CLI002217,cellular,jul,thu,5,999,0,nonexistent,1.4,93.918,-42.7,4.968,5228.1,Sí,42,admin.,married,university.degree,No,No,No
CLI002218,telephone,jun,mon,1,999,0,nonexistent,1.4,94.465,-41.8,4.961,5228.1,No,41,blue-collar,single,basic.9y,Desconocido,No,No
CLI002219,telephone,may,tue,4,999,0,nonexistent,1.1,93.994,-36.4,4.857,5191.0,No,32,blue-collar,married,basic.9y,No,No,No
CLI002220,cellular,may,thu,2,999,0,nonexistent,-1.8,92.893,-46.2,1.327,5099.1,No,31,management,single,university.degree,No,Sí,No
CLI002221,telephone,jun,mon,3,999,0,nonexistent,1.4,94.465,-41.8,4.865,5228.1,No,44,blue-collar,divorced,Desconocido,No,No,Sí
CLI002222,telephone,jun,fri,2,999,0,nonexistent,1.4,94.465,-41.8,4.947,5228.1,No,37,blue-collar,married,basic.4y,Desconocido,,No
CLI002223,cellular,jul,mon,3,999,0,nonexistent,1.4,93.918,-42.7,4.962,5228.1,No,27,blue-collar,single,basic.9y,No,Sí,No
CLI002224,telephone,may,wed,1,999,0,nonexistent,1.1,93.994,-36.4,4.859,5191.0,No,37,admin.,married,university.degree,No,Sí,No
CLI002225,cellular,may,wed,7,999,0,nonexistent,-1.8,92.893,-46.2,1.281,5099.1,No,45,services,married,high.school,Desconocido,,No
CLI002226,telephone,may,thu,1,999,0,nonexistent,1.1,93.994,-36.4,4.855,5191.0,No,41,admin.,married,basic.9y,Desconocido,Sí,No
CLI002227,cellular,aug,mon,5,999,0,nonexistent,1.4,93.444,-36.1,4.965,5228.1,No,32,technician,married,university.degree,No,No,Sí
CLI002228,cellular,may,wed,1,999,0,nonexistent,-1.8,92.893,-46.2,1.334,5099.1,No,46,admin.,married,high.school,No,No,No
CLI002229,cellular,aug,mon,2,999,0,nonexistent,1.4,93.444,-36.1,4.965,5228.1,No,39,technician,married,high.school,No,No,No
CLI002230,telephone,jul,fri,1,999,0,nonexistent,1.4,93.918,-42.7,4.962,5228.1,No,53,management,married,university.degree,No,Sí,No
CLI002231,cellular,apr,mon,2,999,0,nonexistent,-1.8,93.075,-47.1,1.405,5099.1,No,32,technician,married,university.degree,No,No,No
CLI002232,telephone,may,mon,6,999,0,nonexistent,1.1,93.994,-36.4,4.857,5191.0,No,31,services,single,high.school,No,Desconocido,Desconocido
CLI002233,telephone,may,thu,1,999,0,nonexistent,1.1,93.994,-36.4,4.86,5191.0,No,33,blue-collar,married,basic.6y,No,No,No
CLI002234,cellular,aug,fri,2,999,0,nonexistent,1.4,93.444,-36.1,4.966,5228.1,No,40,technician,single,university.degree,No,Sí,No
CLI002235,cellular,mar,fri,1,999,0,nonexistent,-1.8,92.843,-50.0,1.726,5099.1,Sí,34,technician,single,professional.course,No,Sí,No
CLI002236,cellular,jul,wed,1,999,0,nonexistent,1.4,93.918,-42.7,4.962,5228.1,No,23,unemployed,single,university.degree,No,Sí,No
CLI002237,telephone,jul,wed,2,999,0,nonexistent,1.4,93.918,-42.7,4.963,5228.1,No,53,entrepreneur,divorced,university.degree,No,No,No
CLI002238,cellular,nov,tue,3,999,1,failure,-1.1,94.767,-50.8,1.046,4963.6,No,46,admin.,single,university.degree,No,Sí,No
CLI002239,cellular,may,thu,4,999,1,failure,-1.8,92.893,-46.2,1.327,5099.1,No,32,admin.,married,university.degree,No,Sí,No
CLI002240,telephone,may,thu,2,999,0,nonexistent,1.1,93.994,-36.4,4.855,5191.0,No,30,admin.,divorced,university.degree,Desconocido,No,No
CLI002241,telephone,may,wed,1,999,0,nonexistent,1.1,93.994,-36.4,4.857,5191.0,No,29,admin.,single,basic.9y,Desconocido,Sí,No
CLI002242,cellular,may,tue,1,999,0,nonexistent,-1.8,92.893,-46.2,1.266,5099.1,No,39,blue-collar,married,basic.9y,No,Sí,No
CLI002244,telephone,jul,thu,2,999,0,nonexistent,1.4,93.918,-42.7,4.968,5228.1,No,49,admin.,single,high.school,No,No,No
CLI002245,cellular,apr,mon,2,999,0,nonexistent,-1.8,93.075,-47.1,1.405,5099.1,No,36,services,married,high.school,No,Sí,No
CLI002246,telephone,may,thu,15,999,0,nonexistent,1.1,93.994,-36.4,4.86,5191.0,No,36,entrepreneur,married,university.degree,No,Sí,No
CLI002247,telephone,aug,fri,2,4,2,success,-2.9,92.201,-31.4,0.869,5076.2,No,20,student,single,high.school,No,No,No
CLI002248,telephone,may,thu,2,999,0,nonexistent,1.1,93.994,-36.4,4.86,5191.0,No,33,management,married,university.degree,No,Sí,No
CLI002249,cellular,jul,thu,1,999,0,nonexistent,1.4,93.918,-42.7,4.958,5228.1,No,23,management,single,university.degree,No,Sí,No
CLI002250,cellular,nov,thu,2,999,0,nonexistent,-0.1,93.2,-42.0,4.076,5195.8,No,58,retired,married,university.degree,No,Desconocido,Desconocido
CLI002251,cellular,aug,thu,2,999,1,failure,-2.9,92.201,-31.4,0.873,5076.2,Sí,36,services,married,high.school,No,Sí,Sí
CLI002252,cellular,may,mon,2,999,1,failure,-1.8,92.893,-46.2,1.299,5099.1,No,31,technician,single,high.school,No,No,No
CLI002253,telephone,oct,thu,1,3,1,success,-1.1,94.601,-49.5,0.987,4963.6,Sí,37,admin.,single,high.school,No,No,No
CLI002254,cellular,aug,wed,1,999,0,nonexistent,1.4,93.444,-36.1,4.964,5228.1,No,57,blue-collar,married,basic.4y,Desconocido,,No
CLI002255,cellular,may,thu,6,999,1,failure,-1.8,92.893,-46.2,1.266,5099.1,No,34,blue-collar,divorced,basic.9y,Desconocido,Sí,No
CLI002256,cellular,may,fri,1,999,0,nonexistent,-1.8,92.893,-46.2,1.313,5099.1,No,29,services,divorced,high.school,No,Sí,No
CLI002257,cellular,sep,thu,1,999,2,failure,-1.1,94.199,-37.5,0.878,4963.6,No,54,admin.,divorced,university.degree,No,Sí,No
CLI002258,cellular,may,fri,2,9,2,failure,-1.8,92.893,-46.2,1.25,5099.1,No,49,blue-collar,married,basic.9y,No,No,No
CLI002259,cellular,jul,mon,9,999,0,nonexistent,1.4,93.918,-42.7,4.96,5228.1,No,32,blue-collar,married,basic.9y,Desconocido,Sí,No
CLI002260,telephone,may,wed,2,999,0,nonexistent,1.1,93.994,-36.4,4.856,5191.0,No,38,blue-collar,single,Desconocido,Desconocido,No,Sí
CLI002261,telephone,may,thu,1,999,0,nonexistent,1.1,93.994,-36.4,4.855,5191.0,No,33,management,married,high.school,Desconocido,No,No
CLI002262,telephone,may,thu,2,999,0,nonexistent,1.1,93.994,-36.4,4.855,5191.0,No,30,blue-collar,married,basic.9y,No,Sí,Sí
CLI002263,telephone,apr,tue,2,999,0,nonexistent,-1.8,93.075,-47.1,1.405,5099.1,Sí,78,retired,married,basic.4y,No,Sí,No
CLI002264,telephone,may,fri,1,999,0,nonexistent,1.1,93.994,-36.4,4.859,5191.0,Sí,35,admin.,single,high.school,No,No,Sí
CLI002265,telephone,may,mon,1,999,0,nonexistent,1.1,93.994,-36.4,4.857,5191.0,No,51,blue-collar,married,basic.6y,Desconocido,Desconocido,Desconocido
CLI002266,telephone,may,fri,1,999,0,nonexistent,1.1,93.994,-36.4,4.857,5191.0,No,47,management,divorced,university.degree,No,No,No
CLI002267,cellular,apr,fri,2,999,0,nonexistent,-1.8,93.075,-47.1,1.405,5099.1,No,44,admin.,single,university.degree,No,No,No
CLI002268,cellular,apr,thu,2,999,0,nonexistent,-1.8,93.075,-47.1,1.365,5099.1,Sí,47,blue-collar,married,high.school,No,No,No
CLI002269,cellular,aug,mon,3,999,0,nonexistent,1.4,93.444,-36.1,4.965,5228.1,No,34,admin.,single,university.degree,No,Sí,No
CLI002270,cellular,apr,mon,1,999,1,failure,-1.8,93.075,-47.1,1.405,5099.1,No,37,blue-collar,single,professional.course,No,Sí,No
CLI002271,cellular,jul,mon,3,999,0,nonexistent,1.4,93.918,-42.7,4.962,5228.1,No,30,technician,married,professional.course,No,Sí,No
CLI002272,cellular,jul,wed,4,999,0,nonexistent,1.4,93.918,-42.7,4.963,5228.1,No,30,management,married,university.degree,No,Sí,Sí
CLI002273,telephone,may,thu,1,999,0,nonexistent,1.1,93.994,-36.4,4.86,5191.0,No,36,blue-collar,married,Desconocido,Desconocido,No,No
CLI002274,telephone,may,fri,6,999,0,nonexistent,1.1,93.994,-36.4,4.859,5191.0,No,50,management,single,university.degree,No,No,No
CLI002275,telephone,may,tue,3,999,0,nonexistent,1.1,93.994,-36.4,4.857,5191.0,No,37,blue-collar,married,Desconocido,No,No,No
CLI002276,telephone,jul,thu,8,999,0,nonexistent,1.4,93.918,-42.7,4.958,5228.1,No,28,admin.,single,basic.9y,Desconocido,No,No
CLI002277,telephone,may,wed,1,999,0,nonexistent,1.1,93.994,-36.4,4.859,5191.0,No,35,blue-collar,married,basic.9y,No,No,Sí
CLI002278,telephone,may,mon,1,999,0,nonexistent,1.1,93.994,-36.4,4.857,5191.0,No,43,blue-collar,married,high.school,Desconocido,No,Sí
CLI002279,cellular,aug,tue,1,999,0,nonexistent,1.4,93.444,-36.1,4.963,5228.1,No,44,Desconocido,married,Desconocido,Desconocido,Desconocido,Desconocido
CLI002280,cellular,jun,mon,4,999,0,nonexistent,-2.9,92.963,-40.8,1.281,5076.2,No,29,admin.,single,university.degree,No,Sí,No
CLI002281,telephone,may,mon,4,999,0,nonexistent,1.1,93.994,-36.4,4.858,5191.0,No,51,blue-collar,married,basic.4y,Desconocido,Sí,No
CLI002282,telephone,may,tue,1,999,0,nonexistent,1.1,93.994,-36.4,4.857,5191.0,No,33,admin.,married,basic.9y,No,No,No
CLI002283,telephone,may,mon,2,999,0,nonexistent,1.1,93.994,-36.4,4.857,5191.0,No,44,blue-collar,single,,Desconocido,No,No
CLI002284,cellular,nov,tue,1,999,0,nonexistent,-0.1,93.2,-42.0,4.153,5195.8,No,51,technician,married,Desconocido,No,No,No
CLI002285,telephone,may,wed,3,999,0,nonexistent,1.1,93.994,-36.4,4.856,5191.0,No,51,blue-collar,married,basic.4y,No,Sí,No
CLI002286,telephone,jun,mon,3,999,0,nonexistent,1.4,94.465,-41.8,4.865,5228.1,No,48,technician,married,professional.course,Desconocido,No,No
CLI002287,cellular,aug,wed,2,999,0,nonexistent,1.4,93.444,-36.1,4.965,5228.1,No,31,technician,married,professional.course,No,Sí,No
CLI002288,cellular,aug,thu,3,999,0,nonexistent,1.4,93.444,-36.1,4.964,5228.1,No,54,blue-collar,married,basic.4y,Desconocido,No,
CLI002289,cellular,aug,tue,2,999,0,nonexistent,1.4,93.444,-36.1,4.968,5228.1,No,42,admin.,married,university.degree,No,No,No
CLI002290,cellular,may,mon,1,999,0,nonexistent,-1.8,92.893,-46.2,1.244,5099.1,No,29,technician,single,professional.course,No,Sí,No
CLI002291,cellular,jul,wed,2,3,1,success,-2.9,92.469,-33.6,1.085,5076.2,Sí,55,management,married,university.degree,No,No,Sí
CLI002292,cellular,nov,tue,1,999,1,failure,-0.1,93.2,-42.0,4.153,5195.8,No,35,management,married,basic.4y,No,No,No
CLI002293,cellular,aug,thu,2,999,0,nonexistent,1.4,93.444,-36.1,4.968,5228.1,No,30,technician,single,university.degree,Desconocido,Sí,No
CLI002294,cellular,nov,fri,2,999,0,nonexistent,-0.1,93.2,-42.0,4.021,5195.8,No,56,blue-collar,married,basic.9y,No,Sí,No
CLI002295,cellular,jul,fri,2,15,1,success,-1.7,94.215,-40.3,0.861,4991.6,Sí,59,technician,married,professional.course,No,Sí,No
CLI002296,telephone,may,fri,1,999,0,nonexistent,1.1,93.994,-36.4,4.855,5191.0,No,39,unemployed,single,basic.9y,Desconocido,Sí,No
CLI002297,cellular,may,thu,1,999,1,failure,-1.8,92.893,-46.2,1.327,5099.1,No,45,technician,divorced,high.school,No,,No
CLI002298,telephone,may,wed,1,999,0,nonexistent,1.1,93.994,-36.4,4.858,5191.0,No,54,management,divorced,basic.6y,Desconocido,Sí,No
CLI002299,cellular,nov,mon,1,999,0,nonexistent,-0.1,93.2,-42.0,4.191,5195.8,No,53,self-employed,divorced,university.degree,No,Sí,No
CLI002300,cellular,jul,thu,2,999,0,nonexistent,1.4,93.918,-42.7,4.958,5228.1,No,50,entrepreneur,married,basic.4y,Desconocido,No,No
CLI002301,cellular,apr,fri,1,999,1,failure,-1.8,93.075,-47.1,1.405,5099.1,No,39,admin.,married,high.school,Desconocido,Sí,No
CLI002302,telephone,jul,fri,1,999,0,nonexistent,1.4,93.918,-42.7,4.963,5228.1,No,26,entrepreneur,single,university.degree,No,No,No
CLI002303,cellular,nov,mon,1,999,0,nonexistent,-3.4,92.649,-30.1,0.715,5017.5,No,29,housemaid,single,university.degree,No,No,No
CLI002304,cellular,mar,wed,8,999,0,nonexistent,-1.8,92.843,-50.0,1.548,5099.1,Sí,33,admin.,married,university.degree,No,Sí,No
CLI002305,telephone,jun,mon,1,999,0,nonexistent,1.4,94.465,-41.8,4.96,5228.1,No,56,services,divorced,high.school,Desconocido,Sí,No
CLI002306,telephone,nov,mon,1,999,0,nonexistent,-0.1,93.2,-42.0,4.191,5195.8,No,47,retired,married,basic.4y,No,Desconocido,Desconocido
CLI002307,cellular,jul,thu,1,999,0,nonexistent,1.4,93.918,-42.7,4.963,5228.1,No,27,technician,married,professional.course,No,Sí,No
CLI002308,telephone,jul,mon,3,999,0,nonexistent,1.4,93.918,-42.7,4.962,5228.1,No,28,student,single,high.school,No,Sí,No
CLI002309,cellular,jul,wed,3,999,0,nonexistent,1.4,93.918,-42.7,4.963,5228.1,No,34,technician,married,professional.course,No,No,No
CLI002310,cellular,jun,wed,1,999,0,nonexistent,-2.9,92.963,-40.8,1.26,5076.2,No,48,admin.,married,university.degree,No,Sí,No
CLI002311,cellular,jul,thu,1,999,0,nonexistent,1.4,93.918,-42.7,4.963,5228.1,No,31,admin.,married,high.school,No,Sí,No
CLI002312,cellular,jul,wed,2,999,0,nonexistent,1.4,93.918,-42.7,4.962,5228.1,No,29,admin.,single,high.school,No,Sí,No
CLI002313,cellular,aug,fri,3,999,0,nonexistent,1.4,93.444,-36.1,4.966,5228.1,No,38,technician,married,university.degree,No,Sí,No
CLI002314,cellular,jul,thu,3,999,0,nonexistent,1.4,93.918,-42.7,4.968,5228.1,No,43,admin.,married,professional.course,Desconocido,No,No
CLI002315,cellular,jul,fri,9,999,0,nonexistent,1.4,93.918,-42.7,4.962,5228.1,Sí,28,blue-collar,single,basic.9y,No,No,No
CLI002316,telephone,may,tue,4,999,0,nonexistent,1.1,93.994,-36.4,4.856,5191.0,No,29,management,married,university.degree,No,No,No
CLI002317,cellular,aug,thu,1,999,0,nonexistent,1.4,93.444,-36.1,4.968,5228.1,No,57,admin.,married,university.degree,Desconocido,Sí,No
CLI002318,cellular,jul,wed,2,999,0,nonexistent,1.4,93.918,-42.7,4.957,5228.1,No,24,services,single,high.school,No,Sí,No
CLI002319,cellular,aug,mon,3,999,0,nonexistent,1.4,93.444,-36.1,4.963,5228.1,No,55,blue-collar,married,basic.4y,Desconocido,Sí,Sí
CLI002320,cellular,may,mon,1,999,0,nonexistent,-1.8,92.893,-46.2,1.264,5099.1,Sí,36,admin.,married,university.degree,No,Sí,No
CLI002321,cellular,mar,fri,1,999,0,nonexistent,-1.8,92.843,-50.0,1.726,5099.1,Sí,34,technician,single,professional.course,No,No,No
CLI002322,cellular,jul,wed,2,999,0,nonexistent,1.4,93.918,-42.7,4.963,5228.1,No,38,blue-collar,married,Desconocido,No,Sí,Sí
CLI002323,cellular,aug,fri,1,999,0,nonexistent,1.4,93.444,-36.1,4.964,5228.1,No,44,blue-collar,married,illiterate,No,No,No
CLI002324,cellular,aug,wed,1,999,0,nonexistent,1.4,93.444,-36.1,4.964,5228.1,No,44,entrepreneur,married,high.school,No,No,No
CLI002325,cellular,may,mon,1,999,0,nonexistent,-1.8,92.893,-46.2,1.354,5099.1,No,44,entrepreneur,single,,No,No,No
CLI002326,cellular,aug,fri,2,999,0,nonexistent,1.4,93.444,-36.1,4.966,5228.1,No,31,technician,married,professional.course,No,No,No
CLI002327,telephone,may,tue,1,999,0,nonexistent,1.1,93.994,-36.4,4.857,5191.0,No,41,blue-collar,married,basic.6y,No,No,No
CLI002328,cellular,jul,tue,1,999,0,nonexistent,1.4,93.918,-42.7,4.961,5228.1,No,35,services,single,high.school,Desconocido,No,
CLI002329,cellular,nov,thu,1,999,1,failure,-0.1,93.2,-42.0,4.076,5195.8,No,43,blue-collar,married,basic.9y,No,Sí,No
CLI002330,telephone,may,tue,4,999,0,nonexistent,-1.8,92.893,-46.2,1.266,5099.1,No,24,technician,single,professional.course,No,No,No
CLI002331,cellular,jul,fri,5,999,0,nonexistent,1.4,93.918,-42.7,4.957,5228.1,No,56,admin.,married,university.degree,No,Sí,No
CLI002332,cellular,apr,fri,1,999,1,failure,-1.8,93.075,-47.1,1.405,5099.1,No,33,blue-collar,married,basic.9y,No,Sí,No
CLI002333,telephone,may,tue,2,999,0,nonexistent,1.1,93.994,-36.4,4.856,5191.0,No,34,admin.,divorced,university.degree,No,No,No
CLI002334,telephone,may,thu,1,999,0,nonexistent,1.1,93.994,-36.4,4.86,5191.0,No,37,self-employed,married,professional.course,No,Sí,No
CLI002335,telephone,jul,tue,3,999,0,nonexistent,1.4,93.918,-42.7,4.961,5228.1,No,28,technician,single,university.degree,Desconocido,No,
CLI002336,cellular,aug,tue,4,999,0,nonexistent,-1.7,94.027,-38.3,0.886,4991.6,Sí,33,blue-collar,married,professional.course,No,Sí,No
CLI002337,cellular,may,wed,1,999,0,nonexistent,-1.8,92.893,-46.2,1.334,5099.1,No,58,retired,married,basic.9y,No,No,Sí
CLI002338,cellular,apr,fri,2,999,0,nonexistent,-1.8,93.075,-47.1,1.405,5099.1,No,48,services,married,high.school,No,Sí,No
CLI002339,cellular,nov,thu,3,999,0,nonexistent,-3.4,92.649,-30.1,0.716,5017.5,Sí,69,retired,married,basic.6y,No,Sí,No
CLI002340,cellular,jul,wed,1,999,0,nonexistent,1.4,93.918,-42.7,4.962,5228.1,No,37,blue-collar,single,basic.4y,No,Sí,Sí
CLI002341,telephone,jul,tue,3,999,0,nonexistent,1.4,93.918,-42.7,4.961,5228.1,No,37,admin.,married,university.degree,No,Sí,No
CLI002342,cellular,jul,thu,24,999,0,nonexistent,1.4,93.918,-42.7,4.968,5228.1,No,36,blue-collar,single,high.school,No,Sí,No
CLI002343,cellular,nov,thu,2,999,0,nonexistent,-0.1,93.2,-42.0,4.076,5195.8,No,30,admin.,divorced,high.school,No,Sí,No
CLI002344,cellular,aug,mon,6,999,0,nonexistent,1.4,93.444,-36.1,4.965,5228.1,No,59,retired,married,basic.9y,No,Sí,No
CLI002345,cellular,may,thu,4,999,0,nonexistent,-1.8,92.893,-46.2,1.266,5099.1,Sí,28,blue-collar,married,basic.6y,No,Sí,No
CLI002346,telephone,may,fri,2,999,0,nonexistent,1.1,93.994,-36.4,4.855,5191.0,No,32,admin.,divorced,high.school,No,Sí,No
CLI002347,cellular,oct,fri,2,999,2,failure,-1.1,94.601,-49.5,0.972,4963.6,No,32,services,single,university.degree,No,Sí,No
CLI002348,telephone,may,tue,1,999,0,nonexistent,1.1,93.994,-36.4,4.857,5191.0,No,59,Desconocido,married,Desconocido,Desconocido,No,No
CLI002349,telephone,jul,thu,2,999,0,nonexistent,1.4,93.918,-42.7,4.968,5228.1,No,34,technician,married,professional.course,Desconocido,No,No
CLI002350,cellular,may,tue,2,999,0,nonexistent,-1.8,92.893,-46.2,1.291,5099.1,No,33,technician,divorced,high.school,No,Sí,No
CLI002351,cellular,jul,tue,2,999,0,nonexistent,1.4,93.918,-42.7,4.962,5228.1,Sí,43,blue-collar,divorced,high.school,No,Sí,No
CLI002352,cellular,may,wed,2,999,1,failure,-1.8,92.893,-46.2,1.334,5099.1,No,33,admin.,single,university.degree,No,Sí,No
CLI002353,cellular,oct,wed,1,5,3,failure,-3.4,92.431,-26.9,0.74,5017.5,Sí,34,self-employed,married,university.degree,No,No,
CLI002354,cellular,jun,mon,3,999,1,failure,-2.9,92.963,-40.8,1.281,5076.2,No,31,admin.,single,university.degree,No,No,No
CLI002355,cellular,jul,tue,2,999,0,nonexistent,1.4,93.918,-42.7,4.961,5228.1,No,44,Desconocido,married,basic.6y,No,,No
CLI002356,telephone,jul,wed,1,999,0,nonexistent,1.4,93.918,-42.7,4.962,5228.1,No,51,blue-collar,married,basic.4y,Desconocido,Sí,No
CLI002357,cellular,oct,tue,1,999,1,failure,-3.4,92.431,-26.9,0.728,5017.5,No,46,blue-collar,married,basic.9y,No,Sí,No
CLI002358,cellular,nov,fri,5,999,0,nonexistent,-0.1,93.2,-42.0,4.021,5195.8,No,45,self-employed,married,university.degree,No,No,No
CLI002359,cellular,aug,wed,7,999,0,nonexistent,1.4,93.444,-36.1,4.964,5228.1,No,33,self-employed,married,basic.4y,No,No,No
CLI002360,telephone,may,thu,1,999,0,nonexistent,1.1,93.994,-36.4,4.86,5191.0,No,47,blue-collar,married,Desconocido,Desconocido,Sí,Sí
CLI002361,telephone,jun,fri,1,999,0,nonexistent,1.4,94.465,-41.8,4.967,5228.1,No,40,admin.,single,high.school,No,No,No
CLI002362,cellular,jul,tue,2,999,0,nonexistent,1.4,93.918,-42.7,4.962,5228.1,No,33,services,single,high.school,No,Sí,No
CLI002363,telephone,may,fri,5,999,0,nonexistent,1.1,93.994,-36.4,4.857,5191.0,No,45,blue-collar,married,basic.9y,Desconocido,Sí,No
CLI002364,telephone,jun,wed,1,999,0,nonexistent,1.4,94.465,-41.8,4.959,5228.1,No,47,management,married,basic.4y,Desconocido,No,No
CLI002365,telephone,oct,wed,1,999,0,nonexistent,-3.4,92.431,-26.9,0.74,5017.5,No,58,technician,married,basic.4y,No,Sí,No
CLI002366,cellular,may,thu,1,999,0,nonexistent,-1.8,92.893,-46.2,1.327,5099.1,No,41,blue-collar,married,,Desconocido,Sí,Sí
CLI002367,cellular,nov,mon,1,999,0,nonexistent,-3.4,92.649,-30.1,0.714,5017.5,Sí,30,blue-collar,single,high.school,No,No,No
CLI002368,telephone,may,wed,2,999,0,nonexistent,1.1,93.994,-36.4,4.856,5191.0,No,39,technician,married,professional.course,No,Desconocido,Desconocido
CLI002369,cellular,aug,wed,12,999,0,nonexistent,1.4,93.444,-36.1,4.964,5228.1,No,45,admin.,single,university.degree,No,Sí,No
CLI002370,cellular,mar,thu,2,999,0,nonexistent,-1.8,93.369,-34.8,0.654,5008.7,Sí,34,technician,single,,No,Sí,No
CLI002371,cellular,may,mon,1,999,0,nonexistent,-1.8,92.893,-46.2,1.299,5099.1,No,31,services,single,high.school,No,Sí,No
CLI002372,telephone,jun,tue,2,999,0,nonexistent,1.4,94.465,-41.8,4.961,5228.1,No,59,blue-collar,married,basic.6y,No,Sí,No
CLI002373,cellular,may,mon,2,999,0,nonexistent,-1.8,92.893,-46.2,1.354,5099.1,Sí,59,housemaid,married,professional.course,No,No,No
CLI002374,cellular,jun,mon,1,999,1,failure,-2.9,92.963,-40.8,1.266,5076.2,No,33,services,single,high.school,No,No,No
CLI002375,telephone,jun,fri,2,999,0,nonexistent,1.4,94.465,-41.8,4.959,5228.1,No,38,admin.,married,high.school,No,Sí,No
CLI002376,telephone,jun,thu,4,999,0,nonexistent,1.4,94.465,-41.8,4.866,5228.1,Sí,34,blue-collar,divorced,professional.course,No,No,No
CLI002377,cellular,jul,thu,2,999,0,nonexistent,1.4,93.918,-42.7,4.962,5228.1,No,35,technician,single,,No,No,Sí
CLI002378,cellular,nov,wed,1,999,0,nonexistent,-0.1,93.2,-42.0,4.12,5195.8,No,33,management,married,university.degree,No,Sí,Sí
CLI002379,cellular,aug,fri,1,999,0,nonexistent,1.4,93.444,-36.1,4.964,5228.1,No,32,admin.,single,university.degree,No,Sí,No
CLI002380,cellular,jul,mon,1,999,0,nonexistent,1.4,93.918,-42.7,4.96,5228.1,No,34,technician,married,professional.course,No,No,No
CLI002381,cellular,aug,thu,2,999,0,nonexistent,1.4,93.444,-36.1,4.968,5228.1,No,31,admin.,single,university.degree,No,Sí,Sí
CLI002382,telephone,may,thu,2,999,0,nonexistent,1.1,93.994,-36.4,4.86,5191.0,No,30,admin.,married,university.degree,No,Sí,No
CLI002383,telephone,may,thu,1,999,0,nonexistent,1.1,93.994,-36.4,4.86,5191.0,No,45,services,divorced,high.school,Desconocido,Sí,No
CLI002384,cellular,nov,thu,1,999,0,nonexistent,-0.1,93.2,-42.0,4.076,5195.8,No,55,management,divorced,university.degree,No,Sí,No
CLI002385,telephone,may,wed,5,999,0,nonexistent,1.1,93.994,-36.4,4.857,5191.0,No,31,services,married,high.school,No,Sí,No
CLI002386,cellular,nov,thu,1,999,0,nonexistent,-0.1,93.2,-42.0,4.076,5195.8,No,30,services,married,high.school,No,No,No
CLI002388,cellular,may,fri,1,999,0,nonexistent,-1.8,92.893,-46.2,1.25,5099.1,No,44,blue-collar,married,high.school,No,Sí,No
CLI002389,telephone,may,mon,1,999,0,nonexistent,1.1,93.994,-36.4,4.857,5191.0,No,41,blue-collar,divorced,basic.4y,Desconocido,Sí,No
CLI002390,cellular,may,mon,2,3,2,success,-1.8,92.893,-46.2,1.354,5099.1,Sí,35,services,married,basic.6y,No,No,No
CLI002391,cellular,nov,mon,1,999,0,nonexistent,-0.1,93.2,-42.0,4.191,5195.8,No,47,services,divorced,high.school,No,Sí,No
CLI002392,cellular,jun,thu,2,999,0,nonexistent,-2.9,92.963,-40.8,1.26,5076.2,No,26,blue-collar,single,professional.course,No,Sí,No
CLI002393,cellular,may,tue,2,999,0,nonexistent,-1.8,92.893,-46.2,1.291,5099.1,No,27,technician,single,professional.course,No,No,No
CLI002394,cellular,jul,wed,2,999,0,nonexistent,1.4,93.918,-42.7,4.962,5228.1,No,36,admin.,married,university.degree,No,No,Sí
CLI002395,telephone,may,wed,4,999,0,nonexistent,1.1,93.994,-36.4,4.857,5191.0,No,52,services,divorced,high.school,Desconocido,,No
CLI002396,cellular,jul,mon,3,999,0,nonexistent,1.4,93.918,-42.7,4.962,5228.1,No,56,admin.,divorced,basic.6y,Desconocido,No,No
CLI002397,cellular,aug,mon,4,999,0,nonexistent,1.4,93.444,-36.1,4.965,5228.1,No,40,management,married,university.degree,No,Sí,
CLI002398,cellular,aug,wed,2,999,0,nonexistent,1.4,93.444,-36.1,4.964,5228.1,No,60,retired,married,high.school,No,Desconocido,Desconocido
CLI002399,telephone,may,tue,2,999,0,nonexistent,1.1,93.994,-36.4,4.857,5191.0,No,33,technician,married,professional.course,No,Sí,No
CLI002400,cellular,apr,wed,2,999,0,nonexistent,-1.8,93.075,-47.1,1.445,5099.1,No,33,admin.,single,university.degree,No,No,No
CLI002401,cellular,may,thu,2,999,1,failure,-1.8,92.893,-46.2,1.266,5099.1,No,29,services,single,high.school,No,Sí,No
CLI002402,telephone,may,tue,1,999,0,nonexistent,1.1,93.994,-36.4,4.856,5191.0,No,26,admin.,married,high.school,Desconocido,No,No
CLI002403,cellular,jul,fri,3,999,0,nonexistent,1.4,93.918,-42.7,4.957,5228.1,No,42,blue-collar,married,basic.6y,Desconocido,No,No
CLI002404,telephone,may,wed,2,999,0,nonexistent,1.1,93.994,-36.4,4.856,5191.0,No,42,services,married,high.school,No,No,No
CLI002405,telephone,may,wed,5,999,0,nonexistent,1.1,93.994,-36.4,4.856,5191.0,No,43,blue-collar,married,basic.4y,Desconocido,Sí,No
CLI002406,cellular,jul,tue,1,999,0,nonexistent,1.4,93.918,-42.7,4.962,5228.1,No,48,blue-collar,married,basic.6y,Desconocido,Sí,No
CLI002407,telephone,may,thu,1,999,0,nonexistent,1.1,93.994,-36.4,4.86,5191.0,No,31,technician,married,professional.course,No,Sí,No
CLI002408,cellular,jul,wed,10,999,0,nonexistent,1.4,93.918,-42.7,4.963,5228.1,No,33,admin.,married,university.degree,No,Sí,No
CLI002409,cellular,aug,fri,4,999,0,nonexistent,1.4,93.444,-36.1,4.964,5228.1,No,30,admin.,single,university.degree,No,Sí,No
CLI002410,cellular,jul,wed,1,999,0,nonexistent,1.4,93.918,-42.7,4.962,5228.1,No,27,unemployed,married,basic.6y,Desconocido,Sí,No
CLI002411,cellular,nov,fri,1,999,0,nonexistent,-0.1,93.2,-42.0,4.021,5195.8,Sí,42,admin.,married,university.degree,No,No,Sí
CLI002412,cellular,jul,thu,1,999,0,nonexistent,-1.7,94.215,-40.3,0.884,4991.6,Sí,64,admin.,married,high.school,No,No,No
CLI002413,telephone,nov,wed,2,999,0,nonexistent,-1.1,94.767,-50.8,1.048,4963.6,No,31,admin.,single,university.degree,No,Sí,No
CLI002414,telephone,may,mon,1,999,0,nonexistent,1.1,93.994,-36.4,4.857,5191.0,No,59,admin.,married,university.degree,Desconocido,No,Sí
CLI002415,cellular,apr,fri,2,999,0,nonexistent,-1.8,93.075,-47.1,1.405,5099.1,No,34,technician,married,professional.course,No,Sí,No
CLI002416,cellular,nov,wed,2,999,0,nonexistent,-0.1,93.2,-42.0,4.12,5195.8,No,33,management,married,university.degree,No,Sí,No
CLI002417,telephone,jun,mon,1,999,0,nonexistent,1.4,94.465,-41.8,4.961,5228.1,No,34,blue-collar,married,professional.course,No,Sí,Sí
CLI002418,cellular,jul,tue,3,999,0,nonexistent,1.4,93.918,-42.7,4.962,5228.1,Sí,25,technician,single,university.degree,No,No,No
CLI002419,cellular,apr,fri,3,999,2,failure,-1.8,93.075,-47.1,1.405,5099.1,No,48,admin.,married,basic.4y,No,Sí,No
CLI002420,telephone,jun,tue,2,999,0,nonexistent,1.4,94.465,-41.8,4.864,5228.1,No,38,services,divorced,basic.6y,No,No,No
CLI002421,telephone,may,tue,12,999,0,nonexistent,1.1,93.994,-36.4,4.856,5191.0,No,41,admin.,married,Desconocido,Desconocido,No,No
CLI002422,telephone,jun,fri,13,999,0,nonexistent,1.4,94.465,-41.8,4.967,5228.1,No,38,admin.,married,university.degree,No,No,No
CLI002423,cellular,aug,wed,3,999,0,nonexistent,1.4,93.444,-36.1,4.964,5228.1,No,47,technician,divorced,high.school,No,Sí,No
CLI002424,cellular,may,mon,2,999,1,failure,-1.8,92.893,-46.2,1.299,5099.1,No,54,management,married,high.school,Desconocido,No,No
CLI002425,cellular,aug,wed,4,999,0,nonexistent,1.4,93.444,-36.1,4.964,5228.1,No,41,admin.,married,university.degree,No,No,No
CLI002426,cellular,sep,thu,3,999,0,nonexistent,-1.1,94.199,-37.5,0.879,4963.6,No,83,retired,divorced,basic.4y,No,Sí,No
CLI002427,cellular,aug,thu,2,999,0,nonexistent,1.4,93.444,-36.1,4.968,5228.1,No,48,blue-collar,married,basic.9y,Desconocido,No,No
CLI002428,telephone,jun,mon,3,999,0,nonexistent,1.4,94.465,-41.8,4.947,5228.1,No,28,admin.,single,university.degree,No,No,No
CLI002429,cellular,jul,thu,4,999,2,failure,-1.7,94.215,-40.3,0.81,4991.6,No,58,admin.,married,high.school,No,Sí,No
CLI002430,cellular,jul,wed,6,999,0,nonexistent,1.4,93.918,-42.7,4.962,5228.1,Sí,39,blue-collar,married,basic.6y,Desconocido,Sí,No
CLI002431,cellular,apr,wed,1,999,1,failure,-1.8,93.075,-47.1,1.415,5099.1,No,44,technician,single,professional.course,No,Sí,No
CLI002432,cellular,may,fri,1,999,0,nonexistent,-1.8,92.893,-46.2,1.313,5099.1,No,38,admin.,married,high.school,No,No,No
CLI002433,cellular,jul,fri,3,999,0,nonexistent,-1.7,94.215,-40.3,0.896,4991.6,No,39,unemployed,single,high.school,No,Sí,No
CLI002434,cellular,jul,mon,6,999,0,nonexistent,1.4,93.918,-42.7,4.962,5228.1,No,37,admin.,divorced,high.school,No,No,Sí
CLI002435,cellular,jul,wed,3,999,0,nonexistent,1.4,93.918,-42.7,4.963,5228.1,No,36,blue-collar,married,,No,Desconocido,Desconocido
CLI002436,telephone,mar,wed,3,999,0,nonexistent,-1.8,93.369,-34.8,0.655,5008.7,No,54,technician,single,university.degree,No,Sí,No
CLI002437,telephone,may,thu,1,999,0,nonexistent,1.1,93.994,-36.4,4.855,5191.0,No,49,blue-collar,married,basic.4y,No,Sí,No
CLI002438,cellular,jul,tue,2,999,0,nonexistent,1.4,93.918,-42.7,4.961,5228.1,No,40,management,married,university.degree,No,Sí,No
CLI002439,telephone,may,tue,4,999,0,nonexistent,1.1,93.994,-36.4,4.857,5191.0,No,39,admin.,married,high.school,No,Sí,No
CLI002440,telephone,jul,wed,3,999,0,nonexistent,1.4,93.918,-42.7,4.963,5228.1,No,30,blue-collar,married,basic.6y,No,Sí,Sí
CLI002441,cellular,apr,mon,4,999,0,nonexistent,-1.8,93.075,-47.1,1.405,5099.1,No,57,entrepreneur,single,university.degree,No,No,Sí
CLI002442,cellular,nov,wed,2,999,0,nonexistent,-0.1,93.2,-42.0,4.12,5195.8,No,35,blue-collar,married,basic.9y,No,Sí,No
CLI002443,cellular,apr,thu,1,999,0,nonexistent,-1.8,93.075,-47.1,1.365,5099.1,No,54,management,married,university.degree,No,Sí,No
CLI002444,telephone,jul,tue,8,999,0,nonexistent,1.4,93.918,-42.7,4.961,5228.1,No,28,blue-collar,married,basic.9y,No,No,No
CLI002445,cellular,apr,mon,3,999,1,failure,-1.8,93.075,-47.1,1.405,5099.1,No,60,blue-collar,married,basic.4y,Desconocido,No,No
CLI002446,telephone,jun,wed,1,999,0,nonexistent,1.4,94.465,-41.8,4.962,5228.1,No,33,admin.,single,high.school,No,No,Sí
CLI002447,cellular,apr,thu,1,999,0,nonexistent,-1.8,93.075,-47.1,1.41,5099.1,No,28,technician,married,basic.9y,No,No,No
CLI002448,cellular,nov,fri,1,999,0,nonexistent,-0.1,93.2,-42.0,4.021,5195.8,No,32,admin.,married,university.degree,No,Sí,No
CLI002449,telephone,jun,fri,3,999,0,nonexistent,1.4,94.465,-41.8,4.947,5228.1,No,47,blue-collar,married,basic.9y,No,Sí,No
CLI002450,telephone,jun,thu,2,999,0,nonexistent,1.4,94.465,-41.8,4.958,5228.1,No,43,technician,married,professional.course,No,No,No
CLI002451,cellular,aug,thu,3,6,2,success,-1.7,94.027,-38.3,0.904,4991.6,Sí,26,unemployed,single,university.degree,No,Sí,No
CLI002452,cellular,may,fri,1,999,1,failure,-1.8,92.893,-46.2,1.313,5099.1,No,31,blue-collar,single,high.school,No,Sí,No
CLI002453,cellular,apr,tue,2,999,0,nonexistent,-1.8,93.075,-47.1,1.384,5099.1,No,61,retired,divorced,university.degree,No,Sí,No
CLI002454,telephone,may,wed,2,999,0,nonexistent,1.1,93.994,-36.4,4.859,5191.0,No,51,blue-collar,divorced,basic.9y,Desconocido,No,No
CLI002455,telephone,may,mon,1,999,0,nonexistent,1.1,93.994,-36.4,4.857,5191.0,No,41,self-employed,married,university.degree,No,Sí,No
CLI002456,cellular,aug,wed,2,999,0,nonexistent,1.4,93.444,-36.1,4.965,5228.1,No,53,admin.,married,university.degree,No,Sí,No
CLI002457,cellular,jul,thu,5,999,0,nonexistent,1.4,93.918,-42.7,4.968,5228.1,No,42,admin.,married,high.school,Desconocido,No,Sí
CLI002458,cellular,aug,thu,6,999,0,nonexistent,1.4,93.444,-36.1,4.962,5228.1,No,32,admin.,married,university.degree,No,No,
CLI002459,cellular,nov,mon,2,999,0,nonexistent,-0.1,93.2,-42.0,4.191,5195.8,No,30,blue-collar,single,basic.9y,No,Sí,No
CLI002460,telephone,may,thu,1,999,0,nonexistent,1.1,93.994,-36.4,4.86,5191.0,No,40,blue-collar,married,basic.6y,Desconocido,No,No
CLI002461,telephone,jul,thu,1,999,0,nonexistent,1.4,93.918,-42.7,4.966,5228.1,No,43,blue-collar,married,basic.9y,No,Sí,No
CLI002462,cellular,aug,mon,3,999,0,nonexistent,1.4,93.444,-36.1,4.963,5228.1,No,39,admin.,single,university.degree,No,Sí,No
CLI002463,telephone,may,fri,1,999,0,nonexistent,1.1,93.994,-36.4,4.857,5191.0,No,58,management,married,university.degree,Desconocido,No,No
CLI002464,cellular,aug,tue,1,999,0,nonexistent,1.4,93.444,-36.1,4.966,5228.1,No,35,technician,married,high.school,Desconocido,No,No
CLI002465,telephone,nov,fri,5,999,0,nonexistent,-0.1,93.2,-42.0,4.021,5195.8,No,30,unemployed,married,professional.course,No,Sí,No
CLI002466,cellular,nov,wed,1,999,0,nonexistent,-0.1,93.2,-42.0,4.12,5195.8,No,31,blue-collar,married,high.school,No,No,No
CLI002467,cellular,aug,wed,1,999,0,nonexistent,1.4,93.444,-36.1,4.964,5228.1,No,54,self-employed,married,professional.course,Desconocido,Sí,No
CLI002468,cellular,may,wed,2,999,1,failure,-1.8,92.893,-46.2,1.334,5099.1,No,33,services,married,high.school,No,Sí,Sí
CLI002469,telephone,may,fri,1,999,0,nonexistent,1.1,93.994,-36.4,4.857,5191.0,Sí,38,technician,married,basic.6y,Desconocido,No,No
CLI002470,cellular,jul,tue,2,999,0,nonexistent,1.4,93.918,-42.7,4.961,5228.1,No,37,blue-collar,divorced,professional.course,No,,No
CLI002471,cellular,oct,wed,1,999,0,nonexistent,-3.4,92.431,-26.9,0.724,5017.5,No,62,retired,married,high.school,No,No,No
CLI002472,cellular,nov,fri,3,999,0,nonexistent,-0.1,93.2,-42.0,4.021,5195.8,No,57,housemaid,married,basic.4y,No,No,
CLI002473,cellular,jul,thu,1,999,0,nonexistent,1.4,93.918,-42.7,4.963,5228.1,No,32,blue-collar,married,basic.9y,No,Sí,Sí
CLI002474,cellular,aug,mon,1,999,0,nonexistent,1.4,93.444,-36.1,4.97,5228.1,No,45,technician,married,high.school,No,Sí,No
CLI002475,telephone,jul,mon,1,999,0,nonexistent,1.4,93.918,-42.7,4.962,5228.1,No,51,admin.,divorced,university.degree,No,No,No
CLI002476,telephone,may,mon,1,999,0,nonexistent,1.1,93.994,-36.4,4.857,5191.0,No,28,blue-collar,single,basic.9y,No,Sí,No
CLI002477,cellular,nov,mon,1,999,0,nonexistent,-0.1,93.2,-42.0,4.191,5195.8,No,35,unemployed,married,basic.4y,No,Sí,No
CLI002478,telephone,jun,tue,1,999,0,nonexistent,1.4,94.465,-41.8,4.864,5228.1,No,52,admin.,divorced,university.degree,No,No,No
CLI002479,cellular,nov,thu,2,999,0,nonexistent,-0.1,93.2,-42.0,4.076,5195.8,No,34,technician,married,high.school,No,Sí,Sí
CLI002480,cellular,aug,thu,5,999,0,nonexistent,1.4,93.444,-36.1,4.962,5228.1,No,40,admin.,single,university.degree,No,No,Sí
CLI002481,cellular,may,mon,5,999,0,nonexistent,-1.8,92.893,-46.2,1.244,5099.1,No,41,blue-collar,married,basic.9y,No,No,No
CLI002482,cellular,jul,wed,1,999,1,failure,-2.9,92.469,-33.6,1.029,5076.2,Sí,42,technician,married,university.degree,No,No,No
CLI002483,cellular,jul,fri,2,999,0,nonexistent,1.4,93.918,-42.7,4.963,5228.1,No,43,entrepreneur,divorced,professional.course,No,No,Sí
CLI002484,cellular,jul,thu,29,999,0,nonexistent,1.4,93.918,-42.7,4.968,5228.1,No,25,admin.,single,basic.9y,No,No,No
CLI002485,cellular,jun,tue,1,999,0,nonexistent,-2.9,92.963,-40.8,1.262,5076.2,No,30,admin.,single,university.degree,No,Sí,No
CLI002486,cellular,jul,mon,1,999,0,nonexistent,1.4,93.918,-42.7,4.96,5228.1,No,27,blue-collar,single,basic.9y,No,Sí,No
CLI002487,cellular,may,thu,1,999,0,nonexistent,-1.8,92.893,-46.2,1.327,5099.1,No,30,admin.,single,university.degree,No,No,No
CLI002488,cellular,nov,thu,3,999,1,failure,-0.1,93.2,-42.0,4.076,5195.8,No,45,management,single,basic.9y,No,Sí,No
CLI002489,cellular,may,tue,2,999,1,failure,-1.8,92.893,-46.2,1.291,5099.1,No,53,technician,single,professional.course,Desconocido,No,No
CLI002490,cellular,aug,thu,1,999,0,nonexistent,1.4,93.444,-36.1,4.964,5228.1,No,34,technician,single,university.degree,No,Sí,No
CLI002491,cellular,aug,thu,6,999,0,nonexistent,1.4,93.444,-36.1,4.963,5228.1,Sí,47,services,divorced,high.school,Desconocido,No,No
CLI002492,cellular,may,wed,1,999,0,nonexistent,-1.8,92.893,-46.2,1.334,5099.1,No,46,blue-collar,married,basic.9y,No,Sí,No
CLI002493,cellular,apr,thu,2,999,0,nonexistent,-1.8,93.075,-47.1,1.41,5099.1,No,39,admin.,divorced,high.school,No,Sí,
CLI002494,cellular,aug,fri,1,999,0,nonexistent,-2.9,92.201,-31.4,0.825,5076.2,No,43,technician,single,professional.course,No,No,No
CLI002495,cellular,nov,thu,1,999,0,nonexistent,-3.4,92.649,-30.1,0.714,5017.5,No,40,admin.,married,university.degree,No,No,No
CLI002496,telephone,may,fri,2,999,0,nonexistent,1.1,93.994,-36.4,4.859,5191.0,No,28,blue-collar,single,basic.9y,No,No,No
CLI002497,telephone,may,fri,1,999,0,nonexistent,1.1,93.994,-36.4,4.855,5191.0,No,52,self-employed,married,university.degree,No,No,No
CLI002498,telephone,may,thu,1,999,0,nonexistent,1.1,93.994,-36.4,4.86,5191.0,No,39,unemployed,married,high.school,No,No,Sí
CLI002499,telephone,jul,thu,1,999,0,nonexistent,1.4,93.918,-42.7,4.966,5228.1,No,36,blue-collar,married,basic.9y,No,No,No
CLI002500,telephone,may,thu,2,999,0,nonexistent,1.1,93.994,-36.4,4.855,5191.0,No,40,services,single,,No,No,No
CLI002501,cellular,jul,thu,3,999,0,nonexistent,1.4,93.918,-42.7,4.968,5228.1,No,31,services,single,high.school,No,No,No
CLI002502,cellular,jul,thu,2,999,0,nonexistent,1.4,93.918,-42.7,4.958,5228.1,No,37,blue-collar,married,basic.4y,No,No,No
CLI002503,telephone,may,thu,3,999,0,nonexistent,1.1,93.994,-36.4,4.86,5191.0,No,28,self-employed,single,university.degree,No,Sí,No
CLI002504,cellular,may,fri,4,999,0,nonexistent,-1.8,92.893,-46.2,1.25,5099.1,No,31,admin.,single,high.school,No,No,No
CLI002505,cellular,mar,fri,1,999,0,nonexistent,-1.8,92.843,-50.0,1.64,5099.1,Sí,28,self-employed,single,university.degree,No,Sí,Sí
CLI002506,telephone,jun,fri,1,999,0,nonexistent,1.4,94.465,-41.8,4.967,5228.1,No,40,services,divorced,basic.6y,No,No,Sí
CLI002507,telephone,jun,fri,1,999,0,nonexistent,1.4,94.465,-41.8,4.967,5228.1,No,37,blue-collar,single,professional.course,No,Sí,No
CLI002508,cellular,aug,thu,1,999,0,nonexistent,1.4,93.444,-36.1,4.968,5228.1,No,35,technician,single,university.degree,No,Sí,No
CLI002510,telephone,jun,tue,1,999,0,nonexistent,1.4,94.465,-41.8,4.961,5228.1,No,36,services,divorced,university.degree,No,No,No
CLI002512,cellular,aug,mon,2,999,1,failure,-1.7,94.027,-38.3,0.898,4991.6,No,31,student,single,Desconocido,No,No,No
CLI002513,cellular,jul,tue,2,999,0,nonexistent,1.4,93.918,-42.7,4.961,5228.1,No,47,services,married,basic.6y,No,No,No
CLI002514,cellular,jul,mon,2,999,0,nonexistent,1.4,93.918,-42.7,4.962,5228.1,No,54,admin.,married,university.degree,Desconocido,Sí,No
CLI002515,cellular,nov,mon,1,999,1,failure,-0.1,93.2,-42.0,4.191,5195.8,No,45,entrepreneur,married,high.school,No,,No
CLI002516,cellular,nov,tue,3,999,0,nonexistent,-0.1,93.2,-42.0,4.153,5195.8,No,39,management,single,high.school,Desconocido,Sí,No
CLI002517,telephone,jun,fri,3,999,0,nonexistent,1.4,94.465,-41.8,4.959,5228.1,No,36,admin.,married,basic.9y,No,No,Sí
CLI002518,cellular,may,tue,1,999,0,nonexistent,-1.8,92.893,-46.2,1.291,5099.1,No,40,services,divorced,high.school,No,No,No
CLI002519,telephone,may,mon,1,999,0,nonexistent,1.1,93.994,-36.4,4.857,5191.0,No,56,technician,married,professional.course,Desconocido,No,Sí
CLI002520,telephone,may,fri,1,999,0,nonexistent,1.1,93.994,-36.4,4.864,5191.0,No,37,admin.,married,university.degree,No,No,No
CLI002521,telephone,may,fri,1,999,0,nonexistent,1.1,93.994,-36.4,4.857,5191.0,No,55,admin.,married,high.school,No,Sí,No
CLI002522,cellular,sep,thu,2,999,0,nonexistent,-3.4,92.379,-29.8,0.778,5017.5,No,56,entrepreneur,married,university.degree,No,Sí,No
CLI002523,cellular,aug,wed,2,999,0,nonexistent,1.4,93.444,-36.1,4.964,5228.1,No,36,technician,single,university.degree,No,Desconocido,Desconocido
CLI002524,cellular,aug,fri,2,999,2,failure,-2.9,92.201,-31.4,0.869,5076.2,No,17,student,single,basic.9y,No,Sí,No
CLI002525,cellular,apr,thu,4,999,1,failure,-1.8,93.075,-47.1,1.435,5099.1,No,20,student,single,high.school,No,Sí,No
CLI002526,telephone,may,tue,1,999,0,nonexistent,1.1,93.994,-36.4,4.856,5191.0,No,43,technician,married,professional.course,No,No,No
CLI002527,cellular,aug,mon,1,999,0,nonexistent,1.4,93.444,-36.1,4.97,5228.1,No,55,blue-collar,married,basic.4y,No,Sí,No
CLI002528,telephone,may,wed,2,999,0,nonexistent,1.1,93.994,-36.4,4.859,5191.0,No,26,student,single,high.school,No,No,No
CLI002529,cellular,aug,mon,4,999,0,nonexistent,1.4,93.444,-36.1,4.963,5228.1,No,55,technician,married,professional.course,No,Sí,Sí
CLI002530,telephone,may,tue,2,999,0,nonexistent,1.1,93.994,-36.4,4.857,5191.0,No,39,services,married,high.school,Desconocido,No,No
CLI002531,cellular,apr,fri,1,999,1,failure,-1.8,93.075,-47.1,1.405,5099.1,No,34,unemployed,married,basic.9y,Desconocido,Sí,No
CLI002532,cellular,may,tue,2,999,0,nonexistent,-1.8,92.893,-46.2,1.291,5099.1,No,43,blue-collar,married,basic.4y,No,Sí,Sí
CLI002534,telephone,may,wed,1,999,0,nonexistent,1.1,93.994,-36.4,4.859,5191.0,No,50,admin.,married,high.school,No,No,Sí
CLI002535,cellular,may,wed,1,999,0,nonexistent,-1.8,92.893,-46.2,1.281,5099.1,No,35,admin.,married,high.school,No,Sí,No
CLI002536,cellular,jun,wed,1,6,1,success,-1.7,94.055,-39.8,0.739,4991.6,Sí,36,blue-collar,single,high.school,No,No,No
CLI002537,cellular,may,tue,3,999,0,nonexistent,-1.8,92.893,-46.2,1.291,5099.1,No,34,admin.,married,high.school,No,Sí,Sí
CLI002538,cellular,aug,tue,2,999,0,nonexistent,1.4,93.444,-36.1,4.968,5228.1,No,52,technician,married,professional.course,No,Sí,No
CLI002539,telephone,may,tue,2,999,0,nonexistent,1.1,93.994,-36.4,4.857,5191.0,No,36,admin.,single,university.degree,No,No,
CLI002540,telephone,jun,mon,30,999,0,nonexistent,1.4,94.465,-41.8,4.96,5228.1,No,34,blue-collar,married,basic.9y,No,No,Sí
CLI002541,cellular,nov,thu,1,999,0,nonexistent,-0.1,93.2,-42.0,4.076,5195.8,No,46,self-employed,divorced,basic.9y,Desconocido,No,No
CLI002542,telephone,may,fri,1,999,0,nonexistent,1.1,93.994,-36.4,4.859,5191.0,No,52,management,married,university.degree,No,Sí,No
CLI002543,telephone,jul,tue,9,999,0,nonexistent,1.4,93.918,-42.7,4.961,5228.1,No,30,admin.,divorced,university.degree,No,Sí,No
CLI002544,cellular,jul,fri,6,999,0,nonexistent,1.4,93.918,-42.7,4.957,5228.1,No,37,technician,married,professional.course,No,Sí,No
CLI002545,cellular,may,thu,2,999,0,nonexistent,-1.8,92.893,-46.2,1.266,5099.1,Sí,26,blue-collar,married,professional.course,No,No,No
CLI002546,telephone,jun,fri,5,999,0,nonexistent,1.4,94.465,-41.8,4.959,5228.1,No,42,management,married,high.school,No,No,No
CLI002547,telephone,jun,fri,2,999,0,nonexistent,1.4,94.465,-41.8,4.947,5228.1,No,42,blue-collar,married,basic.6y,Desconocido,Sí,No
CLI002548,telephone,may,wed,1,999,0,nonexistent,1.1,93.994,-36.4,4.859,5191.0,No,23,services,single,high.school,No,No,No
CLI002549,cellular,may,thu,1,999,0,nonexistent,-1.8,92.893,-46.2,1.266,5099.1,No,28,blue-collar,single,basic.9y,No,No,No
CLI002550,cellular,apr,wed,1,999,0,nonexistent,-1.8,93.749,-34.6,0.642,5008.7,Sí,66,retired,divorced,basic.4y,No,Sí,No
CLI002551,cellular,may,tue,4,999,0,nonexistent,-1.8,92.893,-46.2,1.291,5099.1,No,38,admin.,single,high.school,No,Sí,No
CLI002552,cellular,may,fri,2,999,1,failure,-1.8,92.893,-46.2,1.25,5099.1,No,44,blue-collar,married,basic.4y,No,No,No
CLI002553,cellular,jul,mon,2,999,0,nonexistent,1.4,93.918,-42.7,4.96,5228.1,No,42,self-employed,married,Desconocido,No,Sí,No
CLI002554,cellular,aug,tue,1,999,1,failure,-2.9,92.201,-31.4,0.859,5076.2,Sí,47,admin.,single,university.degree,No,Sí,No
CLI002555,telephone,jun,mon,4,999,0,nonexistent,1.4,94.465,-41.8,4.865,5228.1,No,53,housemaid,married,professional.course,Desconocido,Sí,No
CLI002556,cellular,apr,thu,1,999,0,nonexistent,-1.8,93.075,-47.1,1.365,5099.1,Sí,30,admin.,single,university.degree,No,No,No
CLI002557,cellular,aug,thu,1,999,0,nonexistent,1.4,93.444,-36.1,4.964,5228.1,No,47,admin.,married,high.school,No,No,No
CLI002558,cellular,jul,thu,6,999,0,nonexistent,1.4,93.918,-42.7,4.962,5228.1,No,48,admin.,married,high.school,Desconocido,Sí,No
CLI002559,cellular,jul,thu,4,999,0,nonexistent,1.4,93.918,-42.7,4.958,5228.1,No,52,technician,married,professional.course,No,Sí,No
CLI002560,cellular,apr,fri,1,999,2,failure,-1.8,93.075,-47.1,1.479,5099.1,No,39,entrepreneur,married,high.school,No,No,No
CLI002561,cellular,may,wed,1,999,0,nonexistent,-1.8,92.893,-46.2,1.334,5099.1,No,38,admin.,married,basic.9y,No,Sí,No
CLI002562,cellular,oct,thu,1,999,0,nonexistent,-3.4,92.431,-26.9,0.754,5017.5,No,54,management,divorced,university.degree,Desconocido,Sí,No
CLI002563,telephone,may,tue,2,999,0,nonexistent,1.1,93.994,-36.4,4.856,5191.0,No,36,services,married,high.school,No,No,No
CLI002564,telephone,may,tue,2,999,0,nonexistent,1.1,93.994,-36.4,4.857,5191.0,No,38,management,single,university.degree,No,No,No
CLI002565,cellular,may,wed,1,999,1,failure,-1.8,92.893,-46.2,1.334,5099.1,No,36,technician,single,,No,Sí,No
CLI002566,cellular,aug,thu,2,999,0,nonexistent,1.4,93.444,-36.1,4.962,5228.1,No,49,services,married,basic.9y,No,Sí,No
CLI002567,telephone,jun,wed,1,999,0,nonexistent,1.4,94.465,-41.8,4.959,5228.1,No,45,technician,single,professional.course,No,Sí,No
CLI002568,cellular,aug,tue,6,999,0,nonexistent,1.4,93.444,-36.1,4.965,5228.1,No,33,technician,married,professional.course,No,Sí,No
CLI002569,cellular,may,wed,2,999,0,nonexistent,-1.8,92.893,-46.2,1.334,5099.1,No,35,technician,married,professional.course,No,No,No
CLI002570,telephone,jun,wed,2,999,0,nonexistent,1.4,94.465,-41.8,4.959,5228.1,No,25,self-employed,married,professional.course,No,Sí,No
CLI002571,cellular,jul,mon,6,999,0,nonexistent,1.4,93.918,-42.7,4.962,5228.1,No,58,housemaid,married,university.degree,Desconocido,,No
CLI002572,cellular,jul,thu,1,999,0,nonexistent,1.4,93.918,-42.7,4.968,5228.1,No,56,management,married,university.degree,No,Sí,No
CLI002573,telephone,may,mon,2,999,0,nonexistent,1.1,93.994,-36.4,4.858,5191.0,Sí,57,technician,married,professional.course,No,Sí,No
CLI002574,cellular,nov,mon,1,999,0,nonexistent,-0.1,93.2,-42.0,4.191,5195.8,No,34,blue-collar,married,basic.4y,No,Sí,No
CLI002575,telephone,may,thu,1,999,0,nonexistent,1.1,93.994,-36.4,4.86,5191.0,No,47,admin.,single,Desconocido,Desconocido,No,No
CLI002576,cellular,aug,thu,3,999,0,nonexistent,1.4,93.444,-36.1,4.964,5228.1,No,44,services,married,high.school,No,No,No
CLI002577,cellular,aug,fri,1,999,0,nonexistent,1.4,93.444,-36.1,4.966,5228.1,No,51,technician,married,university.degree,Desconocido,No,No
CLI002578,telephone,apr,mon,2,999,0,nonexistent,-1.8,93.075,-47.1,1.405,5099.1,Sí,26,admin.,single,high.school,No,No,No
CLI002579,telephone,may,wed,1,999,0,nonexistent,1.1,93.994,-36.4,4.858,5191.0,No,38,blue-collar,married,high.school,Desconocido,Sí,No
CLI002580,telephone,may,thu,1,999,0,nonexistent,1.1,93.994,-36.4,4.86,5191.0,No,38,admin.,married,university.degree,No,Sí,No
CLI002581,cellular,may,wed,2,999,0,nonexistent,-1.8,92.893,-46.2,1.27,5099.1,No,42,technician,married,professional.course,No,No,No
CLI002582,telephone,jul,thu,7,999,1,failure,-1.7,94.215,-40.3,0.81,4991.6,No,21,student,single,Desconocido,No,No,No
CLI002583,cellular,nov,thu,4,999,0,nonexistent,-0.1,93.2,-42.0,4.076,5195.8,No,36,blue-collar,married,basic.9y,No,Sí,No
CLI002584,cellular,may,mon,2,999,0,nonexistent,-1.8,92.893,-46.2,1.299,5099.1,No,32,admin.,married,university.degree,No,Sí,No
CLI002585,cellular,apr,tue,1,999,1,failure,-1.8,93.075,-47.1,1.453,5099.1,No,42,technician,divorced,professional.course,No,Sí,No
CLI002586,cellular,aug,wed,1,999,0,nonexistent,1.4,93.444,-36.1,4.967,5228.1,No,33,technician,single,professional.course,No,Sí,No
CLI002587,telephone,may,wed,10,999,0,nonexistent,1.1,93.994,-36.4,4.857,5191.0,No,49,housemaid,married,basic.4y,Desconocido,Sí,No
CLI002588,cellular,aug,thu,2,999,0,nonexistent,1.4,93.444,-36.1,4.964,5228.1,No,38,admin.,married,university.degree,Desconocido,Sí,No
CLI002589,telephone,may,thu,1,999,0,nonexistent,1.1,93.994,-36.4,4.86,5191.0,No,53,admin.,married,university.degree,No,Sí,No
CLI002590,cellular,jul,tue,4,999,0,nonexistent,1.4,93.918,-42.7,4.961,5228.1,No,36,blue-collar,married,basic.4y,Desconocido,No,No
CLI002591,cellular,jul,mon,2,999,0,nonexistent,1.4,93.918,-42.7,4.962,5228.1,No,51,management,married,university.degree,Desconocido,,No
CLI002592,cellular,may,fri,3,999,0,nonexistent,-1.8,92.893,-46.2,1.313,5099.1,No,32,technician,married,high.school,No,No,No
CLI002593,cellular,jul,thu,1,999,0,nonexistent,1.4,93.918,-42.7,4.958,5228.1,No,24,services,single,basic.9y,Desconocido,Sí,No
CLI002594,cellular,jul,wed,1,999,0,nonexistent,1.4,93.918,-42.7,4.962,5228.1,No,34,admin.,married,university.degree,No,No,No
CLI002595,telephone,jun,mon,1,999,0,nonexistent,1.4,94.465,-41.8,4.961,5228.1,No,46,admin.,single,university.degree,No,Sí,No
CLI002596,telephone,jun,thu,1,999,0,nonexistent,1.4,94.465,-41.8,4.958,5228.1,No,42,admin.,married,basic.6y,No,No,No
CLI002597,cellular,aug,tue,2,999,0,nonexistent,-2.9,92.201,-31.4,0.859,5076.2,Sí,56,management,married,university.degree,No,Sí,No
CLI002598,cellular,may,mon,1,999,0,nonexistent,-1.8,92.893,-46.2,1.299,5099.1,No,30,technician,single,basic.9y,No,Sí,No
CLI002599,cellular,nov,tue,3,999,0,nonexistent,-0.1,93.2,-42.0,4.153,5195.8,No,32,entrepreneur,married,university.degree,No,No,No
CLI002600,telephone,may,thu,3,999,0,nonexistent,1.1,93.994,-36.4,4.86,5191.0,No,56,blue-collar,married,basic.4y,No,Sí,No
CLI002601,cellular,aug,tue,4,999,0,nonexistent,1.4,93.444,-36.1,4.965,5228.1,No,48,admin.,married,professional.course,No,No,No
CLI002602,telephone,jun,tue,31,999,0,nonexistent,1.4,94.465,-41.8,4.961,5228.1,No,49,blue-collar,married,basic.9y,No,Sí,No
CLI002603,telephone,may,wed,2,999,0,nonexistent,1.1,93.994,-36.4,4.858,5191.0,No,32,blue-collar,divorced,basic.9y,No,No,No
CLI002604,telephone,jun,wed,1,999,0,nonexistent,1.4,94.465,-41.8,4.864,5228.1,No,42,admin.,divorced,university.degree,No,No,No
CLI002605,cellular,jul,mon,4,999,0,nonexistent,1.4,93.918,-42.7,4.962,5228.1,No,36,technician,divorced,professional.course,No,Sí,Sí
CLI002606,cellular,jul,mon,2,999,0,nonexistent,1.4,93.918,-42.7,4.962,5228.1,No,57,retired,married,high.school,No,No,No
CLI002607,cellular,aug,wed,1,999,0,nonexistent,1.4,93.444,-36.1,4.967,5228.1,No,43,admin.,married,university.degree,Desconocido,Sí,No
CLI002608,cellular,nov,mon,3,999,0,nonexistent,-0.1,93.2,-42.0,4.191,5195.8,No,31,self-employed,single,university.degree,No,Sí,Sí
CLI002609,cellular,aug,fri,4,999,0,nonexistent,1.4,93.444,-36.1,4.966,5228.1,No,34,technician,single,professional.course,No,No,No
CLI002610,telephone,may,mon,1,999,0,nonexistent,1.1,93.994,-36.4,4.857,5191.0,No,42,management,married,university.degree,No,No,No
CLI002611,telephone,may,mon,1,999,0,nonexistent,1.1,93.994,-36.4,4.857,5191.0,No,44,blue-collar,married,basic.4y,No,No,No
CLI002612,telephone,jun,wed,7,999,0,nonexistent,1.4,94.465,-41.8,4.959,5228.1,No,36,services,single,Desconocido,No,Sí,Sí
CLI002613,cellular,jul,wed,3,999,0,nonexistent,1.4,93.918,-42.7,4.957,5228.1,No,34,blue-collar,single,basic.6y,No,Desconocido,Desconocido
CLI002614,cellular,jul,tue,1,999,0,nonexistent,1.4,93.918,-42.7,4.961,5228.1,No,37,technician,married,professional.course,Desconocido,Sí,Sí
CLI002615,cellular,apr,mon,1,999,0,nonexistent,-1.8,93.075,-47.1,1.405,5099.1,No,37,blue-collar,divorced,basic.9y,No,Sí,Sí
CLI002616,cellular,nov,wed,1,999,1,failure,-0.1,93.2,-42.0,4.12,5195.8,No,31,technician,single,basic.9y,Desconocido,Sí,Sí
CLI002617,telephone,may,tue,2,999,0,nonexistent,1.1,93.994,-36.4,4.856,5191.0,No,46,management,married,basic.9y,No,,No
CLI002618,cellular,apr,fri,2,999,0,nonexistent,-1.8,93.075,-47.1,1.405,5099.1,No,47,admin.,married,university.degree,Desconocido,Sí,Sí
CLI002619,cellular,aug,thu,1,999,0,nonexistent,1.4,93.444,-36.1,4.964,5228.1,No,29,admin.,single,university.degree,Desconocido,Sí,No
CLI002620,cellular,nov,wed,1,999,0,nonexistent,-0.1,93.2,-42.0,4.12,5195.8,No,35,admin.,married,university.degree,No,No,No
CLI002621,cellular,nov,tue,1,999,0,nonexistent,-0.1,93.2,-42.0,4.153,5195.8,No,34,blue-collar,married,basic.4y,No,Sí,No
CLI002622,cellular,aug,thu,5,999,0,nonexistent,1.4,93.444,-36.1,4.968,5228.1,No,52,technician,single,professional.course,No,Sí,No
CLI002623,telephone,oct,wed,1,999,0,nonexistent,-0.1,93.798,-40.4,4.827,5195.8,No,33,admin.,married,university.degree,No,No,No
CLI002624,cellular,mar,mon,12,999,0,nonexistent,-1.8,92.843,-50.0,1.811,5099.1,No,28,technician,single,university.degree,No,Sí,No
CLI002625,cellular,nov,tue,2,999,0,nonexistent,-0.1,93.2,-42.0,4.153,5195.8,No,47,management,married,university.degree,No,Sí,No
CLI002626,cellular,jul,tue,3,999,0,nonexistent,1.4,93.918,-42.7,4.961,5228.1,No,30,admin.,single,university.degree,No,Sí,No
CLI002627,cellular,apr,thu,3,999,0,nonexistent,-1.8,93.075,-47.1,1.41,5099.1,No,55,admin.,married,university.degree,No,Sí,No
CLI002628,cellular,nov,tue,2,999,0,nonexistent,-0.1,93.2,-42.0,4.153,5195.8,No,46,technician,divorced,basic.4y,Desconocido,Sí,No
CLI002629,cellular,jun,tue,1,13,2,failure,-1.7,94.055,-39.8,0.702,4991.6,Sí,25,services,single,Desconocido,No,Sí,No
CLI002630,cellular,aug,mon,5,999,0,nonexistent,1.4,93.444,-36.1,4.965,5228.1,No,38,admin.,married,university.degree,Desconocido,No,No
CLI002631,cellular,may,mon,1,999,1,failure,-1.8,92.893,-46.2,1.299,5099.1,No,36,services,married,university.degree,No,Sí,No
CLI002632,cellular,nov,tue,1,999,1,failure,-0.1,93.2,-42.0,4.153,5195.8,No,32,admin.,divorced,high.school,No,No,No
CLI002633,telephone,may,wed,1,999,0,nonexistent,1.1,93.994,-36.4,4.858,5191.0,Sí,32,technician,single,university.degree,Desconocido,No,No
CLI002634,telephone,may,tue,1,999,0,nonexistent,1.1,93.994,-36.4,4.857,5191.0,No,30,admin.,single,university.degree,No,No,No
CLI002635,cellular,may,mon,1,999,1,failure,-1.8,92.893,-46.2,1.299,5099.1,No,51,entrepreneur,married,professional.course,Desconocido,No,No
CLI002636,telephone,jun,mon,1,999,0,nonexistent,1.4,94.465,-41.8,4.96,5228.1,Sí,36,technician,married,university.degree,No,No,No
CLI002637,telephone,may,thu,4,999,0,nonexistent,1.1,93.994,-36.4,4.86,5191.0,No,45,self-employed,divorced,university.degree,No,Sí,No
CLI002638,cellular,may,tue,1,999,0,nonexistent,-1.8,92.893,-46.2,1.344,5099.1,No,37,services,married,basic.6y,No,Sí,No
CLI002639,cellular,jul,thu,2,999,0,nonexistent,1.4,93.918,-42.7,4.962,5228.1,No,46,blue-collar,married,high.school,Desconocido,Sí,No
CLI002640,cellular,may,thu,2,999,0,nonexistent,-1.8,92.893,-46.2,1.327,5099.1,No,33,admin.,single,university.degree,No,Sí,Sí
CLI002641,telephone,may,thu,1,999,0,nonexistent,1.1,93.994,-36.4,4.86,5191.0,No,33,admin.,married,university.degree,No,No,No
CLI002642,telephone,may,wed,1,999,0,nonexistent,1.1,93.994,-36.4,4.856,5191.0,No,45,blue-collar,married,basic.9y,Desconocido,No,No
CLI002643,cellular,apr,tue,5,999,0,nonexistent,-1.8,93.075,-47.1,1.423,5099.1,No,42,admin.,married,university.degree,No,Sí,Sí
CLI002644,telephone,may,wed,1,999,0,nonexistent,-1.8,93.876,-40.0,0.672,5008.7,No,27,student,married,high.school,No,Sí,
CLI002645,cellular,mar,tue,1,999,0,nonexistent,-1.8,93.369,-34.8,0.652,5008.7,Sí,34,admin.,single,university.degree,No,No,Sí
CLI002646,cellular,nov,thu,1,999,0,nonexistent,-0.1,93.2,-42.0,4.076,5195.8,No,35,student,married,basic.9y,No,Sí,No
CLI002647,cellular,apr,thu,1,999,0,nonexistent,-1.8,93.075,-47.1,1.41,5099.1,No,47,entrepreneur,married,university.degree,No,Sí,No
CLI002648,telephone,jun,thu,1,999,0,nonexistent,1.4,94.465,-41.8,4.958,5228.1,No,46,entrepreneur,married,professional.course,No,Sí,No
CLI002649,cellular,oct,mon,1,999,0,nonexistent,-1.1,94.601,-49.5,0.977,4963.6,Sí,27,admin.,single,university.degree,No,No,
CLI002650,telephone,may,tue,1,999,0,nonexistent,1.1,93.994,-36.4,4.856,5191.0,No,28,blue-collar,single,basic.9y,No,Desconocido,Desconocido
CLI002651,telephone,may,mon,3,999,0,nonexistent,1.1,93.994,-36.4,4.857,5191.0,No,39,entrepreneur,married,basic.6y,Desconocido,No,No
CLI002652,cellular,nov,tue,1,999,1,failure,-0.1,93.2,-42.0,4.153,5195.8,No,39,unemployed,married,basic.9y,Desconocido,No,No
CLI002653,cellular,jul,thu,2,999,0,nonexistent,1.4,93.918,-42.7,4.958,5228.1,No,42,entrepreneur,married,basic.4y,Desconocido,Sí,No
CLI002654,cellular,nov,thu,1,999,1,failure,-0.1,93.2,-42.0,4.076,5195.8,No,31,technician,married,high.school,No,No,No
CLI002655,cellular,may,fri,7,999,0,nonexistent,-1.8,92.893,-46.2,1.25,5099.1,No,34,admin.,married,university.degree,No,No,No
CLI002656,cellular,nov,tue,2,999,0,nonexistent,-0.1,93.2,-42.0,4.153,5195.8,No,46,blue-collar,married,basic.6y,No,No,Sí
CLI002657,cellular,apr,fri,1,999,0,nonexistent,-1.8,93.075,-47.1,1.479,5099.1,No,44,management,divorced,university.degree,No,Sí,No
CLI002658,telephone,may,mon,2,999,0,nonexistent,1.1,93.994,-36.4,4.857,5191.0,No,59,admin.,married,professional.course,No,No,No
CLI002659,telephone,may,thu,2,999,0,nonexistent,1.1,93.994,-36.4,4.86,5191.0,No,38,technician,married,university.degree,No,Sí,No
CLI002660,telephone,jun,thu,4,999,0,nonexistent,1.4,94.465,-41.8,4.961,5228.1,Sí,31,admin.,married,high.school,No,No,No
CLI002661,cellular,jun,mon,2,999,0,nonexistent,-2.9,92.963,-40.8,1.266,5076.2,No,28,self-employed,single,university.degree,No,No,No
CLI002662,cellular,jul,thu,2,999,0,nonexistent,1.4,93.918,-42.7,4.968,5228.1,No,36,unemployed,married,university.degree,No,No,
CLI002663,cellular,jul,mon,1,999,0,nonexistent,1.4,93.918,-42.7,4.96,5228.1,No,43,entrepreneur,married,basic.9y,Desconocido,Sí,No
CLI002664,cellular,jul,thu,1,999,0,nonexistent,1.4,93.918,-42.7,4.962,5228.1,No,35,management,single,university.degree,Desconocido,Sí,No
CLI002665,cellular,jul,tue,2,999,0,nonexistent,1.4,93.918,-42.7,4.961,5228.1,No,34,admin.,single,university.degree,No,Sí,No
CLI002666,telephone,may,wed,2,999,0,nonexistent,1.1,93.994,-36.4,4.856,5191.0,No,54,blue-collar,married,basic.9y,No,Sí,No
CLI002667,telephone,may,fri,4,999,0,nonexistent,1.1,93.994,-36.4,4.857,5191.0,No,38,admin.,single,university.degree,No,Sí,No
CLI002668,cellular,jul,fri,6,999,0,nonexistent,-2.9,92.469,-33.6,1.059,5076.2,Sí,29,technician,single,university.degree,No,No,No
CLI002669,telephone,may,thu,2,999,0,nonexistent,1.1,93.994,-36.4,4.855,5191.0,No,28,admin.,single,university.degree,No,Sí,No
CLI002670,cellular,apr,mon,2,999,0,nonexistent,-1.8,93.075,-47.1,1.405,5099.1,No,31,services,divorced,high.school,No,No,No
CLI002671,cellular,jul,tue,7,999,0,nonexistent,1.4,93.918,-42.7,4.961,5228.1,No,50,technician,single,university.degree,No,Sí,No
CLI002673,cellular,may,mon,2,999,1,failure,-1.8,92.893,-46.2,1.244,5099.1,No,41,technician,single,high.school,No,Sí,No
CLI002674,cellular,jul,thu,3,999,0,nonexistent,1.4,93.918,-42.7,4.968,5228.1,No,29,admin.,single,high.school,No,No,Sí
CLI002675,cellular,mar,fri,1,999,0,nonexistent,-1.8,93.369,-34.8,0.653,5008.7,Sí,50,technician,married,university.degree,No,Sí,No
CLI002676,telephone,apr,wed,1,999,0,nonexistent,-1.8,93.075,-47.1,1.445,5099.1,Sí,63,retired,married,Desconocido,No,Sí,No
CLI002677,cellular,may,mon,2,999,1,failure,-1.8,92.893,-46.2,1.354,5099.1,No,53,management,married,high.school,No,Sí,No
CLI002678,cellular,aug,mon,3,999,0,nonexistent,1.4,93.444,-36.1,4.963,5228.1,No,35,admin.,single,university.degree,No,Sí,Sí
CLI002679,cellular,jul,tue,2,999,0,nonexistent,1.4,93.918,-42.7,4.961,5228.1,No,32,services,single,Desconocido,Desconocido,Sí,Sí
CLI002680,cellular,nov,wed,1,3,1,success,-3.4,92.649,-30.1,0.716,5017.5,Sí,48,management,divorced,university.degree,No,Sí,No
CLI002681,telephone,may,mon,1,999,0,nonexistent,1.1,93.994,-36.4,4.857,5191.0,No,41,management,married,basic.6y,No,No,No
CLI002682,cellular,aug,thu,2,999,0,nonexistent,1.4,93.444,-36.1,4.962,5228.1,No,41,technician,divorced,high.school,No,,No
CLI002683,telephone,may,mon,3,999,0,nonexistent,1.1,93.994,-36.4,4.857,5191.0,No,34,blue-collar,married,basic.9y,No,No,Sí
CLI002684,telephone,may,wed,2,999,0,nonexistent,1.1,93.994,-36.4,4.858,5191.0,No,36,services,married,high.school,No,Sí,No
CLI002685,telephone,jul,wed,2,999,0,nonexistent,1.4,93.918,-42.7,4.963,5228.1,No,44,blue-collar,divorced,basic.9y,No,No,No
CLI002686,telephone,jun,fri,1,999,0,nonexistent,1.4,94.465,-41.8,4.947,5228.1,No,39,self-employed,married,basic.6y,Desconocido,No,Sí
CLI002687,telephone,may,wed,2,999,0,nonexistent,-1.8,92.893,-46.2,1.281,5099.1,No,42,blue-collar,married,basic.4y,Desconocido,No,No
CLI002688,telephone,jun,thu,2,999,0,nonexistent,1.4,94.465,-41.8,4.961,5228.1,No,52,services,divorced,high.school,No,No,No
CLI002689,telephone,jun,tue,5,999,0,nonexistent,1.4,94.465,-41.8,4.864,5228.1,No,43,unemployed,married,professional.course,No,No,No
CLI002690,cellular,sep,mon,3,999,0,nonexistent,-3.4,92.379,-29.8,0.797,5017.5,No,41,admin.,married,university.degree,No,No,No
CLI002691,cellular,aug,wed,2,999,0,nonexistent,1.4,93.444,-36.1,4.967,5228.1,No,59,retired,married,high.school,No,No,No
CLI002692,cellular,may,thu,3,999,0,nonexistent,-1.8,92.893,-46.2,1.266,5099.1,No,24,technician,married,professional.course,No,Sí,Sí
CLI002693,cellular,aug,wed,1,999,0,nonexistent,1.4,93.444,-36.1,4.964,5228.1,No,36,self-employed,divorced,professional.course,No,Sí,No
CLI002694,cellular,jun,wed,2,12,2,success,-1.7,94.055,-39.8,0.767,4991.6,Sí,33,services,married,high.school,No,Sí,No
CLI002695,cellular,may,tue,2,999,1,failure,-1.8,92.893,-46.2,1.344,5099.1,No,35,services,married,basic.6y,Desconocido,No,No
CLI002696,cellular,nov,mon,2,999,0,nonexistent,-0.1,93.2,-42.0,4.191,5195.8,No,46,admin.,married,university.degree,Desconocido,No,No
CLI002697,cellular,aug,thu,7,999,0,nonexistent,1.4,93.444,-36.1,4.962,5228.1,No,48,technician,married,university.degree,No,No,No
CLI002698,cellular,aug,mon,2,999,0,nonexistent,1.4,93.444,-36.1,4.965,5228.1,No,37,admin.,single,university.degree,No,Sí,No
CLI002699,cellular,may,tue,2,999,0,nonexistent,-1.8,92.893,-46.2,1.344,5099.1,No,35,services,married,basic.6y,Desconocido,Sí,No
CLI002700,cellular,aug,thu,2,999,0,nonexistent,1.4,93.444,-36.1,4.962,5228.1,No,32,technician,married,university.degree,No,Sí,No
CLI002701,cellular,may,tue,1,999,0,nonexistent,-1.8,92.893,-46.2,1.344,5099.1,No,46,technician,married,high.school,No,Sí,No
CLI002702,telephone,jun,mon,4,999,0,nonexistent,1.4,94.465,-41.8,4.865,5228.1,No,56,management,divorced,,No,No,No
CLI002703,cellular,jul,mon,3,999,0,nonexistent,1.4,93.918,-42.7,4.96,5228.1,No,35,admin.,single,university.degree,No,Sí,No
CLI002704,cellular,jul,mon,4,999,0,nonexistent,1.4,93.918,-42.7,4.962,5228.1,No,54,housemaid,divorced,university.degree,Desconocido,Sí,No
CLI002705,cellular,jul,mon,4,999,0,nonexistent,1.4,93.918,-42.7,4.96,5228.1,No,33,blue-collar,married,Desconocido,No,No,No
CLI002706,cellular,aug,tue,1,999,0,nonexistent,1.4,93.444,-36.1,4.963,5228.1,No,43,technician,married,high.school,No,Sí,No
CLI002707,telephone,may,wed,4,999,0,nonexistent,1.1,93.994,-36.4,4.859,5191.0,No,46,unemployed,married,professional.course,Desconocido,Sí,No
CLI002708,cellular,may,wed,1,12,1,success,-1.8,92.893,-46.2,1.281,5099.1,No,41,entrepreneur,married,university.degree,No,Sí,No
CLI002709,telephone,may,thu,2,999,0,nonexistent,1.1,93.994,-36.4,4.855,5191.0,No,29,services,single,basic.9y,No,No,No
CLI002710,cellular,jul,tue,2,999,0,nonexistent,1.4,93.918,-42.7,4.962,5228.1,No,26,blue-collar,married,basic.9y,Desconocido,No,No
CLI002711,cellular,nov,fri,9,999,0,nonexistent,-0.1,93.2,-42.0,4.021,5195.8,No,48,admin.,married,university.degree,Desconocido,No,No
CLI002712,telephone,jun,thu,2,999,0,nonexistent,1.4,94.465,-41.8,4.958,5228.1,No,32,blue-collar,married,basic.9y,No,No,No
CLI002713,cellular,nov,fri,1,999,0,nonexistent,-0.1,93.2,-42.0,4.021,5195.8,No,57,admin.,married,university.degree,No,Sí,No
CLI002714,cellular,jul,thu,3,999,0,nonexistent,1.4,93.918,-42.7,4.968,5228.1,No,37,admin.,married,high.school,No,Desconocido,Desconocido
CLI002715,cellular,may,mon,3,999,1,failure,-1.8,92.893,-46.2,1.354,5099.1,No,41,admin.,single,high.school,No,Sí,No
CLI002716,telephone,may,mon,1,999,0,nonexistent,1.1,93.994,-36.4,4.857,5191.0,No,56,services,married,high.school,No,No,Sí
CLI002717,telephone,jul,thu,1,999,0,nonexistent,1.4,93.918,-42.7,4.962,5228.1,No,41,entrepreneur,single,high.school,No,Sí,No
CLI002718,cellular,aug,mon,2,999,0,nonexistent,1.4,93.444,-36.1,4.965,5228.1,No,44,blue-collar,married,basic.4y,No,No,Sí
CLI002719,cellular,apr,fri,1,999,1,failure,-1.8,93.075,-47.1,1.405,5099.1,No,39,admin.,married,university.degree,No,Sí,No
CLI002720,telephone,may,wed,1,999,0,nonexistent,1.1,93.994,-36.4,4.857,5191.0,No,42,admin.,married,university.degree,Desconocido,No,No
CLI002721,telephone,may,thu,5,999,0,nonexistent,1.1,93.994,-36.4,4.86,5191.0,No,44,technician,married,professional.course,Desconocido,No,No
CLI002722,cellular,aug,tue,1,999,0,nonexistent,1.4,93.444,-36.1,4.968,5228.1,No,34,technician,divorced,professional.course,No,Sí,No
CLI002723,telephone,may,thu,2,999,0,nonexistent,1.1,93.994,-36.4,4.855,5191.0,No,36,self-employed,single,basic.6y,No,No,No
CLI002724,cellular,jul,wed,4,999,0,nonexistent,1.4,93.918,-42.7,4.962,5228.1,Sí,28,blue-collar,single,professional.course,No,No,No
CLI002725,telephone,jun,thu,1,999,0,nonexistent,1.4,94.465,-41.8,4.958,5228.1,No,27,student,single,university.degree,No,No,Sí
CLI002726,cellular,may,tue,1,999,1,failure,-1.8,92.893,-46.2,1.291,5099.1,No,38,admin.,married,basic.9y,No,Sí,No
CLI002727,telephone,may,wed,2,999,0,nonexistent,1.1,93.994,-36.4,4.857,5191.0,No,51,blue-collar,married,basic.9y,Desconocido,No,Sí
CLI002728,telephone,may,tue,2,999,0,nonexistent,1.1,93.994,-36.4,4.856,5191.0,No,47,admin.,married,university.degree,Desconocido,No,Sí
CLI002729,cellular,nov,mon,1,999,0,nonexistent,-0.1,93.2,-42.0,4.191,5195.8,No,46,technician,married,professional.course,No,Sí,No
CLI002730,cellular,aug,fri,3,999,0,nonexistent,1.4,93.444,-36.1,4.966,5228.1,No,42,self-employed,married,university.degree,No,Sí,No
CLI002731,telephone,may,thu,1,999,0,nonexistent,1.1,93.994,-36.4,4.86,5191.0,No,40,admin.,single,Desconocido,Desconocido,Sí,No
CLI002732,cellular,aug,fri,1,999,0,nonexistent,-2.9,92.201,-31.4,0.849,5076.2,Sí,62,admin.,married,university.degree,No,Sí,No
CLI002733,telephone,jun,wed,1,999,0,nonexistent,1.4,94.465,-41.8,4.959,5228.1,No,37,admin.,single,high.school,No,No,No
CLI002734,telephone,may,thu,4,999,0,nonexistent,1.1,93.994,-36.4,4.86,5191.0,No,34,blue-collar,married,basic.9y,No,Sí,No
CLI002735,cellular,oct,wed,2,4,2,success,-3.4,92.431,-26.9,0.74,5017.5,No,58,technician,married,basic.4y,No,No,Sí
CLI002736,cellular,may,fri,1,999,0,nonexistent,-1.8,92.893,-46.2,1.313,5099.1,No,38,blue-collar,married,basic.9y,No,Sí,No
CLI002737,cellular,jul,mon,3,999,1,failure,-1.7,94.215,-40.3,0.827,4991.6,Sí,62,technician,married,Desconocido,No,Desconocido,Desconocido
CLI002738,telephone,may,mon,1,999,0,nonexistent,1.1,93.994,-36.4,4.858,5191.0,No,42,admin.,divorced,university.degree,No,No,No
CLI002739,cellular,may,wed,1,999,0,nonexistent,-1.8,92.893,-46.2,1.281,5099.1,No,32,services,married,basic.9y,No,Sí,No
CLI002740,cellular,mar,tue,3,6,3,success,-1.8,93.369,-34.8,0.652,5008.7,Sí,55,unemployed,divorced,university.degree,No,No,No
CLI002741,cellular,aug,thu,3,999,0,nonexistent,1.4,93.444,-36.1,4.964,5228.1,No,39,management,married,university.degree,No,Sí,No
CLI002742,telephone,may,tue,1,999,0,nonexistent,1.1,93.994,-36.4,4.857,5191.0,No,24,blue-collar,married,basic.9y,No,No,No
CLI002743,cellular,aug,fri,1,999,0,nonexistent,1.4,93.444,-36.1,4.964,5228.1,No,29,technician,single,professional.course,No,No,No
CLI002744,cellular,jul,wed,1,999,2,failure,-1.7,94.215,-40.3,0.802,4991.6,No,35,entrepreneur,single,university.degree,No,Sí,No
CLI002745,cellular,sep,wed,2,6,3,success,-1.1,94.199,-37.5,0.876,4963.6,Sí,19,student,single,basic.4y,No,Sí,No
CLI002746,cellular,sep,wed,1,999,2,failure,-1.1,94.199,-37.5,0.886,4963.6,No,24,student,single,Desconocido,No,Sí,No
CLI002747,telephone,may,thu,1,999,0,nonexistent,1.1,93.994,-36.4,4.86,5191.0,No,35,blue-collar,single,Desconocido,No,No,No
CLI002748,cellular,may,mon,3,999,0,nonexistent,-1.8,92.893,-46.2,1.244,5099.1,No,44,services,married,high.school,No,Sí,No
CLI002749,cellular,may,fri,3,10,1,success,-1.8,92.893,-46.2,1.25,5099.1,No,31,unemployed,married,basic.9y,No,Sí,No
CLI002750,cellular,jun,fri,1,999,0,nonexistent,-2.9,92.963,-40.8,1.268,5076.2,No,49,admin.,divorced,high.school,No,Sí,No
CLI002751,cellular,may,mon,1,999,0,nonexistent,-1.8,92.893,-46.2,1.244,5099.1,No,37,blue-collar,married,professional.course,No,No,No
CLI002752,telephone,jun,fri,4,999,0,nonexistent,1.4,94.465,-41.8,4.967,5228.1,No,32,admin.,single,university.degree,No,Desconocido,Desconocido
CLI002753,telephone,jun,fri,12,999,0,nonexistent,1.4,94.465,-41.8,4.959,5228.1,No,48,entrepreneur,married,professional.course,No,No,No
CLI002754,cellular,aug,tue,1,999,0,nonexistent,1.4,93.444,-36.1,4.966,5228.1,No,35,services,married,high.school,No,Sí,No
CLI002755,telephone,may,tue,3,999,0,nonexistent,1.1,93.994,-36.4,4.856,5191.0,No,35,admin.,single,high.school,No,Sí,No
CLI002756,cellular,jul,tue,1,6,3,success,-1.7,94.215,-40.3,0.835,4991.6,Sí,31,unemployed,single,university.degree,No,Sí,
CLI002757,cellular,may,tue,1,999,0,nonexistent,-1.8,92.893,-46.2,1.291,5099.1,No,50,services,married,university.degree,Desconocido,No,No
CLI002758,telephone,may,tue,1,999,0,nonexistent,1.1,93.994,-36.4,4.856,5191.0,No,38,admin.,single,basic.6y,Desconocido,No,No
CLI002759,telephone,may,wed,1,999,0,nonexistent,1.1,93.994,-36.4,4.859,5191.0,No,30,technician,married,professional.course,Desconocido,No,No
CLI002760,cellular,aug,mon,10,999,0,nonexistent,1.4,93.444,-36.1,4.963,5228.1,No,31,admin.,married,university.degree,No,No,Sí
CLI002761,telephone,jun,fri,2,999,0,nonexistent,1.4,94.465,-41.8,4.967,5228.1,No,30,services,divorced,basic.9y,No,No,No
CLI002762,telephone,jun,mon,2,999,0,nonexistent,1.4,94.465,-41.8,4.96,5228.1,No,31,blue-collar,married,basic.9y,No,No,No
CLI002763,telephone,oct,wed,1,999,0,nonexistent,-1.1,94.601,-49.5,1.016,4963.6,No,34,technician,married,university.degree,No,Sí,No
CLI002764,telephone,jul,mon,3,999,0,nonexistent,1.4,93.918,-42.7,4.96,5228.1,No,39,technician,single,professional.course,No,Sí,No
CLI002765,telephone,may,mon,1,999,0,nonexistent,1.1,93.994,-36.4,4.857,5191.0,No,44,blue-collar,married,basic.6y,No,No,No
CLI002766,telephone,may,fri,1,999,0,nonexistent,1.1,93.994,-36.4,4.864,5191.0,No,38,blue-collar,single,basic.9y,No,Sí,No
CLI002767,cellular,jun,wed,3,3,2,success,-1.7,94.055,-39.8,0.739,4991.6,No,40,blue-collar,married,basic.9y,No,Sí,No
CLI002768,cellular,nov,tue,3,999,0,nonexistent,-0.1,93.2,-42.0,4.153,5195.8,No,32,blue-collar,married,basic.6y,No,Sí,No
CLI002769,cellular,nov,wed,5,999,0,nonexistent,-0.1,93.2,-42.0,4.12,5195.8,No,30,management,married,university.degree,No,No,No
CLI002770,telephone,jun,wed,2,999,0,nonexistent,1.4,94.465,-41.8,4.864,5228.1,No,46,blue-collar,married,basic.6y,No,Sí,No
CLI002771,telephone,may,wed,1,999,0,nonexistent,1.1,93.994,-36.4,4.859,5191.0,No,41,admin.,married,high.school,No,Sí,No
CLI002772,cellular,may,fri,3,13,2,failure,-1.8,93.876,-40.0,0.684,5008.7,Sí,29,admin.,married,university.degree,No,Sí,Sí
CLI002773,cellular,jul,thu,1,999,0,nonexistent,1.4,93.918,-42.7,4.962,5228.1,No,54,services,married,high.school,Desconocido,No,Sí
CLI002774,cellular,apr,thu,1,999,0,nonexistent,-1.8,93.075,-47.1,1.435,5099.1,No,30,self-employed,single,university.degree,No,No,No
CLI002775,telephone,jun,wed,2,999,0,nonexistent,1.4,94.465,-41.8,4.962,5228.1,No,36,blue-collar,married,basic.9y,No,No,No
CLI002776,cellular,may,fri,2,999,0,nonexistent,-1.8,92.893,-46.2,1.313,5099.1,No,42,blue-collar,married,professional.course,No,Sí,No
CLI002777,cellular,aug,thu,1,999,0,nonexistent,1.4,93.444,-36.1,4.964,5228.1,No,35,technician,single,professional.course,No,Sí,Sí
CLI002778,cellular,mar,thu,1,14,1,success,-1.8,93.369,-34.8,0.635,5008.7,Sí,30,student,single,Desconocido,No,No,No
CLI002779,cellular,aug,mon,1,999,0,nonexistent,1.4,93.444,-36.1,4.97,5228.1,No,39,technician,single,university.degree,No,Sí,No
CLI002780,cellular,nov,thu,2,999,0,nonexistent,-3.4,92.649,-30.1,0.714,5017.5,No,32,self-employed,married,university.degree,No,No,No
CLI002781,cellular,nov,wed,1,999,0,nonexistent,-0.1,93.2,-42.0,4.12,5195.8,No,31,admin.,single,high.school,No,Sí,
CLI002782,cellular,nov,thu,3,999,0,nonexistent,-0.1,93.2,-42.0,4.076,5195.8,No,38,management,single,university.degree,No,Sí,No
CLI002783,cellular,aug,tue,2,999,0,nonexistent,1.4,93.444,-36.1,4.963,5228.1,No,33,admin.,divorced,university.degree,No,Sí,No
CLI002784,telephone,jun,fri,6,999,0,nonexistent,1.4,94.465,-41.8,4.967,5228.1,No,39,unemployed,married,professional.course,No,Sí,No
CLI002785,cellular,nov,mon,2,999,0,nonexistent,-0.1,93.2,-42.0,4.191,5195.8,No,48,entrepreneur,married,university.degree,Desconocido,Sí,No
CLI002786,telephone,jun,fri,6,999,0,nonexistent,1.4,94.465,-41.8,4.959,5228.1,No,53,technician,married,professional.course,Desconocido,No,No
CLI002787,telephone,may,mon,2,999,0,nonexistent,1.1,93.994,-36.4,4.857,5191.0,Sí,41,services,married,high.school,Desconocido,Sí,No
CLI002788,cellular,aug,tue,1,999,0,nonexistent,-2.9,92.201,-31.4,0.883,5076.2,No,42,admin.,single,university.degree,No,No,No
CLI002789,telephone,may,fri,3,999,0,nonexistent,1.1,93.994,-36.4,4.857,5191.0,No,33,blue-collar,married,basic.9y,No,Sí,No
CLI002790,cellular,may,mon,1,999,0,nonexistent,-1.8,92.893,-46.2,1.244,5099.1,No,28,unemployed,single,university.degree,No,Sí,No
CLI002791,telephone,may,fri,8,999,0,nonexistent,1.1,93.994,-36.4,4.859,5191.0,No,35,technician,married,professional.course,No,No,No
CLI002792,telephone,nov,thu,3,999,0,nonexistent,-0.1,93.2,-42.0,4.076,5195.8,Sí,56,services,married,high.school,No,No,
CLI002793,cellular,may,wed,6,999,0,nonexistent,-1.8,92.893,-46.2,1.281,5099.1,No,51,blue-collar,divorced,basic.9y,No,No,Sí
CLI002794,cellular,may,mon,6,12,1,success,-1.8,92.893,-46.2,1.354,5099.1,No,44,self-employed,single,professional.course,No,No,No
CLI002795,telephone,may,wed,1,999,0,nonexistent,1.1,93.994,-36.4,4.856,5191.0,No,47,admin.,married,university.degree,No,Desconocido,Desconocido
CLI002796,telephone,may,fri,3,999,0,nonexistent,1.1,93.994,-36.4,4.859,5191.0,Sí,37,blue-collar,single,basic.9y,Desconocido,No,No
CLI002797,cellular,aug,wed,11,999,0,nonexistent,1.4,93.444,-36.1,4.964,5228.1,No,43,management,married,university.degree,No,,No
CLI002798,telephone,may,thu,1,999,0,nonexistent,-1.8,92.893,-46.2,1.327,5099.1,No,29,entrepreneur,married,high.school,No,No,No
CLI002799,cellular,apr,wed,1,999,0,nonexistent,-1.8,93.075,-47.1,1.445,5099.1,No,51,admin.,single,university.degree,No,Sí,Sí
CLI002800,telephone,jun,tue,2,999,0,nonexistent,1.4,94.465,-41.8,4.961,5228.1,No,49,blue-collar,married,basic.9y,No,No,Sí
CLI002801,telephone,jun,thu,1,999,0,nonexistent,1.4,94.465,-41.8,4.866,5228.1,No,44,management,married,university.degree,No,No,No
CLI002802,telephone,may,tue,1,999,0,nonexistent,1.1,93.994,-36.4,4.856,5191.0,No,50,admin.,single,university.degree,No,Sí,No
CLI002803,cellular,may,tue,2,999,0,nonexistent,-1.8,92.893,-46.2,1.344,5099.1,No,39,blue-collar,single,basic.4y,No,No,Sí
CLI002804,cellular,apr,fri,2,999,1,failure,-1.8,93.075,-47.1,1.405,5099.1,No,39,services,divorced,basic.6y,No,No,No
CLI002805,cellular,may,fri,1,999,0,nonexistent,-1.8,92.893,-46.2,1.313,5099.1,No,31,admin.,single,university.degree,Desconocido,Sí,Sí
CLI002806,telephone,jun,mon,2,999,0,nonexistent,1.4,94.465,-41.8,4.961,5228.1,No,25,blue-collar,divorced,basic.9y,No,Desconocido,Desconocido
CLI002808,cellular,nov,wed,2,999,1,failure,-0.1,93.2,-42.0,4.12,5195.8,No,32,entrepreneur,married,university.degree,No,No,Sí
CLI002809,telephone,may,mon,1,999,0,nonexistent,1.1,93.994,-36.4,4.857,5191.0,No,39,technician,single,high.school,No,Sí,No
CLI002810,telephone,jun,fri,1,999,0,nonexistent,1.4,94.465,-41.8,4.967,5228.1,No,36,blue-collar,single,high.school,No,Sí,No
CLI002811,telephone,sep,tue,1,999,0,nonexistent,-1.1,94.199,-37.5,0.881,4963.6,No,48,services,married,high.school,No,No,No
CLI002812,telephone,may,mon,1,999,0,nonexistent,1.1,93.994,-36.4,4.858,5191.0,No,37,housemaid,married,high.school,No,,Sí
CLI002813,cellular,apr,mon,1,999,0,nonexistent,-1.8,93.075,-47.1,1.405,5099.1,No,38,admin.,single,university.degree,No,Sí,Sí
CLI002814,cellular,aug,tue,1,999,0,nonexistent,1.4,93.444,-36.1,4.968,5228.1,No,44,technician,divorced,university.degree,Desconocido,No,No
CLI002815,cellular,aug,fri,3,999,0,nonexistent,1.4,93.444,-36.1,4.966,5228.1,No,36,admin.,married,university.degree,No,Desconocido,Desconocido
CLI002816,telephone,may,thu,5,999,0,nonexistent,1.1,93.994,-36.4,4.86,5191.0,No,34,admin.,single,high.school,No,Sí,No
CLI002817,telephone,jun,thu,6,999,0,nonexistent,1.4,94.465,-41.8,4.866,5228.1,No,34,admin.,single,basic.9y,Desconocido,Sí,No
CLI002818,telephone,jun,fri,1,999,0,nonexistent,1.4,94.465,-41.8,4.967,5228.1,No,51,technician,married,professional.course,Desconocido,Sí,No
CLI002819,cellular,may,tue,1,999,0,nonexistent,-1.8,92.893,-46.2,1.344,5099.1,No,29,admin.,single,university.degree,No,No,No
CLI002820,cellular,jun,thu,1,999,0,nonexistent,-2.9,92.963,-40.8,1.26,5076.2,No,31,admin.,single,high.school,No,Desconocido,Desconocido
CLI002821,telephone,may,wed,5,999,0,nonexistent,1.1,93.994,-36.4,4.859,5191.0,No,30,services,married,high.school,No,No,No
CLI002822,telephone,jun,thu,2,999,0,nonexistent,1.4,94.465,-41.8,4.866,5228.1,No,56,technician,married,professional.course,Desconocido,Sí,No
CLI002823,cellular,aug,thu,4,999,0,nonexistent,1.4,93.444,-36.1,4.962,5228.1,No,40,admin.,married,university.degree,No,No,No
CLI002824,telephone,may,wed,1,999,0,nonexistent,1.1,93.994,-36.4,4.859,5191.0,No,53,blue-collar,married,basic.9y,No,No,No
CLI002825,cellular,aug,tue,3,999,0,nonexistent,1.4,93.444,-36.1,4.963,5228.1,No,29,technician,married,university.degree,No,No,No
CLI002826,telephone,may,wed,1,999,0,nonexistent,1.1,93.994,-36.4,4.856,5191.0,No,44,blue-collar,married,basic.4y,No,Sí,No
CLI002827,telephone,may,mon,1,999,0,nonexistent,1.1,93.994,-36.4,4.858,5191.0,No,47,blue-collar,married,professional.course,Desconocido,No,No
CLI002828,cellular,jul,thu,2,999,0,nonexistent,1.4,93.918,-42.7,4.958,5228.1,No,27,blue-collar,divorced,Desconocido,No,No,
CLI002829,cellular,aug,fri,1,999,0,nonexistent,1.4,93.444,-36.1,4.964,5228.1,No,59,retired,married,Desconocido,No,Sí,Sí
CLI002830,cellular,jul,tue,1,999,0,nonexistent,1.4,93.918,-42.7,4.962,5228.1,No,33,blue-collar,single,basic.9y,No,Sí,Sí
CLI002831,telephone,jun,tue,3,999,0,nonexistent,1.4,94.465,-41.8,4.864,5228.1,No,38,blue-collar,married,basic.9y,No,Sí,No
CLI002832,cellular,may,fri,1,999,0,nonexistent,-1.8,92.893,-46.2,1.25,5099.1,No,36,entrepreneur,married,basic.9y,No,Sí,No
CLI002833,cellular,may,thu,2,999,1,failure,-1.8,92.893,-46.2,1.327,5099.1,No,27,services,single,high.school,No,Sí,Sí
CLI002834,telephone,may,tue,2,999,0,nonexistent,1.1,93.994,-36.4,4.857,5191.0,No,27,admin.,single,high.school,No,Sí,No
CLI002835,cellular,aug,thu,1,999,0,nonexistent,1.4,93.444,-36.1,4.963,5228.1,No,30,technician,single,professional.course,No,Sí,No
CLI002836,cellular,nov,fri,1,999,0,nonexistent,-0.1,93.2,-42.0,4.021,5195.8,No,29,admin.,single,university.degree,No,Sí,No
CLI002837,cellular,may,thu,2,999,2,failure,-1.8,92.893,-46.2,1.327,5099.1,No,43,services,married,high.school,No,No,No
CLI002838,cellular,jul,wed,1,999,0,nonexistent,-1.7,94.215,-40.3,0.881,4991.6,Sí,82,housemaid,divorced,basic.4y,No,No,No
CLI002839,telephone,jun,fri,4,999,0,nonexistent,1.4,94.465,-41.8,4.959,5228.1,No,37,blue-collar,married,basic.9y,No,No,No
CLI002840,cellular,may,fri,3,999,1,failure,-1.8,92.893,-46.2,1.25,5099.1,No,26,housemaid,single,Desconocido,No,Sí,Sí
CLI002841,telephone,may,fri,2,999,0,nonexistent,1.1,93.994,-36.4,4.855,5191.0,No,54,technician,married,Desconocido,Desconocido,No,No
CLI002842,telephone,jul,tue,8,999,0,nonexistent,1.4,93.918,-42.7,4.961,5228.1,No,32,blue-collar,single,high.school,No,No,No
CLI002843,cellular,nov,fri,1,999,0,nonexistent,-0.1,93.2,-42.0,4.021,5195.8,No,50,admin.,married,university.degree,No,Sí,No
CLI002844,telephone,may,fri,1,999,0,nonexistent,1.1,93.994,-36.4,4.864,5191.0,No,60,blue-collar,married,basic.4y,Desconocido,Sí,No
CLI002845,telephone,jun,mon,1,999,0,nonexistent,1.4,94.465,-41.8,4.865,5228.1,No,57,blue-collar,divorced,,Desconocido,No,No
CLI002846,cellular,sep,fri,2,999,0,nonexistent,-3.4,92.379,-29.8,0.773,5017.5,No,73,retired,married,basic.4y,No,Sí,No
CLI002847,telephone,jul,mon,8,999,0,nonexistent,1.4,93.918,-42.7,4.96,5228.1,No,32,management,single,university.degree,No,No,No
CLI002848,cellular,may,fri,3,999,0,nonexistent,-1.8,92.893,-46.2,1.25,5099.1,No,52,blue-collar,married,basic.9y,No,Sí,No
CLI002849,telephone,aug,tue,2,6,1,success,-1.7,94.027,-38.3,0.904,4991.6,No,37,management,married,university.degree,No,Sí,Sí
CLI002850,cellular,nov,tue,1,999,0,nonexistent,-0.1,93.2,-42.0,4.153,5195.8,No,51,blue-collar,married,basic.4y,Desconocido,No,No
CLI002851,cellular,sep,tue,1,6,1,success,-1.1,94.199,-37.5,0.881,4963.6,Sí,36,management,divorced,university.degree,No,Sí,No
CLI002852,telephone,may,wed,1,999,0,nonexistent,1.1,93.994,-36.4,4.857,5191.0,No,27,technician,married,high.school,No,No,No
CLI002853,telephone,may,thu,4,999,0,nonexistent,1.1,93.994,-36.4,4.855,5191.0,No,43,technician,married,university.degree,No,Sí,No
CLI002854,telephone,may,mon,2,999,0,nonexistent,1.1,93.994,-36.4,4.857,5191.0,No,44,blue-collar,divorced,basic.6y,No,No,No
CLI002855,cellular,mar,mon,1,999,0,nonexistent,-1.8,92.843,-50.0,1.811,5099.1,Sí,44,blue-collar,single,professional.course,No,No,No
CLI002856,telephone,jun,tue,1,999,0,nonexistent,1.4,94.465,-41.8,4.864,5228.1,No,31,services,single,high.school,No,Sí,No
CLI002857,cellular,dec,tue,1,999,0,nonexistent,-3.0,92.713,-33.0,0.708,5023.5,No,27,student,single,high.school,No,Sí,No
CLI002858,telephone,may,mon,3,999,0,nonexistent,1.1,93.994,-36.4,4.857,5191.0,No,50,blue-collar,single,basic.4y,No,Sí,No
CLI002859,cellular,aug,wed,2,999,0,nonexistent,1.4,93.444,-36.1,4.964,5228.1,Sí,48,blue-collar,married,basic.9y,Desconocido,No,No
CLI002860,cellular,apr,mon,2,999,0,nonexistent,-1.8,93.075,-47.1,1.405,5099.1,No,33,blue-collar,single,basic.4y,No,Sí,No
CLI002861,cellular,mar,fri,3,999,1,failure,-1.8,93.369,-34.8,0.636,5008.7,No,51,admin.,married,university.degree,No,Sí,Sí
CLI002862,telephone,jun,fri,1,999,0,nonexistent,1.4,94.465,-41.8,4.967,5228.1,No,47,technician,single,professional.course,Desconocido,No,No
CLI002863,cellular,may,fri,2,999,1,failure,-1.8,92.893,-46.2,1.313,5099.1,No,32,blue-collar,married,basic.9y,No,Sí,No
CLI002864,telephone,may,tue,2,999,0,nonexistent,1.1,93.994,-36.4,4.856,5191.0,No,48,self-employed,married,basic.9y,Desconocido,Sí,No
CLI002865,cellular,may,fri,2,999,0,nonexistent,-1.8,92.893,-46.2,1.313,5099.1,No,37,blue-collar,married,basic.4y,No,Sí,Sí
CLI002866,telephone,may,mon,3,999,0,nonexistent,1.1,93.994,-36.4,4.857,5191.0,No,40,self-employed,married,basic.4y,Desconocido,No,No
CLI002867,cellular,may,mon,2,999,1,failure,-1.8,92.893,-46.2,1.299,5099.1,No,42,entrepreneur,married,basic.4y,Desconocido,No,No
CLI002868,telephone,may,tue,3,999,0,nonexistent,1.1,93.994,-36.4,4.857,5191.0,No,49,services,married,high.school,Desconocido,No,No
CLI002869,cellular,may,fri,2,999,2,failure,-1.8,93.876,-40.0,0.699,5008.7,Sí,29,technician,married,professional.course,No,No,No
CLI002870,cellular,nov,thu,1,999,0,nonexistent,-0.1,93.2,-42.0,4.076,5195.8,No,51,technician,married,professional.course,No,Sí,No
CLI002871,cellular,mar,fri,3,999,0,nonexistent,-1.8,92.843,-50.0,1.531,5099.1,No,43,admin.,married,university.degree,No,Sí,No
CLI002872,telephone,may,tue,1,999,0,nonexistent,1.1,93.994,-36.4,4.856,5191.0,No,52,services,married,Desconocido,Desconocido,No,No
CLI002873,cellular,jul,mon,5,999,0,nonexistent,1.4,93.918,-42.7,4.96,5228.1,No,38,unemployed,married,high.school,No,No,No
CLI002874,telephone,may,wed,3,999,0,nonexistent,1.1,93.994,-36.4,4.857,5191.0,No,56,blue-collar,married,basic.9y,Desconocido,No,No
CLI002875,telephone,may,thu,3,999,0,nonexistent,1.1,93.994,-36.4,4.86,5191.0,No,38,blue-collar,married,basic.6y,Desconocido,No,No
CLI002876,cellular,aug,wed,1,999,0,nonexistent,1.4,93.444,-36.1,4.964,5228.1,No,35,technician,single,university.degree,No,No,Sí
CLI002877,cellular,nov,mon,1,6,3,success,-1.1,94.767,-50.8,1.05,4963.6,Sí,48,admin.,married,university.degree,No,Sí,No
CLI002878,telephone,jun,mon,1,999,0,nonexistent,1.4,94.465,-41.8,4.961,5228.1,No,31,blue-collar,married,basic.9y,No,Sí,Sí
CLI002879,cellular,aug,thu,2,999,0,nonexistent,-2.9,92.201,-31.4,0.851,5076.2,No,38,admin.,divorced,professional.course,No,No,No
CLI002880,cellular,jul,mon,7,999,0,nonexistent,1.4,93.918,-42.7,4.96,5228.1,No,29,retired,single,basic.4y,Desconocido,No,No
CLI002881,telephone,may,wed,1,999,0,nonexistent,1.1,93.994,-36.4,4.857,5191.0,No,46,blue-collar,married,Desconocido,No,No,No
CLI002882,cellular,oct,thu,3,3,1,success,-3.4,92.431,-26.9,0.733,5017.5,Sí,56,technician,married,basic.4y,No,No,No
CLI002883,cellular,jun,mon,1,6,2,success,-1.7,94.055,-39.8,0.72,4991.6,Sí,59,unemployed,married,basic.4y,No,Sí,No
CLI002884,telephone,jun,thu,1,999,0,nonexistent,1.4,94.465,-41.8,4.866,5228.1,No,45,blue-collar,married,Desconocido,Desconocido,No,No
CLI002885,cellular,aug,tue,1,999,0,nonexistent,1.4,93.444,-36.1,4.963,5228.1,No,56,retired,married,university.degree,No,No,No
CLI002886,telephone,may,wed,6,999,0,nonexistent,1.1,93.994,-36.4,4.856,5191.0,No,38,blue-collar,married,basic.9y,No,Sí,No
CLI002887,cellular,aug,mon,2,999,0,nonexistent,1.4,93.444,-36.1,4.965,5228.1,No,57,blue-collar,married,basic.9y,No,Sí,No
CLI002888,cellular,nov,wed,5,999,0,nonexistent,-0.1,93.2,-42.0,4.12,5195.8,No,38,entrepreneur,divorced,basic.9y,No,Sí,No
CLI002889,cellular,jul,wed,3,999,0,nonexistent,1.4,93.918,-42.7,4.957,5228.1,No,33,blue-collar,divorced,basic.9y,Desconocido,Sí,Sí
CLI002890,telephone,jun,thu,1,999,0,nonexistent,1.4,94.465,-41.8,4.961,5228.1,No,33,services,married,university.degree,No,No,No
CLI002891,cellular,jul,wed,1,999,0,nonexistent,1.4,93.918,-42.7,4.963,5228.1,No,40,admin.,divorced,university.degree,No,Sí,No
CLI002892,cellular,nov,fri,3,999,0,nonexistent,-0.1,93.2,-42.0,4.021,5195.8,No,55,retired,single,university.degree,Desconocido,No,No
CLI002893,telephone,may,tue,1,999,0,nonexistent,1.1,93.994,-36.4,4.857,5191.0,No,54,retired,married,high.school,Desconocido,Sí,No
CLI002894,cellular,may,mon,4,999,0,nonexistent,-1.8,92.893,-46.2,1.299,5099.1,No,34,technician,married,basic.9y,No,Sí,Sí
CLI002895,cellular,nov,mon,1,999,0,nonexistent,-0.1,93.2,-42.0,4.191,5195.8,No,34,admin.,married,high.school,No,Sí,No
CLI002896,cellular,may,mon,5,999,0,nonexistent,-1.8,92.893,-46.2,1.354,5099.1,No,34,services,married,professional.course,No,Sí,No
CLI002897,cellular,jun,mon,1,999,0,nonexistent,-1.7,94.055,-39.8,0.72,4991.6,No,35,technician,single,university.degree,No,No,No
CLI002898,cellular,jul,fri,2,999,0,nonexistent,1.4,93.918,-42.7,4.963,5228.1,No,59,blue-collar,married,basic.4y,Desconocido,No,No
CLI002899,cellular,mar,wed,4,999,0,nonexistent,-1.8,92.843,-50.0,1.663,5099.1,Sí,29,self-employed,married,university.degree,No,Sí,No
CLI002900,cellular,may,mon,5,999,1,failure,-1.8,92.893,-46.2,1.244,5099.1,No,48,admin.,divorced,university.degree,No,No,No
CLI002901,cellular,apr,mon,1,6,1,success,-1.8,93.749,-34.6,0.642,5008.7,No,58,housemaid,single,professional.course,No,No,No
CLI002902,cellular,apr,mon,1,999,1,failure,-1.8,93.075,-47.1,1.405,5099.1,No,32,technician,single,professional.course,No,Sí,Sí
CLI002903,cellular,may,wed,7,999,0,nonexistent,-1.8,92.893,-46.2,1.281,5099.1,No,43,management,married,university.degree,No,Sí,No
CLI002904,telephone,may,mon,1,999,0,nonexistent,1.1,93.994,-36.4,4.858,5191.0,No,37,admin.,married,high.school,No,Sí,No
CLI002905,cellular,oct,mon,1,999,1,failure,-3.4,92.431,-26.9,0.743,5017.5,No,59,technician,married,university.degree,No,No,No
CLI002906,cellular,aug,tue,1,999,0,nonexistent,1.4,93.444,-36.1,4.968,5228.1,No,49,admin.,married,,No,Sí,No
CLI002907,cellular,nov,wed,2,999,0,nonexistent,-0.1,93.2,-42.0,4.12,5195.8,No,45,management,married,university.degree,No,No,Sí
CLI002908,cellular,apr,thu,1,999,0,nonexistent,-1.8,93.075,-47.1,1.41,5099.1,No,40,blue-collar,married,basic.9y,Desconocido,Sí,No
CLI002909,cellular,apr,wed,2,10,1,success,-1.8,93.749,-34.6,0.654,5008.7,Sí,52,admin.,married,Desconocido,No,Sí,No
CLI002910,telephone,jun,thu,1,999,0,nonexistent,1.4,94.465,-41.8,4.961,5228.1,No,28,blue-collar,married,basic.9y,No,Sí,No
CLI002911,cellular,nov,fri,1,999,0,nonexistent,-0.1,93.2,-42.0,4.021,5195.8,No,40,blue-collar,divorced,basic.9y,No,No,No
CLI002912,cellular,may,tue,2,999,0,nonexistent,-1.8,92.893,-46.2,1.344,5099.1,No,34,admin.,married,high.school,No,No,No
CLI002913,telephone,may,wed,2,999,0,nonexistent,1.1,93.994,-36.4,4.857,5191.0,No,34,admin.,married,university.degree,No,,Sí
CLI002914,cellular,aug,tue,3,999,0,nonexistent,1.4,93.444,-36.1,4.963,5228.1,No,32,technician,single,university.degree,No,Sí,Sí
CLI002915,cellular,may,tue,2,999,0,nonexistent,-1.8,92.893,-46.2,1.266,5099.1,No,32,admin.,single,university.degree,No,Desconocido,Desconocido
CLI002916,cellular,aug,wed,2,999,0,nonexistent,1.4,93.444,-36.1,4.965,5228.1,No,30,admin.,married,university.degree,No,No,No
CLI002917,telephone,jun,thu,2,999,0,nonexistent,1.4,94.465,-41.8,4.866,5228.1,No,41,admin.,married,university.degree,No,No,No
CLI002918,cellular,apr,mon,1,999,0,nonexistent,-1.8,93.075,-47.1,1.466,5099.1,No,26,admin.,married,high.school,No,No,No
CLI002919,cellular,nov,wed,1,999,1,failure,-0.1,93.2,-42.0,4.12,5195.8,No,30,entrepreneur,married,high.school,No,No,No
CLI002920,cellular,jul,mon,4,999,0,nonexistent,1.4,93.918,-42.7,4.962,5228.1,No,31,management,married,university.degree,No,Sí,No
CLI002921,telephone,sep,fri,1,999,0,nonexistent,-3.4,92.379,-29.8,0.803,5017.5,No,40,admin.,divorced,high.school,No,Sí,No
CLI002922,cellular,may,fri,2,999,0,nonexistent,-1.8,92.893,-46.2,1.25,5099.1,No,41,management,married,university.degree,No,Sí,No
CLI002923,cellular,aug,tue,2,999,0,nonexistent,-1.7,94.027,-38.3,0.904,4991.6,No,34,admin.,single,high.school,No,Sí,No
CLI002924,cellular,apr,thu,1,2,1,success,-1.8,93.075,-47.1,1.365,5099.1,No,57,retired,married,university.degree,No,Sí,No
CLI002925,telephone,jun,mon,3,999,0,nonexistent,1.4,94.465,-41.8,4.947,5228.1,No,55,blue-collar,married,basic.4y,Desconocido,Desconocido,Desconocido
CLI002926,cellular,jul,thu,5,999,0,nonexistent,1.4,93.918,-42.7,4.963,5228.1,No,31,technician,single,professional.course,No,No,No
CLI002927,telephone,may,tue,1,999,0,nonexistent,1.1,93.994,-36.4,4.857,5191.0,No,32,services,married,high.school,No,No,No
CLI002928,cellular,jul,thu,17,999,0,nonexistent,1.4,93.918,-42.7,4.968,5228.1,No,25,admin.,single,basic.9y,No,Sí,Sí
CLI002929,cellular,jul,wed,2,999,0,nonexistent,1.4,93.918,-42.7,4.963,5228.1,No,33,student,married,high.school,No,No,No
CLI002930,telephone,may,wed,2,999,0,nonexistent,1.1,93.994,-36.4,4.857,5191.0,No,52,admin.,married,high.school,No,No,No
CLI002931,cellular,jul,wed,1,999,0,nonexistent,1.4,93.918,-42.7,4.963,5228.1,No,39,technician,single,university.degree,No,No,No
CLI002932,cellular,may,fri,10,999,0,nonexistent,-1.8,92.893,-46.2,1.25,5099.1,No,22,admin.,single,basic.9y,No,Sí,Sí
CLI002933,cellular,jul,thu,2,999,0,nonexistent,1.4,93.918,-42.7,4.958,5228.1,No,26,services,single,high.school,No,No,No
CLI002934,telephone,jun,wed,5,999,0,nonexistent,1.4,94.465,-41.8,4.962,5228.1,No,26,technician,single,professional.course,No,No,No
CLI002935,telephone,may,wed,3,999,0,nonexistent,1.1,93.994,-36.4,4.859,5191.0,No,45,blue-collar,divorced,basic.9y,No,Sí,No
CLI002936,telephone,may,mon,4,999,0,nonexistent,1.1,93.994,-36.4,4.857,5191.0,No,39,admin.,married,high.school,No,Desconocido,Desconocido
CLI002937,cellular,may,wed,1,999,0,nonexistent,-1.8,92.893,-46.2,1.281,5099.1,No,36,technician,married,professional.course,No,,No
CLI002938,cellular,aug,wed,1,999,0,nonexistent,1.4,93.444,-36.1,4.967,5228.1,No,32,technician,single,professional.course,No,Sí,No
CLI002939,telephone,may,thu,3,999,0,nonexistent,1.1,93.994,-36.4,4.86,5191.0,No,30,blue-collar,married,basic.9y,No,Sí,No
CLI002940,telephone,may,fri,1,999,0,nonexistent,1.1,93.994,-36.4,4.859,5191.0,No,53,blue-collar,divorced,basic.4y,Desconocido,No,No
CLI002941,telephone,jun,fri,7,999,0,nonexistent,1.4,94.465,-41.8,4.967,5228.1,No,34,admin.,married,university.degree,No,No,No
CLI002942,telephone,may,wed,2,999,0,nonexistent,1.1,93.994,-36.4,4.856,5191.0,No,53,admin.,single,university.degree,Desconocido,Sí,No
CLI002943,cellular,jul,wed,2,999,0,nonexistent,1.4,93.918,-42.7,4.963,5228.1,No,41,services,divorced,high.school,No,No,Sí
CLI002944,telephone,jun,mon,4,999,0,nonexistent,1.4,94.465,-41.8,4.865,5228.1,No,36,technician,divorced,professional.course,Desconocido,No,No
CLI002945,cellular,aug,mon,5,999,0,nonexistent,1.4,93.444,-36.1,4.965,5228.1,No,44,admin.,married,university.degree,No,No,No
CLI002946,cellular,may,wed,1,999,0,nonexistent,-1.8,92.893,-46.2,1.334,5099.1,No,51,admin.,single,university.degree,No,No,No
CLI002947,cellular,nov,tue,1,999,0,nonexistent,-0.1,93.2,-42.0,4.153,5195.8,No,43,housemaid,single,basic.9y,No,No,No
CLI002948,cellular,aug,wed,2,999,0,nonexistent,1.4,93.444,-36.1,4.965,5228.1,No,59,blue-collar,married,basic.4y,Desconocido,Sí,No
CLI002949,cellular,jul,mon,2,999,0,nonexistent,1.4,93.918,-42.7,4.962,5228.1,Sí,23,admin.,married,basic.9y,No,Sí,No
CLI002950,cellular,may,thu,2,999,1,failure,-1.8,92.893,-46.2,1.266,5099.1,No,33,blue-collar,married,,No,No,No
CLI002951,cellular,jul,wed,1,999,0,nonexistent,1.4,93.918,-42.7,4.962,5228.1,No,34,admin.,married,high.school,No,No,
CLI002952,cellular,may,fri,2,999,1,failure,-1.8,92.893,-46.2,1.313,5099.1,No,46,admin.,married,basic.9y,Desconocido,No,No
CLI002953,telephone,jun,thu,1,999,0,nonexistent,1.4,94.465,-41.8,4.866,5228.1,No,50,technician,married,professional.course,Desconocido,Sí,No
CLI002954,cellular,nov,mon,1,999,1,failure,-0.1,93.2,-42.0,4.191,5195.8,No,39,unemployed,married,university.degree,Desconocido,Sí,No
CLI002955,telephone,may,tue,2,999,0,nonexistent,1.1,93.994,-36.4,4.857,5191.0,No,26,blue-collar,single,basic.9y,No,Sí,No
CLI002956,cellular,may,tue,3,999,0,nonexistent,-1.8,92.893,-46.2,1.291,5099.1,No,34,admin.,married,high.school,No,Sí,No
CLI002957,telephone,may,wed,2,999,0,nonexistent,1.1,93.994,-36.4,4.856,5191.0,Sí,44,entrepreneur,married,basic.4y,Desconocido,No,No
CLI002958,cellular,apr,mon,5,999,1,failure,-1.8,93.075,-47.1,1.405,5099.1,No,49,unemployed,married,basic.6y,Desconocido,No,No
CLI002959,cellular,may,thu,1,999,0,nonexistent,-1.8,92.893,-46.2,1.327,5099.1,No,29,admin.,married,basic.9y,No,No,No
CLI002960,telephone,jun,thu,2,999,0,nonexistent,1.4,94.465,-41.8,4.866,5228.1,No,42,unemployed,married,basic.6y,Desconocido,No,No
CLI002961,cellular,may,fri,1,999,1,failure,-1.8,92.893,-46.2,1.313,5099.1,No,45,technician,single,university.degree,No,No,No
CLI002962,telephone,jun,fri,2,999,0,nonexistent,1.4,94.465,-41.8,4.959,5228.1,No,42,blue-collar,married,basic.9y,Desconocido,Sí,No
CLI002963,telephone,jul,wed,2,999,0,nonexistent,1.4,93.918,-42.7,4.963,5228.1,No,25,services,single,high.school,Desconocido,No,No
CLI002964,cellular,jul,mon,2,999,0,nonexistent,1.4,93.918,-42.7,4.962,5228.1,No,30,blue-collar,married,basic.9y,No,Sí,No
CLI002965,cellular,nov,thu,1,999,0,nonexistent,-0.1,93.2,-42.0,4.076,5195.8,No,31,technician,married,high.school,No,Sí,Sí
CLI002966,cellular,aug,wed,2,999,0,nonexistent,1.4,93.444,-36.1,4.964,5228.1,No,37,admin.,married,university.degree,Desconocido,No,No
CLI002967,cellular,may,mon,1,999,0,nonexistent,-1.8,92.893,-46.2,1.299,5099.1,No,27,Desconocido,single,high.school,Desconocido,Sí,Sí
CLI002968,telephone,may,tue,1,999,0,nonexistent,1.1,93.994,-36.4,4.856,5191.0,Sí,35,services,single,basic.4y,No,Sí,No
CLI002969,cellular,jul,fri,2,999,0,nonexistent,1.4,93.918,-42.7,4.957,5228.1,No,30,technician,married,professional.course,No,Sí,No
CLI002970,cellular,may,thu,5,999,0,nonexistent,-1.8,92.893,-46.2,1.266,5099.1,No,33,technician,married,high.school,No,Sí,No
CLI002971,cellular,jul,tue,3,999,0,nonexistent,1.4,93.918,-42.7,4.961,5228.1,No,50,blue-collar,married,basic.9y,Desconocido,Sí,No
CLI002972,cellular,jun,mon,1,999,0,nonexistent,-2.9,92.963,-40.8,1.266,5076.2,No,43,admin.,married,high.school,Desconocido,Sí,No
CLI002973,telephone,may,fri,2,999,0,nonexistent,1.1,93.994,-36.4,4.864,5191.0,No,34,management,married,university.degree,No,No,No
CLI002974,cellular,jun,mon,1,999,0,nonexistent,-2.9,92.963,-40.8,1.266,5076.2,No,33,admin.,married,university.degree,No,Sí,No
CLI002975,cellular,apr,tue,3,999,0,nonexistent,-1.8,93.075,-47.1,1.384,5099.1,No,85,retired,married,basic.4y,No,No,No
CLI002976,telephone,may,tue,3,999,0,nonexistent,1.1,93.994,-36.4,4.857,5191.0,No,44,blue-collar,married,Desconocido,Desconocido,Sí,No
CLI002977,telephone,jul,wed,5,999,0,nonexistent,1.4,93.918,-42.7,4.957,5228.1,No,46,management,divorced,basic.4y,No,No,No
CLI002978,telephone,may,fri,1,999,0,nonexistent,1.1,93.994,-36.4,4.864,5191.0,No,42,admin.,single,university.degree,No,Sí,No
CLI002979,telephone,may,tue,1,999,0,nonexistent,1.1,93.994,-36.4,4.856,5191.0,Sí,38,blue-collar,single,basic.9y,No,Sí,No
CLI002980,cellular,may,fri,11,999,0,nonexistent,-1.8,92.893,-46.2,1.25,5099.1,No,32,blue-collar,married,basic.9y,No,Sí,No
CLI002981,cellular,aug,fri,2,999,0,nonexistent,1.4,93.444,-36.1,4.964,5228.1,No,47,blue-collar,married,basic.9y,Desconocido,No,No
CLI002982,cellular,jul,mon,3,999,0,nonexistent,1.4,93.918,-42.7,4.96,5228.1,No,29,blue-collar,married,Desconocido,No,No,No
CLI002983,cellular,aug,thu,5,999,0,nonexistent,1.4,93.444,-36.1,4.963,5228.1,No,35,technician,single,university.degree,No,Sí,No
CLI002984,cellular,apr,thu,3,999,0,nonexistent,-1.8,93.075,-47.1,1.483,5099.1,No,38,services,married,basic.9y,No,No,Sí
CLI002985,cellular,jul,wed,1,999,0,nonexistent,1.4,93.918,-42.7,4.962,5228.1,No,25,blue-collar,single,basic.9y,Desconocido,Sí,No
CLI002986,telephone,may,fri,3,999,0,nonexistent,1.1,93.994,-36.4,4.864,5191.0,No,38,services,married,high.school,No,No,No
CLI002987,cellular,jul,thu,1,999,0,nonexistent,1.4,93.918,-42.7,4.962,5228.1,No,50,management,married,professional.course,No,No,No
CLI002988,cellular,jun,tue,1,999,0,nonexistent,-2.9,92.963,-40.8,1.262,5076.2,Sí,33,admin.,single,university.degree,No,Sí,No
CLI002989,cellular,aug,thu,4,999,0,nonexistent,1.4,93.444,-36.1,4.968,5228.1,Sí,30,admin.,single,university.degree,No,No,No
CLI002990,telephone,jun,tue,2,999,0,nonexistent,1.4,94.465,-41.8,4.864,5228.1,No,45,entrepreneur,married,high.school,No,No,No
CLI002991,cellular,jul,wed,4,999,0,nonexistent,1.4,93.918,-42.7,4.963,5228.1,No,39,services,single,high.school,No,No,No
CLI002992,cellular,jul,wed,5,999,0,nonexistent,1.4,93.918,-42.7,4.963,5228.1,No,25,blue-collar,married,basic.9y,No,Sí,No
CLI002993,cellular,jul,thu,16,999,0,nonexistent,1.4,93.918,-42.7,4.968,5228.1,No,49,management,married,basic.9y,Desconocido,No,Sí
CLI002994,telephone,oct,tue,1,999,0,nonexistent,-0.1,93.798,-40.4,4.968,5195.8,No,35,blue-collar,married,basic.9y,No,Sí,No
CLI002995,cellular,may,mon,1,999,1,failure,-1.8,92.893,-46.2,1.299,5099.1,No,35,admin.,single,university.degree,No,Sí,No
CLI002996,telephone,jun,fri,1,999,0,nonexistent,1.4,94.465,-41.8,4.967,5228.1,No,29,technician,married,professional.course,No,No,No
CLI002997,cellular,aug,fri,3,999,0,nonexistent,1.4,93.444,-36.1,4.963,5228.1,No,53,self-employed,married,university.degree,No,No,No
CLI002998,telephone,may,mon,2,999,0,nonexistent,1.1,93.994,-36.4,4.857,5191.0,No,48,blue-collar,married,basic.9y,No,Sí,No
CLI002999,cellular,may,wed,2,999,0,nonexistent,-1.8,92.893,-46.2,1.334,5099.1,No,34,blue-collar,married,Desconocido,No,No,Sí
CLI003000,cellular,may,fri,1,999,1,failure,-1.8,92.893,-46.2,1.313,5099.1,No,31,blue-collar,married,basic.9y,No,Sí,No
CLI003001,cellular,aug,thu,3,999,0,nonexistent,1.4,93.444,-36.1,4.964,5228.1,No,33,admin.,single,university.degree,No,Sí,No
CLI003002,cellular,apr,thu,2,999,0,nonexistent,-1.8,93.075,-47.1,1.365,5099.1,Sí,35,services,married,,No,No,No
CLI003003,telephone,jun,mon,4,999,0,nonexistent,1.4,94.465,-41.8,4.961,5228.1,No,35,technician,single,high.school,No,No,No
CLI003004,cellular,jul,tue,5,999,0,nonexistent,1.4,93.918,-42.7,4.961,5228.1,No,39,blue-collar,married,basic.6y,Desconocido,Sí,No
CLI003005,cellular,aug,thu,5,999,0,nonexistent,1.4,93.444,-36.1,4.968,5228.1,No,46,technician,married,professional.course,Desconocido,Sí,No
CLI003006,telephone,jun,mon,3,999,0,nonexistent,1.4,94.465,-41.8,4.865,5228.1,No,41,admin.,married,high.school,No,No,No
CLI003007,cellular,nov,wed,2,999,0,nonexistent,-0.1,93.2,-42.0,4.12,5195.8,No,38,technician,married,professional.course,Desconocido,Sí,No
CLI003008,cellular,jul,tue,3,999,0,nonexistent,1.4,93.918,-42.7,4.961,5228.1,No,50,technician,single,university.degree,No,No,No
CLI003009,cellular,nov,wed,3,999,1,failure,-0.1,93.2,-42.0,4.12,5195.8,No,34,self-employed,married,professional.course,No,Sí,No
CLI003010,cellular,aug,tue,1,999,0,nonexistent,1.4,93.444,-36.1,4.966,5228.1,No,47,blue-collar,married,basic.6y,No,No,No
CLI003011,telephone,may,tue,3,999,0,nonexistent,1.1,93.994,-36.4,4.857,5191.0,Sí,42,blue-collar,married,high.school,No,No,Sí
CLI003012,telephone,may,wed,2,999,0,nonexistent,1.1,93.994,-36.4,4.857,5191.0,No,36,blue-collar,married,basic.9y,Desconocido,No,No
CLI003013,cellular,nov,wed,2,999,0,nonexistent,-0.1,93.2,-42.0,4.12,5195.8,No,31,entrepreneur,married,high.school,No,Sí,Sí
CLI003014,telephone,may,wed,1,999,0,nonexistent,1.1,93.994,-36.4,4.857,5191.0,No,36,blue-collar,married,professional.course,Desconocido,Sí,Sí
CLI003015,cellular,jun,fri,1,999,0,nonexistent,-2.9,92.963,-40.8,1.268,5076.2,Sí,51,technician,single,university.degree,No,No,No
CLI003016,cellular,aug,tue,4,999,0,nonexistent,1.4,93.444,-36.1,4.965,5228.1,No,57,technician,single,professional.course,No,Sí,Sí
CLI003017,cellular,jul,wed,1,999,0,nonexistent,1.4,93.918,-42.7,4.963,5228.1,No,37,technician,single,university.degree,No,Sí,No
CLI003018,cellular,jul,fri,1,999,0,nonexistent,1.4,93.918,-42.7,4.957,5228.1,No,35,admin.,single,university.degree,No,Sí,No
CLI003019,telephone,may,thu,3,999,0,nonexistent,1.1,93.994,-36.4,4.86,5191.0,No,36,admin.,married,high.school,No,No,No
CLI003020,telephone,jun,fri,2,999,0,nonexistent,1.4,94.465,-41.8,4.967,5228.1,No,51,services,married,high.school,Desconocido,Sí,No
CLI003021,telephone,jun,thu,2,999,0,nonexistent,1.4,94.465,-41.8,4.866,5228.1,No,56,blue-collar,married,basic.4y,No,Sí,Sí
CLI003022,telephone,jun,mon,1,999,0,nonexistent,1.4,94.465,-41.8,4.96,5228.1,No,25,student,single,high.school,No,Sí,Sí
CLI003023,cellular,may,fri,1,999,0,nonexistent,-1.8,92.893,-46.2,1.25,5099.1,No,44,management,married,university.degree,No,No,No
CLI003024,telephone,may,mon,2,999,0,nonexistent,1.1,93.994,-36.4,4.857,5191.0,No,57,management,divorced,university.degree,No,Sí,No
CLI003025,cellular,aug,wed,4,999,0,nonexistent,1.4,93.444,-36.1,4.967,5228.1,No,59,technician,married,professional.course,No,No,No
CLI003026,cellular,aug,mon,1,999,0,nonexistent,1.4,93.444,-36.1,4.97,5228.1,No,36,admin.,married,university.degree,No,No,No
CLI003027,telephone,may,thu,2,999,0,nonexistent,1.1,93.994,-36.4,4.855,5191.0,No,43,blue-collar,married,basic.6y,Desconocido,No,No
CLI003028,cellular,aug,thu,4,999,0,nonexistent,1.4,93.444,-36.1,4.968,5228.1,No,39,management,married,high.school,No,No,No
CLI003029,cellular,jul,mon,2,999,0,nonexistent,1.4,93.918,-42.7,4.962,5228.1,No,42,self-employed,married,university.degree,No,No,No
CLI003030,telephone,may,fri,2,999,0,nonexistent,1.1,93.994,-36.4,4.855,5191.0,No,28,admin.,married,high.school,No,No,No
CLI003031,cellular,may,wed,2,999,0,nonexistent,-1.8,92.893,-46.2,1.281,5099.1,No,41,services,married,high.school,No,Sí,No
CLI003032,telephone,may,wed,1,999,0,nonexistent,1.1,93.994,-36.4,4.858,5191.0,No,30,blue-collar,married,basic.9y,No,No,No
CLI003033,cellular,aug,tue,14,999,0,nonexistent,1.4,93.444,-36.1,4.965,5228.1,No,33,technician,married,professional.course,Desconocido,Sí,No
CLI003034,telephone,jun,fri,2,999,0,nonexistent,1.4,94.465,-41.8,4.959,5228.1,No,53,retired,married,high.school,Desconocido,Sí,No
CLI003035,cellular,may,mon,8,999,1,failure,-1.8,92.893,-46.2,1.244,5099.1,No,49,blue-collar,divorced,professional.course,No,No,No
CLI003036,cellular,aug,wed,2,999,0,nonexistent,1.4,93.444,-36.1,4.964,5228.1,No,44,technician,married,professional.course,No,No,Sí
CLI003037,cellular,jul,mon,1,999,0,nonexistent,1.4,93.918,-42.7,4.96,5228.1,No,40,admin.,single,university.degree,Desconocido,No,No
CLI003038,cellular,jul,wed,3,999,0,nonexistent,1.4,93.918,-42.7,4.963,5228.1,Sí,40,self-employed,single,university.degree,No,,No
CLI003039,cellular,apr,wed,1,999,0,nonexistent,-1.8,93.075,-47.1,1.445,5099.1,Sí,25,admin.,single,professional.course,No,Sí,No
CLI003040,cellular,aug,thu,5,999,0,nonexistent,1.4,93.444,-36.1,4.962,5228.1,No,58,retired,married,university.degree,Desconocido,No,No
CLI003041,telephone,may,tue,2,999,0,nonexistent,1.1,93.994,-36.4,4.856,5191.0,No,57,self-employed,married,Desconocido,Desconocido,No,Sí
CLI003042,cellular,apr,mon,4,999,0,nonexistent,-1.8,93.075,-47.1,1.405,5099.1,No,34,admin.,single,university.degree,No,Sí,No
CLI003043,cellular,apr,fri,4,999,0,nonexistent,-1.8,93.075,-47.1,1.405,5099.1,No,37,blue-collar,married,basic.4y,No,No,Sí
CLI003044,cellular,may,fri,7,999,0,nonexistent,-1.8,92.893,-46.2,1.25,5099.1,No,32,admin.,single,university.degree,No,No,No
CLI003045,cellular,sep,wed,1,999,1,failure,-1.1,94.199,-37.5,0.88,4963.6,No,30,management,married,university.degree,No,Desconocido,Desconocido
CLI003046,telephone,jun,fri,3,999,0,nonexistent,1.4,94.465,-41.8,4.959,5228.1,No,59,retired,divorced,basic.4y,Desconocido,No,Sí
CLI003047,telephone,may,tue,2,999,0,nonexistent,1.1,93.994,-36.4,4.857,5191.0,No,41,unemployed,married,basic.9y,Desconocido,No,No
CLI003048,cellular,may,mon,2,999,0,nonexistent,-1.8,92.893,-46.2,1.354,5099.1,No,28,blue-collar,married,basic.6y,Desconocido,No,No
CLI003049,cellular,jul,thu,3,999,0,nonexistent,1.4,93.918,-42.7,4.958,5228.1,No,35,blue-collar,married,basic.9y,No,Sí,No
CLI003050,cellular,aug,fri,1,999,0,nonexistent,1.4,93.444,-36.1,4.964,5228.1,No,30,admin.,single,high.school,No,Sí,No
CLI003051,cellular,jun,thu,2,999,1,failure,-1.7,94.055,-39.8,0.742,4991.6,No,68,retired,married,basic.4y,No,Sí,No
CLI003052,telephone,may,tue,2,999,0,nonexistent,1.1,93.994,-36.4,4.856,5191.0,No,29,management,married,university.degree,No,No,No
CLI003053,cellular,jul,mon,3,999,0,nonexistent,1.4,93.918,-42.7,4.962,5228.1,No,43,housemaid,married,basic.4y,No,No,No
CLI003054,telephone,may,thu,1,999,0,nonexistent,1.1,93.994,-36.4,4.855,5191.0,No,39,technician,married,professional.course,No,No,No
CLI003055,cellular,nov,thu,2,999,0,nonexistent,-0.1,93.2,-42.0,4.076,5195.8,No,33,admin.,single,university.degree,No,No,No
CLI003056,telephone,may,wed,1,999,0,nonexistent,1.1,93.994,-36.4,4.857,5191.0,Sí,50,services,married,basic.4y,Desconocido,Sí,No
CLI003057,telephone,may,tue,3,999,0,nonexistent,1.1,93.994,-36.4,4.857,5191.0,No,36,blue-collar,married,basic.9y,Desconocido,Sí,No
CLI003058,telephone,jun,fri,23,999,0,nonexistent,1.4,94.465,-41.8,4.959,5228.1,No,37,management,married,university.degree,Desconocido,No,No
CLI003059,cellular,may,mon,1,999,0,nonexistent,-1.8,92.893,-46.2,1.244,5099.1,No,46,management,married,university.degree,No,No,No
CLI003060,cellular,aug,wed,13,999,0,nonexistent,1.4,93.444,-36.1,4.964,5228.1,No,54,admin.,married,high.school,No,Sí,Sí
CLI003061,cellular,aug,fri,2,999,0,nonexistent,1.4,93.444,-36.1,4.966,5228.1,No,36,admin.,married,university.degree,Desconocido,No,No
CLI003062,telephone,jul,tue,3,999,0,nonexistent,1.4,93.918,-42.7,4.962,5228.1,No,24,technician,married,Desconocido,No,Sí,No
CLI003063,cellular,jul,wed,2,999,1,failure,-2.9,92.469,-33.6,1.029,5076.2,No,27,student,single,high.school,No,No,Sí
CLI003064,telephone,may,fri,1,999,0,nonexistent,1.1,93.994,-36.4,4.864,5191.0,No,33,technician,Desconocido,professional.course,Desconocido,Sí,No
CLI003066,cellular,nov,mon,1,999,0,nonexistent,-1.1,94.767,-50.8,1.05,4963.6,Sí,31,management,married,university.degree,No,Sí,No
CLI003067,cellular,aug,tue,1,13,1,success,-2.9,92.201,-31.4,0.859,5076.2,Sí,34,technician,married,professional.course,No,No,No
CLI003068,telephone,jul,thu,12,999,0,nonexistent,1.4,93.918,-42.7,4.968,5228.1,No,35,self-employed,married,university.degree,No,Sí,No
CLI003069,cellular,jul,wed,1,999,0,nonexistent,1.4,93.918,-42.7,4.962,5228.1,No,41,unemployed,single,high.school,No,No,No
CLI003070,cellular,apr,wed,2,999,0,nonexistent,-1.8,93.075,-47.1,1.415,5099.1,No,39,technician,single,professional.course,No,Sí,No
CLI003071,telephone,may,thu,1,999,0,nonexistent,1.1,93.994,-36.4,4.855,5191.0,No,42,blue-collar,married,basic.9y,Desconocido,Sí,No
CLI003072,cellular,aug,mon,2,999,0,nonexistent,1.4,93.444,-36.1,4.97,5228.1,No,58,housemaid,married,basic.4y,Desconocido,Sí,No
CLI003073,cellular,jul,fri,1,999,0,nonexistent,1.4,93.918,-42.7,4.957,5228.1,No,29,blue-collar,single,high.school,No,Sí,No
CLI003074,cellular,apr,wed,1,999,1,failure,-1.8,93.075,-47.1,1.445,5099.1,No,34,services,divorced,high.school,No,Sí,Sí
CLI003075,cellular,jul,fri,1,999,0,nonexistent,1.4,93.918,-42.7,4.957,5228.1,Sí,57,blue-collar,married,high.school,Desconocido,No,No
CLI003076,cellular,may,tue,1,999,1,failure,-1.8,92.893,-46.2,1.291,5099.1,No,37,services,married,high.school,No,No,No
CLI003077,cellular,aug,mon,1,999,0,nonexistent,1.4,93.444,-36.1,4.97,5228.1,No,56,admin.,married,basic.6y,No,Sí,No
CLI003078,cellular,jul,thu,2,6,2,success,-1.7,94.215,-40.3,0.846,4991.6,Sí,70,retired,divorced,basic.4y,No,No,No
CLI003079,telephone,may,wed,2,999,0,nonexistent,1.1,93.994,-36.4,4.856,5191.0,No,41,management,married,Desconocido,Desconocido,Sí,No
CLI003080,cellular,apr,thu,3,999,0,nonexistent,-1.8,93.075,-47.1,1.365,5099.1,Sí,29,admin.,single,professional.course,No,No,No
CLI003081,telephone,may,tue,6,999,0,nonexistent,1.1,93.994,-36.4,4.857,5191.0,No,44,blue-collar,single,basic.6y,No,No,Sí
CLI003082,cellular,aug,thu,2,999,0,nonexistent,1.4,93.444,-36.1,4.968,5228.1,No,56,retired,married,high.school,Desconocido,Sí,No
CLI003083,telephone,may,thu,5,999,0,nonexistent,1.1,93.994,-36.4,4.86,5191.0,No,49,admin.,married,high.school,Desconocido,No,No
CLI003084,telephone,may,wed,3,999,0,nonexistent,1.1,93.994,-36.4,4.858,5191.0,No,44,Desconocido,married,basic.6y,No,No,No
CLI003085,cellular,apr,fri,2,999,0,nonexistent,-1.8,93.075,-47.1,1.405,5099.1,No,40,blue-collar,married,basic.6y,No,No,No
CLI003086,cellular,may,thu,1,999,0,nonexistent,-1.8,92.893,-46.2,1.266,5099.1,No,29,technician,single,basic.9y,No,No,No
CLI003087,telephone,may,wed,1,999,0,nonexistent,1.1,93.994,-36.4,4.859,5191.0,No,29,blue-collar,married,professional.course,No,Sí,Sí
CLI003088,telephone,may,tue,1,999,0,nonexistent,1.1,93.994,-36.4,4.857,5191.0,No,43,services,married,high.school,No,No,Sí
CLI003089,cellular,jul,fri,1,999,0,nonexistent,1.4,93.918,-42.7,4.957,5228.1,No,43,blue-collar,married,basic.9y,No,No,No
CLI003090,cellular,nov,wed,3,999,1,failure,-0.1,93.2,-42.0,4.12,5195.8,No,32,student,married,university.degree,No,No,No
CLI003091,cellular,jul,tue,4,999,0,nonexistent,1.4,93.918,-42.7,4.961,5228.1,No,31,blue-collar,single,high.school,No,Sí,No
CLI003092,telephone,apr,tue,2,999,0,nonexistent,-1.8,93.749,-34.6,0.646,5008.7,Sí,37,admin.,married,high.school,No,No,No
CLI003093,telephone,jul,tue,1,999,0,nonexistent,1.4,93.918,-42.7,4.962,5228.1,No,43,admin.,married,university.degree,No,Sí,Sí
CLI003094,telephone,may,thu,4,999,0,nonexistent,1.1,93.994,-36.4,4.86,5191.0,No,35,services,married,high.school,No,No,No
CLI003095,cellular,jun,tue,1,2,3,success,-1.7,94.055,-39.8,0.761,4991.6,Sí,38,entrepreneur,married,basic.6y,No,No,No
CLI003096,cellular,may,fri,9,999,0,nonexistent,-1.8,92.893,-46.2,1.25,5099.1,No,32,admin.,single,high.school,No,No,No
CLI003097,cellular,may,thu,1,999,1,failure,-1.8,92.893,-46.2,1.327,5099.1,No,38,blue-collar,divorced,high.school,No,No,No
CLI003098,telephone,may,mon,1,999,0,nonexistent,1.1,93.994,-36.4,4.858,5191.0,No,29,technician,single,university.degree,No,Desconocido,Desconocido
CLI003099,cellular,jul,mon,1,999,0,nonexistent,1.4,93.918,-42.7,4.96,5228.1,No,38,technician,married,professional.course,No,Sí,No
CLI003100,telephone,may,wed,1,999,0,nonexistent,1.1,93.994,-36.4,4.856,5191.0,No,38,blue-collar,married,Desconocido,Desconocido,No,Sí
CLI003101,cellular,jul,fri,1,999,0,nonexistent,1.4,93.918,-42.7,4.962,5228.1,Sí,52,blue-collar,married,basic.4y,Desconocido,Sí,No
CLI003102,telephone,jun,thu,1,999,0,nonexistent,1.4,94.465,-41.8,4.866,5228.1,No,45,blue-collar,married,basic.9y,Desconocido,Sí,No
CLI003103,telephone,sep,mon,1,999,0,nonexistent,-1.1,94.199,-37.5,0.879,4963.6,No,27,admin.,single,university.degree,No,Sí,No
CLI003104,telephone,may,mon,2,999,0,nonexistent,1.1,93.994,-36.4,4.857,5191.0,No,31,admin.,divorced,high.school,No,No,No
CLI003105,cellular,nov,fri,1,999,0,nonexistent,-0.1,93.2,-42.0,4.021,5195.8,No,33,blue-collar,single,basic.4y,No,Sí,No
CLI003106,telephone,may,thu,1,999,0,nonexistent,1.1,93.994,-36.4,4.86,5191.0,No,45,admin.,divorced,basic.6y,No,Sí,No
CLI003107,cellular,aug,fri,2,999,0,nonexistent,1.4,93.444,-36.1,4.963,5228.1,No,33,technician,single,professional.course,No,Sí,No
CLI003108,telephone,jun,thu,2,999,0,nonexistent,1.4,94.465,-41.8,4.961,5228.1,No,56,self-employed,single,basic.9y,Desconocido,No,No
CLI003109,telephone,aug,mon,1,999,0,nonexistent,-2.9,92.201,-31.4,0.884,5076.2,No,43,self-employed,divorced,university.degree,No,No,No
CLI003110,telephone,jun,fri,3,999,0,nonexistent,1.4,94.465,-41.8,4.967,5228.1,No,38,management,married,university.degree,No,No,No
CLI003111,telephone,may,thu,3,999,0,nonexistent,1.1,93.994,-36.4,4.855,5191.0,No,39,admin.,single,Desconocido,No,No,No
CLI003112,cellular,aug,thu,1,999,0,nonexistent,1.4,93.444,-36.1,4.963,5228.1,No,51,management,married,university.degree,No,Sí,No
CLI003113,telephone,jun,mon,2,999,0,nonexistent,1.4,94.465,-41.8,4.865,5228.1,No,33,admin.,single,university.degree,No,Sí,Sí
CLI003114,telephone,may,fri,1,999,0,nonexistent,-1.8,92.893,-46.2,1.313,5099.1,No,37,blue-collar,married,basic.9y,No,No,No
CLI003115,cellular,aug,thu,5,999,0,nonexistent,1.4,93.444,-36.1,4.968,5228.1,No,36,admin.,married,high.school,Desconocido,Sí,Sí
CLI003116,cellular,jul,thu,3,999,0,nonexistent,1.4,93.918,-42.7,4.968,5228.1,No,38,admin.,married,basic.6y,No,Sí,No
CLI003117,cellular,may,fri,6,999,0,nonexistent,-1.8,92.893,-46.2,1.25,5099.1,No,37,admin.,married,high.school,No,Sí,
CLI003118,cellular,may,wed,4,999,0,nonexistent,-1.8,92.893,-46.2,1.281,5099.1,No,37,admin.,divorced,university.degree,Desconocido,Sí,No
CLI003119,cellular,aug,fri,4,999,0,nonexistent,1.4,93.444,-36.1,4.964,5228.1,No,31,admin.,single,university.degree,No,Sí,No
CLI003120,telephone,may,fri,2,999,0,nonexistent,1.1,93.994,-36.4,4.855,5191.0,No,25,technician,single,professional.course,No,Sí,Sí
CLI003121,telephone,jul,fri,24,999,0,nonexistent,1.4,93.918,-42.7,4.957,5228.1,No,39,blue-collar,single,basic.4y,Desconocido,No,No
CLI003122,cellular,jun,fri,1,999,0,nonexistent,-2.9,92.963,-40.8,1.268,5076.2,Sí,32,admin.,single,university.degree,No,No,No
CLI003123,cellular,may,tue,1,999,0,nonexistent,-1.8,92.893,-46.2,1.266,5099.1,No,30,housemaid,married,high.school,No,,No
CLI003124,telephone,may,wed,2,999,0,nonexistent,1.1,93.994,-36.4,4.858,5191.0,No,32,admin.,single,university.degree,No,No,No
CLI003125,cellular,jul,fri,5,999,0,nonexistent,1.4,93.918,-42.7,4.962,5228.1,No,25,management,single,university.degree,No,Sí,Sí
CLI003126,cellular,aug,wed,1,999,0,nonexistent,1.4,93.444,-36.1,4.967,5228.1,No,37,management,married,university.degree,No,Sí,No
CLI003127,cellular,oct,mon,1,999,0,nonexistent,-3.4,92.431,-26.9,0.731,5017.5,Sí,33,admin.,single,high.school,No,No,No
CLI003128,cellular,nov,fri,1,999,1,failure,-0.1,93.2,-42.0,4.021,5195.8,No,49,blue-collar,married,basic.9y,No,Sí,No
CLI003129,telephone,jun,fri,2,999,0,nonexistent,1.4,94.465,-41.8,4.967,5228.1,No,30,self-employed,married,professional.course,No,No,No
CLI003130,telephone,may,fri,2,999,0,nonexistent,1.1,93.994,-36.4,4.855,5191.0,No,33,management,single,university.degree,No,No,No
CLI003131,telephone,may,thu,1,999,0,nonexistent,1.1,93.994,-36.4,4.86,5191.0,No,44,blue-collar,single,basic.4y,No,Sí,
CLI003132,cellular,aug,mon,1,5,1,success,-2.9,92.201,-31.4,0.884,5076.2,Sí,36,admin.,divorced,university.degree,No,No,No
CLI003133,telephone,may,mon,2,999,0,nonexistent,1.1,93.994,-36.4,4.857,5191.0,No,43,entrepreneur,married,high.school,No,No,Sí
CLI003134,telephone,may,tue,2,999,0,nonexistent,1.1,93.994,-36.4,4.856,5191.0,No,48,blue-collar,married,basic.4y,No,No,No
CLI003135,cellular,aug,fri,5,999,0,nonexistent,1.4,93.444,-36.1,4.963,5228.1,No,45,technician,married,professional.course,No,No,Sí
CLI003136,cellular,apr,fri,1,999,0,nonexistent,-1.8,93.075,-47.1,1.405,5099.1,No,49,management,married,university.degree,No,Sí,No
CLI003137,cellular,may,tue,2,999,0,nonexistent,-1.8,92.893,-46.2,1.291,5099.1,No,59,housemaid,divorced,basic.6y,Desconocido,Sí,No
CLI003138,cellular,nov,wed,4,999,0,nonexistent,-0.1,93.2,-42.0,4.12,5195.8,No,35,entrepreneur,divorced,university.degree,No,No,No
CLI003139,telephone,jun,mon,3,999,0,nonexistent,1.4,94.465,-41.8,4.961,5228.1,No,45,technician,married,high.school,No,Sí,No
CLI003140,cellular,nov,thu,3,999,0,nonexistent,-0.1,93.2,-42.0,4.076,5195.8,No,33,admin.,married,university.degree,No,No,No
CLI003141,telephone,jun,fri,8,999,0,nonexistent,1.4,94.465,-41.8,4.959,5228.1,No,59,retired,married,basic.9y,Desconocido,No,No
CLI003142,cellular,jul,tue,4,999,0,nonexistent,1.4,93.918,-42.7,4.961,5228.1,No,34,blue-collar,married,basic.6y,Desconocido,Sí,No
CLI003143,telephone,jun,thu,1,999,0,nonexistent,1.4,94.465,-41.8,4.866,5228.1,No,28,blue-collar,married,basic.4y,No,No,No
CLI003144,cellular,jul,thu,21,999,0,nonexistent,1.4,93.918,-42.7,4.968,5228.1,No,56,blue-collar,married,basic.6y,Desconocido,Sí,
CLI003145,telephone,may,thu,2,999,0,nonexistent,1.1,93.994,-36.4,4.86,5191.0,No,46,blue-collar,single,basic.4y,No,No,No
CLI003146,cellular,jul,tue,5,999,0,nonexistent,1.4,93.918,-42.7,4.961,5228.1,No,37,blue-collar,divorced,high.school,No,Sí,No
CLI003147,telephone,may,tue,1,999,0,nonexistent,1.1,93.994,-36.4,4.856,5191.0,No,34,services,married,high.school,No,No,No
CLI003148,telephone,jun,wed,9,999,0,nonexistent,1.4,94.465,-41.8,4.864,5228.1,No,42,blue-collar,married,basic.4y,Desconocido,Sí,Sí
CLI003149,cellular,jul,tue,1,999,0,nonexistent,1.4,93.918,-42.7,4.961,5228.1,No,27,admin.,single,university.degree,Desconocido,Sí,No
CLI003150,cellular,jul,wed,6,999,0,nonexistent,1.4,93.918,-42.7,4.963,5228.1,Sí,47,self-employed,married,basic.9y,No,Sí,No
CLI003151,cellular,mar,thu,1,6,2,success,-1.8,93.369,-34.8,0.635,5008.7,Sí,78,retired,married,Desconocido,No,No,No
CLI003152,cellular,jul,wed,2,999,0,nonexistent,1.4,93.918,-42.7,4.963,5228.1,No,31,admin.,married,high.school,No,Sí,No
CLI003153,cellular,aug,tue,3,999,0,nonexistent,-2.9,92.201,-31.4,0.883,5076.2,No,59,blue-collar,married,basic.4y,No,No,No
CLI003154,cellular,jul,mon,2,999,0,nonexistent,1.4,93.918,-42.7,4.96,5228.1,No,50,admin.,married,high.school,Desconocido,Sí,No
CLI003155,cellular,jul,tue,5,999,0,nonexistent,1.4,93.918,-42.7,4.961,5228.1,No,48,blue-collar,married,basic.9y,No,Sí,No
CLI003156,cellular,aug,wed,1,999,0,nonexistent,1.4,93.444,-36.1,4.964,5228.1,No,33,admin.,single,university.degree,No,Sí,No
CLI003157,cellular,jul,tue,1,999,0,nonexistent,1.4,93.918,-42.7,4.962,5228.1,No,38,admin.,married,high.school,Desconocido,No,No
CLI003158,cellular,apr,mon,1,999,0,nonexistent,-1.8,93.075,-47.1,1.392,5099.1,No,85,retired,married,basic.4y,No,No,No
CLI003159,telephone,jun,fri,1,999,0,nonexistent,1.4,94.465,-41.8,4.959,5228.1,No,36,management,married,university.degree,No,Sí,No
CLI003160,telephone,may,wed,2,999,0,nonexistent,1.1,93.994,-36.4,4.856,5191.0,No,38,blue-collar,single,basic.9y,Desconocido,No,No
CLI003161,cellular,may,fri,1,999,0,nonexistent,-1.8,92.893,-46.2,1.259,5099.1,No,49,admin.,married,university.degree,No,Sí,No
CLI003162,cellular,may,thu,2,999,0,nonexistent,-1.8,92.893,-46.2,1.327,5099.1,No,49,blue-collar,married,basic.9y,No,No,No
CLI003163,cellular,jul,tue,1,999,0,nonexistent,1.4,93.918,-42.7,4.961,5228.1,No,34,admin.,married,university.degree,No,No,No
CLI003164,telephone,may,wed,3,999,0,nonexistent,1.1,93.994,-36.4,4.856,5191.0,No,42,technician,married,professional.course,No,Sí,No
CLI003165,cellular,jul,mon,1,999,2,failure,-1.7,94.215,-40.3,0.827,4991.6,No,28,student,single,high.school,No,,Sí
CLI003166,cellular,nov,tue,2,999,0,nonexistent,-0.1,93.2,-42.0,4.153,5195.8,No,36,admin.,married,professional.course,No,Sí,No
CLI003167,telephone,may,tue,2,999,0,nonexistent,1.1,93.994,-36.4,4.857,5191.0,No,38,technician,married,professional.course,No,Sí,No
CLI003168,cellular,aug,wed,1,999,0,nonexistent,-2.9,92.201,-31.4,0.879,5076.2,No,28,admin.,single,university.degree,No,No,No
CLI003169,cellular,jul,wed,5,999,0,nonexistent,1.4,93.918,-42.7,4.962,5228.1,No,27,blue-collar,single,basic.4y,No,Sí,No
CLI003170,cellular,may,fri,1,999,1,failure,-1.8,92.893,-46.2,1.313,5099.1,No,33,services,single,high.school,No,Sí,No
CLI003171,cellular,jul,wed,4,999,0,nonexistent,1.4,93.918,-42.7,4.963,5228.1,No,31,blue-collar,married,basic.9y,Desconocido,No,No
CLI003172,telephone,jul,tue,1,999,0,nonexistent,1.4,93.918,-42.7,4.955,5228.1,No,56,retired,married,basic.4y,No,Sí,No
CLI003173,cellular,aug,fri,1,999,0,nonexistent,1.4,93.444,-36.1,4.964,5228.1,No,31,technician,divorced,high.school,No,Sí,No
CLI003174,cellular,jul,thu,1,999,0,nonexistent,1.4,93.918,-42.7,4.963,5228.1,No,46,admin.,divorced,university.degree,Desconocido,Sí,No
CLI003175,telephone,jun,tue,7,999,0,nonexistent,1.4,94.465,-41.8,4.961,5228.1,No,36,admin.,single,high.school,No,Sí,No
CLI003176,cellular,jul,tue,1,999,0,nonexistent,1.4,93.918,-42.7,4.962,5228.1,No,38,admin.,married,high.school,Desconocido,No,No
CLI003177,cellular,may,wed,1,999,0,nonexistent,-1.8,92.893,-46.2,1.281,5099.1,No,28,blue-collar,single,basic.9y,No,Sí,No
CLI003178,telephone,may,wed,2,999,0,nonexistent,1.1,93.994,-36.4,4.858,5191.0,No,42,blue-collar,divorced,basic.9y,No,No,No
CLI003179,cellular,apr,thu,1,2,1,success,-1.8,93.075,-47.1,1.365,5099.1,Sí,51,services,married,basic.6y,No,No,No
CLI003180,telephone,may,wed,2,999,0,nonexistent,1.1,93.994,-36.4,4.856,5191.0,No,37,blue-collar,married,basic.4y,Desconocido,Desconocido,Desconocido
CLI003181,telephone,may,wed,3,999,0,nonexistent,1.1,93.994,-36.4,4.859,5191.0,Sí,51,admin.,married,basic.4y,Desconocido,Sí,No
CLI003182,cellular,may,tue,9,999,0,nonexistent,-1.8,92.893,-46.2,1.344,5099.1,No,32,technician,married,professional.course,No,Sí,No
CLI003183,cellular,may,wed,1,999,0,nonexistent,-1.8,92.893,-46.2,1.334,5099.1,No,38,admin.,married,university.degree,No,Desconocido,Desconocido
CLI003184,cellular,nov,mon,2,999,3,failure,-1.1,94.767,-50.8,1.048,4963.6,No,40,technician,married,basic.9y,No,Sí,No
CLI003185,telephone,may,thu,11,999,0,nonexistent,1.1,93.994,-36.4,4.86,5191.0,No,51,blue-collar,married,basic.9y,No,No,No
CLI003186,telephone,jun,thu,2,999,0,nonexistent,1.4,94.465,-41.8,4.961,5228.1,No,38,technician,divorced,professional.course,No,No,No
CLI003187,cellular,may,tue,1,999,0,nonexistent,-1.8,92.893,-46.2,1.344,5099.1,Sí,39,blue-collar,married,basic.9y,No,Sí,Sí
CLI003188,cellular,apr,fri,3,999,0,nonexistent,-1.8,93.075,-47.1,1.405,5099.1,No,32,management,single,university.degree,Desconocido,Sí,Sí
CLI003189,cellular,may,tue,1,999,1,failure,-1.8,92.893,-46.2,1.344,5099.1,No,41,management,single,basic.9y,No,No,No
CLI003190,cellular,nov,fri,2,7,2,success,-3.4,92.649,-30.1,0.714,5017.5,Sí,29,admin.,single,high.school,No,Sí,No
CLI003191,cellular,nov,mon,2,999,1,failure,-3.4,92.649,-30.1,0.715,5017.5,No,32,admin.,married,university.degree,No,No,No
CLI003192,cellular,nov,tue,1,999,0,nonexistent,-0.1,93.2,-42.0,4.153,5195.8,No,55,entrepreneur,married,university.degree,Desconocido,No,No
CLI003193,cellular,apr,thu,1,999,1,failure,-1.8,93.075,-47.1,1.41,5099.1,No,33,blue-collar,married,basic.9y,No,Sí,No
CLI003194,cellular,nov,mon,1,999,0,nonexistent,-0.1,93.2,-42.0,4.191,5195.8,No,42,management,married,university.degree,No,Sí,Sí
CLI003195,telephone,jun,tue,2,999,0,nonexistent,1.4,94.465,-41.8,4.961,5228.1,No,39,unemployed,married,university.degree,No,No,No
CLI003196,cellular,nov,thu,1,999,0,nonexistent,-0.1,93.2,-42.0,4.076,5195.8,Sí,45,technician,divorced,professional.course,No,Sí,Sí
CLI003197,telephone,may,fri,2,999,0,nonexistent,1.1,93.994,-36.4,4.859,5191.0,No,36,self-employed,married,basic.9y,No,Sí,Sí
CLI003198,telephone,jun,thu,2,999,0,nonexistent,1.4,94.465,-41.8,4.958,5228.1,No,43,blue-collar,divorced,basic.9y,No,No,No
CLI003199,cellular,may,thu,1,999,1,failure,-1.8,92.893,-46.2,1.266,5099.1,No,21,student,single,high.school,No,No,No
CLI003200,telephone,jun,mon,4,999,0,nonexistent,1.4,94.465,-41.8,4.865,5228.1,No,59,retired,married,Desconocido,No,No,Sí
CLI003201,cellular,jul,thu,2,999,0,nonexistent,1.4,93.918,-42.7,4.968,5228.1,Sí,28,admin.,single,university.degree,No,No,No
CLI003202,cellular,oct,wed,1,6,1,success,-3.4,92.431,-26.9,0.724,5017.5,Sí,62,retired,married,high.school,No,No,No
CLI003203,telephone,may,tue,2,999,0,nonexistent,1.1,93.994,-36.4,4.856,5191.0,No,46,blue-collar,married,professional.course,Desconocido,No,Sí
CLI003204,telephone,jul,fri,7,999,0,nonexistent,1.4,93.918,-42.7,4.957,5228.1,No,43,technician,single,university.degree,No,Sí,No
CLI003205,cellular,nov,wed,2,999,0,nonexistent,-0.1,93.2,-42.0,4.12,5195.8,No,34,technician,married,professional.course,No,Sí,No
CLI003206,telephone,may,mon,3,999,0,nonexistent,1.1,93.994,-36.4,4.857,5191.0,No,43,entrepreneur,divorced,high.school,Desconocido,Sí,No
CLI003207,cellular,aug,thu,6,999,0,nonexistent,1.4,93.444,-36.1,4.962,5228.1,No,46,services,married,basic.9y,Desconocido,No,No
CLI003208,cellular,apr,mon,2,999,0,nonexistent,-1.8,93.075,-47.1,1.405,5099.1,No,57,self-employed,married,basic.4y,No,Sí,No
CLI003209,cellular,jul,thu,2,999,0,nonexistent,1.4,93.918,-42.7,4.958,5228.1,No,39,admin.,married,high.school,Desconocido,No,No
CLI003210,cellular,dec,mon,3,6,3,success,-3.0,92.713,-33.0,0.709,5023.5,No,28,unemployed,single,high.school,No,Sí,No
CLI003211,cellular,may,fri,2,999,0,nonexistent,-1.8,92.893,-46.2,1.25,5099.1,No,44,entrepreneur,single,university.degree,No,Sí,No
CLI003212,telephone,nov,fri,1,999,0,nonexistent,-0.1,93.2,-42.0,4.021,5195.8,No,58,retired,married,professional.course,Desconocido,No,No
CLI003213,telephone,may,tue,1,999,0,nonexistent,1.1,93.994,-36.4,4.857,5191.0,No,38,admin.,married,high.school,No,,No
CLI003214,telephone,may,wed,3,999,0,nonexistent,1.1,93.994,-36.4,4.856,5191.0,No,57,management,divorced,university.degree,No,No,No
CLI003215,cellular,may,mon,5,999,0,nonexistent,-1.8,92.893,-46.2,1.244,5099.1,No,46,admin.,divorced,basic.6y,No,Sí,No
CLI003216,cellular,jul,tue,2,999,0,nonexistent,1.4,93.918,-42.7,4.961,5228.1,No,42,entrepreneur,married,university.degree,No,Sí,No
CLI003217,cellular,apr,tue,3,999,0,nonexistent,-1.8,93.075,-47.1,1.453,5099.1,No,32,technician,single,university.degree,No,Sí,No
CLI003218,cellular,aug,mon,1,999,2,failure,-1.7,94.027,-38.3,0.898,4991.6,No,31,technician,single,Desconocido,No,No,No
CLI003219,telephone,jun,thu,1,999,0,nonexistent,1.4,94.465,-41.8,4.866,5228.1,No,36,blue-collar,married,Desconocido,No,No,No
CLI003220,cellular,jul,thu,7,999,0,nonexistent,1.4,93.918,-42.7,4.958,5228.1,No,29,admin.,married,high.school,No,No,No
CLI003221,cellular,may,fri,4,999,1,failure,-1.8,92.893,-46.2,1.25,5099.1,No,34,admin.,single,university.degree,No,No,No
CLI003222,telephone,may,tue,2,999,0,nonexistent,1.1,93.994,-36.4,4.857,5191.0,No,41,management,married,university.degree,Desconocido,No,No
CLI003223,cellular,aug,thu,3,999,0,nonexistent,-2.9,92.201,-31.4,0.851,5076.2,Sí,28,technician,single,professional.course,No,Sí,No
CLI003224,cellular,jul,fri,1,999,0,nonexistent,1.4,93.918,-42.7,4.957,5228.1,No,32,blue-collar,single,basic.4y,No,Sí,No
CLI003225,telephone,jun,thu,1,999,0,nonexistent,1.4,94.465,-41.8,4.958,5228.1,No,43,management,married,high.school,No,Sí,No
CLI003226,cellular,jul,tue,3,999,0,nonexistent,1.4,93.918,-42.7,4.961,5228.1,No,31,blue-collar,single,high.school,No,Sí,No
CLI003227,cellular,jul,mon,4,999,0,nonexistent,1.4,93.918,-42.7,4.962,5228.1,No,38,services,single,basic.9y,No,Sí,No
CLI003228,telephone,jun,tue,3,999,0,nonexistent,1.4,94.465,-41.8,4.864,5228.1,No,31,housemaid,married,university.degree,No,No,Sí
CLI003229,cellular,aug,thu,2,999,0,nonexistent,-2.9,92.201,-31.4,0.829,5076.2,No,46,housemaid,married,basic.4y,No,Desconocido,Desconocido
CLI003230,cellular,jul,thu,1,999,0,nonexistent,1.4,93.918,-42.7,4.958,5228.1,No,27,admin.,single,,Desconocido,Sí,No
CLI003231,telephone,may,mon,1,999,0,nonexistent,1.1,93.994,-36.4,4.857,5191.0,No,57,retired,single,high.school,No,No,No
CLI003232,telephone,may,fri,3,999,0,nonexistent,1.1,93.994,-36.4,4.857,5191.0,No,48,blue-collar,married,high.school,No,No,No
CLI003233,telephone,may,tue,5,999,0,nonexistent,1.1,93.994,-36.4,4.857,5191.0,No,38,admin.,single,university.degree,No,No,No
CLI003234,telephone,jul,tue,7,999,0,nonexistent,1.4,93.918,-42.7,4.962,5228.1,No,34,technician,married,professional.course,No,Sí,No
CLI003235,cellular,aug,thu,1,999,0,nonexistent,1.4,93.444,-36.1,4.968,5228.1,No,39,technician,single,university.degree,No,Sí,No
CLI003236,cellular,aug,fri,1,999,0,nonexistent,1.4,93.444,-36.1,4.963,5228.1,No,29,technician,single,university.degree,No,Sí,No
CLI003237,cellular,apr,mon,4,999,1,failure,-1.8,93.075,-47.1,1.405,5099.1,No,34,blue-collar,married,basic.9y,No,No,No
CLI003238,cellular,jul,mon,5,999,0,nonexistent,1.4,93.918,-42.7,4.96,5228.1,No,35,blue-collar,married,,No,Sí,No
CLI003239,cellular,aug,tue,1,999,0,nonexistent,1.4,93.444,-36.1,4.968,5228.1,Sí,52,admin.,married,Desconocido,No,Sí,No
CLI003240,cellular,nov,tue,2,999,0,nonexistent,-0.1,93.2,-42.0,4.153,5195.8,No,41,services,single,professional.course,No,Sí,No
CLI003241,cellular,jun,thu,2,999,1,failure,-2.9,92.963,-40.8,1.26,5076.2,Sí,24,admin.,single,high.school,No,No,No
CLI003242,cellular,may,mon,1,999,1,failure,-1.8,92.893,-46.2,1.244,5099.1,No,24,admin.,single,university.degree,Desconocido,No,No
CLI003243,cellular,nov,fri,3,3,1,success,-0.1,93.2,-42.0,4.021,5195.8,No,46,unemployed,divorced,basic.4y,No,No,No
CLI003244,telephone,jun,mon,2,999,0,nonexistent,1.4,94.465,-41.8,4.96,5228.1,No,33,technician,married,high.school,Desconocido,Sí,No
CLI003245,cellular,may,wed,2,999,0,nonexistent,-1.8,92.893,-46.2,1.281,5099.1,Sí,51,blue-collar,married,basic.4y,No,Sí,No
CLI003246,cellular,jul,fri,2,999,0,nonexistent,1.4,93.918,-42.7,4.963,5228.1,Sí,41,self-employed,divorced,professional.course,No,No,No
CLI003247,cellular,may,wed,1,3,4,success,-1.8,93.876,-40.0,0.682,5008.7,Sí,40,technician,married,professional.course,No,Sí,No
CLI003248,telephone,apr,tue,2,999,0,nonexistent,-1.8,93.075,-47.1,1.405,5099.1,Sí,31,technician,single,university.degree,No,Sí,No
CLI003249,cellular,aug,tue,3,999,0,nonexistent,1.4,93.444,-36.1,4.963,5228.1,No,37,services,married,high.school,No,No,No
CLI003250,cellular,jul,thu,3,999,0,nonexistent,1.4,93.918,-42.7,4.958,5228.1,No,25,blue-collar,married,basic.6y,Desconocido,Sí,No
CLI003251,cellular,jul,fri,2,999,0,nonexistent,1.4,93.918,-42.7,4.963,5228.1,No,28,services,married,high.school,No,No,No
CLI003252,telephone,jun,thu,1,999,0,nonexistent,1.4,94.465,-41.8,4.958,5228.1,No,54,technician,married,university.degree,No,Sí,No
CLI003253,telephone,may,fri,1,999,0,nonexistent,1.1,93.994,-36.4,4.857,5191.0,No,53,services,divorced,university.degree,No,No,Sí
CLI003254,telephone,may,wed,2,999,0,nonexistent,1.1,93.994,-36.4,4.857,5191.0,No,30,blue-collar,single,basic.9y,Desconocido,No,No
CLI003255,cellular,nov,fri,2,999,0,nonexistent,-0.1,93.2,-42.0,4.021,5195.8,Sí,39,technician,married,high.school,No,No,No
CLI003256,cellular,may,mon,2,999,0,nonexistent,-1.8,92.893,-46.2,1.299,5099.1,Sí,26,admin.,single,high.school,No,No,No
CLI003257,cellular,aug,mon,1,999,2,failure,-2.9,92.201,-31.4,0.861,5076.2,No,68,retired,married,basic.4y,No,No,No
CLI003258,telephone,jun,mon,6,999,0,nonexistent,1.4,94.465,-41.8,4.865,5228.1,No,47,admin.,married,professional.course,No,No,No
CLI003259,telephone,jun,tue,1,999,0,nonexistent,1.4,94.465,-41.8,4.864,5228.1,No,31,services,married,,Desconocido,Sí,No
CLI003260,cellular,may,wed,3,999,0,nonexistent,-1.8,92.893,-46.2,1.281,5099.1,No,45,unemployed,divorced,,No,Desconocido,Desconocido
CLI003261,cellular,jul,mon,1,999,0,nonexistent,1.4,93.918,-42.7,4.96,5228.1,No,48,blue-collar,married,basic.6y,Desconocido,Sí,Sí
CLI003262,telephone,aug,thu,6,999,0,nonexistent,1.4,93.444,-36.1,4.962,5228.1,No,58,admin.,divorced,university.degree,No,Sí,No
CLI003263,cellular,may,mon,4,999,0,nonexistent,-1.8,92.893,-46.2,1.244,5099.1,No,24,technician,married,professional.course,No,Sí,No
CLI003265,telephone,may,fri,1,999,0,nonexistent,1.1,93.994,-36.4,4.857,5191.0,No,48,technician,married,high.school,No,Sí,No
CLI003266,cellular,nov,tue,1,1,4,success,-1.1,94.767,-50.8,1.046,4963.6,No,34,technician,married,Desconocido,No,Sí,No
CLI003267,telephone,jun,tue,2,999,0,nonexistent,1.4,94.465,-41.8,4.864,5228.1,No,34,blue-collar,married,basic.4y,Desconocido,No,Sí
CLI003268,cellular,aug,mon,1,999,0,nonexistent,-2.9,92.201,-31.4,0.884,5076.2,No,52,admin.,married,university.degree,No,No,No
CLI003269,cellular,apr,mon,3,999,0,nonexistent,-1.8,93.075,-47.1,1.405,5099.1,No,47,blue-collar,married,basic.9y,No,Desconocido,Desconocido
CLI003270,cellular,nov,tue,1,999,1,failure,-0.1,93.2,-42.0,4.153,5195.8,No,40,blue-collar,married,basic.4y,No,No,No
CLI003271,cellular,nov,wed,1,999,1,failure,-0.1,93.2,-42.0,4.12,5195.8,No,45,blue-collar,divorced,basic.9y,No,Sí,No
CLI003272,telephone,may,tue,2,999,0,nonexistent,1.1,93.994,-36.4,4.856,5191.0,No,31,technician,married,professional.course,No,Sí,No
CLI003273,cellular,jul,wed,1,999,0,nonexistent,1.4,93.918,-42.7,4.962,5228.1,No,43,admin.,married,university.degree,No,Sí,No
CLI003274,cellular,jul,thu,1,6,1,success,-1.7,94.215,-40.3,0.846,4991.6,Sí,28,services,single,high.school,No,Sí,No
CLI003275,cellular,sep,mon,1,999,0,nonexistent,-3.4,92.379,-29.8,0.797,5017.5,No,41,admin.,married,university.degree,No,Sí,No
CLI003276,telephone,jul,fri,4,999,0,nonexistent,1.4,93.918,-42.7,4.957,5228.1,No,49,services,divorced,basic.6y,Desconocido,No,No
CLI003277,telephone,jun,thu,1,999,0,nonexistent,1.4,94.465,-41.8,4.961,5228.1,No,43,blue-collar,divorced,basic.9y,Desconocido,No,No
CLI003278,telephone,jun,wed,1,999,0,nonexistent,1.4,94.465,-41.8,4.864,5228.1,No,30,services,single,high.school,Desconocido,No,No
CLI003279,cellular,apr,mon,1,999,0,nonexistent,-1.8,93.075,-47.1,1.405,5099.1,No,35,blue-collar,married,high.school,Desconocido,No,No
CLI003280,cellular,aug,tue,1,999,0,nonexistent,1.4,93.444,-36.1,4.963,5228.1,No,40,admin.,married,university.degree,Desconocido,No,No
CLI003281,cellular,mar,mon,4,999,0,nonexistent,-1.8,93.369,-34.8,0.646,5008.7,No,53,technician,married,professional.course,No,No,No
CLI003282,cellular,jul,mon,4,999,0,nonexistent,1.4,93.918,-42.7,4.962,5228.1,No,31,admin.,single,basic.9y,No,Sí,No
CLI003283,telephone,may,wed,1,999,0,nonexistent,1.1,93.994,-36.4,4.856,5191.0,No,48,blue-collar,married,high.school,No,No,No
CLI003284,telephone,may,fri,1,999,0,nonexistent,1.1,93.994,-36.4,4.855,5191.0,No,49,blue-collar,married,basic.4y,No,No,No
CLI003285,cellular,may,fri,2,999,0,nonexistent,-1.8,92.893,-46.2,1.25,5099.1,No,35,management,single,university.degree,No,No,No
CLI003286,telephone,aug,fri,3,999,0,nonexistent,-2.9,92.201,-31.4,0.825,5076.2,No,28,student,single,Desconocido,No,Sí,No
CLI003288,cellular,aug,tue,4,999,0,nonexistent,1.4,93.444,-36.1,4.968,5228.1,No,30,admin.,married,university.degree,No,No,Sí
CLI003289,cellular,may,mon,3,999,0,nonexistent,-1.8,92.893,-46.2,1.299,5099.1,No,28,blue-collar,married,basic.6y,No,No,No
CLI003290,telephone,jun,tue,1,999,0,nonexistent,1.4,94.465,-41.8,4.961,5228.1,No,53,blue-collar,married,basic.4y,Desconocido,No,No
CLI003291,telephone,may,tue,1,999,0,nonexistent,1.1,93.994,-36.4,4.856,5191.0,No,46,blue-collar,married,Desconocido,Desconocido,No,No
CLI003292,cellular,nov,fri,2,999,0,nonexistent,-0.1,93.2,-42.0,4.021,5195.8,No,32,entrepreneur,single,basic.9y,No,No,No
CLI003293,cellular,nov,fri,1,999,0,nonexistent,-0.1,93.2,-42.0,4.021,5195.8,No,29,technician,single,high.school,No,Sí,Sí
CLI003294,cellular,oct,tue,1,999,0,nonexistent,-3.4,92.431,-26.9,0.728,5017.5,Sí,71,retired,married,basic.4y,No,No,No
CLI003295,cellular,may,thu,1,999,1,failure,-1.8,92.893,-46.2,1.327,5099.1,No,26,services,single,university.degree,No,Sí,No
CLI003296,cellular,aug,fri,4,999,0,nonexistent,1.4,93.444,-36.1,4.966,5228.1,Sí,50,entrepreneur,married,professional.course,Desconocido,Sí,No
CLI003297,telephone,may,mon,1,999,0,nonexistent,1.1,93.994,-36.4,4.857,5191.0,No,33,services,single,high.school,No,No,No
CLI003298,cellular,nov,wed,2,999,0,nonexistent,-0.1,93.2,-42.0,4.12,5195.8,No,33,services,single,high.school,No,Sí,No
CLI003299,telephone,jun,wed,3,999,0,nonexistent,1.4,94.465,-41.8,4.962,5228.1,No,39,services,single,high.school,No,Sí,No
CLI003300,telephone,may,mon,3,999,0,nonexistent,1.1,93.994,-36.4,4.857,5191.0,No,37,admin.,married,university.degree,No,Sí,No
CLI003301,cellular,jul,wed,1,999,0,nonexistent,1.4,93.918,-42.7,4.962,5228.1,No,53,admin.,married,university.degree,No,Sí,Sí
CLI003302,cellular,may,mon,3,999,0,nonexistent,-1.8,92.893,-46.2,1.299,5099.1,No,29,entrepreneur,married,basic.4y,Desconocido,No,No
CLI003303,telephone,may,wed,3,999,1,failure,-1.8,92.893,-46.2,1.281,5099.1,No,32,blue-collar,married,,Desconocido,No,No
CLI003304,cellular,jul,wed,20,999,0,nonexistent,1.4,93.918,-42.7,4.963,5228.1,No,32,services,single,basic.9y,No,Sí,No
CLI003305,telephone,may,tue,2,999,0,nonexistent,1.1,93.994,-36.4,4.857,5191.0,No,34,technician,married,university.degree,No,Sí,No
CLI003306,cellular,may,tue,3,999,2,failure,-1.8,92.893,-46.2,1.344,5099.1,No,31,blue-collar,married,basic.9y,No,Sí,No
CLI003307,cellular,jul,tue,2,999,0,nonexistent,1.4,93.918,-42.7,4.962,5228.1,Sí,25,services,married,high.school,No,No,No
CLI003308,telephone,may,wed,1,999,0,nonexistent,1.1,93.994,-36.4,4.859,5191.0,No,40,blue-collar,married,basic.4y,Desconocido,Sí,No
CLI003309,cellular,jul,fri,2,999,0,nonexistent,1.4,93.918,-42.7,4.957,5228.1,No,28,admin.,married,university.degree,No,Sí,No
CLI003310,cellular,jul,fri,10,999,0,nonexistent,1.4,93.918,-42.7,4.963,5228.1,No,25,unemployed,married,high.school,Desconocido,No,No
CLI003311,cellular,jul,tue,1,999,0,nonexistent,-1.7,94.215,-40.3,0.835,4991.6,Sí,66,retired,married,high.school,No,Sí,No
CLI003312,telephone,jul,tue,1,999,0,nonexistent,1.4,93.918,-42.7,4.955,5228.1,No,28,admin.,married,high.school,No,No,No
CLI003313,cellular,nov,tue,2,999,0,nonexistent,-0.1,93.2,-42.0,4.153,5195.8,No,39,self-employed,married,,No,Sí,No
CLI003314,cellular,may,fri,2,999,1,failure,-1.8,92.893,-46.2,1.25,5099.1,No,32,admin.,single,,No,Sí,No
CLI003315,cellular,nov,tue,1,999,0,nonexistent,-3.4,92.649,-30.1,0.72,5017.5,Sí,28,self-employed,married,professional.course,No,Sí,No
CLI003316,cellular,jul,thu,1,999,0,nonexistent,1.4,93.918,-42.7,4.968,5228.1,No,29,admin.,married,university.degree,No,Sí,Sí
CLI003317,cellular,jul,tue,3,999,0,nonexistent,1.4,93.918,-42.7,4.961,5228.1,No,58,retired,married,basic.4y,Desconocido,No,No
CLI003318,cellular,apr,tue,2,999,0,nonexistent,-1.8,93.075,-47.1,1.423,5099.1,No,42,blue-collar,married,basic.9y,Desconocido,Sí,No
CLI003319,cellular,aug,tue,3,999,0,nonexistent,1.4,93.444,-36.1,4.963,5228.1,No,32,admin.,single,university.degree,No,Sí,Sí
CLI003320,cellular,jul,wed,1,999,0,nonexistent,1.4,93.918,-42.7,4.963,5228.1,No,34,self-employed,single,university.degree,No,Sí,No
CLI003321,cellular,jul,tue,5,999,0,nonexistent,1.4,93.918,-42.7,4.961,5228.1,No,59,blue-collar,married,basic.4y,Desconocido,Sí,No
CLI003322,cellular,jul,mon,3,999,0,nonexistent,1.4,93.918,-42.7,4.96,5228.1,No,43,entrepreneur,married,university.degree,No,Sí,No
CLI003323,telephone,jul,wed,1,999,0,nonexistent,1.4,93.918,-42.7,4.962,5228.1,No,56,blue-collar,married,basic.4y,Desconocido,Sí,No
CLI003324,telephone,jun,tue,5,999,0,nonexistent,1.4,94.465,-41.8,4.958,5228.1,No,34,blue-collar,single,high.school,No,Sí,
CLI003325,telephone,may,thu,1,999,0,nonexistent,1.1,93.994,-36.4,4.855,5191.0,No,32,blue-collar,married,basic.6y,Desconocido,No,No
CLI003326,cellular,jun,mon,2,999,0,nonexistent,-2.9,92.963,-40.8,1.26,5076.2,Sí,31,blue-collar,married,university.degree,No,Sí,No
CLI003327,cellular,may,thu,7,999,0,nonexistent,-1.8,92.893,-46.2,1.266,5099.1,No,24,blue-collar,single,basic.9y,Desconocido,Sí,Sí
CLI003328,telephone,jun,fri,2,999,0,nonexistent,1.4,94.465,-41.8,4.959,5228.1,No,33,blue-collar,divorced,basic.6y,Desconocido,No,No
CLI003329,cellular,jul,mon,2,6,1,success,-1.7,94.215,-40.3,0.827,4991.6,No,62,technician,married,Desconocido,No,No,Sí
CLI003330,cellular,may,wed,1,999,1,failure,-1.8,92.893,-46.2,1.281,5099.1,No,32,services,single,high.school,No,Sí,No
CLI003331,telephone,may,mon,2,999,0,nonexistent,1.1,93.994,-36.4,4.857,5191.0,No,38,housemaid,married,basic.9y,No,Sí,No
CLI003332,cellular,jul,tue,2,999,0,nonexistent,1.4,93.918,-42.7,4.961,5228.1,Sí,35,services,divorced,university.degree,No,Sí,No
CLI003333,cellular,jul,thu,16,999,0,nonexistent,1.4,93.918,-42.7,4.968,5228.1,No,25,technician,single,high.school,No,No,No
CLI003334,telephone,may,wed,2,999,0,nonexistent,1.1,93.994,-36.4,4.858,5191.0,No,39,self-employed,married,,Desconocido,No,No
CLI003335,telephone,may,mon,2,999,0,nonexistent,1.1,93.994,-36.4,4.857,5191.0,No,43,services,married,high.school,No,No,No
CLI003336,cellular,aug,tue,7,999,0,nonexistent,1.4,93.444,-36.1,4.966,5228.1,No,40,management,married,high.school,Desconocido,Sí,No
CLI003337,cellular,aug,wed,1,999,0,nonexistent,1.4,93.444,-36.1,4.965,5228.1,No,48,admin.,married,university.degree,Desconocido,Sí,Sí
CLI003338,telephone,may,wed,3,999,0,nonexistent,1.1,93.994,-36.4,4.856,5191.0,No,42,management,married,basic.6y,No,Sí,Sí
CLI003339,cellular,jul,fri,2,999,0,nonexistent,1.4,93.918,-42.7,4.959,5228.1,No,33,services,married,high.school,No,Sí,No
CLI003340,telephone,may,wed,2,999,0,nonexistent,1.1,93.994,-36.4,4.857,5191.0,No,32,admin.,single,university.degree,No,No,No
CLI003341,cellular,aug,fri,2,999,0,nonexistent,1.4,93.444,-36.1,4.964,5228.1,No,31,blue-collar,married,basic.4y,No,No,No
CLI003342,telephone,may,tue,1,999,0,nonexistent,1.1,93.994,-36.4,4.856,5191.0,No,49,blue-collar,married,basic.4y,Desconocido,No,No
CLI003343,cellular,aug,mon,4,999,0,nonexistent,1.4,93.444,-36.1,4.965,5228.1,No,43,technician,married,professional.course,Desconocido,No,No
CLI003344,cellular,aug,fri,1,16,1,success,-1.7,94.027,-38.3,0.898,4991.6,Sí,38,entrepreneur,married,university.degree,No,Sí,No
CLI003346,cellular,apr,mon,2,999,1,failure,-1.8,93.075,-47.1,1.405,5099.1,No,43,management,married,,No,Sí,No
CLI003347,telephone,aug,wed,11,999,0,nonexistent,1.4,93.444,-36.1,4.964,5228.1,No,42,management,married,university.degree,No,Sí,
CLI003348,cellular,jul,tue,2,999,0,nonexistent,1.4,93.918,-42.7,4.961,5228.1,No,29,admin.,single,university.degree,No,No,
CLI003349,telephone,may,thu,3,999,0,nonexistent,1.1,93.994,-36.4,4.86,5191.0,No,58,housemaid,married,basic.4y,Desconocido,No,No
CLI003350,telephone,jun,tue,5,999,0,nonexistent,1.4,94.465,-41.8,4.961,5228.1,No,57,blue-collar,married,basic.4y,Desconocido,No,No
CLI003351,cellular,aug,thu,3,999,0,nonexistent,1.4,93.444,-36.1,4.968,5228.1,No,59,unemployed,married,professional.course,No,No,No
CLI003352,cellular,aug,wed,2,999,1,failure,-2.9,92.201,-31.4,0.879,5076.2,Sí,32,technician,single,professional.course,No,No,No
CLI003353,cellular,nov,fri,3,999,0,nonexistent,-0.1,93.2,-42.0,4.021,5195.8,No,51,management,married,university.degree,No,Sí,
CLI003354,telephone,jul,thu,1,999,0,nonexistent,1.4,93.918,-42.7,4.966,5228.1,No,28,blue-collar,married,high.school,No,Sí,No
CLI003355,telephone,may,fri,1,999,0,nonexistent,1.1,93.994,-36.4,4.855,5191.0,No,32,admin.,married,high.school,No,No,No
CLI003356,cellular,jul,mon,3,999,0,nonexistent,1.4,93.918,-42.7,4.96,5228.1,No,24,blue-collar,married,basic.9y,No,Sí,No
CLI003357,cellular,aug,fri,2,999,0,nonexistent,1.4,93.444,-36.1,4.963,5228.1,No,53,technician,married,professional.course,Desconocido,No,Sí
CLI003358,cellular,may,mon,1,999,1,failure,-1.8,92.893,-46.2,1.299,5099.1,No,36,admin.,single,university.degree,No,Sí,No
CLI003359,telephone,may,tue,2,999,0,nonexistent,1.1,93.994,-36.4,4.857,5191.0,Sí,30,self-employed,married,basic.9y,No,No,No
CLI003360,cellular,jul,thu,1,999,0,nonexistent,1.4,93.918,-42.7,4.968,5228.1,No,52,blue-collar,married,,No,No,No
CLI003361,telephone,may,mon,4,999,0,nonexistent,-1.8,92.893,-46.2,1.354,5099.1,Sí,36,entrepreneur,married,university.degree,No,No,No
CLI003362,cellular,aug,thu,1,999,0,nonexistent,1.4,93.444,-36.1,4.968,5228.1,No,51,technician,married,professional.course,No,Sí,No
CLI003363,cellular,nov,fri,9,999,0,nonexistent,-0.1,93.2,-42.0,4.021,5195.8,No,55,admin.,single,university.degree,Desconocido,Sí,No
CLI003364,telephone,may,tue,1,999,0,nonexistent,1.1,93.994,-36.4,4.856,5191.0,No,47,services,married,high.school,No,No,No
CLI003365,cellular,jul,fri,1,999,0,nonexistent,1.4,93.918,-42.7,4.957,5228.1,No,30,admin.,married,university.degree,No,No,No
CLI003366,telephone,may,thu,1,999,0,nonexistent,1.1,93.994,-36.4,4.855,5191.0,No,37,blue-collar,married,Desconocido,Desconocido,Sí,No
CLI003367,cellular,may,tue,1,999,0,nonexistent,-1.8,92.893,-46.2,1.344,5099.1,No,41,blue-collar,married,basic.9y,No,Sí,No
CLI003368,cellular,jul,thu,1,999,0,nonexistent,1.4,93.918,-42.7,4.962,5228.1,No,31,services,married,high.school,Desconocido,No,Sí
CLI003369,cellular,nov,wed,3,3,3,success,-3.4,92.649,-30.1,0.715,5017.5,Sí,36,management,married,university.degree,No,No,Sí
CLI003370,cellular,may,thu,2,999,0,nonexistent,-1.8,92.893,-46.2,1.327,5099.1,No,36,admin.,married,professional.course,No,No,No
CLI003371,cellular,mar,mon,1,999,0,nonexistent,-1.8,92.843,-50.0,1.56,5099.1,Sí,54,admin.,married,university.degree,No,Sí,No
CLI003372,cellular,jul,tue,1,999,0,nonexistent,1.4,93.918,-42.7,4.962,5228.1,No,60,admin.,married,high.school,Desconocido,No,No
CLI003373,cellular,apr,mon,1,999,0,nonexistent,-1.8,93.075,-47.1,1.405,5099.1,No,38,technician,married,professional.course,No,No,
CLI003374,cellular,jul,thu,1,999,0,nonexistent,1.4,93.918,-42.7,4.968,5228.1,No,50,management,married,university.degree,Desconocido,No,No
CLI003375,telephone,may,tue,3,999,0,nonexistent,1.1,93.994,-36.4,4.856,5191.0,No,43,admin.,married,high.school,No,Sí,No
CLI003376,telephone,may,wed,2,999,0,nonexistent,1.1,93.994,-36.4,4.857,5191.0,No,40,admin.,married,basic.9y,No,No,Sí
CLI003377,cellular,may,tue,1,999,2,failure,-1.8,93.876,-40.0,0.668,5008.7,No,29,admin.,single,university.degree,No,No,No
CLI003378,cellular,nov,fri,3,999,0,nonexistent,-0.1,93.2,-42.0,4.021,5195.8,No,42,admin.,divorced,university.degree,No,Sí,No
CLI003379,telephone,may,fri,1,999,0,nonexistent,1.1,93.994,-36.4,4.855,5191.0,No,28,services,married,high.school,Desconocido,No,No
CLI003380,telephone,jun,thu,1,999,0,nonexistent,1.4,94.465,-41.8,4.961,5228.1,No,40,entrepreneur,married,university.degree,Desconocido,Desconocido,Desconocido
CLI003381,telephone,jul,fri,2,999,0,nonexistent,1.4,93.918,-42.7,4.959,5228.1,No,26,admin.,single,high.school,No,Sí,No
CLI003382,cellular,aug,mon,2,999,0,nonexistent,-1.7,94.027,-38.3,0.896,4991.6,Sí,31,admin.,married,professional.course,No,No,No
CLI003383,cellular,apr,tue,2,999,0,nonexistent,-1.8,93.075,-47.1,1.423,5099.1,Sí,42,self-employed,married,university.degree,No,No,No
CLI003384,cellular,sep,fri,2,999,0,nonexistent,-3.4,92.379,-29.8,0.803,5017.5,Sí,28,student,single,high.school,No,No,No
CLI003385,telephone,may,thu,2,999,0,nonexistent,1.1,93.994,-36.4,4.86,5191.0,No,50,blue-collar,married,Desconocido,Desconocido,No,No
CLI003386,cellular,may,fri,2,999,0,nonexistent,-1.8,92.893,-46.2,1.259,5099.1,Sí,48,entrepreneur,married,university.degree,No,Sí,No
CLI003387,cellular,nov,thu,3,999,0,nonexistent,-0.1,93.2,-42.0,4.076,5195.8,No,29,entrepreneur,married,university.degree,No,Sí,Sí
CLI003388,telephone,may,wed,2,999,0,nonexistent,1.1,93.994,-36.4,4.857,5191.0,No,37,admin.,divorced,university.degree,No,Desconocido,Desconocido
CLI003389,cellular,nov,tue,2,999,0,nonexistent,-0.1,93.2,-42.0,4.153,5195.8,No,33,housemaid,married,high.school,No,No,No
CLI003390,telephone,jun,wed,3,999,0,nonexistent,1.4,94.465,-41.8,4.864,5228.1,No,39,services,married,high.school,Desconocido,Sí,No
CLI003391,telephone,may,wed,1,999,0,nonexistent,1.1,93.994,-36.4,4.858,5191.0,No,35,technician,married,university.degree,Desconocido,No,No
CLI003392,telephone,may,tue,1,999,0,nonexistent,1.1,93.994,-36.4,4.857,5191.0,No,32,Desconocido,married,basic.6y,Desconocido,Sí,No
CLI003393,cellular,jul,mon,2,999,1,failure,-1.7,94.215,-40.3,0.87,4991.6,No,72,retired,married,basic.4y,No,Sí,No
CLI003394,cellular,apr,thu,1,999,1,failure,-1.8,93.075,-47.1,1.41,5099.1,No,45,blue-collar,married,Desconocido,No,Sí,Sí
CLI003395,cellular,aug,fri,2,999,0,nonexistent,1.4,93.444,-36.1,4.966,5228.1,No,41,technician,divorced,university.degree,No,Sí,Sí
CLI003396,cellular,apr,thu,2,999,1,failure,-1.8,93.075,-47.1,1.41,5099.1,No,27,blue-collar,single,basic.4y,No,Sí,
CLI003397,cellular,jul,tue,6,13,1,success,-2.9,92.469,-33.6,0.908,5076.2,Sí,54,admin.,married,university.degree,No,No,Sí
CLI003398,telephone,may,wed,3,999,0,nonexistent,1.1,93.994,-36.4,4.858,5191.0,No,39,blue-collar,married,basic.9y,No,No,No
CLI003399,telephone,may,mon,5,999,0,nonexistent,1.1,93.994,-36.4,4.857,5191.0,No,31,technician,married,professional.course,No,No,No
CLI003400,cellular,may,tue,5,999,0,nonexistent,-1.8,92.893,-46.2,1.291,5099.1,No,33,blue-collar,married,basic.4y,No,No,No
CLI003401,cellular,aug,mon,4,999,0,nonexistent,1.4,93.444,-36.1,4.965,5228.1,No,31,management,married,university.degree,No,No,No
CLI003402,cellular,may,tue,1,999,0,nonexistent,-1.8,92.893,-46.2,1.344,5099.1,No,35,services,married,high.school,Desconocido,,No
CLI003403,telephone,jun,thu,1,999,0,nonexistent,1.4,94.465,-41.8,4.866,5228.1,No,39,services,married,high.school,No,No,No
CLI003404,telephone,aug,tue,1,999,0,nonexistent,-2.9,92.201,-31.4,0.883,5076.2,No,31,admin.,single,university.degree,No,No,No
CLI003405,telephone,may,thu,7,999,1,failure,-1.8,92.893,-46.2,1.266,5099.1,No,33,blue-collar,single,high.school,No,Sí,Sí
CLI003406,telephone,aug,mon,3,999,0,nonexistent,-2.9,92.201,-31.4,0.884,5076.2,No,46,blue-collar,married,professional.course,No,No,No
CLI003407,telephone,may,wed,1,999,0,nonexistent,1.1,93.994,-36.4,4.858,5191.0,Sí,30,admin.,single,university.degree,No,No,No
CLI003408,cellular,nov,mon,1,999,1,failure,-0.1,93.2,-42.0,4.191,5195.8,No,46,blue-collar,married,basic.9y,No,Sí,No
CLI003409,telephone,may,thu,2,999,0,nonexistent,1.1,93.994,-36.4,4.855,5191.0,No,57,services,divorced,high.school,Desconocido,No,Sí
CLI003410,telephone,may,wed,2,999,0,nonexistent,1.1,93.994,-36.4,4.858,5191.0,No,34,blue-collar,married,basic.9y,No,No,No
CLI003411,cellular,aug,fri,1,999,0,nonexistent,1.4,93.444,-36.1,4.966,5228.1,No,51,admin.,divorced,university.degree,No,No,No
CLI003412,telephone,may,wed,7,999,0,nonexistent,1.1,93.994,-36.4,4.859,5191.0,No,50,management,divorced,high.school,Desconocido,No,No
CLI003413,telephone,may,fri,1,999,0,nonexistent,-1.8,92.893,-46.2,1.313,5099.1,No,31,admin.,single,university.degree,Desconocido,No,No
CLI003414,telephone,may,fri,3,999,0,nonexistent,1.1,93.994,-36.4,4.864,5191.0,No,43,admin.,married,university.degree,No,No,No
CLI003415,cellular,may,mon,4,999,1,failure,-1.8,92.893,-46.2,1.354,5099.1,Sí,57,entrepreneur,married,basic.9y,No,Sí,No
CLI003416,telephone,may,thu,2,999,0,nonexistent,1.1,93.994,-36.4,4.86,5191.0,No,41,blue-collar,married,basic.9y,Desconocido,No,No
CLI003417,telephone,may,wed,1,999,0,nonexistent,1.1,93.994,-36.4,4.857,5191.0,No,30,blue-collar,married,basic.6y,No,No,No
CLI003418,telephone,jun,thu,3,999,0,nonexistent,1.4,94.465,-41.8,4.866,5228.1,Sí,29,services,single,high.school,No,Sí,No
CLI003419,telephone,may,thu,4,999,0,nonexistent,1.1,93.994,-36.4,4.86,5191.0,No,30,blue-collar,single,basic.4y,Desconocido,Sí,Sí
CLI003420,cellular,aug,tue,3,999,0,nonexistent,1.4,93.444,-36.1,4.963,5228.1,No,36,admin.,married,university.degree,Desconocido,No,No
CLI003421,cellular,apr,mon,1,999,1,failure,-1.8,93.075,-47.1,1.405,5099.1,No,39,admin.,single,university.degree,No,Sí,No
CLI003422,telephone,jun,thu,1,999,0,nonexistent,1.4,94.465,-41.8,4.866,5228.1,No,46,admin.,married,university.degree,Desconocido,No,No
CLI003423,cellular,jul,tue,13,999,0,nonexistent,1.4,93.918,-42.7,4.961,5228.1,No,31,blue-collar,single,professional.course,No,Sí,No
CLI003424,cellular,nov,wed,1,999,0,nonexistent,-0.1,93.2,-42.0,4.12,5195.8,No,42,entrepreneur,single,university.degree,No,Sí,No
CLI003425,telephone,may,mon,1,999,0,nonexistent,1.1,93.994,-36.4,4.857,5191.0,No,54,services,married,Desconocido,No,No,No
CLI003426,telephone,may,tue,1,999,0,nonexistent,1.1,93.994,-36.4,4.856,5191.0,No,27,blue-collar,single,basic.9y,No,,No
CLI003427,cellular,apr,fri,1,999,0,nonexistent,-1.8,93.075,-47.1,1.405,5099.1,No,39,blue-collar,married,basic.9y,No,Sí,No
CLI003428,cellular,may,fri,1,12,1,success,-1.8,92.893,-46.2,1.313,5099.1,Sí,35,admin.,single,university.degree,No,Sí,No
CLI003429,cellular,jul,tue,1,999,0,nonexistent,-2.9,92.469,-33.6,1.044,5076.2,No,37,admin.,married,high.school,No,No,No
CLI003430,cellular,aug,wed,5,999,0,nonexistent,1.4,93.444,-36.1,4.967,5228.1,No,46,management,married,high.school,No,No,No
CLI003431,cellular,apr,wed,3,999,0,nonexistent,-1.8,93.075,-47.1,1.445,5099.1,No,34,services,married,high.school,No,Sí,No
CLI003432,telephone,nov,wed,1,999,0,nonexistent,-0.1,93.2,-42.0,4.12,5195.8,No,50,entrepreneur,married,basic.4y,Desconocido,Sí,
CLI003433,telephone,may,fri,1,999,0,nonexistent,1.1,93.994,-36.4,4.855,5191.0,No,27,blue-collar,married,university.degree,No,No,Sí
CLI003434,cellular,jul,thu,4,999,0,nonexistent,1.4,93.918,-42.7,4.968,5228.1,No,52,retired,married,basic.9y,Desconocido,No,No
CLI003435,cellular,aug,thu,1,999,0,nonexistent,1.4,93.444,-36.1,4.963,5228.1,No,45,services,married,high.school,No,Sí,No
CLI003436,cellular,jul,thu,1,999,0,nonexistent,1.4,93.918,-42.7,4.958,5228.1,No,27,blue-collar,married,basic.9y,No,No,Sí
CLI003437,cellular,jul,tue,5,999,0,nonexistent,1.4,93.918,-42.7,4.961,5228.1,No,33,admin.,married,high.school,Desconocido,No,No
CLI003438,cellular,jul,wed,2,999,0,nonexistent,1.4,93.918,-42.7,4.963,5228.1,Sí,35,admin.,married,university.degree,No,No,
CLI003439,cellular,nov,wed,1,999,0,nonexistent,-0.1,93.2,-42.0,4.12,5195.8,No,39,blue-collar,married,basic.9y,Desconocido,,Sí
CLI003440,cellular,may,mon,1,999,1,failure,-1.8,92.893,-46.2,1.244,5099.1,No,55,services,married,high.school,No,No,No
CLI003441,cellular,nov,tue,1,999,1,failure,-0.1,93.2,-42.0,4.153,5195.8,No,37,technician,married,professional.course,No,No,No
CLI003442,telephone,may,thu,4,999,0,nonexistent,-1.8,92.893,-46.2,1.266,5099.1,No,31,blue-collar,married,basic.9y,No,No,No
CLI003443,cellular,apr,wed,1,999,0,nonexistent,-1.8,93.075,-47.1,1.415,5099.1,No,27,technician,single,professional.course,No,No,No
CLI003444,cellular,jul,thu,1,999,0,nonexistent,1.4,93.918,-42.7,4.958,5228.1,No,38,blue-collar,married,basic.9y,No,,No
CLI003445,cellular,mar,wed,3,999,0,nonexistent,-1.8,92.843,-50.0,1.663,5099.1,Sí,88,retired,divorced,basic.4y,No,Sí,No
CLI003446,telephone,may,thu,1,999,0,nonexistent,1.1,93.994,-36.4,4.855,5191.0,No,44,technician,married,professional.course,Desconocido,No,No
CLI003447,cellular,may,thu,2,999,1,failure,-1.8,92.893,-46.2,1.266,5099.1,No,51,technician,married,professional.course,No,Desconocido,Desconocido
CLI003448,cellular,jul,tue,1,999,0,nonexistent,1.4,93.918,-42.7,4.961,5228.1,No,39,technician,married,professional.course,No,No,Sí
CLI003449,telephone,may,fri,4,999,0,nonexistent,1.1,93.994,-36.4,4.859,5191.0,No,25,student,single,high.school,No,No,No
CLI003450,cellular,aug,wed,3,999,0,nonexistent,1.4,93.444,-36.1,4.964,5228.1,No,41,technician,single,high.school,No,Sí,No
CLI003451,cellular,jul,tue,1,999,0,nonexistent,1.4,93.918,-42.7,4.962,5228.1,No,33,blue-collar,married,basic.6y,Desconocido,Sí,No
CLI003452,cellular,nov,wed,4,999,0,nonexistent,-0.1,93.2,-42.0,4.12,5195.8,No,42,entrepreneur,married,basic.4y,No,,Sí
CLI003453,cellular,jul,mon,4,999,0,nonexistent,1.4,93.918,-42.7,4.962,5228.1,No,23,blue-collar,single,high.school,Desconocido,Sí,No
CLI003454,cellular,jul,thu,1,13,2,failure,-1.7,94.215,-40.3,0.81,4991.6,Sí,21,student,single,Desconocido,No,Sí,
CLI003455,cellular,aug,thu,14,999,0,nonexistent,1.4,93.444,-36.1,4.962,5228.1,No,46,technician,married,university.degree,No,Sí,No
CLI003456,cellular,aug,mon,2,999,0,nonexistent,1.4,93.444,-36.1,4.963,5228.1,No,32,admin.,single,university.degree,Desconocido,Sí,Sí
CLI003457,cellular,nov,thu,3,999,0,nonexistent,-0.1,93.2,-42.0,4.076,5195.8,Sí,30,admin.,married,university.degree,No,Sí,No
CLI003458,cellular,nov,wed,10,999,0,nonexistent,-0.1,93.2,-42.0,4.12,5195.8,No,53,entrepreneur,married,Desconocido,No,Sí,No
CLI003459,cellular,aug,mon,2,999,0,nonexistent,1.4,93.444,-36.1,4.97,5228.1,No,44,blue-collar,married,basic.9y,No,Sí,No
CLI003460,cellular,mar,fri,2,7,1,success,-1.8,92.843,-50.0,1.726,5099.1,Sí,38,technician,married,,No,Sí,No
CLI003461,telephone,may,fri,2,999,0,nonexistent,1.1,93.994,-36.4,4.855,5191.0,No,35,admin.,married,high.school,No,No,No
CLI003462,telephone,may,tue,2,999,0,nonexistent,1.1,93.994,-36.4,4.857,5191.0,No,44,admin.,married,high.school,No,No,No
CLI003463,cellular,jul,mon,5,999,0,nonexistent,1.4,93.918,-42.7,4.962,5228.1,No,40,blue-collar,married,professional.course,No,No,No
CLI003464,cellular,may,fri,1,999,0,nonexistent,-1.8,92.893,-46.2,1.25,5099.1,No,53,admin.,married,high.school,No,No,No
CLI003465,cellular,nov,fri,3,999,0,nonexistent,-1.1,94.767,-50.8,1.04,4963.6,Sí,26,admin.,single,university.degree,No,No,No
CLI003466,cellular,mar,thu,1,13,1,success,-1.8,93.369,-34.8,0.65,5008.7,No,39,admin.,divorced,university.degree,No,Sí,No
CLI003467,telephone,may,thu,1,999,0,nonexistent,1.1,93.994,-36.4,4.855,5191.0,No,48,blue-collar,married,basic.6y,No,No,Sí
CLI003468,cellular,aug,thu,3,15,3,failure,-2.9,92.201,-31.4,0.873,5076.2,Sí,23,student,single,high.school,No,Sí,No
CLI003469,cellular,nov,wed,3,999,1,failure,-0.1,93.2,-42.0,4.12,5195.8,No,38,technician,married,professional.course,No,No,No
CLI003470,cellular,jul,tue,2,999,0,nonexistent,1.4,93.918,-42.7,4.961,5228.1,No,44,blue-collar,married,basic.6y,Desconocido,Sí,Sí
CLI003471,cellular,mar,thu,2,999,0,nonexistent,-1.8,92.843,-50.0,1.538,5099.1,Sí,35,admin.,married,high.school,No,Sí,No
CLI003472,cellular,nov,tue,1,999,1,failure,-0.1,93.2,-42.0,4.153,5195.8,No,51,admin.,married,high.school,No,No,Sí
CLI003473,telephone,jun,thu,1,999,0,nonexistent,1.4,94.465,-41.8,4.961,5228.1,No,46,entrepreneur,married,basic.9y,No,No,No
CLI003474,cellular,nov,tue,1,999,0,nonexistent,-0.1,93.2,-42.0,4.153,5195.8,Sí,41,entrepreneur,married,university.degree,No,Sí,No
CLI003475,telephone,may,tue,1,999,0,nonexistent,1.1,93.994,-36.4,4.856,5191.0,No,41,services,married,basic.9y,No,Sí,No
CLI003476,cellular,jul,tue,26,999,0,nonexistent,1.4,93.918,-42.7,4.962,5228.1,No,30,services,married,high.school,No,,No
CLI003477,cellular,jul,mon,3,999,0,nonexistent,1.4,93.918,-42.7,4.962,5228.1,No,29,management,single,university.degree,No,Sí,No
CLI003478,cellular,nov,fri,1,999,0,nonexistent,-0.1,93.2,-42.0,4.021,5195.8,No,48,technician,married,basic.4y,Desconocido,No,No
CLI003479,cellular,jul,tue,4,999,0,nonexistent,1.4,93.918,-42.7,4.961,5228.1,No,35,technician,divorced,professional.course,No,No,No
CLI003480,cellular,aug,tue,2,999,0,nonexistent,1.4,93.444,-36.1,4.966,5228.1,No,31,self-employed,married,university.degree,No,No,No
CLI003481,cellular,aug,fri,1,999,0,nonexistent,1.4,93.444,-36.1,4.964,5228.1,No,31,technician,single,professional.course,No,No,No
CLI003482,telephone,jul,tue,6,999,0,nonexistent,1.4,93.918,-42.7,4.961,5228.1,No,31,blue-collar,married,basic.9y,No,,No
CLI003483,telephone,apr,thu,2,999,0,nonexistent,-1.8,93.075,-47.1,1.365,5099.1,No,25,admin.,single,university.degree,No,No,Sí
CLI003484,cellular,nov,thu,3,999,0,nonexistent,-0.1,93.2,-42.0,4.076,5195.8,No,31,services,married,professional.course,No,No,No
CLI003485,telephone,jun,thu,3,999,0,nonexistent,1.4,94.465,-41.8,4.961,5228.1,No,30,blue-collar,married,basic.9y,No,No,No
CLI003486,telephone,jun,thu,2,999,0,nonexistent,1.4,94.465,-41.8,4.958,5228.1,No,30,admin.,married,high.school,No,No,No
CLI003487,cellular,may,fri,1,999,0,nonexistent,-1.8,92.893,-46.2,1.25,5099.1,No,34,admin.,married,university.degree,No,No,No
CLI003488,cellular,jul,wed,3,999,0,nonexistent,1.4,93.918,-42.7,4.962,5228.1,No,35,management,married,university.degree,No,No,No
CLI003489,cellular,jul,wed,2,999,0,nonexistent,1.4,93.918,-42.7,4.957,5228.1,Sí,34,admin.,married,university.degree,No,No,No
CLI003490,telephone,may,tue,3,999,0,nonexistent,1.1,93.994,-36.4,4.857,5191.0,No,31,technician,married,professional.course,No,No,No
CLI003491,cellular,aug,tue,1,999,0,nonexistent,1.4,93.444,-36.1,4.963,5228.1,No,54,technician,married,professional.course,No,No,No
CLI003492,telephone,jun,mon,1,999,0,nonexistent,1.4,94.465,-41.8,4.96,5228.1,No,43,technician,single,high.school,No,No,No
CLI003493,telephone,may,fri,4,999,0,nonexistent,1.1,93.994,-36.4,4.857,5191.0,No,26,services,single,basic.9y,No,No,Sí
CLI003494,telephone,may,thu,5,999,0,nonexistent,1.1,93.994,-36.4,4.86,5191.0,No,38,blue-collar,divorced,Desconocido,No,No,No
CLI003495,cellular,jul,wed,1,999,0,nonexistent,1.4,93.918,-42.7,4.963,5228.1,No,31,blue-collar,married,basic.6y,No,No,No
CLI003496,cellular,aug,mon,2,999,0,nonexistent,1.4,93.444,-36.1,4.965,5228.1,No,32,technician,married,professional.course,No,Sí,Sí
CLI003497,cellular,apr,fri,2,1,1,success,-1.8,93.075,-47.1,1.405,5099.1,No,37,services,married,high.school,No,No,No
CLI003498,cellular,aug,tue,1,999,0,nonexistent,1.4,93.444,-36.1,4.968,5228.1,No,52,services,divorced,basic.6y,No,Sí,No
CLI003499,telephone,jun,mon,2,999,0,nonexistent,1.4,94.465,-41.8,4.865,5228.1,Sí,35,student,single,university.degree,Desconocido,Sí,Sí
CLI003500,cellular,apr,mon,3,999,0,nonexistent,-1.8,93.075,-47.1,1.405,5099.1,No,24,admin.,single,university.degree,No,Sí,No
CLI003501,cellular,may,mon,1,999,0,nonexistent,-1.8,92.893,-46.2,1.244,5099.1,Sí,37,management,divorced,university.degree,No,No,No
CLI003502,cellular,jul,thu,2,999,0,nonexistent,1.4,93.918,-42.7,4.958,5228.1,No,47,blue-collar,divorced,basic.9y,No,Sí,No
CLI003503,cellular,may,thu,1,999,0,nonexistent,-1.8,92.893,-46.2,1.327,5099.1,No,40,unemployed,married,professional.course,No,Sí,No
CLI003504,cellular,jul,tue,1,999,0,nonexistent,1.4,93.918,-42.7,4.961,5228.1,No,48,blue-collar,married,basic.4y,No,,No
CLI003505,telephone,oct,tue,1,999,0,nonexistent,-0.1,93.798,-40.4,4.968,5195.8,Sí,33,housemaid,married,high.school,No,No,No
CLI003506,cellular,may,wed,1,999,1,failure,-1.8,92.893,-46.2,1.334,5099.1,No,35,technician,married,professional.course,No,No,No
CLI003507,telephone,may,wed,2,999,0,nonexistent,1.1,93.994,-36.4,4.858,5191.0,No,33,technician,married,professional.course,No,Sí,Sí
CLI003508,telephone,jun,fri,3,999,0,nonexistent,1.4,94.465,-41.8,4.959,5228.1,No,40,entrepreneur,married,basic.9y,No,Sí,No
CLI003509,cellular,nov,fri,2,999,0,nonexistent,-0.1,93.2,-42.0,4.021,5195.8,No,31,admin.,single,university.degree,No,Sí,No
CLI003510,cellular,oct,fri,2,8,1,success,-3.4,92.431,-26.9,0.739,5017.5,No,38,admin.,married,university.degree,No,Sí,No
CLI003511,cellular,aug,wed,3,999,0,nonexistent,1.4,93.444,-36.1,4.965,5228.1,No,51,blue-collar,married,basic.9y,Desconocido,No,No
CLI003512,telephone,may,mon,2,999,0,nonexistent,1.1,93.994,-36.4,4.858,5191.0,No,33,admin.,single,high.school,Desconocido,Sí,No
CLI003513,telephone,may,fri,1,999,0,nonexistent,1.1,93.994,-36.4,4.857,5191.0,No,37,entrepreneur,married,basic.6y,Desconocido,Desconocido,Desconocido
CLI003514,cellular,jul,wed,1,999,0,nonexistent,1.4,93.918,-42.7,4.962,5228.1,No,39,entrepreneur,divorced,basic.4y,No,No,No
CLI003515,cellular,aug,wed,2,4,1,success,-2.9,92.201,-31.4,0.879,5076.2,No,44,admin.,married,university.degree,No,No,No
CLI003516,cellular,may,mon,2,999,0,nonexistent,-1.8,92.893,-46.2,1.244,5099.1,Sí,32,services,married,high.school,Desconocido,Sí,
CLI003517,telephone,may,thu,2,999,0,nonexistent,1.1,93.994,-36.4,4.86,5191.0,No,39,blue-collar,married,basic.4y,Desconocido,No,No
CLI003518,cellular,may,mon,1,999,1,failure,-1.8,92.893,-46.2,1.299,5099.1,No,30,blue-collar,married,basic.6y,No,Sí,No
CLI003519,cellular,jul,wed,10,999,0,nonexistent,1.4,93.918,-42.7,4.963,5228.1,No,30,admin.,divorced,basic.6y,No,No,No
CLI003520,cellular,jul,mon,2,999,0,nonexistent,1.4,93.918,-42.7,4.962,5228.1,No,40,blue-collar,married,basic.6y,No,Sí,No
CLI003521,cellular,jul,mon,3,999,0,nonexistent,1.4,93.918,-42.7,4.96,5228.1,No,31,admin.,single,university.degree,No,Desconocido,Desconocido
CLI003522,cellular,may,thu,2,999,1,failure,-1.8,92.893,-46.2,1.327,5099.1,No,37,services,married,basic.9y,No,No,Sí
CLI003523,cellular,aug,mon,7,999,0,nonexistent,1.4,93.444,-36.1,4.963,5228.1,No,31,admin.,single,university.degree,No,Sí,No
CLI003524,cellular,aug,mon,1,999,0,nonexistent,-2.9,92.201,-31.4,0.861,5076.2,Sí,67,retired,married,professional.course,No,Sí,Sí
CLI003525,cellular,jul,thu,2,999,0,nonexistent,1.4,93.918,-42.7,4.968,5228.1,Sí,38,services,married,high.school,No,No,No
CLI003526,cellular,sep,wed,1,999,0,nonexistent,-3.4,92.379,-29.8,0.753,5017.5,No,55,unemployed,married,university.degree,No,Sí,Sí
CLI003527,telephone,may,mon,1,999,0,nonexistent,1.1,93.994,-36.4,4.857,5191.0,No,60,admin.,married,high.school,No,No,No
CLI003528,telephone,jun,wed,16,999,0,nonexistent,1.4,94.465,-41.8,4.959,5228.1,No,42,technician,married,professional.course,Desconocido,No,No
CLI003529,cellular,aug,wed,2,999,0,nonexistent,1.4,93.444,-36.1,4.967,5228.1,No,31,technician,married,university.degree,No,Sí,
CLI003530,cellular,apr,mon,4,999,0,nonexistent,-1.8,93.075,-47.1,1.405,5099.1,No,37,blue-collar,divorced,basic.9y,No,Sí,No
CLI003531,telephone,jun,tue,4,999,0,nonexistent,1.4,94.465,-41.8,4.961,5228.1,No,44,admin.,divorced,high.school,No,No,No
CLI003532,cellular,apr,mon,1,999,0,nonexistent,-1.8,93.075,-47.1,1.405,5099.1,No,24,technician,single,high.school,No,Sí,No
CLI003533,cellular,aug,mon,1,999,0,nonexistent,1.4,93.444,-36.1,4.965,5228.1,No,37,technician,single,professional.course,No,Sí,Sí
CLI003534,cellular,jul,mon,3,999,0,nonexistent,-1.7,94.215,-40.3,0.793,4991.6,No,41,admin.,divorced,university.degree,No,No,
CLI003535,cellular,jul,mon,2,999,0,nonexistent,1.4,93.918,-42.7,4.962,5228.1,No,43,unemployed,divorced,basic.9y,No,,No
CLI003536,telephone,jun,tue,1,999,0,nonexistent,1.4,94.465,-41.8,4.961,5228.1,No,32,blue-collar,married,basic.4y,Desconocido,No,No
CLI003537,telephone,may,thu,6,999,1,failure,-1.8,92.893,-46.2,1.266,5099.1,No,33,blue-collar,divorced,basic.9y,No,No,Sí
CLI003538,telephone,may,tue,1,999,0,nonexistent,1.1,93.994,-36.4,4.856,5191.0,No,43,entrepreneur,married,university.degree,No,No,No
CLI003539,cellular,aug,wed,5,999,0,nonexistent,1.4,93.444,-36.1,4.964,5228.1,Sí,51,technician,married,university.degree,No,Sí,No
CLI003540,telephone,jun,fri,1,999,0,nonexistent,1.4,94.465,-41.8,4.967,5228.1,No,51,blue-collar,married,basic.4y,Desconocido,Sí,No
CLI003541,telephone,jul,tue,1,999,0,nonexistent,1.4,93.918,-42.7,4.961,5228.1,No,60,retired,divorced,basic.4y,No,Sí,No
CLI003542,cellular,jul,mon,5,999,0,nonexistent,1.4,93.918,-42.7,4.96,5228.1,No,30,management,married,university.degree,No,No,Sí
CLI003543,telephone,jun,mon,3,999,0,nonexistent,1.4,94.465,-41.8,4.865,5228.1,No,30,blue-collar,married,professional.course,No,No,No
CLI003544,cellular,jul,mon,3,999,0,nonexistent,1.4,93.918,-42.7,4.962,5228.1,No,27,admin.,married,basic.9y,Desconocido,Sí,Sí
CLI003545,telephone,jun,thu,1,999,0,nonexistent,1.4,94.465,-41.8,4.866,5228.1,No,50,blue-collar,married,basic.4y,No,Sí,No
CLI003546,cellular,jun,mon,2,999,0,nonexistent,-1.7,94.055,-39.8,0.754,4991.6,No,37,self-employed,married,university.degree,No,No,No
CLI003547,telephone,jun,wed,2,999,0,nonexistent,1.4,94.465,-41.8,4.959,5228.1,No,56,blue-collar,married,basic.4y,No,No,No
CLI003548,cellular,jul,wed,1,999,0,nonexistent,1.4,93.918,-42.7,4.963,5228.1,No,39,services,married,Desconocido,Desconocido,Sí,No
CLI003549,cellular,jul,tue,2,999,0,nonexistent,1.4,93.918,-42.7,4.962,5228.1,No,34,technician,single,university.degree,No,No,No
CLI003550,telephone,jun,tue,1,999,0,nonexistent,1.4,94.465,-41.8,4.864,5228.1,No,59,retired,single,high.school,No,No,Sí
CLI003551,cellular,nov,tue,4,999,0,nonexistent,-0.1,93.2,-42.0,4.153,5195.8,No,58,entrepreneur,married,basic.4y,Desconocido,Sí,No
CLI003552,cellular,may,mon,1,999,0,nonexistent,-1.8,92.893,-46.2,1.244,5099.1,No,30,admin.,single,university.degree,Desconocido,Sí,No
CLI003553,telephone,may,fri,1,999,0,nonexistent,1.1,93.994,-36.4,4.864,5191.0,No,24,technician,single,professional.course,Desconocido,Sí,Sí
CLI003554,cellular,may,wed,1,999,0,nonexistent,-1.8,92.893,-46.2,1.281,5099.1,Sí,31,admin.,married,high.school,No,Sí,No
CLI003555,telephone,may,mon,1,999,0,nonexistent,1.1,93.994,-36.4,4.857,5191.0,No,45,services,married,professional.course,No,,No
CLI003556,telephone,jun,wed,7,999,0,nonexistent,1.4,94.465,-41.8,4.864,5228.1,No,36,blue-collar,single,basic.9y,No,Desconocido,Desconocido
CLI003557,telephone,jun,wed,2,999,0,nonexistent,1.4,94.465,-41.8,4.864,5228.1,No,48,blue-collar,married,basic.9y,No,Sí,No
CLI003558,telephone,jun,thu,2,999,0,nonexistent,1.4,94.465,-41.8,4.866,5228.1,No,28,technician,single,professional.course,Desconocido,No,No
CLI003559,cellular,aug,thu,1,999,0,nonexistent,1.4,93.444,-36.1,4.964,5228.1,No,34,admin.,married,university.degree,No,Sí,No
CLI003560,cellular,jul,thu,1,999,0,nonexistent,1.4,93.918,-42.7,4.963,5228.1,No,45,blue-collar,divorced,high.school,Desconocido,No,No
CLI003561,telephone,jun,tue,4,999,0,nonexistent,1.4,94.465,-41.8,4.864,5228.1,No,37,admin.,married,high.school,Desconocido,Sí,No
CLI003562,cellular,nov,wed,1,999,0,nonexistent,-0.1,93.2,-42.0,4.12,5195.8,Sí,43,services,divorced,high.school,No,No,No
CLI003563,cellular,apr,wed,2,999,0,nonexistent,-1.8,93.075,-47.1,1.405,5099.1,Sí,19,student,single,basic.4y,No,No,Sí
CLI003564,telephone,may,tue,1,999,0,nonexistent,1.1,93.994,-36.4,4.856,5191.0,No,58,retired,married,,No,No,Sí
CLI003565,cellular,aug,fri,1,999,0,nonexistent,-2.9,92.201,-31.4,0.881,5076.2,No,34,admin.,married,university.degree,No,No,No
CLI003566,telephone,may,mon,4,999,0,nonexistent,1.1,93.994,-36.4,4.858,5191.0,No,33,services,married,high.school,No,No,No
CLI003567,cellular,aug,mon,2,999,0,nonexistent,1.4,93.444,-36.1,4.965,5228.1,No,42,technician,divorced,professional.course,No,Sí,No
CLI003568,cellular,jul,tue,2,999,0,nonexistent,1.4,93.918,-42.7,4.961,5228.1,No,58,retired,married,basic.4y,No,No,No
CLI003569,telephone,jun,fri,3,999,0,nonexistent,1.4,94.465,-41.8,4.947,5228.1,No,44,blue-collar,single,basic.6y,No,No,No
CLI003570,cellular,aug,fri,3,999,0,nonexistent,-2.9,92.201,-31.4,0.869,5076.2,Sí,29,blue-collar,single,basic.6y,No,No,No
CLI003571,cellular,jul,wed,1,999,0,nonexistent,1.4,93.918,-42.7,4.963,5228.1,No,50,admin.,single,university.degree,No,No,No
CLI003572,cellular,jul,fri,2,999,0,nonexistent,1.4,93.918,-42.7,4.957,5228.1,No,53,services,divorced,basic.9y,No,Sí,No
CLI003573,cellular,aug,fri,1,999,0,nonexistent,1.4,93.444,-36.1,4.963,5228.1,No,48,services,married,high.school,Desconocido,No,No
CLI003574,telephone,jul,wed,2,999,0,nonexistent,1.4,93.918,-42.7,4.963,5228.1,No,39,housemaid,single,basic.4y,Desconocido,No,No
CLI003575,cellular,mar,thu,2,999,0,nonexistent,-1.8,92.843,-50.0,1.538,5099.1,No,20,student,single,basic.9y,No,Sí,No
CLI003576,cellular,may,mon,1,999,1,failure,-1.8,92.893,-46.2,1.244,5099.1,No,35,admin.,divorced,high.school,No,Sí,No
CLI003577,cellular,jul,tue,5,999,0,nonexistent,1.4,93.918,-42.7,4.962,5228.1,Sí,36,admin.,married,university.degree,No,Sí,No
CLI003578,cellular,aug,wed,9,999,0,nonexistent,1.4,93.444,-36.1,4.964,5228.1,No,48,blue-collar,married,high.school,No,No,No
CLI003579,telephone,may,thu,1,999,0,nonexistent,1.1,93.994,-36.4,4.86,5191.0,No,42,technician,divorced,basic.9y,No,No,No
CLI003580,telephone,may,wed,4,999,0,nonexistent,1.1,93.994,-36.4,4.856,5191.0,No,52,housemaid,divorced,professional.course,No,Sí,No
CLI003581,cellular,nov,tue,3,999,0,nonexistent,-0.1,93.2,-42.0,4.153,5195.8,No,39,services,married,basic.9y,No,Sí,No
CLI003582,cellular,jul,tue,1,999,0,nonexistent,1.4,93.918,-42.7,4.962,5228.1,No,43,management,married,basic.9y,No,No,No
CLI003583,telephone,jul,wed,1,999,0,nonexistent,-1.7,94.215,-40.3,0.84,4991.6,No,44,blue-collar,divorced,basic.4y,No,No,No
CLI003584,cellular,aug,wed,1,999,0,nonexistent,1.4,93.444,-36.1,4.964,5228.1,No,60,retired,married,professional.course,No,No,No
CLI003585,telephone,jun,wed,2,999,0,nonexistent,1.4,94.465,-41.8,4.864,5228.1,No,26,admin.,married,high.school,No,No,No
CLI003586,telephone,jun,wed,2,999,0,nonexistent,1.4,94.465,-41.8,4.864,5228.1,Sí,32,admin.,married,university.degree,No,No,No
CLI003587,telephone,may,tue,1,999,0,nonexistent,1.1,93.994,-36.4,4.856,5191.0,No,46,admin.,divorced,university.degree,No,No,No
CLI003588,cellular,aug,tue,2,999,0,nonexistent,1.4,93.444,-36.1,4.963,5228.1,No,31,admin.,single,university.degree,No,Sí,No
CLI003589,telephone,jun,fri,3,999,0,nonexistent,1.4,94.465,-41.8,4.959,5228.1,Sí,45,blue-collar,married,basic.9y,Desconocido,No,No
CLI003590,telephone,may,tue,2,999,0,nonexistent,1.1,93.994,-36.4,4.856,5191.0,No,39,housemaid,married,basic.4y,No,Sí,No
CLI003591,cellular,may,tue,5,999,0,nonexistent,-1.8,92.893,-46.2,1.344,5099.1,No,37,admin.,single,university.degree,No,,No
CLI003592,telephone,may,mon,1,999,0,nonexistent,1.1,93.994,-36.4,4.858,5191.0,No,41,management,married,university.degree,Desconocido,Sí,No
CLI003593,cellular,apr,thu,1,999,0,nonexistent,-1.8,93.075,-47.1,1.365,5099.1,Sí,42,services,married,high.school,No,Sí,No
CLI003594,cellular,may,tue,1,999,1,failure,-1.8,92.893,-46.2,1.291,5099.1,No,39,management,single,university.degree,No,Sí,No
CLI003595,telephone,apr,wed,8,999,0,nonexistent,-1.8,93.075,-47.1,1.372,5099.1,No,30,technician,single,university.degree,No,Sí,No
CLI003596,cellular,aug,mon,2,999,0,nonexistent,1.4,93.444,-36.1,4.97,5228.1,No,39,admin.,married,university.degree,No,No,No
CLI003597,cellular,jul,mon,3,999,0,nonexistent,1.4,93.918,-42.7,4.962,5228.1,No,57,blue-collar,married,basic.4y,No,Sí,No
CLI003598,cellular,may,thu,8,999,1,failure,-1.8,92.893,-46.2,1.266,5099.1,No,33,admin.,married,,No,No,Sí
CLI003599,cellular,aug,fri,3,999,0,nonexistent,-2.9,92.201,-31.4,0.869,5076.2,Sí,31,entrepreneur,single,university.degree,No,Sí,No
CLI003600,cellular,mar,mon,2,999,1,failure,-1.8,92.843,-50.0,1.703,5099.1,No,32,management,single,university.degree,No,No,No
CLI003601,telephone,jun,fri,4,999,0,nonexistent,1.4,94.465,-41.8,4.947,5228.1,No,33,services,married,high.school,No,No,No
CLI003602,telephone,jun,thu,1,999,0,nonexistent,1.4,94.465,-41.8,4.961,5228.1,No,48,blue-collar,married,high.school,Desconocido,,No
CLI003603,cellular,nov,wed,3,999,0,nonexistent,-0.1,93.2,-42.0,4.12,5195.8,Sí,52,management,married,university.degree,No,Sí,No
CLI003604,cellular,may,tue,2,999,0,nonexistent,-1.8,92.893,-46.2,1.344,5099.1,No,25,services,married,high.school,No,No,No
CLI003605,cellular,jul,fri,3,999,0,nonexistent,1.4,93.918,-42.7,4.957,5228.1,No,24,blue-collar,single,basic.9y,No,No,No
CLI003606,cellular,may,mon,2,999,1,failure,-1.8,92.893,-46.2,1.299,5099.1,No,30,admin.,single,university.degree,No,Sí,No
CLI003607,cellular,may,thu,2,999,0,nonexistent,-1.8,92.893,-46.2,1.266,5099.1,No,32,admin.,married,university.degree,No,No,No
CLI003608,cellular,nov,tue,1,999,0,nonexistent,-0.1,93.2,-42.0,4.153,5195.8,No,47,services,married,high.school,No,Sí,No
CLI003609,cellular,aug,thu,1,999,0,nonexistent,-1.7,94.027,-38.3,0.904,4991.6,Sí,41,entrepreneur,married,university.degree,No,Sí,No
CLI003610,cellular,may,thu,1,999,1,failure,-1.8,92.893,-46.2,1.266,5099.1,No,24,blue-collar,single,basic.4y,No,Sí,Sí
CLI003611,cellular,jul,mon,3,999,0,nonexistent,1.4,93.918,-42.7,4.96,5228.1,Sí,28,technician,single,professional.course,No,Sí,No
CLI003612,telephone,jun,tue,2,999,0,nonexistent,1.4,94.465,-41.8,4.961,5228.1,No,29,student,married,high.school,No,No,Sí
CLI003613,cellular,may,mon,1,999,0,nonexistent,-1.8,92.893,-46.2,1.299,5099.1,No,28,entrepreneur,single,professional.course,No,Sí,No
CLI003614,telephone,may,fri,3,999,0,nonexistent,1.1,93.994,-36.4,4.855,5191.0,No,60,management,married,,Desconocido,No,No
CLI003615,cellular,sep,wed,3,5,1,success,-1.1,94.199,-37.5,0.886,4963.6,Sí,22,student,single,high.school,No,No,No
CLI003616,telephone,jun,tue,2,999,0,nonexistent,1.4,94.465,-41.8,4.864,5228.1,No,49,technician,married,basic.6y,Desconocido,No,No
CLI003617,cellular,apr,thu,1,999,0,nonexistent,-1.8,93.075,-47.1,1.41,5099.1,Sí,36,blue-collar,married,Desconocido,No,No,No
CLI003618,cellular,jul,wed,7,999,0,nonexistent,1.4,93.918,-42.7,4.957,5228.1,No,34,blue-collar,married,basic.4y,No,No,No
CLI003619,telephone,jul,mon,1,999,0,nonexistent,1.4,93.918,-42.7,4.96,5228.1,No,24,blue-collar,married,basic.9y,No,No,No
CLI003620,cellular,jul,wed,3,999,0,nonexistent,1.4,93.918,-42.7,4.963,5228.1,No,42,technician,married,university.degree,No,No,No
CLI003621,cellular,jul,mon,4,999,0,nonexistent,1.4,93.918,-42.7,4.96,5228.1,No,40,services,married,high.school,No,No,Sí
CLI003622,cellular,may,mon,2,999,1,failure,-1.8,92.893,-46.2,1.244,5099.1,Sí,44,blue-collar,single,basic.9y,No,Sí,No
CLI003623,cellular,may,fri,4,999,0,nonexistent,-1.8,92.893,-46.2,1.313,5099.1,No,25,admin.,single,high.school,No,Sí,Sí
CLI003624,cellular,jul,tue,1,999,0,nonexistent,1.4,93.918,-42.7,4.961,5228.1,No,38,unemployed,married,basic.4y,Desconocido,No,No
CLI003625,cellular,apr,mon,2,999,0,nonexistent,-1.8,93.075,-47.1,1.405,5099.1,No,58,technician,married,professional.course,Desconocido,Sí,No
CLI003626,cellular,aug,tue,1,999,0,nonexistent,1.4,93.444,-36.1,4.963,5228.1,No,50,admin.,married,basic.6y,No,Sí,No
CLI003627,cellular,jul,fri,9,999,0,nonexistent,1.4,93.918,-42.7,4.962,5228.1,No,50,housemaid,married,basic.4y,Desconocido,Desconocido,Desconocido
CLI003628,cellular,may,tue,3,999,1,failure,-1.8,92.893,-46.2,1.291,5099.1,No,28,services,single,high.school,No,Desconocido,Desconocido
CLI003629,cellular,may,tue,1,999,1,failure,-1.8,92.893,-46.2,1.291,5099.1,Sí,43,technician,married,university.degree,Desconocido,Desconocido,Desconocido
CLI003630,telephone,may,tue,1,999,0,nonexistent,1.1,93.994,-36.4,4.857,5191.0,No,59,management,married,basic.4y,Desconocido,Sí,Sí
CLI003631,cellular,mar,thu,2,999,1,failure,-1.8,93.369,-34.8,0.654,5008.7,No,37,admin.,single,university.degree,No,Sí,No
CLI003632,cellular,aug,wed,1,999,0,nonexistent,1.4,93.444,-36.1,4.964,5228.1,No,36,technician,married,professional.course,No,Sí,No
CLI003633,telephone,jun,tue,1,999,0,nonexistent,1.4,94.465,-41.8,4.864,5228.1,No,38,unemployed,married,professional.course,No,No,No
CLI003634,cellular,nov,mon,1,999,0,nonexistent,-0.1,93.2,-42.0,4.191,5195.8,Sí,55,blue-collar,married,basic.9y,No,No,No
CLI003635,cellular,jul,thu,6,999,0,nonexistent,1.4,93.918,-42.7,4.968,5228.1,No,39,technician,married,professional.course,No,No,No
CLI003636,cellular,jun,fri,2,999,0,nonexistent,-2.9,92.963,-40.8,1.268,5076.2,Sí,21,student,single,university.degree,No,No,No
CLI003637,cellular,apr,tue,1,999,1,failure,-1.8,93.749,-34.6,0.646,5008.7,No,24,student,single,basic.9y,No,Sí,No
CLI003638,telephone,may,fri,8,999,0,nonexistent,1.1,93.994,-36.4,4.864,5191.0,No,36,unemployed,married,basic.9y,No,No,No
CLI003639,cellular,jul,fri,1,9,3,failure,-1.7,94.215,-40.3,0.861,4991.6,No,32,admin.,single,university.degree,No,No,No
CLI003640,cellular,apr,fri,1,999,1,failure,-1.8,93.075,-47.1,1.479,5099.1,No,31,technician,single,high.school,No,Sí,No
CLI003641,telephone,jun,tue,2,999,0,nonexistent,1.4,94.465,-41.8,4.864,5228.1,No,58,blue-collar,married,high.school,No,Sí,No
CLI003642,cellular,jun,tue,2,13,1,success,-2.9,92.963,-40.8,1.262,5076.2,Sí,31,admin.,single,university.degree,No,Sí,No
CLI003643,cellular,nov,fri,1,999,0,nonexistent,-0.1,93.2,-42.0,4.021,5195.8,No,53,management,married,university.degree,No,,Sí
CLI003644,cellular,aug,wed,1,3,2,success,-2.9,92.201,-31.4,0.879,5076.2,No,45,blue-collar,single,basic.9y,No,No,No
CLI003645,telephone,may,thu,1,999,0,nonexistent,1.1,93.994,-36.4,4.86,5191.0,No,40,technician,married,professional.course,Desconocido,Sí,No
CLI003646,cellular,jul,thu,2,999,0,nonexistent,1.4,93.918,-42.7,4.962,5228.1,No,51,housemaid,divorced,high.school,No,Sí,No
CLI003647,cellular,aug,wed,2,999,0,nonexistent,1.4,93.444,-36.1,4.964,5228.1,No,51,technician,married,professional.course,No,Sí,No
CLI003648,cellular,jun,mon,1,999,1,failure,-2.9,92.963,-40.8,1.266,5076.2,No,45,unemployed,married,basic.9y,No,Sí,No
CLI003649,cellular,jul,thu,1,999,0,nonexistent,1.4,93.918,-42.7,4.963,5228.1,No,32,admin.,single,university.degree,No,Sí,No
CLI003650,cellular,dec,thu,1,999,1,failure,-3.0,92.713,-33.0,0.712,5023.5,No,47,housemaid,married,basic.9y,No,Sí,No
CLI003651,cellular,may,mon,1,999,1,failure,-1.8,92.893,-46.2,1.299,5099.1,No,57,technician,married,high.school,No,Sí,No
CLI003652,cellular,aug,thu,3,999,0,nonexistent,1.4,93.444,-36.1,4.968,5228.1,No,49,admin.,married,basic.9y,Desconocido,No,Sí
CLI003653,cellular,apr,tue,1,999,0,nonexistent,-1.8,93.075,-47.1,1.423,5099.1,No,26,unemployed,single,university.degree,No,Sí,No
CLI003654,telephone,jun,wed,1,999,0,nonexistent,1.4,94.465,-41.8,4.864,5228.1,No,59,blue-collar,married,basic.9y,Desconocido,No,No
CLI003655,telephone,may,wed,2,999,0,nonexistent,1.1,93.994,-36.4,4.858,5191.0,No,43,entrepreneur,married,basic.9y,No,Sí,No
CLI003656,cellular,sep,wed,1,999,0,nonexistent,-1.1,94.199,-37.5,0.876,4963.6,Sí,60,retired,married,high.school,No,No,No
CLI003657,cellular,apr,thu,1,2,1,success,-1.8,93.075,-47.1,1.365,5099.1,Sí,56,entrepreneur,married,university.degree,No,No,No
CLI003658,telephone,nov,mon,1,999,0,nonexistent,-0.1,93.2,-42.0,4.406,5195.8,No,24,management,single,university.degree,No,No,Sí
CLI003659,cellular,nov,mon,2,999,1,failure,-0.1,93.2,-42.0,4.191,5195.8,No,52,management,divorced,university.degree,No,Sí,No
CLI003660,telephone,may,tue,2,999,0,nonexistent,1.1,93.994,-36.4,4.857,5191.0,No,45,technician,married,basic.9y,Desconocido,No,No
CLI003661,cellular,may,thu,1,999,0,nonexistent,-1.8,92.893,-46.2,1.266,5099.1,No,27,services,single,high.school,No,No,Sí
CLI003662,cellular,apr,fri,4,999,0,nonexistent,-1.8,93.075,-47.1,1.405,5099.1,No,42,entrepreneur,married,university.degree,Desconocido,No,No
CLI003663,cellular,jun,mon,1,999,1,failure,-2.9,92.963,-40.8,1.26,5076.2,No,26,technician,single,professional.course,No,No,No
CLI003664,cellular,aug,tue,2,999,0,nonexistent,1.4,93.444,-36.1,4.968,5228.1,No,58,blue-collar,married,basic.9y,No,No,No
CLI003665,cellular,may,fri,1,999,0,nonexistent,-1.8,92.893,-46.2,1.313,5099.1,No,33,blue-collar,married,high.school,No,Sí,No
CLI003666,cellular,nov,tue,1,999,1,failure,-0.1,93.2,-42.0,4.153,5195.8,No,50,management,married,basic.4y,No,Sí,No
CLI003667,cellular,may,fri,4,999,1,failure,-1.8,92.893,-46.2,1.25,5099.1,No,34,blue-collar,married,professional.course,No,Sí,No
CLI003668,cellular,apr,wed,1,999,0,nonexistent,-1.8,93.075,-47.1,1.445,5099.1,Sí,25,student,single,high.school,No,Sí,No
CLI003669,cellular,may,tue,2,999,1,failure,-1.8,92.893,-46.2,1.291,5099.1,No,36,blue-collar,single,university.degree,No,Sí,No
CLI003670,cellular,aug,thu,3,999,0,nonexistent,1.4,93.444,-36.1,4.968,5228.1,No,48,blue-collar,married,basic.4y,Desconocido,No,No
CLI003671,cellular,jul,mon,4,999,0,nonexistent,1.4,93.918,-42.7,4.962,5228.1,No,35,technician,single,university.degree,No,Sí,No
CLI003672,cellular,may,fri,1,999,0,nonexistent,-1.8,92.893,-46.2,1.259,5099.1,No,40,technician,single,professional.course,No,Sí,No
CLI003673,cellular,apr,thu,1,999,0,nonexistent,-1.8,93.075,-47.1,1.365,5099.1,No,35,management,married,university.degree,No,Sí,No
CLI003674,telephone,may,mon,1,999,0,nonexistent,1.1,93.994,-36.4,4.858,5191.0,No,42,entrepreneur,married,university.degree,No,No,No
CLI003675,cellular,jul,thu,20,999,0,nonexistent,1.4,93.918,-42.7,4.968,5228.1,No,58,management,married,university.degree,No,No,Sí
CLI003676,cellular,may,mon,3,999,1,failure,-1.8,92.893,-46.2,1.299,5099.1,No,29,blue-collar,single,high.school,No,Sí,No
CLI003677,cellular,may,fri,11,999,0,nonexistent,-1.8,92.893,-46.2,1.25,5099.1,No,30,unemployed,single,high.school,No,No,No
CLI003678,cellular,may,fri,1,999,0,nonexistent,-1.8,92.893,-46.2,1.25,5099.1,Sí,39,management,married,university.degree,No,Sí,No
CLI003679,cellular,jul,fri,1,999,0,nonexistent,1.4,93.918,-42.7,4.957,5228.1,No,51,housemaid,married,high.school,Desconocido,Sí,Sí
CLI003680,cellular,may,wed,3,999,1,failure,-1.8,92.893,-46.2,1.334,5099.1,No,29,admin.,single,university.degree,No,Sí,No
CLI003681,cellular,jul,fri,2,999,0,nonexistent,1.4,93.918,-42.7,4.963,5228.1,Sí,53,management,married,basic.9y,Desconocido,Sí,Sí
CLI003682,cellular,may,thu,1,999,1,failure,-1.8,92.893,-46.2,1.327,5099.1,No,60,admin.,single,university.degree,No,Sí,Sí
CLI003683,cellular,jul,thu,3,999,0,nonexistent,1.4,93.918,-42.7,4.958,5228.1,No,32,admin.,single,high.school,No,No,No
CLI003684,cellular,jul,thu,2,999,0,nonexistent,1.4,93.918,-42.7,4.962,5228.1,No,56,management,divorced,university.degree,Desconocido,No,No
CLI003685,telephone,may,wed,6,999,0,nonexistent,1.1,93.994,-36.4,4.856,5191.0,No,39,blue-collar,married,basic.6y,No,No,No
CLI003686,telephone,may,wed,2,999,0,nonexistent,1.1,93.994,-36.4,4.856,5191.0,No,48,blue-collar,married,basic.9y,No,Sí,No
CLI003687,cellular,may,wed,1,999,0,nonexistent,-1.8,92.893,-46.2,1.27,5099.1,No,25,admin.,single,university.degree,No,No,No
CLI003688,telephone,aug,fri,2,999,0,nonexistent,-2.9,92.201,-31.4,0.869,5076.2,No,61,retired,married,basic.9y,No,Sí,No
CLI003689,cellular,aug,mon,3,999,0,nonexistent,1.4,93.444,-36.1,4.97,5228.1,No,54,technician,married,professional.course,Desconocido,No,Sí
CLI003690,cellular,sep,wed,1,999,1,failure,-1.1,94.199,-37.5,0.886,4963.6,No,72,retired,married,professional.course,No,No,No
CLI003691,cellular,may,tue,7,999,0,nonexistent,-1.8,92.893,-46.2,1.291,5099.1,No,31,blue-collar,married,basic.9y,No,Sí,No
CLI003692,cellular,jul,thu,4,999,0,nonexistent,1.4,93.918,-42.7,4.968,5228.1,No,32,admin.,married,university.degree,No,No,No
CLI003693,telephone,may,mon,1,999,0,nonexistent,1.1,93.994,-36.4,4.857,5191.0,No,57,housemaid,divorced,basic.4y,No,Sí,No
CLI003694,cellular,jul,tue,1,999,0,nonexistent,1.4,93.918,-42.7,4.961,5228.1,No,27,blue-collar,single,basic.6y,No,No,Sí
CLI003695,telephone,may,mon,2,999,0,nonexistent,1.1,93.994,-36.4,4.857,5191.0,No,46,admin.,single,high.school,No,No,No
CLI003696,cellular,nov,wed,4,999,0,nonexistent,-0.1,93.2,-42.0,4.12,5195.8,No,40,blue-collar,single,basic.9y,No,Desconocido,Desconocido
CLI003697,telephone,jun,wed,1,999,0,nonexistent,1.4,94.465,-41.8,4.864,5228.1,No,32,technician,married,professional.course,No,No,No
CLI003698,cellular,jul,tue,1,999,0,nonexistent,1.4,93.918,-42.7,4.962,5228.1,No,32,services,divorced,,Desconocido,Sí,No
CLI003699,telephone,jun,tue,1,999,0,nonexistent,1.4,94.465,-41.8,4.864,5228.1,No,27,blue-collar,married,basic.9y,No,No,No
CLI003700,cellular,jul,mon,3,999,0,nonexistent,1.4,93.918,-42.7,4.962,5228.1,No,30,admin.,single,university.degree,No,No,No
CLI003701,cellular,aug,thu,3,999,0,nonexistent,1.4,93.444,-36.1,4.968,5228.1,No,29,admin.,single,university.degree,No,Sí,No
CLI003702,cellular,aug,thu,3,999,0,nonexistent,1.4,93.444,-36.1,4.963,5228.1,Sí,37,admin.,married,university.degree,No,No,Sí
CLI003703,cellular,apr,thu,2,2,1,success,-1.8,93.075,-47.1,1.365,5099.1,Sí,40,technician,married,professional.course,No,Sí,No
CLI003704,cellular,jul,thu,1,999,0,nonexistent,1.4,93.918,-42.7,4.963,5228.1,No,25,admin.,single,,No,Sí,No
CLI003705,telephone,may,thu,2,999,0,nonexistent,1.1,93.994,-36.4,4.855,5191.0,No,34,blue-collar,married,basic.9y,No,No,No
CLI003706,cellular,aug,wed,3,999,0,nonexistent,1.4,93.444,-36.1,4.964,5228.1,No,32,self-employed,married,high.school,No,Sí,No
CLI003707,cellular,apr,fri,1,999,0,nonexistent,-1.8,93.075,-47.1,1.405,5099.1,No,29,services,married,basic.6y,No,No,Sí
CLI003708,telephone,may,tue,2,999,0,nonexistent,1.1,93.994,-36.4,4.857,5191.0,No,46,housemaid,married,basic.4y,No,No,No
CLI003709,cellular,aug,thu,2,999,0,nonexistent,1.4,93.444,-36.1,4.968,5228.1,No,39,admin.,single,high.school,No,No,Sí
CLI003710,cellular,sep,fri,1,999,0,nonexistent,-3.4,92.379,-29.8,0.773,5017.5,No,69,retired,married,high.school,No,No,No
CLI003711,telephone,may,wed,2,999,0,nonexistent,1.1,93.994,-36.4,4.859,5191.0,No,56,blue-collar,married,basic.9y,Desconocido,No,No
CLI003712,cellular,dec,thu,1,999,0,nonexistent,-3.0,92.713,-33.0,0.714,5023.5,Sí,56,retired,married,basic.4y,No,No,No
CLI003713,cellular,may,tue,1,999,0,nonexistent,-1.8,92.893,-46.2,1.291,5099.1,No,31,unemployed,married,professional.course,No,Sí,No
CLI003714,cellular,aug,thu,2,999,0,nonexistent,1.4,93.444,-36.1,4.968,5228.1,No,56,blue-collar,married,basic.9y,No,Sí,No
CLI003715,cellular,may,thu,1,999,1,failure,-1.8,92.893,-46.2,1.266,5099.1,No,24,blue-collar,single,basic.9y,No,No,Sí
CLI003716,cellular,nov,thu,1,999,0,nonexistent,-0.1,93.2,-42.0,4.076,5195.8,No,32,admin.,single,university.degree,No,No,No
CLI003717,telephone,jun,thu,1,999,0,nonexistent,1.4,94.465,-41.8,4.866,5228.1,No,40,unemployed,divorced,high.school,No,No,Sí
CLI003718,telephone,may,mon,4,999,0,nonexistent,1.1,93.994,-36.4,4.857,5191.0,No,36,services,married,high.school,No,Sí,No
CLI003719,cellular,jul,tue,2,999,0,nonexistent,1.4,93.918,-42.7,4.961,5228.1,No,56,blue-collar,married,basic.4y,Desconocido,Sí,No
CLI003720,telephone,jun,tue,3,999,0,nonexistent,1.4,94.465,-41.8,4.961,5228.1,No,34,admin.,married,university.degree,No,Sí,No
CLI003721,cellular,may,thu,7,999,0,nonexistent,-1.8,92.893,-46.2,1.266,5099.1,No,25,student,single,high.school,No,No,No
CLI003722,cellular,jul,wed,2,999,0,nonexistent,1.4,93.918,-42.7,4.963,5228.1,No,32,blue-collar,single,university.degree,No,Sí,Sí
CLI003723,cellular,jul,wed,2,999,0,nonexistent,1.4,93.918,-42.7,4.957,5228.1,No,40,services,married,high.school,No,Sí,No
CLI003724,telephone,nov,mon,2,999,0,nonexistent,-0.1,93.2,-42.0,4.191,5195.8,No,41,admin.,divorced,university.degree,No,Sí,No
CLI003725,cellular,jul,thu,1,999,0,nonexistent,1.4,93.918,-42.7,4.963,5228.1,No,29,student,single,university.degree,No,Sí,No
CLI003726,telephone,aug,thu,7,999,0,nonexistent,1.4,93.444,-36.1,4.962,5228.1,No,53,housemaid,married,basic.4y,Desconocido,Sí,No
CLI003727,cellular,jun,wed,2,999,0,nonexistent,-2.9,92.963,-40.8,1.26,5076.2,Sí,33,admin.,single,university.degree,No,Sí,No
CLI003728,telephone,jun,tue,4,999,0,nonexistent,1.4,94.465,-41.8,4.961,5228.1,No,40,services,single,high.school,No,No,No
CLI003729,cellular,jun,mon,1,999,0,nonexistent,-2.9,92.963,-40.8,1.266,5076.2,No,46,admin.,divorced,university.degree,No,Sí,No
CLI003730,cellular,jul,tue,1,999,0,nonexistent,1.4,93.918,-42.7,4.962,5228.1,No,28,services,married,high.school,No,Sí,No
CLI003731,telephone,may,wed,4,999,0,nonexistent,1.1,93.994,-36.4,4.859,5191.0,No,33,blue-collar,married,high.school,No,Sí,No
CLI003732,telephone,may,tue,1,999,0,nonexistent,1.1,93.994,-36.4,4.856,5191.0,No,56,admin.,divorced,Desconocido,Desconocido,Sí,Sí
CLI003733,telephone,may,mon,10,999,0,nonexistent,-1.8,92.893,-46.2,1.244,5099.1,No,29,admin.,married,high.school,No,Sí,No
CLI003734,cellular,oct,fri,2,4,1,success,-3.4,92.431,-26.9,0.752,5017.5,No,28,unemployed,single,basic.4y,No,Sí,No
CLI003735,cellular,jul,thu,1,999,0,nonexistent,1.4,93.918,-42.7,4.962,5228.1,No,52,services,married,high.school,Desconocido,No,No
CLI003736,telephone,jun,thu,4,999,0,nonexistent,1.4,94.465,-41.8,4.961,5228.1,No,38,technician,single,professional.course,No,No,No
CLI003737,telephone,may,fri,1,999,0,nonexistent,1.1,93.994,-36.4,4.859,5191.0,No,56,blue-collar,married,basic.4y,Desconocido,,No
CLI003738,cellular,aug,thu,4,999,2,failure,-2.9,92.201,-31.4,0.873,5076.2,No,33,technician,married,university.degree,No,Sí,No
CLI003739,telephone,jul,tue,1,999,0,nonexistent,1.4,93.918,-42.7,4.955,5228.1,No,41,services,single,high.school,No,Sí,No
CLI003740,cellular,jul,fri,7,999,0,nonexistent,1.4,93.918,-42.7,4.957,5228.1,No,33,entrepreneur,married,basic.6y,No,Sí,No
CLI003741,cellular,aug,wed,1,999,0,nonexistent,1.4,93.444,-36.1,4.965,5228.1,No,32,admin.,single,university.degree,No,No,No
CLI003742,cellular,aug,thu,1,999,0,nonexistent,1.4,93.444,-36.1,4.964,5228.1,No,45,services,married,high.school,Desconocido,Sí,No
CLI003743,cellular,nov,tue,2,999,0,nonexistent,-0.1,93.2,-42.0,4.153,5195.8,No,32,admin.,married,university.degree,No,No,No
CLI003744,cellular,apr,fri,1,999,0,nonexistent,-1.8,93.075,-47.1,1.405,5099.1,No,34,admin.,divorced,university.degree,No,Sí,No
CLI003745,cellular,jul,wed,2,999,0,nonexistent,1.4,93.918,-42.7,4.962,5228.1,No,31,technician,married,professional.course,No,Sí,No
CLI003746,telephone,jul,mon,1,999,0,nonexistent,-1.7,94.215,-40.3,0.889,4991.6,No,31,admin.,married,university.degree,No,No,No
CLI003747,cellular,may,wed,1,999,1,failure,-1.8,92.893,-46.2,1.281,5099.1,No,29,blue-collar,single,basic.9y,No,Sí,No
CLI003748,cellular,jul,tue,4,999,0,nonexistent,1.4,93.918,-42.7,4.961,5228.1,No,20,student,single,high.school,No,Sí,Sí
CLI003749,cellular,jun,mon,6,999,2,failure,-1.7,94.055,-39.8,0.754,4991.6,No,53,management,divorced,university.degree,No,Sí,No
CLI003750,cellular,apr,thu,1,999,1,failure,-1.8,93.075,-47.1,1.41,5099.1,No,45,blue-collar,married,basic.4y,Desconocido,Sí,No
CLI003751,cellular,aug,tue,3,999,0,nonexistent,1.4,93.444,-36.1,4.966,5228.1,No,32,admin.,married,university.degree,No,No,No
CLI003752,telephone,jun,thu,1,999,0,nonexistent,1.4,94.465,-41.8,4.866,5228.1,Sí,41,management,married,Desconocido,Desconocido,No,Sí
CLI003753,cellular,nov,fri,1,999,0,nonexistent,-1.1,94.767,-50.8,1.028,4963.6,Sí,73,retired,married,professional.course,No,Sí,No
CLI003754,telephone,jun,wed,2,999,0,nonexistent,1.4,94.465,-41.8,4.864,5228.1,No,32,services,married,high.school,Desconocido,Sí,No
CLI003755,cellular,may,wed,2,999,0,nonexistent,-1.8,92.893,-46.2,1.27,5099.1,No,37,blue-collar,married,basic.9y,No,No,No
CLI003756,telephone,may,mon,4,999,0,nonexistent,1.1,93.994,-36.4,4.857,5191.0,No,45,management,married,basic.9y,No,Sí,Sí
CLI003757,cellular,nov,wed,2,999,0,nonexistent,-0.1,93.2,-42.0,4.12,5195.8,No,52,technician,married,basic.9y,No,Sí,Sí
CLI003758,cellular,aug,tue,5,999,0,nonexistent,1.4,93.444,-36.1,4.963,5228.1,No,29,admin.,single,university.degree,No,Sí,No
CLI003759,telephone,jul,fri,9,999,0,nonexistent,1.4,93.918,-42.7,4.957,5228.1,No,56,admin.,married,university.degree,No,No,No
CLI003760,cellular,aug,thu,1,999,0,nonexistent,1.4,93.444,-36.1,4.964,5228.1,No,42,admin.,married,professional.course,Desconocido,Sí,Sí
CLI003761,telephone,jun,fri,1,999,0,nonexistent,1.4,94.465,-41.8,4.967,5228.1,Sí,41,blue-collar,married,,No,No,No
CLI003762,cellular,jun,mon,1,999,0,nonexistent,-2.9,92.963,-40.8,1.281,5076.2,No,36,blue-collar,married,basic.9y,No,No,No
CLI003763,telephone,may,mon,2,999,1,failure,-1.8,92.893,-46.2,1.299,5099.1,No,35,admin.,divorced,high.school,No,Sí,Sí
CLI003764,telephone,aug,wed,7,999,0,nonexistent,1.4,93.444,-36.1,4.964,5228.1,Sí,30,technician,married,professional.course,No,No,No
CLI003765,cellular,jul,wed,1,999,0,nonexistent,1.4,93.918,-42.7,4.957,5228.1,No,50,blue-collar,married,basic.9y,No,Sí,No
CLI003766,cellular,aug,thu,1,999,1,failure,-2.9,92.201,-31.4,0.851,5076.2,No,62,admin.,married,university.degree,No,No,No
CLI003767,cellular,aug,mon,5,999,0,nonexistent,1.4,93.444,-36.1,4.965,5228.1,No,52,services,married,high.school,Desconocido,Desconocido,Desconocido
CLI003768,cellular,apr,wed,2,6,4,success,-1.8,93.749,-34.6,0.654,5008.7,Sí,28,admin.,single,Desconocido,No,Sí,No
CLI003769,telephone,may,wed,3,999,0,nonexistent,-1.8,92.893,-46.2,1.281,5099.1,No,30,blue-collar,married,basic.9y,No,Desconocido,Desconocido
CLI003770,telephone,jun,wed,10,999,0,nonexistent,1.4,94.465,-41.8,4.864,5228.1,No,40,admin.,married,high.school,No,Sí,Sí
CLI003771,cellular,jul,tue,1,999,0,nonexistent,1.4,93.918,-42.7,4.961,5228.1,Sí,32,services,single,,Desconocido,No,No
CLI003772,telephone,jun,wed,1,999,0,nonexistent,1.4,94.465,-41.8,4.864,5228.1,No,29,admin.,single,high.school,No,No,No
CLI003773,telephone,may,tue,17,999,0,nonexistent,1.1,93.994,-36.4,4.856,5191.0,No,44,admin.,married,university.degree,No,No,No
CLI003774,cellular,aug,tue,1,999,0,nonexistent,-2.9,92.201,-31.4,0.883,5076.2,No,49,management,divorced,university.degree,No,Sí,
CLI003775,telephone,jun,fri,3,999,0,nonexistent,1.4,94.465,-41.8,4.959,5228.1,No,25,admin.,married,high.school,No,Sí,No
CLI003776,telephone,may,mon,6,999,0,nonexistent,1.1,93.994,-36.4,4.858,5191.0,No,24,admin.,single,high.school,No,Sí,No
CLI003777,cellular,jul,tue,1,999,0,nonexistent,-2.9,92.469,-33.6,1.044,5076.2,No,31,technician,married,university.degree,No,No,No
CLI003778,cellular,jul,mon,3,999,0,nonexistent,1.4,93.918,-42.7,4.96,5228.1,No,28,blue-collar,married,basic.9y,Desconocido,No,Sí
CLI003779,cellular,aug,wed,1,999,0,nonexistent,1.4,93.444,-36.1,4.964,5228.1,No,48,services,married,high.school,No,Sí,No
CLI003780,cellular,jun,wed,1,999,0,nonexistent,-2.9,92.963,-40.8,1.26,5076.2,No,29,technician,single,university.degree,No,Sí,No
CLI003781,telephone,apr,thu,2,999,0,nonexistent,-1.8,93.075,-47.1,1.365,5099.1,Sí,25,Desconocido,single,university.degree,No,Sí,No
CLI003782,cellular,may,thu,1,999,0,nonexistent,-1.8,92.893,-46.2,1.327,5099.1,No,27,services,single,high.school,No,Sí,No
CLI003783,cellular,may,wed,1,999,0,nonexistent,-1.8,92.893,-46.2,1.27,5099.1,No,34,admin.,married,university.degree,No,No,No
CLI003784,cellular,jul,fri,1,999,0,nonexistent,1.4,93.918,-42.7,4.962,5228.1,No,57,blue-collar,married,basic.4y,Desconocido,No,Sí
CLI003785,cellular,mar,mon,4,999,1,failure,-1.8,92.843,-50.0,1.811,5099.1,No,26,student,single,basic.9y,No,Sí,Sí
CLI003786,telephone,may,fri,1,999,0,nonexistent,1.1,93.994,-36.4,4.859,5191.0,Sí,31,blue-collar,married,basic.6y,Desconocido,Desconocido,Desconocido
CLI003787,telephone,jul,mon,3,999,0,nonexistent,1.4,93.918,-42.7,4.962,5228.1,No,39,admin.,single,high.school,No,Sí,No
CLI003788,cellular,may,tue,2,999,0,nonexistent,-1.8,92.893,-46.2,1.291,5099.1,Sí,32,blue-collar,married,basic.9y,Desconocido,No,No
CLI003789,cellular,apr,tue,1,999,0,nonexistent,-1.8,93.075,-47.1,1.453,5099.1,No,40,blue-collar,married,basic.9y,No,No,No
CLI003790,cellular,nov,wed,5,999,0,nonexistent,-0.1,93.2,-42.0,4.12,5195.8,No,30,blue-collar,married,basic.9y,No,No,No
CLI003792,cellular,apr,tue,1,999,0,nonexistent,-1.8,93.075,-47.1,1.453,5099.1,No,40,technician,married,professional.course,No,Sí,No
CLI003793,telephone,jun,tue,1,999,0,nonexistent,1.4,94.465,-41.8,4.864,5228.1,No,33,technician,married,professional.course,No,No,Sí
CLI003794,telephone,may,tue,3,999,0,nonexistent,1.1,93.994,-36.4,4.856,5191.0,No,39,housemaid,married,basic.9y,No,No,No
CLI003795,cellular,aug,mon,1,999,0,nonexistent,1.4,93.444,-36.1,4.97,5228.1,No,56,blue-collar,married,basic.9y,No,Desconocido,Desconocido
CLI003796,cellular,apr,tue,2,999,1,failure,-1.8,93.075,-47.1,1.423,5099.1,No,55,admin.,single,high.school,No,Sí,No
CLI003797,cellular,may,mon,3,999,2,failure,-1.8,92.893,-46.2,1.264,5099.1,No,48,services,married,high.school,No,No,
CLI003798,telephone,jul,fri,2,999,0,nonexistent,1.4,93.918,-42.7,4.959,5228.1,No,27,admin.,married,university.degree,No,Sí,Sí
CLI003799,cellular,aug,wed,1,999,0,nonexistent,1.4,93.444,-36.1,4.967,5228.1,No,47,management,married,university.degree,No,Sí,No
CLI003800,telephone,may,fri,2,999,0,nonexistent,1.1,93.994,-36.4,4.859,5191.0,No,32,blue-collar,married,basic.9y,No,No,No
CLI003801,telephone,may,wed,7,999,0,nonexistent,1.1,93.994,-36.4,4.859,5191.0,No,40,blue-collar,married,basic.4y,Desconocido,No,No
CLI003802,telephone,may,thu,2,999,0,nonexistent,1.1,93.994,-36.4,4.86,5191.0,Sí,34,services,married,high.school,No,No,No
CLI003803,cellular,apr,fri,3,999,0,nonexistent,-1.8,93.075,-47.1,1.405,5099.1,Sí,19,student,single,Desconocido,No,Sí,No
CLI003804,cellular,aug,thu,3,999,0,nonexistent,1.4,93.444,-36.1,4.963,5228.1,No,48,management,married,university.degree,Desconocido,No,No
CLI003805,cellular,aug,fri,1,999,0,nonexistent,1.4,93.444,-36.1,4.966,5228.1,No,51,blue-collar,married,basic.4y,Desconocido,Sí,No
CLI003806,cellular,nov,thu,3,999,0,nonexistent,-0.1,93.2,-42.0,4.076,5195.8,No,42,self-employed,married,high.school,Desconocido,Sí,No
CLI003807,cellular,jul,thu,2,999,0,nonexistent,1.4,93.918,-42.7,4.958,5228.1,No,47,blue-collar,married,basic.4y,Desconocido,No,No
CLI003808,cellular,aug,fri,1,999,1,failure,-2.9,92.201,-31.4,0.881,5076.2,Sí,36,services,married,basic.9y,No,Sí,No
CLI003809,telephone,may,wed,3,999,0,nonexistent,1.1,93.994,-36.4,4.859,5191.0,No,42,blue-collar,married,basic.4y,Desconocido,No,Sí
CLI003810,cellular,may,wed,2,999,0,nonexistent,-1.8,92.893,-46.2,1.281,5099.1,No,34,admin.,married,basic.6y,No,Sí,No
CLI003811,cellular,jul,fri,10,999,0,nonexistent,1.4,93.918,-42.7,4.957,5228.1,No,46,admin.,single,university.degree,No,No,No
CLI003812,cellular,aug,mon,2,999,0,nonexistent,1.4,93.444,-36.1,4.965,5228.1,No,38,technician,single,university.degree,No,Sí,No
CLI003813,cellular,aug,fri,3,999,0,nonexistent,1.4,93.444,-36.1,4.964,5228.1,No,41,self-employed,married,university.degree,No,Sí,No
CLI003814,telephone,jul,mon,10,999,0,nonexistent,1.4,93.918,-42.7,4.96,5228.1,Sí,32,services,married,university.degree,No,No,No
CLI003815,telephone,may,thu,4,999,0,nonexistent,1.1,93.994,-36.4,4.86,5191.0,No,31,blue-collar,single,high.school,No,Desconocido,Desconocido
CLI003817,cellular,apr,fri,2,999,0,nonexistent,-1.8,93.075,-47.1,1.479,5099.1,No,42,admin.,married,high.school,No,No,No
CLI003818,cellular,oct,mon,2,999,1,failure,-3.4,92.431,-26.9,0.731,5017.5,No,29,admin.,single,university.degree,No,No,No
CLI003819,telephone,jun,mon,1,999,0,nonexistent,1.4,94.465,-41.8,4.96,5228.1,No,37,entrepreneur,single,university.degree,No,,No
CLI003820,telephone,jun,mon,2,999,0,nonexistent,1.4,94.465,-41.8,4.96,5228.1,No,56,housemaid,divorced,basic.4y,Desconocido,No,No
CLI003821,cellular,nov,thu,2,999,0,nonexistent,-0.1,93.2,-42.0,4.076,5195.8,No,31,services,divorced,high.school,No,Sí,No
CLI003822,telephone,jun,wed,2,999,0,nonexistent,1.4,94.465,-41.8,4.958,5228.1,No,46,services,divorced,,Desconocido,Sí,No
CLI003823,cellular,oct,mon,1,8,1,success,-1.1,94.601,-49.5,0.977,4963.6,Sí,48,technician,married,professional.course,No,Sí,Sí
CLI003824,cellular,jul,tue,3,999,0,nonexistent,1.4,93.918,-42.7,4.961,5228.1,No,38,self-employed,single,Desconocido,No,,No
CLI003825,telephone,may,mon,1,999,0,nonexistent,1.1,93.994,-36.4,4.857,5191.0,No,47,admin.,divorced,university.degree,No,No,No
CLI003826,telephone,may,fri,1,999,0,nonexistent,1.1,93.994,-36.4,4.855,5191.0,No,33,management,single,university.degree,No,No,No
CLI003827,telephone,jun,tue,3,999,0,nonexistent,1.4,94.465,-41.8,4.961,5228.1,No,32,services,married,basic.9y,No,No,No
CLI003828,cellular,nov,wed,2,999,0,nonexistent,-0.1,93.2,-42.0,4.12,5195.8,No,31,blue-collar,single,high.school,No,Sí,No
CLI003829,cellular,nov,thu,1,999,1,failure,-0.1,93.2,-42.0,4.076,5195.8,No,29,technician,single,professional.course,Desconocido,Sí,Sí
CLI003830,cellular,aug,mon,2,999,0,nonexistent,1.4,93.444,-36.1,4.963,5228.1,Sí,49,admin.,married,,No,Sí,No
CLI003831,telephone,may,mon,2,999,0,nonexistent,1.1,93.994,-36.4,4.858,5191.0,No,45,blue-collar,married,basic.6y,Desconocido,,No
CLI003832,telephone,jun,wed,14,999,0,nonexistent,1.4,94.465,-41.8,4.864,5228.1,No,35,services,married,high.school,Desconocido,No,No
CLI003833,telephone,oct,thu,4,999,0,nonexistent,-1.1,94.601,-49.5,0.965,4963.6,No,65,retired,married,basic.4y,No,Sí,No
CLI003834,telephone,jun,thu,1,999,0,nonexistent,1.4,94.465,-41.8,4.961,5228.1,No,36,blue-collar,single,basic.9y,No,No,Sí
CLI003835,telephone,jun,wed,5,999,0,nonexistent,1.4,94.465,-41.8,4.959,5228.1,No,35,admin.,married,university.degree,No,Sí,No
CLI003836,telephone,may,fri,2,999,0,nonexistent,1.1,93.994,-36.4,4.859,5191.0,No,28,blue-collar,married,basic.9y,No,Sí,No
CLI003837,cellular,may,fri,1,999,0,nonexistent,-1.8,92.893,-46.2,1.313,5099.1,No,42,technician,married,professional.course,No,Sí,No
CLI003838,cellular,aug,wed,3,999,0,nonexistent,1.4,93.444,-36.1,4.964,5228.1,No,33,admin.,married,university.degree,No,Sí,No
CLI003839,cellular,sep,thu,3,999,0,nonexistent,-3.4,92.379,-29.8,0.778,5017.5,Sí,42,management,married,basic.6y,No,Sí,No
CLI003840,cellular,aug,tue,1,999,0,nonexistent,1.4,93.444,-36.1,4.966,5228.1,No,52,admin.,married,university.degree,No,Sí,
CLI003841,telephone,may,tue,2,999,0,nonexistent,1.1,93.994,-36.4,4.857,5191.0,No,44,admin.,married,Desconocido,No,No,No
CLI003842,cellular,nov,tue,1,999,0,nonexistent,-0.1,93.2,-42.0,4.153,5195.8,No,32,admin.,single,university.degree,No,No,No
CLI003843,telephone,mar,mon,2,999,0,nonexistent,-1.8,92.843,-50.0,1.52,5099.1,Sí,62,admin.,married,high.school,No,No,No
CLI003844,cellular,aug,mon,2,999,0,nonexistent,1.4,93.444,-36.1,4.965,5228.1,No,38,admin.,single,university.degree,No,Sí,Sí
CLI003845,cellular,aug,wed,1,999,0,nonexistent,1.4,93.444,-36.1,4.965,5228.1,No,30,technician,married,professional.course,No,No,Sí
CLI003846,cellular,jul,tue,3,999,0,nonexistent,1.4,93.918,-42.7,4.961,5228.1,No,51,housemaid,married,basic.9y,No,No,No
CLI003847,telephone,may,fri,2,999,0,nonexistent,1.1,93.994,-36.4,4.855,5191.0,No,56,services,divorced,high.school,Desconocido,No,No
CLI003848,cellular,jul,wed,3,999,0,nonexistent,1.4,93.918,-42.7,4.962,5228.1,Sí,34,blue-collar,married,basic.6y,Desconocido,No,No
CLI003849,cellular,jun,tue,1,999,0,nonexistent,-2.9,92.963,-40.8,1.262,5076.2,Sí,33,admin.,married,university.degree,No,Sí,No
CLI003850,telephone,may,fri,11,999,0,nonexistent,1.1,93.994,-36.4,4.859,5191.0,No,33,management,single,university.degree,No,No,Sí
CLI003851,telephone,may,mon,2,999,0,nonexistent,1.1,93.994,-36.4,4.857,5191.0,No,48,admin.,divorced,university.degree,No,Sí,No
CLI003852,cellular,may,fri,1,999,1,failure,-1.8,92.893,-46.2,1.25,5099.1,Sí,37,services,married,basic.6y,Desconocido,Sí,No
CLI003853,telephone,jun,tue,4,999,0,nonexistent,1.4,94.465,-41.8,4.961,5228.1,No,45,Desconocido,married,Desconocido,No,No,No
CLI003854,cellular,jul,thu,7,999,0,nonexistent,1.4,93.918,-42.7,4.968,5228.1,No,45,admin.,married,university.degree,No,No,No
CLI003855,cellular,aug,tue,3,999,0,nonexistent,1.4,93.444,-36.1,4.968,5228.1,Sí,32,admin.,single,university.degree,No,Sí,No
CLI003856,cellular,aug,tue,1,999,0,nonexistent,1.4,93.444,-36.1,4.963,5228.1,No,33,technician,married,professional.course,No,Sí,No
CLI003857,cellular,may,fri,1,999,0,nonexistent,-1.8,92.893,-46.2,1.25,5099.1,No,41,entrepreneur,divorced,Desconocido,No,Sí,No
CLI003858,cellular,jul,thu,2,999,0,nonexistent,1.4,93.918,-42.7,4.962,5228.1,No,25,blue-collar,single,basic.9y,No,No,Sí
CLI003859,cellular,aug,tue,2,999,0,nonexistent,1.4,93.444,-36.1,4.966,5228.1,No,43,admin.,divorced,university.degree,Desconocido,,No
CLI003860,cellular,apr,mon,1,999,1,failure,-1.8,93.075,-47.1,1.405,5099.1,No,34,blue-collar,married,basic.9y,No,Sí,No
CLI003861,cellular,jul,wed,1,999,0,nonexistent,1.4,93.918,-42.7,4.957,5228.1,No,28,services,married,high.school,No,No,
CLI003862,cellular,may,thu,2,999,0,nonexistent,-1.8,92.893,-46.2,1.266,5099.1,No,36,unemployed,married,basic.9y,Desconocido,Sí,Sí
CLI003863,telephone,jul,wed,2,999,0,nonexistent,-2.9,92.469,-33.6,0.979,5076.2,No,51,management,divorced,university.degree,No,Sí,No
CLI003864,telephone,may,wed,2,999,0,nonexistent,1.1,93.994,-36.4,4.859,5191.0,No,39,technician,married,university.degree,Desconocido,No,No
CLI003865,telephone,may,fri,1,999,0,nonexistent,1.1,93.994,-36.4,4.859,5191.0,No,39,blue-collar,married,high.school,No,No,No
CLI003866,cellular,aug,fri,6,999,0,nonexistent,1.4,93.444,-36.1,4.966,5228.1,No,57,retired,married,basic.9y,Desconocido,Sí,No
CLI003867,cellular,aug,thu,2,999,0,nonexistent,1.4,93.444,-36.1,4.964,5228.1,No,49,admin.,married,high.school,No,No,No
CLI003868,cellular,jul,thu,13,999,0,nonexistent,1.4,93.918,-42.7,4.968,5228.1,No,34,management,single,university.degree,No,No,No
CLI003869,telephone,may,tue,2,999,0,nonexistent,1.1,93.994,-36.4,4.857,5191.0,No,48,blue-collar,divorced,basic.4y,Desconocido,,No
CLI003870,cellular,mar,tue,1,999,0,nonexistent,-1.8,92.843,-50.0,1.614,5099.1,Sí,37,unemployed,married,university.degree,No,Sí,No
CLI003871,cellular,aug,tue,1,999,0,nonexistent,-2.9,92.201,-31.4,0.884,5076.2,No,32,services,married,high.school,No,No,No
CLI003872,cellular,may,thu,5,999,0,nonexistent,-1.8,92.893,-46.2,1.266,5099.1,Sí,35,technician,married,professional.course,No,Sí,No
CLI003873,telephone,jun,fri,1,999,0,nonexistent,1.4,94.465,-41.8,4.959,5228.1,No,47,services,married,basic.6y,No,No,No
CLI003874,cellular,nov,thu,2,999,0,nonexistent,-0.1,93.2,-42.0,4.076,5195.8,No,30,admin.,married,university.degree,No,Sí,No
CLI003875,cellular,jul,wed,1,999,0,nonexistent,1.4,93.918,-42.7,4.962,5228.1,No,36,blue-collar,married,high.school,No,Sí,No
CLI003876,telephone,jun,thu,1,999,0,nonexistent,1.4,94.465,-41.8,4.866,5228.1,No,37,technician,married,high.school,Desconocido,Sí,No
CLI003877,telephone,jun,wed,4,999,0,nonexistent,1.4,94.465,-41.8,4.962,5228.1,No,56,management,married,university.degree,No,No,No
CLI003878,cellular,aug,tue,1,999,0,nonexistent,1.4,93.444,-36.1,4.966,5228.1,No,53,blue-collar,married,basic.4y,Desconocido,Sí,No
CLI003879,cellular,aug,tue,2,999,0,nonexistent,1.4,93.444,-36.1,4.968,5228.1,No,37,admin.,divorced,university.degree,No,Sí,
CLI003880,cellular,jul,fri,2,999,0,nonexistent,1.4,93.918,-42.7,4.963,5228.1,No,56,technician,married,professional.course,No,No,No
CLI003881,cellular,may,thu,1,999,1,failure,-1.8,92.893,-46.2,1.327,5099.1,No,36,technician,single,high.school,No,Sí,No
CLI003882,telephone,jun,wed,2,999,0,nonexistent,1.4,94.465,-41.8,4.864,5228.1,No,31,admin.,married,high.school,Desconocido,Sí,Sí
CLI003883,cellular,may,thu,1,999,0,nonexistent,-1.8,92.893,-46.2,1.327,5099.1,No,35,admin.,single,high.school,No,Sí,No
CLI003884,telephone,nov,tue,1,999,0,nonexistent,-0.1,93.2,-42.0,4.343,5195.8,Sí,33,services,married,high.school,No,No,No
CLI003885,cellular,aug,fri,1,999,0,nonexistent,1.4,93.444,-36.1,4.963,5228.1,No,31,technician,divorced,university.degree,No,No,Sí
CLI003886,telephone,jun,thu,1,999,0,nonexistent,1.4,94.465,-41.8,4.958,5228.1,No,48,admin.,married,basic.9y,Desconocido,No,No
CLI003887,cellular,jul,wed,3,999,0,nonexistent,1.4,93.918,-42.7,4.962,5228.1,Sí,30,services,single,high.school,No,No,No
CLI003888,cellular,aug,mon,1,999,0,nonexistent,1.4,93.444,-36.1,4.963,5228.1,No,33,admin.,married,university.degree,No,Sí,No
CLI003889,cellular,aug,fri,2,999,0,nonexistent,1.4,93.444,-36.1,4.964,5228.1,No,39,housemaid,married,basic.4y,No,No,No
CLI003890,telephone,may,mon,2,999,0,nonexistent,1.1,93.994,-36.4,4.857,5191.0,No,49,housemaid,single,high.school,Desconocido,Sí,Sí
CLI003891,telephone,jun,thu,3,999,0,nonexistent,1.4,94.465,-41.8,4.955,5228.1,No,52,technician,married,basic.9y,No,Sí,Sí
CLI003892,telephone,jun,fri,13,999,0,nonexistent,1.4,94.465,-41.8,4.959,5228.1,No,46,blue-collar,divorced,basic.6y,No,,Sí
CLI003893,telephone,may,wed,2,999,0,nonexistent,1.1,93.994,-36.4,4.858,5191.0,No,38,technician,married,professional.course,No,No,No
CLI003894,cellular,nov,fri,1,999,0,nonexistent,-0.1,93.2,-42.0,4.021,5195.8,No,55,retired,married,high.school,No,No,No
CLI003895,cellular,aug,mon,2,999,0,nonexistent,1.4,93.444,-36.1,4.963,5228.1,No,31,management,married,university.degree,No,Sí,Sí
CLI003896,cellular,nov,thu,5,9,2,failure,-3.4,92.649,-30.1,0.714,5017.5,No,23,technician,single,professional.course,No,Sí,No
CLI003897,cellular,jul,thu,27,999,0,nonexistent,1.4,93.918,-42.7,4.968,5228.1,No,25,admin.,single,basic.9y,No,Sí,No
CLI003898,cellular,aug,wed,1,999,0,nonexistent,1.4,93.444,-36.1,4.964,5228.1,No,33,technician,married,high.school,No,Sí,No
CLI003899,telephone,jun,wed,2,999,0,nonexistent,1.4,94.465,-41.8,4.864,5228.1,No,46,blue-collar,married,high.school,No,Sí,No
CLI003900,telephone,may,thu,2,999,0,nonexistent,1.1,93.994,-36.4,4.86,5191.0,No,42,admin.,married,university.degree,No,No,No
CLI003901,telephone,jun,wed,4,999,0,nonexistent,1.4,94.465,-41.8,4.962,5228.1,No,36,admin.,married,high.school,Desconocido,Sí,No
CLI003903,telephone,jun,tue,1,999,0,nonexistent,1.4,94.465,-41.8,4.864,5228.1,No,48,admin.,married,professional.course,Desconocido,No,No
CLI003904,cellular,nov,wed,1,5,1,success,-0.1,93.2,-42.0,4.12,5195.8,Sí,58,management,divorced,university.degree,No,No,No
CLI003905,telephone,mar,mon,4,999,0,nonexistent,-1.8,92.843,-50.0,1.811,5099.1,No,26,student,single,basic.9y,No,Sí,No
CLI003906,cellular,aug,wed,1,999,0,nonexistent,1.4,93.444,-36.1,4.965,5228.1,No,34,admin.,married,university.degree,No,No,No
CLI003907,cellular,aug,thu,2,999,0,nonexistent,1.4,93.444,-36.1,4.964,5228.1,No,42,self-employed,married,basic.4y,Desconocido,Sí,No
CLI003908,telephone,jun,fri,2,999,0,nonexistent,1.4,94.465,-41.8,4.959,5228.1,No,37,unemployed,single,professional.course,No,No,No
CLI003909,cellular,jul,tue,1,999,0,nonexistent,1.4,93.918,-42.7,4.961,5228.1,No,27,blue-collar,married,basic.4y,No,Sí,No
CLI003910,cellular,may,tue,3,999,0,nonexistent,-1.8,92.893,-46.2,1.291,5099.1,No,30,blue-collar,married,basic.9y,No,No,No
CLI003911,cellular,may,mon,1,999,0,nonexistent,-1.8,92.893,-46.2,1.244,5099.1,No,32,admin.,married,high.school,No,Sí,No
CLI003912,cellular,jul,thu,1,999,1,failure,-1.7,94.215,-40.3,0.81,4991.6,No,39,technician,married,professional.course,No,Sí,No
CLI003913,cellular,jul,wed,9,999,0,nonexistent,1.4,93.918,-42.7,4.963,5228.1,No,27,services,single,university.degree,No,Desconocido,Desconocido
CLI003914,telephone,may,wed,2,999,0,nonexistent,1.1,93.994,-36.4,4.858,5191.0,No,46,blue-collar,divorced,basic.9y,No,No,No
CLI003915,cellular,nov,thu,3,999,0,nonexistent,-0.1,93.2,-42.0,4.076,5195.8,No,44,admin.,single,professional.course,No,No,No
CLI003916,telephone,jun,fri,3,999,0,nonexistent,1.4,94.465,-41.8,4.959,5228.1,No,51,services,divorced,Desconocido,Desconocido,Sí,No
CLI003917,telephone,may,tue,1,999,0,nonexistent,1.1,93.994,-36.4,4.856,5191.0,No,45,services,married,high.school,No,Sí,No
CLI003918,cellular,jul,wed,1,999,0,nonexistent,1.4,93.918,-42.7,4.963,5228.1,No,36,admin.,divorced,university.degree,Desconocido,Sí,Sí
CLI003919,cellular,sep,fri,2,6,1,success,-1.1,94.199,-37.5,0.879,4963.6,Sí,31,services,single,high.school,No,Sí,No
CLI003920,cellular,apr,mon,5,999,0,nonexistent,-1.8,93.075,-47.1,1.405,5099.1,No,43,management,married,university.degree,No,Sí,Sí
CLI003921,cellular,aug,wed,1,999,0,nonexistent,1.4,93.444,-36.1,4.965,5228.1,No,36,admin.,divorced,university.degree,Desconocido,Sí,Sí
CLI003922,cellular,jul,fri,15,999,0,nonexistent,1.4,93.918,-42.7,4.962,5228.1,No,51,entrepreneur,married,basic.6y,Desconocido,Sí,No
CLI003923,cellular,may,mon,5,999,0,nonexistent,-1.8,92.893,-46.2,1.244,5099.1,No,25,student,single,high.school,No,Sí,Sí
CLI003924,cellular,aug,wed,10,999,0,nonexistent,1.4,93.444,-36.1,4.964,5228.1,No,43,admin.,married,university.degree,No,Sí,No
CLI003925,cellular,jun,tue,1,3,1,success,-2.9,92.963,-40.8,1.262,5076.2,No,36,admin.,married,university.degree,Desconocido,Sí,Sí
CLI003926,telephone,jul,tue,1,999,0,nonexistent,1.4,93.918,-42.7,4.962,5228.1,No,34,services,single,high.school,No,Sí,No
CLI003927,cellular,apr,thu,2,999,0,nonexistent,-1.8,93.075,-47.1,1.41,5099.1,No,56,services,divorced,high.school,Desconocido,Sí,No
CLI003928,cellular,may,fri,6,999,2,failure,-1.8,92.893,-46.2,1.313,5099.1,No,25,admin.,single,high.school,No,Sí,No
CLI003929,telephone,jul,thu,10,999,0,nonexistent,1.4,93.918,-42.7,4.958,5228.1,No,24,technician,single,basic.6y,No,No,No
CLI003930,cellular,aug,thu,2,9,4,failure,-1.7,94.027,-38.3,0.904,4991.6,No,46,admin.,single,high.school,No,No,No
CLI003931,cellular,aug,tue,4,999,0,nonexistent,1.4,93.444,-36.1,4.965,5228.1,No,46,admin.,married,basic.9y,No,Sí,Sí
CLI003932,cellular,sep,wed,4,999,0,nonexistent,-3.4,92.379,-29.8,0.813,5017.5,No,40,unemployed,married,university.degree,No,Sí,Sí
CLI003933,telephone,jun,tue,2,999,0,nonexistent,1.4,94.465,-41.8,4.961,5228.1,No,36,services,married,high.school,Desconocido,No,No
CLI003934,telephone,aug,fri,9,999,0,nonexistent,1.4,93.444,-36.1,4.963,5228.1,No,41,admin.,married,university.degree,No,Sí,No
CLI003935,cellular,may,fri,6,999,1,failure,-1.8,92.893,-46.2,1.25,5099.1,No,29,admin.,married,basic.6y,No,Sí,No
CLI003936,cellular,aug,fri,4,999,0,nonexistent,-1.7,94.027,-38.3,0.898,4991.6,Sí,48,self-employed,divorced,university.degree,No,No,No
CLI003937,cellular,jul,thu,1,999,0,nonexistent,1.4,93.918,-42.7,4.958,5228.1,No,50,blue-collar,married,Desconocido,Desconocido,No,No
CLI003938,telephone,jun,fri,24,999,0,nonexistent,1.4,94.465,-41.8,4.959,5228.1,No,48,blue-collar,married,professional.course,No,Sí,Sí
CLI003939,cellular,apr,mon,2,999,0,nonexistent,-1.8,93.075,-47.1,1.405,5099.1,No,39,admin.,single,high.school,No,No,No
CLI003940,telephone,may,wed,2,999,0,nonexistent,1.1,93.994,-36.4,4.859,5191.0,No,33,blue-collar,married,basic.9y,No,Sí,No
CLI003941,telephone,jun,mon,3,999,0,nonexistent,1.4,94.465,-41.8,4.865,5228.1,No,44,technician,married,professional.course,Desconocido,No,No
CLI003942,telephone,may,tue,3,999,0,nonexistent,1.1,93.994,-36.4,4.857,5191.0,No,35,technician,married,Desconocido,Desconocido,Sí,No
CLI003943,cellular,aug,tue,1,999,0,nonexistent,1.4,93.444,-36.1,4.968,5228.1,No,34,admin.,married,university.degree,Desconocido,Sí,No
CLI003944,cellular,nov,fri,2,999,0,nonexistent,-0.1,93.2,-42.0,4.021,5195.8,No,31,services,single,basic.9y,Desconocido,Sí,No
CLI003945,cellular,mar,mon,1,11,1,success,-1.8,93.369,-34.8,0.639,5008.7,No,38,student,single,Desconocido,No,Sí,No
CLI003946,cellular,sep,wed,1,3,1,success,-3.4,92.379,-29.8,0.753,5017.5,Sí,61,retired,married,high.school,No,Sí,No
CLI003947,telephone,jun,wed,1,999,0,nonexistent,1.4,94.465,-41.8,4.958,5228.1,No,42,self-employed,married,university.degree,Desconocido,Sí,No
CLI003949,cellular,may,wed,1,999,1,failure,-1.8,92.893,-46.2,1.334,5099.1,No,39,services,single,high.school,No,Sí,No
CLI003950,telephone,may,mon,1,999,0,nonexistent,1.1,93.994,-36.4,4.857,5191.0,No,35,student,single,university.degree,Desconocido,Sí,Sí
CLI003951,cellular,jul,thu,1,999,0,nonexistent,1.4,93.918,-42.7,4.963,5228.1,No,32,admin.,single,university.degree,No,No,No
CLI003952,cellular,aug,tue,3,999,0,nonexistent,1.4,93.444,-36.1,4.963,5228.1,No,29,admin.,single,university.degree,No,Sí,No
CLI003953,telephone,may,fri,1,999,0,nonexistent,1.1,93.994,-36.4,4.859,5191.0,No,29,services,married,basic.9y,Desconocido,No,No
CLI003954,cellular,jul,tue,2,999,0,nonexistent,1.4,93.918,-42.7,4.961,5228.1,No,51,housemaid,married,basic.9y,No,Sí,No
CLI003955,telephone,may,fri,1,999,0,nonexistent,1.1,93.994,-36.4,4.859,5191.0,No,49,blue-collar,married,basic.4y,Desconocido,Sí,No
CLI003956,telephone,jun,thu,2,999,0,nonexistent,1.4,94.465,-41.8,4.958,5228.1,No,36,services,married,high.school,No,No,No
CLI003957,telephone,aug,wed,3,999,1,failure,-2.9,92.201,-31.4,0.834,5076.2,No,59,technician,married,professional.course,No,Sí,No
CLI003958,cellular,may,fri,1,999,0,nonexistent,-1.8,92.893,-46.2,1.25,5099.1,Sí,36,technician,married,high.school,No,,Sí
CLI003959,cellular,jul,tue,1,999,0,nonexistent,1.4,93.918,-42.7,4.961,5228.1,No,35,blue-collar,married,Desconocido,Desconocido,Sí,No
CLI003960,cellular,jun,tue,2,999,0,nonexistent,-2.9,92.963,-40.8,1.286,5076.2,Sí,25,unemployed,married,university.degree,No,No,No
CLI003961,cellular,nov,fri,2,999,1,failure,-0.1,93.2,-42.0,4.021,5195.8,No,46,admin.,single,high.school,No,Sí,Sí
CLI003962,telephone,may,tue,1,999,0,nonexistent,1.1,93.994,-36.4,4.856,5191.0,No,38,blue-collar,single,university.degree,Desconocido,No,No
CLI003963,cellular,apr,thu,1,999,0,nonexistent,-1.8,93.075,-47.1,1.365,5099.1,No,56,entrepreneur,married,university.degree,No,No,No
CLI003964,cellular,jul,wed,8,999,0,nonexistent,1.4,93.918,-42.7,4.957,5228.1,No,34,admin.,married,high.school,No,Sí,Sí
CLI003965,cellular,aug,mon,4,999,0,nonexistent,1.4,93.444,-36.1,4.965,5228.1,No,29,admin.,single,university.degree,No,,No
CLI003966,cellular,jul,thu,1,999,0,nonexistent,1.4,93.918,-42.7,4.963,5228.1,No,42,blue-collar,married,basic.6y,Desconocido,No,No
CLI003967,telephone,jun,mon,2,999,0,nonexistent,1.4,94.465,-41.8,4.865,5228.1,No,36,blue-collar,single,basic.4y,No,Sí,No
CLI003968,cellular,aug,tue,1,999,0,nonexistent,1.4,93.444,-36.1,4.966,5228.1,No,31,technician,single,high.school,No,No,No
CLI003969,telephone,may,tue,2,999,0,nonexistent,1.1,93.994,-36.4,4.857,5191.0,No,45,technician,single,professional.course,No,,No
CLI003970,telephone,may,tue,1,999,0,nonexistent,1.1,93.994,-36.4,4.856,5191.0,No,58,retired,married,Desconocido,No,Desconocido,Desconocido
CLI003971,cellular,may,fri,2,999,1,failure,-1.8,92.893,-46.2,1.313,5099.1,No,37,self-employed,single,basic.9y,No,Sí,No
CLI003972,cellular,nov,mon,2,999,0,nonexistent,-0.1,93.2,-42.0,4.191,5195.8,Sí,35,blue-collar,married,high.school,No,No,No
CLI003973,cellular,aug,thu,1,999,0,nonexistent,1.4,93.444,-36.1,4.963,5228.1,No,32,admin.,married,university.degree,No,No,No
CLI003974,telephone,may,thu,2,999,0,nonexistent,1.1,93.994,-36.4,4.86,5191.0,No,38,blue-collar,single,basic.4y,No,Sí,No
CLI003975,cellular,nov,mon,2,999,0,nonexistent,-0.1,93.2,-42.0,4.191,5195.8,No,43,services,married,high.school,No,Sí,Sí
CLI003976,cellular,jul,thu,1,999,0,nonexistent,1.4,93.918,-42.7,4.962,5228.1,No,46,blue-collar,married,high.school,Desconocido,No,No
CLI003977,telephone,jul,wed,4,999,0,nonexistent,1.4,93.918,-42.7,4.963,5228.1,No,39,admin.,married,university.degree,Desconocido,Sí,No
CLI003978,cellular,nov,fri,3,999,0,nonexistent,-0.1,93.2,-42.0,4.021,5195.8,No,45,admin.,single,university.degree,No,No,No
CLI003979,cellular,apr,thu,1,999,1,failure,-1.8,93.075,-47.1,1.41,5099.1,No,43,services,married,high.school,No,No,No
CLI003980,telephone,may,wed,8,999,0,nonexistent,1.1,93.994,-36.4,4.858,5191.0,No,34,blue-collar,married,basic.6y,No,No,
CLI003981,telephone,jun,fri,1,999,0,nonexistent,1.4,94.465,-41.8,4.967,5228.1,No,47,admin.,married,high.school,Desconocido,Desconocido,Desconocido
CLI003982,cellular,nov,wed,1,999,0,nonexistent,-0.1,93.2,-42.0,4.12,5195.8,No,29,technician,single,basic.9y,No,No,Sí
CLI003983,cellular,apr,wed,1,999,0,nonexistent,-1.8,93.075,-47.1,1.415,5099.1,No,44,unemployed,divorced,basic.9y,No,No,No
CLI003984,telephone,aug,mon,1,12,4,failure,-1.7,94.027,-38.3,0.904,4991.6,No,56,blue-collar,divorced,basic.4y,No,Sí,No
CLI003985,cellular,may,wed,2,999,1,failure,-1.8,92.893,-46.2,1.281,5099.1,No,32,blue-collar,single,high.school,No,No,Sí
CLI003986,cellular,aug,tue,6,999,0,nonexistent,1.4,93.444,-36.1,4.965,5228.1,Sí,29,services,married,professional.course,Desconocido,Sí,No
CLI003987,cellular,nov,thu,2,999,0,nonexistent,-0.1,93.2,-42.0,4.076,5195.8,No,55,blue-collar,divorced,basic.9y,No,Sí,No
CLI003988,cellular,aug,wed,3,999,0,nonexistent,1.4,93.444,-36.1,4.964,5228.1,No,57,retired,married,professional.course,Desconocido,No,No
CLI003989,cellular,nov,fri,2,999,0,nonexistent,-0.1,93.2,-42.0,4.021,5195.8,No,48,admin.,married,high.school,No,Sí,No
CLI003990,telephone,may,tue,3,999,0,nonexistent,-1.8,92.893,-46.2,1.291,5099.1,No,31,technician,married,high.school,Desconocido,No,No
CLI003991,telephone,jun,thu,2,999,0,nonexistent,1.4,94.465,-41.8,4.866,5228.1,No,37,services,married,high.school,Desconocido,No,No
CLI003992,telephone,may,fri,3,999,0,nonexistent,1.1,93.994,-36.4,4.864,5191.0,No,37,technician,single,university.degree,No,No,No
CLI003993,cellular,aug,wed,3,999,0,nonexistent,1.4,93.444,-36.1,4.964,5228.1,No,47,technician,married,professional.course,No,Sí,No
CLI003994,cellular,jul,fri,2,999,0,nonexistent,1.4,93.918,-42.7,4.963,5228.1,No,46,housemaid,married,basic.4y,Desconocido,No,No
CLI003995,cellular,nov,tue,1,999,0,nonexistent,-0.1,93.2,-42.0,4.153,5195.8,No,34,entrepreneur,single,basic.9y,No,No,No
CLI003996,telephone,jun,tue,2,999,0,nonexistent,1.4,94.465,-41.8,4.961,5228.1,No,33,admin.,married,high.school,No,No,No
CLI003997,cellular,aug,fri,2,999,0,nonexistent,-2.9,92.201,-31.4,0.881,5076.2,No,48,unemployed,single,basic.9y,No,No,No
CLI003998,cellular,jul,mon,2,999,0,nonexistent,1.4,93.918,-42.7,4.96,5228.1,No,49,admin.,divorced,high.school,No,No,No
CLI003999,cellular,apr,thu,3,999,0,nonexistent,-1.8,93.749,-34.6,0.659,5008.7,Sí,33,admin.,single,university.degree,No,Sí,No
CLI004000,telephone,may,tue,1,999,0,nonexistent,1.1,93.994,-36.4,4.857,5191.0,No,31,technician,single,professional.course,No,Sí,No
CLI004001,cellular,jun,tue,1,999,0,nonexistent,-2.9,92.963,-40.8,1.262,5076.2,No,39,admin.,married,professional.course,No,Sí,Sí
CLI004002,telephone,may,fri,2,999,0,nonexistent,1.1,93.994,-36.4,4.857,5191.0,No,44,blue-collar,married,professional.course,No,Desconocido,Desconocido
CLI004003,telephone,may,mon,1,999,0,nonexistent,1.1,93.994,-36.4,4.858,5191.0,No,42,blue-collar,married,basic.9y,No,Sí,No
CLI004004,telephone,may,thu,1,999,0,nonexistent,1.1,93.994,-36.4,4.86,5191.0,No,42,blue-collar,divorced,basic.9y,No,No,No
CLI004005,cellular,sep,wed,1,999,1,failure,-1.1,94.199,-37.5,0.886,4963.6,Sí,37,admin.,married,university.degree,No,Sí,No
CLI004006,cellular,jul,thu,2,999,0,nonexistent,1.4,93.918,-42.7,4.962,5228.1,No,39,services,divorced,high.school,No,No,No
CLI004007,cellular,nov,tue,2,999,3,failure,-1.1,94.767,-50.8,1.049,4963.6,No,18,student,single,Desconocido,No,Sí,No
CLI004008,telephone,may,thu,1,999,0,nonexistent,1.1,93.994,-36.4,4.855,5191.0,No,30,admin.,divorced,high.school,No,Sí,No
CLI004009,cellular,nov,fri,1,999,1,failure,-0.1,93.2,-42.0,4.021,5195.8,No,40,management,married,university.degree,No,Sí,No
CLI004010,telephone,may,wed,5,999,0,nonexistent,1.1,93.994,-36.4,4.858,5191.0,No,40,admin.,married,university.degree,Desconocido,Sí,Sí
CLI004011,cellular,nov,fri,2,999,0,nonexistent,-0.1,93.2,-42.0,4.021,5195.8,No,34,admin.,married,university.degree,No,No,No
CLI004012,telephone,jun,wed,1,999,0,nonexistent,1.4,94.465,-41.8,4.959,5228.1,No,48,blue-collar,married,basic.9y,No,No,No
CLI004013,telephone,may,mon,3,999,0,nonexistent,1.1,93.994,-36.4,4.857,5191.0,No,35,admin.,married,university.degree,No,Sí,No
CLI004014,cellular,aug,mon,7,999,0,nonexistent,1.4,93.444,-36.1,4.963,5228.1,No,48,entrepreneur,married,basic.9y,Desconocido,Sí,No
CLI004015,telephone,may,thu,6,999,0,nonexistent,1.1,93.994,-36.4,4.86,5191.0,No,29,services,married,high.school,No,Sí,No
CLI004016,cellular,jul,tue,1,999,0,nonexistent,1.4,93.918,-42.7,4.961,5228.1,No,23,blue-collar,single,basic.9y,No,Sí,No
CLI004017,cellular,aug,wed,1,999,0,nonexistent,-2.9,92.201,-31.4,0.879,5076.2,Sí,28,admin.,single,university.degree,No,No,No
CLI004019,telephone,jun,thu,5,999,0,nonexistent,1.4,94.465,-41.8,4.961,5228.1,No,26,Desconocido,single,high.school,Desconocido,No,No
CLI004020,telephone,may,wed,2,999,0,nonexistent,1.1,93.994,-36.4,4.858,5191.0,No,35,admin.,married,university.degree,Desconocido,Sí,No
CLI004021,cellular,may,wed,1,999,2,failure,-1.8,92.893,-46.2,1.334,5099.1,No,43,blue-collar,married,basic.4y,Desconocido,No,
CLI004022,cellular,nov,thu,2,999,0,nonexistent,-0.1,93.2,-42.0,4.076,5195.8,No,43,admin.,married,university.degree,No,Sí,No
CLI004023,cellular,apr,wed,1,999,0,nonexistent,-1.8,93.075,-47.1,1.405,5099.1,Sí,52,blue-collar,married,basic.4y,No,Sí,No
CLI004024,cellular,aug,mon,3,999,0,nonexistent,1.4,93.444,-36.1,4.965,5228.1,No,32,technician,married,professional.course,No,Sí,No
CLI004025,cellular,aug,mon,1,999,2,failure,-2.9,92.201,-31.4,0.843,5076.2,No,40,admin.,married,university.degree,No,Sí,No
CLI004026,telephone,may,mon,2,999,0,nonexistent,1.1,93.994,-36.4,4.857,5191.0,No,46,self-employed,married,basic.9y,Desconocido,No,Sí
CLI004027,telephone,may,wed,4,999,0,nonexistent,1.1,93.994,-36.4,4.858,5191.0,No,55,technician,married,basic.6y,Desconocido,Sí,No
CLI004028,cellular,oct,fri,2,999,2,failure,-3.4,92.431,-26.9,0.72,5017.5,No,78,retired,divorced,basic.6y,No,No,No
CLI004029,telephone,jun,fri,3,999,0,nonexistent,1.4,94.465,-41.8,4.967,5228.1,No,41,unemployed,married,Desconocido,No,No,No
CLI004030,cellular,apr,thu,2,999,0,nonexistent,-1.8,93.075,-47.1,1.41,5099.1,No,36,entrepreneur,married,university.degree,No,No,No
CLI004031,telephone,jul,tue,2,999,0,nonexistent,1.4,93.918,-42.7,4.961,5228.1,No,55,housemaid,married,basic.4y,Desconocido,Sí,No
CLI004032,telephone,may,fri,4,999,0,nonexistent,1.1,93.994,-36.4,4.859,5191.0,No,33,blue-collar,married,basic.9y,No,No,Sí
CLI004033,telephone,may,wed,6,999,0,nonexistent,1.1,93.994,-36.4,4.857,5191.0,No,34,blue-collar,married,basic.4y,No,Sí,No
CLI004034,cellular,jul,fri,2,999,0,nonexistent,1.4,93.918,-42.7,4.962,5228.1,No,54,unemployed,married,high.school,Desconocido,Sí,No
CLI004035,telephone,jun,fri,2,999,0,nonexistent,1.4,94.465,-41.8,4.959,5228.1,No,36,blue-collar,married,professional.course,Desconocido,Sí,No
CLI004036,cellular,aug,fri,3,999,0,nonexistent,1.4,93.444,-36.1,4.966,5228.1,No,58,self-employed,married,university.degree,No,Sí,No
CLI004037,cellular,aug,fri,1,999,0,nonexistent,1.4,93.444,-36.1,4.966,5228.1,No,58,admin.,married,basic.9y,Desconocido,No,No
CLI004038,cellular,may,mon,1,999,1,failure,-1.8,92.893,-46.2,1.299,5099.1,No,27,admin.,single,university.degree,No,Sí,Sí
CLI004039,cellular,sep,fri,2,999,0,nonexistent,-3.4,92.379,-29.8,0.741,5017.5,No,33,technician,single,basic.9y,No,No,No
CLI004040,cellular,nov,mon,1,999,0,nonexistent,-0.1,93.2,-42.0,4.191,5195.8,No,51,technician,divorced,high.school,No,Sí,No
CLI004041,telephone,jul,fri,1,999,0,nonexistent,1.4,93.918,-42.7,4.959,5228.1,No,41,blue-collar,married,basic.4y,Desconocido,Sí,No
CLI004042,telephone,may,thu,4,999,0,nonexistent,1.1,93.994,-36.4,4.86,5191.0,No,37,services,married,professional.course,Desconocido,No,No
CLI004043,cellular,jul,mon,22,999,0,nonexistent,1.4,93.918,-42.7,4.962,5228.1,No,43,admin.,married,high.school,No,Sí,No
CLI004044,cellular,nov,wed,1,999,0,nonexistent,-0.1,93.2,-42.0,4.12,5195.8,No,29,management,single,university.degree,No,No,No
CLI004045,telephone,may,thu,7,999,0,nonexistent,-1.8,92.893,-46.2,1.266,5099.1,No,32,technician,single,university.degree,No,Sí,No
CLI004046,telephone,jun,mon,3,999,0,nonexistent,1.4,94.465,-41.8,4.96,5228.1,No,52,blue-collar,married,Desconocido,Desconocido,No,No
CLI004047,cellular,apr,tue,1,999,0,nonexistent,-1.8,93.075,-47.1,1.423,5099.1,No,30,admin.,single,university.degree,No,Sí,Sí
CLI004048,cellular,aug,mon,2,999,0,nonexistent,1.4,93.444,-36.1,4.965,5228.1,No,29,admin.,single,university.degree,No,No,Sí
CLI004049,telephone,jun,mon,1,999,0,nonexistent,-2.9,92.963,-40.8,1.266,5076.2,No,49,management,married,university.degree,No,Sí,No
CLI004050,cellular,nov,fri,1,999,0,nonexistent,-0.1,93.2,-42.0,4.021,5195.8,No,33,admin.,married,university.degree,No,,No
CLI004051,cellular,may,fri,3,999,0,nonexistent,-1.8,92.893,-46.2,1.25,5099.1,No,49,self-employed,married,,No,No,No
CLI004052,cellular,nov,mon,2,999,0,nonexistent,-0.1,93.2,-42.0,4.191,5195.8,No,33,blue-collar,married,basic.9y,No,No,No
CLI004053,telephone,may,tue,3,999,0,nonexistent,1.1,93.994,-36.4,4.856,5191.0,No,40,blue-collar,married,basic.6y,Desconocido,Sí,No
CLI004054,telephone,may,mon,1,999,1,failure,-1.8,92.893,-46.2,1.299,5099.1,No,33,blue-collar,married,basic.9y,No,Sí,No
CLI004055,cellular,aug,tue,2,999,0,nonexistent,-2.9,92.201,-31.4,0.859,5076.2,No,29,unemployed,single,university.degree,No,Sí,No
CLI004056,cellular,may,thu,2,999,0,nonexistent,-1.8,92.893,-46.2,1.327,5099.1,No,36,blue-collar,married,basic.9y,No,Sí,Sí
CLI004057,telephone,may,tue,1,999,0,nonexistent,1.1,93.994,-36.4,4.857,5191.0,No,37,unemployed,married,professional.course,No,No,No
CLI004058,cellular,jun,thu,1,999,1,failure,-2.9,92.963,-40.8,1.26,5076.2,No,28,management,single,university.degree,No,Sí,No
CLI004059,cellular,aug,thu,4,999,0,nonexistent,1.4,93.444,-36.1,4.962,5228.1,No,29,admin.,single,university.degree,No,No,No
CLI004060,telephone,may,tue,2,999,0,nonexistent,-1.8,92.893,-46.2,1.291,5099.1,No,43,technician,single,university.degree,No,No,Sí
CLI004061,cellular,nov,wed,1,999,0,nonexistent,-0.1,93.2,-42.0,4.12,5195.8,No,34,technician,married,university.degree,No,No,No
CLI004062,cellular,may,fri,6,999,0,nonexistent,-1.8,92.893,-46.2,1.25,5099.1,No,21,services,single,high.school,No,No,No
CLI004063,cellular,jun,thu,2,999,0,nonexistent,-2.9,92.963,-40.8,1.26,5076.2,No,32,management,married,high.school,No,Sí,Sí
CLI004064,cellular,may,mon,1,999,0,nonexistent,-1.8,92.893,-46.2,1.244,5099.1,No,32,management,married,university.degree,No,No,Sí
CLI004065,telephone,jul,thu,12,999,0,nonexistent,1.4,93.918,-42.7,4.968,5228.1,No,42,admin.,married,university.degree,No,Sí,No
CLI004066,cellular,aug,wed,1,999,2,failure,-2.9,92.201,-31.4,0.879,5076.2,No,36,admin.,married,university.degree,No,Sí,No
CLI004067,telephone,may,thu,1,999,0,nonexistent,1.1,93.994,-36.4,4.855,5191.0,No,40,blue-collar,married,high.school,No,Sí,No
CLI004068,cellular,aug,wed,1,999,0,nonexistent,1.4,93.444,-36.1,4.965,5228.1,No,57,admin.,single,university.degree,Desconocido,Sí,Sí
CLI004069,cellular,nov,wed,2,999,0,nonexistent,-0.1,93.2,-42.0,4.12,5195.8,No,36,technician,married,professional.course,No,Sí,No
CLI004070,telephone,may,mon,2,999,0,nonexistent,1.1,93.994,-36.4,4.857,5191.0,No,42,blue-collar,married,,No,No,No
CLI004071,cellular,jul,mon,3,999,0,nonexistent,1.4,93.918,-42.7,4.96,5228.1,No,48,services,divorced,high.school,No,No,No
CLI004072,cellular,may,fri,2,999,1,failure,-1.8,92.893,-46.2,1.25,5099.1,No,30,blue-collar,single,high.school,No,Sí,Sí
CLI004073,cellular,jul,fri,1,999,0,nonexistent,1.4,93.918,-42.7,4.962,5228.1,No,58,retired,married,professional.course,No,Sí,Sí
CLI004074,cellular,may,thu,3,999,0,nonexistent,-1.8,92.893,-46.2,1.327,5099.1,No,36,blue-collar,married,basic.9y,No,No,No
CLI004075,telephone,may,wed,1,999,0,nonexistent,1.1,93.994,-36.4,4.858,5191.0,No,53,self-employed,married,university.degree,No,Sí,No
CLI004076,telephone,jun,fri,10,999,0,nonexistent,1.4,94.465,-41.8,4.959,5228.1,No,23,blue-collar,single,basic.4y,No,Sí,No
CLI004077,cellular,jun,tue,1,999,0,nonexistent,-2.9,92.963,-40.8,1.099,5076.2,No,38,admin.,single,university.degree,No,No,No
CLI004078,telephone,may,mon,5,999,0,nonexistent,1.1,93.994,-36.4,4.858,5191.0,No,36,blue-collar,single,basic.9y,Desconocido,No,No
CLI004079,cellular,jul,fri,2,999,0,nonexistent,1.4,93.918,-42.7,4.962,5228.1,No,45,blue-collar,married,basic.4y,No,No,No
CLI004080,cellular,jul,fri,2,999,0,nonexistent,1.4,93.918,-42.7,4.957,5228.1,No,25,technician,single,university.degree,No,No,No
CLI004081,telephone,jun,mon,3,999,0,nonexistent,1.4,94.465,-41.8,4.961,5228.1,No,48,technician,married,professional.course,No,Sí,No
CLI004082,cellular,may,tue,1,999,0,nonexistent,-1.8,92.893,-46.2,1.291,5099.1,No,27,self-employed,married,university.degree,No,Sí,No
CLI004083,telephone,may,thu,2,999,0,nonexistent,1.1,93.994,-36.4,4.86,5191.0,No,31,admin.,single,high.school,No,Sí,No
CLI004084,cellular,jul,fri,3,999,0,nonexistent,1.4,93.918,-42.7,4.957,5228.1,No,37,technician,married,professional.course,No,No,No
CLI004085,telephone,apr,mon,2,999,0,nonexistent,-1.8,93.075,-47.1,1.405,5099.1,No,25,self-employed,divorced,university.degree,No,Sí,No
CLI004086,cellular,jul,mon,1,999,0,nonexistent,1.4,93.918,-42.7,4.96,5228.1,No,50,management,married,university.degree,No,Sí,No
CLI004088,cellular,oct,mon,1,999,0,nonexistent,-1.1,94.601,-49.5,1.0,4963.6,Sí,29,admin.,single,university.degree,No,Sí,No
CLI004089,telephone,jun,thu,3,999,0,nonexistent,1.4,94.465,-41.8,4.866,5228.1,No,51,unemployed,married,high.school,No,No,No
CLI004090,cellular,aug,wed,1,999,0,nonexistent,1.4,93.444,-36.1,4.964,5228.1,No,31,admin.,single,university.degree,Desconocido,Sí,No
CLI004091,cellular,aug,tue,1,999,0,nonexistent,-2.9,92.201,-31.4,0.883,5076.2,No,69,retired,married,high.school,No,Sí,No
CLI004092,telephone,jul,wed,2,999,0,nonexistent,1.4,93.918,-42.7,4.956,5228.1,No,39,blue-collar,married,Desconocido,Desconocido,No,
CLI004093,cellular,nov,thu,1,999,0,nonexistent,-0.1,93.2,-42.0,4.076,5195.8,No,43,blue-collar,married,basic.9y,No,Sí,No
CLI004094,cellular,jul,wed,2,999,0,nonexistent,1.4,93.918,-42.7,4.962,5228.1,No,28,blue-collar,married,basic.4y,Desconocido,No,Sí
CLI004095,telephone,jun,thu,8,999,0,nonexistent,1.4,94.465,-41.8,4.866,5228.1,No,41,management,married,university.degree,No,Sí,No
CLI004096,telephone,jun,wed,4,999,0,nonexistent,1.4,94.465,-41.8,4.962,5228.1,No,36,admin.,divorced,high.school,No,Sí,No
CLI004097,cellular,aug,wed,4,999,0,nonexistent,1.4,93.444,-36.1,4.965,5228.1,No,30,admin.,single,university.degree,No,Sí,Sí
CLI004098,telephone,mar,wed,1,999,0,nonexistent,-1.8,93.369,-34.8,0.655,5008.7,Sí,36,management,single,university.degree,No,No,No
CLI004099,telephone,jun,thu,3,999,0,nonexistent,1.4,94.465,-41.8,4.958,5228.1,No,49,blue-collar,married,basic.4y,Desconocido,No,No
CLI004100,telephone,jun,thu,1,999,0,nonexistent,1.4,94.465,-41.8,4.866,5228.1,No,44,entrepreneur,single,university.degree,No,No,No
CLI004101,cellular,may,mon,1,999,0,nonexistent,-1.8,92.893,-46.2,1.299,5099.1,No,30,admin.,single,university.degree,No,Sí,No
CLI004102,cellular,apr,wed,1,999,0,nonexistent,-1.8,93.075,-47.1,1.445,5099.1,No,25,unemployed,single,professional.course,No,No,No
CLI004103,cellular,may,wed,2,999,0,nonexistent,-1.8,92.893,-46.2,1.281,5099.1,No,27,self-employed,married,basic.9y,No,Sí,No
CLI004104,cellular,aug,mon,1,999,0,nonexistent,1.4,93.444,-36.1,4.97,5228.1,No,49,technician,married,professional.course,No,No,No
CLI004105,cellular,nov,fri,2,999,0,nonexistent,-0.1,93.2,-42.0,4.021,5195.8,No,29,services,single,high.school,No,Sí,No
CLI004106,cellular,aug,fri,2,999,0,nonexistent,1.4,93.444,-36.1,4.966,5228.1,No,29,admin.,single,university.degree,Desconocido,No,No
CLI004107,cellular,jul,thu,3,999,0,nonexistent,1.4,93.918,-42.7,4.962,5228.1,No,38,admin.,single,university.degree,No,Sí,Sí
CLI004108,telephone,may,tue,2,999,0,nonexistent,1.1,93.994,-36.4,4.856,5191.0,No,39,unemployed,married,professional.course,No,No,Sí
CLI004109,cellular,jun,thu,3,999,0,nonexistent,-2.9,92.963,-40.8,1.235,5076.2,No,56,self-employed,married,university.degree,No,Sí,No
CLI004110,cellular,aug,mon,3,999,0,nonexistent,1.4,93.444,-36.1,4.965,5228.1,No,36,admin.,married,university.degree,No,Sí,Sí
CLI004111,cellular,nov,thu,4,999,0,nonexistent,-0.1,93.2,-42.0,4.076,5195.8,No,30,admin.,single,university.degree,No,Sí,No
CLI004112,telephone,jun,wed,8,999,0,nonexistent,1.4,94.465,-41.8,4.864,5228.1,No,48,retired,married,basic.4y,Desconocido,No,No
CLI004113,cellular,aug,fri,1,999,0,nonexistent,1.4,93.444,-36.1,4.964,5228.1,No,38,technician,single,university.degree,No,Sí,No
CLI004114,cellular,nov,fri,1,999,0,nonexistent,-0.1,93.2,-42.0,4.021,5195.8,No,34,entrepreneur,married,high.school,No,No,Sí
CLI004115,telephone,jul,wed,1,999,0,nonexistent,1.4,93.918,-42.7,4.962,5228.1,No,29,blue-collar,married,high.school,No,Sí,No
CLI004116,cellular,jun,tue,1,999,0,nonexistent,-2.9,92.963,-40.8,1.262,5076.2,No,44,admin.,divorced,university.degree,No,Sí,Sí
CLI004117,telephone,may,tue,1,999,0,nonexistent,1.1,93.994,-36.4,4.857,5191.0,No,47,admin.,married,high.school,Desconocido,No,No
CLI004118,telephone,may,fri,1,999,0,nonexistent,1.1,93.994,-36.4,4.859,5191.0,No,33,admin.,married,high.school,No,,Sí
CLI004119,telephone,jun,mon,2,999,0,nonexistent,1.4,94.465,-41.8,4.865,5228.1,No,48,blue-collar,divorced,basic.4y,Desconocido,Sí,No
CLI004120,cellular,aug,tue,1,999,0,nonexistent,1.4,93.444,-36.1,4.963,5228.1,No,33,admin.,single,high.school,No,Sí,No
CLI004121,cellular,aug,fri,1,999,0,nonexistent,1.4,93.444,-36.1,4.964,5228.1,Sí,35,technician,single,high.school,Desconocido,No,No
CLI004122,cellular,apr,fri,2,999,0,nonexistent,-1.8,93.075,-47.1,1.405,5099.1,Sí,27,admin.,single,university.degree,No,Sí,No
CLI004123,telephone,nov,mon,2,999,0,nonexistent,-0.1,93.2,-42.0,4.191,5195.8,No,43,management,married,university.degree,No,Sí,No
CLI004124,cellular,jul,wed,4,999,0,nonexistent,1.4,93.918,-42.7,4.963,5228.1,No,32,technician,single,university.degree,No,No,No
CLI004125,cellular,jul,mon,3,999,0,nonexistent,1.4,93.918,-42.7,4.96,5228.1,No,30,management,married,university.degree,No,Sí,No
CLI004126,cellular,may,wed,4,999,0,nonexistent,-1.8,92.893,-46.2,1.281,5099.1,No,29,admin.,single,high.school,No,No,No
CLI004127,cellular,may,mon,1,999,2,failure,-1.8,92.893,-46.2,1.299,5099.1,No,37,entrepreneur,married,basic.9y,No,Sí,No
CLI004128,cellular,aug,mon,1,999,0,nonexistent,1.4,93.444,-36.1,4.97,5228.1,No,49,services,married,high.school,No,No,No
CLI004129,cellular,may,mon,1,999,0,nonexistent,-1.8,92.893,-46.2,1.264,5099.1,No,54,admin.,single,university.degree,No,Sí,No
CLI004130,cellular,may,wed,5,999,0,nonexistent,-1.8,92.893,-46.2,1.281,5099.1,Sí,38,blue-collar,married,basic.9y,No,Sí,No
CLI004131,telephone,jun,wed,4,999,0,nonexistent,1.4,94.465,-41.8,4.959,5228.1,No,35,blue-collar,married,basic.6y,Desconocido,No,No
CLI004132,cellular,jul,fri,2,999,0,nonexistent,1.4,93.918,-42.7,4.963,5228.1,No,31,blue-collar,married,high.school,No,Sí,No
CLI004133,telephone,jul,mon,15,999,0,nonexistent,1.4,93.918,-42.7,4.96,5228.1,No,49,blue-collar,married,basic.4y,No,No,Sí
CLI004134,cellular,aug,fri,1,999,0,nonexistent,1.4,93.444,-36.1,4.963,5228.1,No,32,admin.,divorced,university.degree,No,No,No
CLI004135,cellular,aug,fri,14,999,0,nonexistent,1.4,93.444,-36.1,4.963,5228.1,No,33,admin.,single,university.degree,No,No,No
CLI004136,telephone,may,fri,1,999,0,nonexistent,1.1,93.994,-36.4,4.855,5191.0,Sí,38,management,married,basic.9y,Desconocido,No,No
CLI004137,cellular,aug,mon,2,999,0,nonexistent,1.4,93.444,-36.1,4.965,5228.1,No,41,self-employed,married,university.degree,No,No,No
CLI004138,telephone,jun,mon,1,999,0,nonexistent,1.4,94.465,-41.8,4.865,5228.1,No,33,blue-collar,married,high.school,No,No,No
CLI004139,telephone,may,tue,1,999,0,nonexistent,1.1,93.994,-36.4,4.856,5191.0,No,36,admin.,married,university.degree,No,No,No
CLI004140,telephone,jun,tue,1,999,0,nonexistent,1.4,94.465,-41.8,4.864,5228.1,No,44,self-employed,married,basic.9y,No,Sí,No
CLI004141,cellular,jul,mon,1,999,0,nonexistent,1.4,93.918,-42.7,4.96,5228.1,No,35,admin.,single,university.degree,No,Sí,No
CLI004142,telephone,jun,thu,2,999,0,nonexistent,1.4,94.465,-41.8,4.958,5228.1,No,34,admin.,single,,No,Sí,No
CLI004143,telephone,may,mon,1,999,0,nonexistent,-1.8,93.876,-40.0,0.701,5008.7,No,42,management,single,high.school,No,Sí,No
CLI004144,cellular,jul,tue,3,999,0,nonexistent,1.4,93.918,-42.7,4.961,5228.1,No,33,technician,single,professional.course,No,No,No
CLI004145,telephone,jun,mon,2,999,0,nonexistent,1.4,94.465,-41.8,4.865,5228.1,No,28,admin.,married,university.degree,No,No,No
CLI004146,telephone,jun,tue,1,999,0,nonexistent,-1.7,94.055,-39.8,0.702,4991.6,No,34,blue-collar,married,basic.9y,No,No,No
CLI004148,telephone,jun,mon,2,999,0,nonexistent,1.4,94.465,-41.8,4.865,5228.1,No,31,blue-collar,married,basic.6y,No,No,Sí
CLI004149,cellular,nov,thu,2,999,0,nonexistent,-0.1,93.2,-42.0,4.076,5195.8,No,47,entrepreneur,divorced,basic.9y,No,No,No
CLI004150,cellular,nov,fri,2,999,0,nonexistent,-0.1,93.2,-42.0,4.021,5195.8,No,59,technician,single,professional.course,No,Sí,No
CLI004151,telephone,may,mon,1,999,0,nonexistent,1.1,93.994,-36.4,4.857,5191.0,No,57,retired,single,professional.course,No,Sí,No
CLI004153,cellular,jul,tue,6,999,0,nonexistent,1.4,93.918,-42.7,4.961,5228.1,No,57,blue-collar,divorced,basic.6y,Desconocido,,Sí
CLI004154,telephone,oct,mon,1,999,0,nonexistent,-0.1,93.798,-40.4,4.912,5195.8,No,27,blue-collar,single,professional.course,No,Sí,No
CLI004155,telephone,may,wed,3,999,0,nonexistent,1.1,93.994,-36.4,4.856,5191.0,No,30,services,married,Desconocido,No,No,No
CLI004156,cellular,jul,tue,3,999,0,nonexistent,1.4,93.918,-42.7,4.961,5228.1,No,45,entrepreneur,divorced,professional.course,No,Sí,No
CLI004157,telephone,may,fri,2,999,0,nonexistent,1.1,93.994,-36.4,4.864,5191.0,Sí,43,blue-collar,divorced,basic.4y,Desconocido,Sí,No
CLI004158,cellular,apr,fri,4,999,0,nonexistent,-1.8,93.075,-47.1,1.405,5099.1,No,36,technician,married,professional.course,No,Sí,No
CLI004159,telephone,jul,fri,2,999,0,nonexistent,1.4,93.918,-42.7,4.959,5228.1,No,38,services,single,high.school,No,No,No
CLI004160,cellular,may,wed,9,999,1,failure,-1.8,92.893,-46.2,1.281,5099.1,No,32,management,married,university.degree,No,Sí,Sí
CLI004161,cellular,may,thu,1,999,1,failure,-1.8,92.893,-46.2,1.327,5099.1,No,26,blue-collar,single,basic.4y,No,No,Sí
CLI004162,cellular,jul,thu,1,999,0,nonexistent,-2.9,92.469,-33.6,1.072,5076.2,No,56,entrepreneur,married,Desconocido,No,Sí,No
CLI004163,cellular,aug,tue,1,999,0,nonexistent,1.4,93.444,-36.1,4.963,5228.1,No,36,admin.,single,university.degree,No,No,No
CLI004164,cellular,apr,mon,3,999,0,nonexistent,-1.8,93.075,-47.1,1.405,5099.1,Sí,48,services,married,high.school,No,No,No
CLI004165,telephone,jun,thu,1,999,0,nonexistent,1.4,94.465,-41.8,4.961,5228.1,No,45,blue-collar,married,basic.9y,Desconocido,Sí,Sí
CLI004166,telephone,may,fri,5,999,0,nonexistent,1.1,93.994,-36.4,4.859,5191.0,No,32,services,married,high.school,No,No,No
CLI004167,cellular,jul,mon,2,999,0,nonexistent,1.4,93.918,-42.7,4.96,5228.1,No,54,blue-collar,married,basic.9y,No,Sí,No
CLI004168,telephone,may,tue,1,999,0,nonexistent,1.1,93.994,-36.4,4.856,5191.0,No,39,self-employed,single,university.degree,No,No,No
CLI004169,telephone,may,fri,1,999,0,nonexistent,1.1,93.994,-36.4,4.859,5191.0,No,46,admin.,married,high.school,No,No,No
CLI004170,cellular,jul,thu,13,999,0,nonexistent,1.4,93.918,-42.7,4.968,5228.1,No,36,entrepreneur,married,university.degree,Desconocido,Sí,No
CLI004171,cellular,aug,thu,2,999,0,nonexistent,1.4,93.444,-36.1,4.964,5228.1,No,45,blue-collar,married,basic.6y,No,Sí,Sí
CLI004172,cellular,nov,thu,1,999,0,nonexistent,-0.1,93.2,-42.0,4.076,5195.8,No,34,blue-collar,married,basic.9y,No,Sí,No
CLI004173,cellular,aug,mon,7,999,0,nonexistent,1.4,93.444,-36.1,4.963,5228.1,No,33,technician,married,university.degree,Desconocido,Sí,No
CLI004174,cellular,aug,thu,4,999,0,nonexistent,1.4,93.444,-36.1,4.968,5228.1,No,30,technician,single,professional.course,No,Sí,No
CLI004175,telephone,may,fri,1,999,0,nonexistent,1.1,93.994,-36.4,4.859,5191.0,No,35,technician,married,professional.course,No,Sí,No
CLI004176,cellular,aug,wed,9,999,0,nonexistent,1.4,93.444,-36.1,4.964,5228.1,No,38,admin.,divorced,university.degree,No,No,No
CLI004177,telephone,may,tue,6,999,0,nonexistent,1.1,93.994,-36.4,4.857,5191.0,No,51,technician,married,basic.9y,No,Sí,No
CLI004178,telephone,jun,fri,5,999,0,nonexistent,1.4,94.465,-41.8,4.959,5228.1,No,58,admin.,married,Desconocido,Desconocido,Sí,No
CLI004179,cellular,may,thu,1,999,0,nonexistent,-1.8,92.893,-46.2,1.266,5099.1,No,31,blue-collar,married,basic.6y,Desconocido,No,No
CLI004180,cellular,may,fri,3,8,3,failure,-1.8,93.876,-40.0,0.695,5008.7,Sí,34,admin.,married,university.degree,No,Sí,No
CLI004181,cellular,jul,fri,1,999,0,nonexistent,1.4,93.918,-42.7,4.957,5228.1,No,22,blue-collar,single,basic.9y,No,No,No
CLI004182,cellular,may,fri,9,999,0,nonexistent,-1.8,92.893,-46.2,1.25,5099.1,No,42,entrepreneur,married,high.school,No,Sí,No
CLI004183,cellular,may,tue,1,3,2,success,-1.8,93.876,-40.0,0.668,5008.7,No,52,admin.,married,university.degree,No,No,No
CLI004184,cellular,aug,tue,1,999,0,nonexistent,1.4,93.444,-36.1,4.963,5228.1,No,37,management,married,university.degree,No,No,No
CLI004185,telephone,may,fri,1,999,0,nonexistent,1.1,93.994,-36.4,4.859,5191.0,No,46,blue-collar,married,basic.6y,No,No,No
CLI004186,telephone,jul,thu,12,999,0,nonexistent,1.4,93.918,-42.7,4.968,5228.1,No,49,technician,married,professional.course,Desconocido,Sí,No
CLI004187,cellular,jul,mon,3,999,0,nonexistent,1.4,93.918,-42.7,4.96,5228.1,No,52,blue-collar,married,basic.9y,Desconocido,No,No
CLI004188,cellular,apr,mon,3,999,0,nonexistent,-1.8,93.075,-47.1,1.405,5099.1,No,44,blue-collar,married,basic.9y,Desconocido,Sí,No
CLI004189,cellular,nov,wed,1,999,0,nonexistent,-0.1,93.2,-42.0,4.12,5195.8,No,44,entrepreneur,married,high.school,No,No,No
CLI004190,cellular,jul,wed,6,999,0,nonexistent,1.4,93.918,-42.7,4.957,5228.1,No,29,admin.,single,university.degree,No,,No
CLI004191,cellular,aug,thu,1,999,0,nonexistent,1.4,93.444,-36.1,4.968,5228.1,No,33,admin.,married,university.degree,No,No,No
CLI004192,telephone,jun,mon,2,999,0,nonexistent,1.4,94.465,-41.8,4.865,5228.1,No,33,services,single,basic.6y,No,Sí,No
CLI004193,cellular,may,fri,5,999,0,nonexistent,-1.8,92.893,-46.2,1.313,5099.1,No,31,admin.,married,high.school,No,Sí,No
CLI004194,cellular,jul,thu,2,999,0,nonexistent,1.4,93.918,-42.7,4.963,5228.1,No,26,technician,married,university.degree,No,Sí,No
CLI004195,cellular,aug,tue,1,999,0,nonexistent,1.4,93.444,-36.1,4.965,5228.1,No,45,Desconocido,married,high.school,Desconocido,Sí,No
CLI004196,cellular,aug,mon,1,999,0,nonexistent,1.4,93.444,-36.1,4.965,5228.1,No,29,technician,single,professional.course,No,Sí,No
CLI004197,cellular,nov,tue,1,999,0,nonexistent,-3.4,92.649,-30.1,0.716,5017.5,No,40,unemployed,divorced,basic.4y,No,,No
CLI004198,telephone,may,tue,3,999,0,nonexistent,1.1,93.994,-36.4,4.856,5191.0,No,59,retired,married,basic.4y,Desconocido,No,No
CLI004199,cellular,apr,wed,2,999,0,nonexistent,-1.8,93.075,-47.1,1.372,5099.1,Sí,47,services,married,high.school,No,Sí,No
CLI004200,cellular,aug,thu,1,999,0,nonexistent,1.4,93.444,-36.1,4.968,5228.1,No,48,services,married,basic.4y,Desconocido,Sí,No
CLI004201,cellular,aug,tue,1,999,0,nonexistent,1.4,93.444,-36.1,4.966,5228.1,No,47,technician,married,professional.course,No,Sí,No
CLI004202,telephone,jun,wed,1,999,0,nonexistent,1.4,94.465,-41.8,4.864,5228.1,No,27,services,single,high.school,No,Sí,No
CLI004203,telephone,jun,mon,4,999,0,nonexistent,1.4,94.465,-41.8,4.96,5228.1,No,60,retired,married,basic.4y,Desconocido,No,No
CLI004204,cellular,jul,wed,2,999,0,nonexistent,1.4,93.918,-42.7,4.957,5228.1,No,26,services,single,basic.9y,No,Sí,No
CLI004205,telephone,may,thu,5,999,0,nonexistent,-1.8,92.893,-46.2,1.266,5099.1,No,24,management,married,university.degree,No,No,No
CLI004206,telephone,jun,tue,1,999,0,nonexistent,1.4,94.465,-41.8,4.864,5228.1,No,36,blue-collar,single,high.school,No,No,No
CLI004207,cellular,aug,thu,5,999,0,nonexistent,1.4,93.444,-36.1,4.968,5228.1,No,42,management,married,university.degree,Desconocido,Sí,No
CLI004208,cellular,jul,mon,7,999,0,nonexistent,1.4,93.918,-42.7,4.962,5228.1,No,25,blue-collar,single,basic.9y,No,Sí,No
CLI004209,cellular,nov,thu,3,999,0,nonexistent,-0.1,93.2,-42.0,4.076,5195.8,No,47,technician,married,professional.course,No,No,No
CLI004210,cellular,may,tue,3,999,1,failure,-1.8,92.893,-46.2,1.344,5099.1,No,36,blue-collar,married,basic.9y,No,No,No
CLI004211,cellular,nov,thu,8,6,1,success,-0.1,93.2,-42.0,4.076,5195.8,No,35,admin.,single,university.degree,No,Sí,No
CLI004212,telephone,may,thu,2,999,0,nonexistent,1.1,93.994,-36.4,4.86,5191.0,No,33,admin.,married,university.degree,No,Sí,No
CLI004213,cellular,jul,tue,3,999,0,nonexistent,1.4,93.918,-42.7,4.961,5228.1,No,24,blue-collar,single,Desconocido,No,No,No
CLI004214,cellular,jul,mon,2,999,0,nonexistent,1.4,93.918,-42.7,4.96,5228.1,No,55,technician,married,professional.course,Desconocido,No,No
CLI004215,cellular,aug,fri,2,999,0,nonexistent,1.4,93.444,-36.1,4.963,5228.1,No,29,technician,married,professional.course,No,No,Sí
CLI004216,telephone,may,wed,1,999,0,nonexistent,1.1,93.994,-36.4,4.858,5191.0,No,31,blue-collar,married,basic.4y,No,No,No
CLI004217,cellular,may,thu,1,999,0,nonexistent,-1.8,92.893,-46.2,1.327,5099.1,No,40,blue-collar,married,basic.6y,No,Sí,No
CLI004218,cellular,apr,fri,2,999,0,nonexistent,-1.8,93.075,-47.1,1.405,5099.1,Sí,55,management,married,university.degree,No,Sí,No
CLI004219,cellular,jul,tue,1,999,0,nonexistent,1.4,93.918,-42.7,4.962,5228.1,No,30,technician,single,university.degree,No,No,No
CLI004220,telephone,may,wed,1,999,0,nonexistent,1.1,93.994,-36.4,4.857,5191.0,No,42,blue-collar,married,basic.9y,No,Sí,No
CLI004221,telephone,may,thu,1,999,0,nonexistent,1.1,93.994,-36.4,4.86,5191.0,No,34,services,married,basic.6y,No,Sí,Sí
CLI004222,telephone,jun,thu,2,999,0,nonexistent,1.4,94.465,-41.8,4.866,5228.1,No,27,admin.,single,university.degree,No,No,Sí
CLI004223,telephone,may,wed,8,999,0,nonexistent,1.1,93.994,-36.4,4.858,5191.0,No,30,blue-collar,single,basic.4y,No,No,No
CLI004224,cellular,aug,fri,1,999,0,nonexistent,1.4,93.444,-36.1,4.964,5228.1,No,37,self-employed,married,university.degree,No,Sí,No
CLI004225,cellular,aug,thu,2,999,0,nonexistent,1.4,93.444,-36.1,4.968,5228.1,No,56,blue-collar,married,basic.4y,Desconocido,No,No
CLI004226,telephone,may,wed,2,999,0,nonexistent,1.1,93.994,-36.4,4.858,5191.0,No,45,blue-collar,divorced,basic.9y,No,No,No
CLI004227,telephone,may,wed,2,999,0,nonexistent,1.1,93.994,-36.4,4.857,5191.0,No,29,admin.,single,high.school,No,Sí,No
CLI004228,telephone,jun,mon,3,999,0,nonexistent,1.4,94.465,-41.8,4.961,5228.1,No,45,self-employed,married,professional.course,Desconocido,Sí,Sí
CLI004229,cellular,jul,thu,1,999,0,nonexistent,1.4,93.918,-42.7,4.963,5228.1,No,39,blue-collar,single,basic.4y,Desconocido,No,No
CLI004230,telephone,may,mon,2,999,0,nonexistent,1.1,93.994,-36.4,4.857,5191.0,No,25,self-employed,single,university.degree,No,No,No
CLI004231,cellular,may,thu,2,999,0,nonexistent,-1.8,92.893,-46.2,1.327,5099.1,No,37,blue-collar,single,university.degree,Desconocido,Sí,No
CLI004232,cellular,jul,tue,2,999,0,nonexistent,1.4,93.918,-42.7,4.962,5228.1,No,38,blue-collar,married,basic.9y,Desconocido,No,No
CLI004233,cellular,aug,fri,1,999,0,nonexistent,-2.9,92.201,-31.4,0.881,5076.2,No,46,housemaid,married,high.school,No,Sí,No
CLI004234,cellular,sep,thu,1,999,0,nonexistent,-3.4,92.379,-29.8,0.766,5017.5,Sí,36,admin.,married,high.school,No,No,No
CLI004235,cellular,may,wed,1,999,0,nonexistent,-1.8,92.893,-46.2,1.281,5099.1,No,36,services,married,basic.9y,No,,No
CLI004236,cellular,may,mon,1,999,1,failure,-1.8,92.893,-46.2,1.299,5099.1,No,47,blue-collar,married,,Desconocido,Sí,No
CLI004237,cellular,may,fri,2,999,1,failure,-1.8,92.893,-46.2,1.259,5099.1,No,62,technician,married,professional.course,No,Sí,No
CLI004238,cellular,jul,mon,3,999,0,nonexistent,1.4,93.918,-42.7,4.96,5228.1,Sí,39,management,married,,Desconocido,Sí,No
CLI004239,cellular,jul,thu,1,999,0,nonexistent,1.4,93.918,-42.7,4.963,5228.1,No,38,technician,single,professional.course,No,Sí,No
CLI004240,cellular,sep,fri,2,6,2,success,-1.1,94.199,-37.5,0.883,4963.6,Sí,57,management,married,university.degree,No,No,No
CLI004241,cellular,nov,wed,1,999,0,nonexistent,-0.1,93.2,-42.0,4.12,5195.8,No,34,admin.,married,university.degree,No,Sí,Sí
CLI004242,cellular,may,fri,2,999,1,failure,-1.8,92.893,-46.2,1.25,5099.1,No,39,blue-collar,divorced,high.school,Desconocido,No,
CLI004243,telephone,may,tue,2,999,0,nonexistent,1.1,93.994,-36.4,4.856,5191.0,No,39,technician,married,professional.course,No,No,No
CLI004244,cellular,aug,wed,1,999,0,nonexistent,1.4,93.444,-36.1,4.965,5228.1,No,30,technician,married,high.school,No,Sí,No
CLI004245,cellular,jul,wed,1,999,0,nonexistent,1.4,93.918,-42.7,4.963,5228.1,No,34,technician,married,professional.course,No,Sí,No
CLI004246,cellular,nov,tue,1,999,1,failure,-0.1,93.2,-42.0,4.153,5195.8,No,38,technician,single,university.degree,No,No,No
CLI004247,cellular,may,fri,1,999,0,nonexistent,-1.8,92.893,-46.2,1.313,5099.1,No,35,services,single,high.school,No,Sí,Sí
CLI004248,telephone,jun,fri,4,999,0,nonexistent,1.4,94.465,-41.8,4.959,5228.1,No,57,blue-collar,married,basic.4y,No,No,
CLI004249,telephone,jun,fri,3,999,0,nonexistent,1.4,94.465,-41.8,4.959,5228.1,No,51,technician,married,Desconocido,No,Sí,No
CLI004250,cellular,jul,tue,3,999,0,nonexistent,1.4,93.918,-42.7,4.961,5228.1,No,57,blue-collar,married,basic.9y,Desconocido,Sí,No
CLI004251,cellular,aug,fri,1,999,0,nonexistent,1.4,93.444,-36.1,4.966,5228.1,No,38,technician,married,professional.course,No,No,No
CLI004252,telephone,may,wed,1,999,0,nonexistent,1.1,93.994,-36.4,4.857,5191.0,No,49,management,divorced,university.degree,No,No,No
CLI004253,cellular,jul,thu,2,999,0,nonexistent,-1.7,94.215,-40.3,0.81,4991.6,Sí,25,admin.,single,high.school,No,No,No
CLI004254,cellular,aug,mon,1,999,0,nonexistent,1.4,93.444,-36.1,4.965,5228.1,No,38,admin.,married,university.degree,No,Sí,No
CLI004255,cellular,apr,thu,4,999,2,failure,-1.8,93.749,-34.6,0.644,5008.7,No,58,admin.,married,professional.course,No,Sí,No
CLI004256,cellular,nov,wed,2,999,0,nonexistent,-3.4,92.649,-30.1,0.715,5017.5,Sí,72,retired,divorced,basic.6y,No,Sí,No
CLI004257,cellular,nov,wed,2,999,0,nonexistent,-0.1,93.2,-42.0,4.12,5195.8,No,29,blue-collar,married,high.school,No,No,No
CLI004258,cellular,may,tue,1,999,0,nonexistent,-1.8,92.893,-46.2,1.344,5099.1,No,28,blue-collar,single,university.degree,No,No,No
CLI004259,cellular,aug,tue,1,999,0,nonexistent,1.4,93.444,-36.1,4.966,5228.1,No,41,technician,married,professional.course,No,No,No
CLI004260,telephone,may,thu,1,999,0,nonexistent,1.1,93.994,-36.4,4.86,5191.0,No,41,services,married,university.degree,No,No,
CLI004261,cellular,aug,tue,9,999,0,nonexistent,1.4,93.444,-36.1,4.963,5228.1,No,49,self-employed,married,professional.course,Desconocido,No,No
CLI004262,cellular,aug,wed,1,999,0,nonexistent,1.4,93.444,-36.1,4.965,5228.1,No,48,unemployed,married,basic.4y,Desconocido,Sí,No
CLI004263,cellular,aug,thu,2,999,0,nonexistent,1.4,93.444,-36.1,4.968,5228.1,No,50,technician,married,professional.course,No,No,No
CLI004264,cellular,aug,tue,1,999,1,failure,-2.9,92.201,-31.4,0.883,5076.2,No,69,entrepreneur,married,university.degree,No,Sí,No
CLI004265,telephone,may,thu,1,999,0,nonexistent,-1.8,93.876,-40.0,0.699,5008.7,No,34,technician,married,professional.course,No,Sí,No
CLI004266,telephone,may,mon,2,999,0,nonexistent,1.1,93.994,-36.4,4.857,5191.0,Sí,24,admin.,married,basic.9y,No,Sí,No
CLI004267,cellular,mar,mon,1,999,2,failure,-1.8,93.369,-34.8,0.635,5008.7,No,58,services,married,high.school,No,No,No
CLI004268,cellular,may,tue,1,999,0,nonexistent,-1.8,92.893,-46.2,1.291,5099.1,No,26,blue-collar,married,basic.4y,No,No,No
CLI004269,telephone,jun,fri,1,999,0,nonexistent,1.4,94.465,-41.8,4.967,5228.1,No,41,blue-collar,married,basic.9y,Desconocido,Sí,No
CLI004270,cellular,nov,fri,2,999,0,nonexistent,-0.1,93.2,-42.0,4.021,5195.8,No,56,unemployed,married,basic.9y,No,Sí,Sí
CLI004271,telephone,may,wed,6,999,0,nonexistent,-1.8,92.893,-46.2,1.281,5099.1,No,30,services,single,high.school,No,Sí,No
CLI004272,cellular,mar,mon,1,999,0,nonexistent,-1.8,93.369,-34.8,0.646,5008.7,No,30,unemployed,single,professional.course,No,Sí,No
CLI004273,cellular,apr,wed,1,999,0,nonexistent,-1.8,93.075,-47.1,1.445,5099.1,No,41,blue-collar,married,basic.4y,No,Sí,No
CLI004274,cellular,aug,wed,1,999,0,nonexistent,-2.9,92.201,-31.4,0.879,5076.2,No,28,self-employed,single,university.degree,No,Desconocido,Desconocido
CLI004275,telephone,jun,tue,3,999,0,nonexistent,1.4,94.465,-41.8,4.864,5228.1,No,33,admin.,married,university.degree,No,No,No
CLI004276,telephone,may,tue,1,999,0,nonexistent,1.1,93.994,-36.4,4.857,5191.0,No,58,admin.,divorced,university.degree,Desconocido,Sí,No
CLI004277,cellular,jul,mon,2,999,0,nonexistent,1.4,93.918,-42.7,4.962,5228.1,No,29,services,married,high.school,No,Sí,
CLI004278,cellular,nov,fri,1,999,0,nonexistent,-0.1,93.2,-42.0,4.021,5195.8,No,57,management,married,university.degree,No,Sí,No
CLI004279,cellular,jul,wed,1,999,0,nonexistent,1.4,93.918,-42.7,4.957,5228.1,No,25,services,divorced,high.school,No,Sí,No
CLI004280,telephone,aug,thu,1,999,0,nonexistent,1.4,93.444,-36.1,4.964,5228.1,No,49,blue-collar,married,basic.4y,No,Sí,No
CLI004281,cellular,may,mon,2,999,0,nonexistent,-1.8,92.893,-46.2,1.299,5099.1,No,38,services,married,high.school,Desconocido,No,
CLI004282,cellular,may,wed,1,999,0,nonexistent,-1.8,92.893,-46.2,1.281,5099.1,No,58,blue-collar,married,basic.4y,Desconocido,Sí,Sí
CLI004283,cellular,jul,tue,1,999,0,nonexistent,-2.9,92.469,-33.6,1.044,5076.2,No,26,student,single,high.school,No,Sí,No
CLI004284,telephone,jun,tue,2,999,0,nonexistent,1.4,94.465,-41.8,4.961,5228.1,No,28,technician,single,professional.course,No,No,Sí
CLI004285,cellular,jul,thu,1,999,0,nonexistent,1.4,93.918,-42.7,4.968,5228.1,No,37,unemployed,single,university.degree,No,Sí,No
CLI004286,cellular,aug,tue,1,4,1,success,-2.9,92.201,-31.4,0.883,5076.2,No,60,retired,married,high.school,No,No,No
CLI004287,cellular,apr,mon,3,999,0,nonexistent,-1.8,93.075,-47.1,1.392,5099.1,No,33,services,single,high.school,No,Sí,No
CLI004288,telephone,may,fri,2,999,0,nonexistent,1.1,93.994,-36.4,4.864,5191.0,No,57,retired,married,high.school,Desconocido,No,No
CLI004289,telephone,may,mon,2,999,0,nonexistent,1.1,93.994,-36.4,4.857,5191.0,No,45,blue-collar,married,basic.9y,Desconocido,Sí,No
CLI004290,cellular,jul,fri,2,999,0,nonexistent,1.4,93.918,-42.7,4.963,5228.1,Sí,46,housemaid,married,basic.4y,Desconocido,,No
CLI004291,telephone,may,fri,3,999,0,nonexistent,1.1,93.994,-36.4,4.855,5191.0,No,32,retired,married,high.school,No,No,No
CLI004292,cellular,aug,tue,1,999,0,nonexistent,1.4,93.444,-36.1,4.963,5228.1,No,49,blue-collar,married,basic.9y,Desconocido,Sí,No
CLI004293,telephone,jun,tue,1,999,0,nonexistent,1.4,94.465,-41.8,4.864,5228.1,No,38,admin.,single,university.degree,No,,No
CLI004294,cellular,jul,mon,2,999,0,nonexistent,1.4,93.918,-42.7,4.96,5228.1,No,39,services,married,basic.9y,No,No,Sí
CLI004295,cellular,nov,mon,1,999,0,nonexistent,-0.1,93.2,-42.0,4.191,5195.8,No,36,blue-collar,married,basic.9y,No,No,Sí
CLI004296,cellular,jul,tue,1,999,0,nonexistent,1.4,93.918,-42.7,4.962,5228.1,No,28,services,married,high.school,No,No,No
CLI004297,cellular,mar,tue,1,999,0,nonexistent,-1.8,93.369,-34.8,0.646,5008.7,Sí,47,self-employed,divorced,university.degree,No,No,No
CLI004298,cellular,jul,mon,6,999,0,nonexistent,1.4,93.918,-42.7,4.96,5228.1,No,38,blue-collar,married,basic.9y,Desconocido,Sí,No
CLI004299,cellular,may,tue,4,999,1,failure,-1.8,92.893,-46.2,1.291,5099.1,No,49,blue-collar,married,basic.6y,Desconocido,Sí,No
CLI004300,telephone,may,wed,1,999,0,nonexistent,1.1,93.994,-36.4,4.859,5191.0,No,30,blue-collar,married,basic.9y,No,Sí,No
CLI004301,telephone,may,wed,1,999,0,nonexistent,1.1,93.994,-36.4,4.857,5191.0,No,45,admin.,married,basic.9y,No,Sí,No
CLI004302,cellular,jul,tue,2,999,0,nonexistent,1.4,93.918,-42.7,4.961,5228.1,No,41,blue-collar,married,basic.9y,No,Sí,No
CLI004303,telephone,apr,fri,2,999,0,nonexistent,-1.8,93.075,-47.1,1.405,5099.1,Sí,28,admin.,single,university.degree,No,No,No
CLI004304,telephone,jul,wed,1,999,0,nonexistent,1.4,93.918,-42.7,4.962,5228.1,No,38,services,married,high.school,Desconocido,No,No
CLI004305,cellular,may,wed,2,999,1,failure,-1.8,92.893,-46.2,1.334,5099.1,No,48,blue-collar,married,basic.4y,No,No,No
CLI004306,cellular,apr,fri,2,999,0,nonexistent,-1.8,93.075,-47.1,1.405,5099.1,No,32,services,married,high.school,No,No,Sí
CLI004307,cellular,apr,tue,1,999,0,nonexistent,-1.8,93.075,-47.1,1.405,5099.1,No,54,management,married,university.degree,No,Sí,No
CLI004308,cellular,apr,mon,2,999,1,failure,-1.8,93.075,-47.1,1.405,5099.1,No,48,services,divorced,high.school,No,Sí,Sí
CLI004309,telephone,jun,fri,2,999,0,nonexistent,-2.9,92.963,-40.8,1.268,5076.2,No,25,technician,single,basic.9y,No,No,No
CLI004310,cellular,may,thu,5,999,0,nonexistent,-1.8,92.893,-46.2,1.266,5099.1,No,43,blue-collar,married,basic.4y,No,Sí,No
CLI004311,cellular,aug,tue,1,999,0,nonexistent,1.4,93.444,-36.1,4.966,5228.1,Sí,52,housemaid,married,basic.6y,No,Sí,No
CLI004312,cellular,sep,tue,2,3,1,success,-1.1,94.199,-37.5,0.877,4963.6,No,32,student,single,high.school,No,No,No
CLI004313,cellular,may,fri,3,999,1,failure,-1.8,92.893,-46.2,1.25,5099.1,No,34,services,married,high.school,No,Sí,No
CLI004314,cellular,jul,fri,1,999,0,nonexistent,1.4,93.918,-42.7,4.962,5228.1,No,53,technician,married,professional.course,Desconocido,No,No
CLI004315,telephone,jul,thu,1,999,0,nonexistent,1.4,93.918,-42.7,4.966,5228.1,No,29,technician,single,university.degree,No,Sí,No
CLI004316,telephone,nov,mon,4,999,0,nonexistent,-3.4,92.649,-30.1,0.722,5017.5,No,33,admin.,married,university.degree,No,Sí,No
CLI004317,cellular,jul,mon,4,999,0,nonexistent,1.4,93.918,-42.7,4.96,5228.1,No,19,student,single,basic.9y,Desconocido,Sí,No
CLI004318,telephone,may,fri,4,999,0,nonexistent,1.1,93.994,-36.4,4.857,5191.0,No,31,blue-collar,married,basic.9y,No,No,No
CLI004319,telephone,may,mon,1,999,0,nonexistent,1.1,93.994,-36.4,4.857,5191.0,No,30,admin.,married,high.school,No,No,No
CLI004320,cellular,may,wed,7,999,1,failure,-1.8,92.893,-46.2,1.281,5099.1,No,37,admin.,divorced,university.degree,Desconocido,Sí,No
CLI004321,telephone,jun,wed,29,999,0,nonexistent,1.4,94.465,-41.8,4.962,5228.1,No,40,admin.,married,university.degree,No,No,No
CLI004322,cellular,may,mon,1,999,0,nonexistent,-1.8,92.893,-46.2,1.244,5099.1,No,52,admin.,married,,No,Sí,No
CLI004323,telephone,may,wed,2,999,0,nonexistent,1.1,93.994,-36.4,4.856,5191.0,No,33,blue-collar,married,basic.9y,No,No,No
CLI004324,telephone,may,tue,2,999,0,nonexistent,1.1,93.994,-36.4,4.857,5191.0,No,38,admin.,married,high.school,No,Desconocido,Desconocido
CLI004325,telephone,may,thu,3,999,0,nonexistent,1.1,93.994,-36.4,4.86,5191.0,Sí,36,admin.,single,university.degree,No,No,No
CLI004326,cellular,jul,mon,4,999,0,nonexistent,1.4,93.918,-42.7,4.962,5228.1,No,31,technician,single,university.degree,No,,No
CLI004327,cellular,nov,tue,2,999,1,failure,-0.1,93.2,-42.0,4.153,5195.8,No,53,entrepreneur,married,basic.9y,No,Sí,No
CLI004328,telephone,may,tue,12,999,0,nonexistent,1.1,93.994,-36.4,4.856,5191.0,No,47,blue-collar,married,basic.4y,No,Sí,No
CLI004329,cellular,may,mon,1,999,0,nonexistent,-1.8,92.893,-46.2,1.264,5099.1,No,33,blue-collar,married,basic.9y,No,Sí,Sí
CLI004330,telephone,jul,wed,1,9,1,success,-1.7,94.215,-40.3,0.802,4991.6,Sí,55,admin.,married,high.school,No,No,No
CLI004331,cellular,jul,wed,3,999,1,failure,-1.7,94.215,-40.3,0.84,4991.6,No,34,services,married,basic.9y,No,Sí,Sí
CLI004332,cellular,nov,fri,1,999,0,nonexistent,-0.1,93.2,-42.0,4.021,5195.8,No,49,blue-collar,married,basic.9y,No,Sí,No
CLI004333,cellular,aug,fri,2,999,0,nonexistent,1.4,93.444,-36.1,4.964,5228.1,No,39,technician,married,professional.course,No,No,No
CLI004334,cellular,aug,wed,1,999,0,nonexistent,1.4,93.444,-36.1,4.964,5228.1,No,44,technician,married,professional.course,No,Sí,No
CLI004335,cellular,aug,mon,3,999,0,nonexistent,1.4,93.444,-36.1,4.965,5228.1,No,31,technician,married,university.degree,No,Sí,No
CLI004336,telephone,jun,thu,2,999,0,nonexistent,1.4,94.465,-41.8,4.961,5228.1,No,56,retired,married,basic.4y,No,No,No
CLI004337,telephone,jun,thu,6,999,0,nonexistent,1.4,94.465,-41.8,4.866,5228.1,No,46,admin.,single,,No,No,No
CLI004338,cellular,jul,wed,1,999,0,nonexistent,1.4,93.918,-42.7,4.957,5228.1,No,34,technician,divorced,professional.course,No,Sí,No
CLI004339,cellular,apr,mon,2,999,0,nonexistent,-1.8,93.075,-47.1,1.405,5099.1,No,49,entrepreneur,married,university.degree,No,No,Sí
CLI004340,cellular,aug,wed,1,999,0,nonexistent,1.4,93.444,-36.1,4.964,5228.1,No,31,technician,married,university.degree,No,No,No
CLI004341,cellular,aug,wed,1,999,0,nonexistent,1.4,93.444,-36.1,4.967,5228.1,No,31,technician,single,university.degree,No,Desconocido,Desconocido
CLI004342,telephone,may,tue,1,999,0,nonexistent,1.1,93.994,-36.4,4.856,5191.0,No,34,services,married,high.school,Desconocido,Sí,No
CLI004343,telephone,may,wed,1,999,0,nonexistent,1.1,93.994,-36.4,4.856,5191.0,No,32,management,married,,No,No,No
CLI004344,cellular,jul,wed,1,999,0,nonexistent,1.4,93.918,-42.7,4.957,5228.1,No,49,services,married,high.school,Desconocido,Sí,No
CLI004345,telephone,jun,tue,8,999,0,nonexistent,1.4,94.465,-41.8,4.958,5228.1,No,35,admin.,divorced,university.degree,No,No,No
CLI004346,cellular,jul,wed,1,999,0,nonexistent,1.4,93.918,-42.7,4.957,5228.1,No,31,self-employed,married,basic.9y,No,No,No
CLI004347,cellular,aug,tue,2,999,0,nonexistent,1.4,93.444,-36.1,4.966,5228.1,Sí,48,admin.,married,basic.9y,No,Sí,No
CLI004348,cellular,apr,thu,2,999,0,nonexistent,-1.8,93.075,-47.1,1.365,5099.1,No,38,admin.,single,university.degree,No,Sí,No
CLI004349,cellular,aug,tue,1,999,0,nonexistent,1.4,93.444,-36.1,4.966,5228.1,No,36,technician,single,university.degree,Desconocido,No,No
CLI004350,cellular,may,tue,1,999,1,failure,-1.8,92.893,-46.2,1.291,5099.1,No,35,admin.,single,university.degree,No,Sí,No
CLI004351,cellular,jul,mon,1,999,0,nonexistent,1.4,93.918,-42.7,4.96,5228.1,No,60,blue-collar,married,basic.9y,Desconocido,Desconocido,Desconocido
CLI004352,cellular,jul,tue,9,999,0,nonexistent,1.4,93.918,-42.7,4.961,5228.1,No,31,blue-collar,single,high.school,No,No,Sí
CLI004353,cellular,aug,mon,3,999,0,nonexistent,1.4,93.444,-36.1,4.965,5228.1,No,40,management,married,university.degree,No,No,No
CLI004354,telephone,may,mon,1,999,0,nonexistent,1.1,93.994,-36.4,4.857,5191.0,No,30,blue-collar,single,Desconocido,No,Sí,No
CLI004355,cellular,nov,thu,1,999,0,nonexistent,-0.1,93.2,-42.0,4.076,5195.8,No,51,retired,married,basic.9y,No,Sí,No
CLI004356,telephone,jun,wed,1,999,0,nonexistent,1.4,94.465,-41.8,4.959,5228.1,No,48,blue-collar,married,basic.9y,Desconocido,No,
CLI004357,telephone,jun,tue,1,999,0,nonexistent,1.4,94.465,-41.8,4.961,5228.1,No,41,services,married,high.school,Desconocido,Sí,Sí
CLI004358,cellular,jul,mon,6,999,0,nonexistent,1.4,93.918,-42.7,4.962,5228.1,No,58,admin.,divorced,university.degree,No,No,No
CLI004359,cellular,may,fri,2,999,0,nonexistent,-1.8,92.893,-46.2,1.313,5099.1,No,31,services,single,high.school,No,No,No
CLI004360,telephone,may,tue,1,999,0,nonexistent,1.1,93.994,-36.4,4.857,5191.0,No,32,blue-collar,married,basic.9y,No,Sí,No
CLI004361,telephone,jun,mon,6,999,0,nonexistent,1.4,94.465,-41.8,4.96,5228.1,No,58,unemployed,single,basic.4y,Desconocido,No,No
CLI004362,cellular,aug,thu,3,999,0,nonexistent,1.4,93.444,-36.1,4.964,5228.1,No,47,blue-collar,married,Desconocido,Desconocido,Sí,No
CLI004363,telephone,apr,tue,4,999,0,nonexistent,-1.8,93.075,-47.1,1.405,5099.1,No,31,technician,single,university.degree,No,No,No
CLI004364,cellular,nov,wed,1,999,0,nonexistent,-0.1,93.2,-42.0,4.12,5195.8,No,45,services,divorced,basic.9y,No,No,No
CLI004365,cellular,apr,mon,1,999,0,nonexistent,-1.8,93.075,-47.1,1.405,5099.1,No,35,technician,single,university.degree,Desconocido,Sí,Sí
CLI004366,cellular,nov,tue,1,999,1,failure,-0.1,93.2,-42.0,4.153,5195.8,No,31,technician,single,university.degree,No,No,No
CLI004367,cellular,jul,thu,1,999,0,nonexistent,1.4,93.918,-42.7,4.962,5228.1,No,59,retired,single,professional.course,Desconocido,Sí,No
CLI004368,telephone,may,tue,4,999,0,nonexistent,1.1,93.994,-36.4,4.857,5191.0,No,48,housemaid,married,basic.6y,Desconocido,Sí,Sí
CLI004369,cellular,may,mon,6,3,1,success,-1.8,92.893,-46.2,1.354,5099.1,Sí,50,self-employed,married,basic.9y,No,Sí,Sí
CLI004370,telephone,jun,thu,1,999,0,nonexistent,1.4,94.465,-41.8,4.958,5228.1,No,39,management,married,university.degree,No,No,Sí
CLI004371,cellular,aug,wed,1,999,0,nonexistent,1.4,93.444,-36.1,4.967,5228.1,No,37,management,married,university.degree,No,Sí,No
CLI004372,telephone,may,thu,1,999,0,nonexistent,1.1,93.994,-36.4,4.855,5191.0,No,51,admin.,divorced,university.degree,No,Sí,No
CLI004373,telephone,jun,mon,6,999,0,nonexistent,1.4,94.465,-41.8,4.865,5228.1,No,50,retired,married,basic.4y,No,Sí,No
CLI004374,cellular,jul,mon,3,999,0,nonexistent,1.4,93.918,-42.7,4.96,5228.1,No,52,entrepreneur,married,university.degree,No,Sí,No
CLI004375,telephone,may,thu,1,999,0,nonexistent,1.1,93.994,-36.4,4.855,5191.0,No,29,blue-collar,married,high.school,No,No,No
CLI004376,cellular,jul,wed,1,999,0,nonexistent,1.4,93.918,-42.7,4.963,5228.1,No,41,housemaid,divorced,basic.9y,Desconocido,No,No
CLI004377,cellular,apr,mon,2,999,0,nonexistent,-1.8,93.075,-47.1,1.405,5099.1,No,68,retired,married,high.school,No,No,Sí
CLI004378,cellular,may,thu,2,999,1,failure,-1.8,92.893,-46.2,1.327,5099.1,No,59,blue-collar,married,basic.4y,No,No,No
CLI004379,cellular,aug,tue,6,999,0,nonexistent,1.4,93.444,-36.1,4.965,5228.1,No,31,management,married,university.degree,No,Sí,No
CLI004380,cellular,nov,thu,1,999,0,nonexistent,-0.1,93.2,-42.0,4.076,5195.8,No,32,entrepreneur,single,university.degree,No,No,Sí
CLI004381,telephone,jul,mon,7,999,0,nonexistent,1.4,93.918,-42.7,4.96,5228.1,No,60,retired,married,high.school,No,No,No
CLI004382,cellular,sep,fri,2,9,1,success,-1.1,94.199,-37.5,0.883,4963.6,Sí,43,unemployed,married,basic.9y,No,No,No
CLI004383,telephone,jul,thu,8,999,0,nonexistent,1.4,93.918,-42.7,4.968,5228.1,No,43,admin.,married,basic.4y,No,Sí,Sí
CLI004384,cellular,mar,tue,1,9,2,failure,-1.8,93.369,-34.8,0.646,5008.7,No,27,services,single,high.school,No,Sí,Sí
CLI004385,telephone,may,thu,2,999,0,nonexistent,1.1,93.994,-36.4,4.86,5191.0,No,46,blue-collar,married,basic.4y,Desconocido,Desconocido,Desconocido
CLI004386,cellular,apr,mon,3,999,0,nonexistent,-1.8,93.075,-47.1,1.405,5099.1,No,37,admin.,married,high.school,No,No,No
CLI004387,cellular,aug,mon,2,999,0,nonexistent,1.4,93.444,-36.1,4.963,5228.1,No,59,admin.,married,university.degree,Desconocido,Sí,No
CLI004388,telephone,may,thu,1,999,0,nonexistent,1.1,93.994,-36.4,4.855,5191.0,No,39,management,married,university.degree,No,No,No
CLI004389,cellular,nov,wed,1,999,2,failure,-3.4,92.649,-30.1,0.715,5017.5,No,36,self-employed,divorced,basic.9y,No,No,No
CLI004390,cellular,jul,thu,8,999,0,nonexistent,1.4,93.918,-42.7,4.962,5228.1,Sí,30,admin.,single,university.degree,No,Sí,No
CLI004391,telephone,may,wed,1,999,0,nonexistent,1.1,93.994,-36.4,4.857,5191.0,No,52,services,married,Desconocido,Desconocido,No,No
CLI004392,telephone,may,thu,10,999,0,nonexistent,1.1,93.994,-36.4,4.86,5191.0,No,43,admin.,married,university.degree,Desconocido,Sí,No
CLI004393,telephone,jun,fri,8,999,0,nonexistent,1.4,94.465,-41.8,4.959,5228.1,No,30,blue-collar,single,basic.9y,Desconocido,No,No
CLI004394,cellular,aug,tue,3,999,0,nonexistent,1.4,93.444,-36.1,4.963,5228.1,No,41,admin.,divorced,university.degree,No,No,No
CLI004395,cellular,nov,mon,1,999,0,nonexistent,-0.1,93.2,-42.0,4.191,5195.8,No,52,management,divorced,university.degree,No,Sí,No
CLI004396,cellular,jul,tue,11,999,0,nonexistent,1.4,93.918,-42.7,4.961,5228.1,No,44,blue-collar,married,,Desconocido,No,No
CLI004397,telephone,may,thu,4,999,0,nonexistent,1.1,93.994,-36.4,4.855,5191.0,No,38,technician,divorced,professional.course,No,Sí,No
CLI004398,telephone,may,mon,4,999,0,nonexistent,1.1,93.994,-36.4,4.857,5191.0,No,35,admin.,single,high.school,No,Sí,No
CLI004399,cellular,aug,wed,2,999,0,nonexistent,1.4,93.444,-36.1,4.964,5228.1,No,39,housemaid,married,basic.4y,No,No,No
CLI004400,telephone,jun,tue,2,999,0,nonexistent,1.4,94.465,-41.8,4.961,5228.1,No,42,blue-collar,married,basic.6y,Desconocido,No,No
CLI004401,cellular,apr,mon,1,999,0,nonexistent,-1.8,93.075,-47.1,1.405,5099.1,No,48,services,divorced,high.school,No,Sí,No
CLI004402,telephone,jul,fri,4,999,0,nonexistent,1.4,93.918,-42.7,4.957,5228.1,No,38,entrepreneur,married,basic.9y,No,No,Sí
CLI004403,cellular,jul,thu,1,999,0,nonexistent,1.4,93.918,-42.7,4.962,5228.1,No,37,blue-collar,divorced,basic.9y,Desconocido,Sí,No
CLI004404,cellular,nov,fri,4,999,0,nonexistent,-0.1,93.2,-42.0,4.021,5195.8,No,50,technician,married,university.degree,No,Sí,No
CLI004405,cellular,apr,wed,1,999,0,nonexistent,-1.8,93.075,-47.1,1.445,5099.1,No,43,technician,single,professional.course,Desconocido,Sí,No
CLI004406,cellular,jul,fri,5,999,0,nonexistent,1.4,93.918,-42.7,4.962,5228.1,No,52,admin.,divorced,high.school,No,No,No
CLI004407,cellular,mar,tue,2,999,1,failure,-1.8,93.369,-34.8,0.655,5008.7,Sí,31,admin.,divorced,professional.course,No,Sí,No
CLI004408,cellular,may,mon,1,999,1,failure,-1.8,92.893,-46.2,1.244,5099.1,Sí,43,technician,married,professional.course,No,Sí,No
CLI004409,cellular,may,mon,1,999,0,nonexistent,-1.8,92.893,-46.2,1.354,5099.1,Sí,28,admin.,married,university.degree,No,Sí,No
CLI004410,telephone,may,wed,1,999,0,nonexistent,1.1,93.994,-36.4,4.857,5191.0,No,34,technician,married,university.degree,No,Sí,No
CLI004411,telephone,oct,wed,1,999,0,nonexistent,-3.4,92.431,-26.9,0.742,5017.5,Sí,28,admin.,single,high.school,No,No,No
CLI004412,cellular,jul,thu,2,999,0,nonexistent,1.4,93.918,-42.7,4.963,5228.1,No,28,admin.,single,high.school,No,Sí,No
CLI004413,cellular,jun,tue,2,999,0,nonexistent,-2.9,92.963,-40.8,1.252,5076.2,No,44,unemployed,single,basic.4y,No,No,No
CLI004414,cellular,may,thu,1,999,0,nonexistent,-1.8,92.893,-46.2,1.327,5099.1,No,37,management,divorced,university.degree,No,No,No
CLI004415,cellular,may,wed,2,999,0,nonexistent,-1.8,92.893,-46.2,1.281,5099.1,No,49,entrepreneur,married,basic.4y,Desconocido,Sí,No
CLI004416,cellular,may,mon,1,999,0,nonexistent,-1.8,92.893,-46.2,1.299,5099.1,No,35,services,divorced,university.degree,No,Sí,No
CLI004417,cellular,apr,fri,2,999,0,nonexistent,-1.8,93.075,-47.1,1.405,5099.1,No,36,entrepreneur,married,university.degree,No,Sí,No
CLI004418,telephone,may,wed,1,999,1,failure,-1.8,92.893,-46.2,1.281,5099.1,No,33,technician,single,university.degree,No,No,No
CLI004419,telephone,jun,fri,4,999,0,nonexistent,1.4,94.465,-41.8,4.959,5228.1,No,35,admin.,married,university.degree,No,No,No
CLI004420,cellular,may,fri,3,999,0,nonexistent,-1.8,92.893,-46.2,1.25,5099.1,No,33,services,divorced,high.school,No,Sí,No
CLI004421,cellular,oct,thu,4,999,0,nonexistent,-3.4,92.431,-26.9,0.722,5017.5,No,58,retired,divorced,high.school,No,Sí,No
CLI004422,cellular,aug,thu,15,999,0,nonexistent,1.4,93.444,-36.1,4.962,5228.1,No,45,management,married,university.degree,No,Sí,No
CLI004423,cellular,apr,mon,1,999,0,nonexistent,-1.8,93.075,-47.1,1.405,5099.1,No,46,services,married,high.school,No,Sí,No
CLI004424,telephone,may,thu,2,999,0,nonexistent,1.1,93.994,-36.4,4.86,5191.0,No,33,unemployed,divorced,basic.9y,No,Sí,No
CLI004425,cellular,aug,mon,2,999,0,nonexistent,1.4,93.444,-36.1,4.965,5228.1,No,37,admin.,single,university.degree,No,No,No
CLI004426,cellular,may,tue,3,999,0,nonexistent,-1.8,92.893,-46.2,1.291,5099.1,No,35,blue-collar,married,basic.9y,No,Sí,No
CLI004427,telephone,may,tue,2,999,0,nonexistent,1.1,93.994,-36.4,4.856,5191.0,No,45,blue-collar,married,basic.4y,Desconocido,Sí,No
CLI004428,cellular,may,thu,2,999,0,nonexistent,-1.8,92.893,-46.2,1.327,5099.1,No,29,services,married,professional.course,No,Sí,No
CLI004429,telephone,jun,wed,1,999,0,nonexistent,1.4,94.465,-41.8,4.959,5228.1,No,36,blue-collar,married,basic.6y,Desconocido,Sí,
CLI004430,cellular,aug,tue,3,999,0,nonexistent,1.4,93.444,-36.1,4.966,5228.1,No,54,blue-collar,married,basic.9y,Desconocido,Sí,No
CLI004431,cellular,apr,mon,1,999,0,nonexistent,-1.8,93.075,-47.1,1.392,5099.1,No,38,admin.,divorced,university.degree,No,No,No
CLI004432,cellular,mar,thu,1,999,2,failure,-1.8,93.369,-34.8,0.654,5008.7,Sí,34,technician,single,university.degree,No,No,No
CLI004433,telephone,jul,mon,3,999,0,nonexistent,1.4,93.918,-42.7,4.962,5228.1,No,26,blue-collar,divorced,high.school,No,No,No
CLI004434,cellular,nov,thu,1,999,0,nonexistent,-0.1,93.2,-42.0,4.076,5195.8,Sí,53,technician,divorced,high.school,No,No,No
CLI004435,telephone,may,wed,2,999,0,nonexistent,1.1,93.994,-36.4,4.858,5191.0,No,33,blue-collar,married,basic.6y,Desconocido,No,No
CLI004436,telephone,may,fri,6,999,0,nonexistent,1.1,93.994,-36.4,4.857,5191.0,Sí,60,retired,married,high.school,Desconocido,Sí,No
CLI004437,telephone,aug,tue,2,999,0,nonexistent,-2.9,92.201,-31.4,0.883,5076.2,No,31,admin.,single,university.degree,No,Sí,Sí
CLI004438,telephone,may,fri,3,999,0,nonexistent,1.1,93.994,-36.4,4.855,5191.0,No,35,entrepreneur,married,basic.9y,No,No,No
CLI004439,cellular,nov,fri,4,999,0,nonexistent,-0.1,93.2,-42.0,4.021,5195.8,No,44,self-employed,married,university.degree,No,No,No
CLI004440,telephone,may,tue,1,999,0,nonexistent,1.1,93.994,-36.4,4.857,5191.0,No,32,technician,single,high.school,No,Sí,No
CLI004441,cellular,jul,thu,1,999,0,nonexistent,1.4,93.918,-42.7,4.962,5228.1,No,53,entrepreneur,married,university.degree,No,Sí,No
CLI004442,cellular,jul,thu,1,999,0,nonexistent,1.4,93.918,-42.7,4.962,5228.1,No,27,services,single,high.school,No,Sí,No
CLI004443,telephone,may,wed,11,999,0,nonexistent,1.1,93.994,-36.4,4.859,5191.0,No,32,blue-collar,married,basic.6y,Desconocido,Sí,Sí
CLI004444,cellular,aug,fri,2,999,0,nonexistent,1.4,93.444,-36.1,4.966,5228.1,No,47,self-employed,married,basic.9y,No,Sí,No
CLI004445,telephone,may,fri,1,999,0,nonexistent,1.1,93.994,-36.4,4.859,5191.0,No,31,blue-collar,married,basic.4y,Desconocido,No,Sí
CLI004446,cellular,jul,thu,3,999,0,nonexistent,1.4,93.918,-42.7,4.958,5228.1,No,28,blue-collar,single,basic.9y,No,No,No
CLI004447,cellular,jul,tue,3,999,0,nonexistent,1.4,93.918,-42.7,4.961,5228.1,No,41,blue-collar,married,Desconocido,Desconocido,Sí,Sí
CLI004448,cellular,may,tue,2,999,0,nonexistent,-1.8,92.893,-46.2,1.266,5099.1,Sí,22,student,single,high.school,No,Sí,Sí
CLI004449,telephone,jun,thu,1,999,0,nonexistent,1.4,94.465,-41.8,4.958,5228.1,No,47,technician,married,professional.course,No,No,No
CLI004451,telephone,may,fri,1,999,0,nonexistent,1.1,93.994,-36.4,4.857,5191.0,No,57,management,married,university.degree,No,Sí,No
CLI004452,telephone,may,fri,1,999,0,nonexistent,1.1,93.994,-36.4,4.864,5191.0,No,40,admin.,married,high.school,No,No,No
CLI004453,telephone,jul,thu,27,999,0,nonexistent,1.4,93.918,-42.7,4.968,5228.1,No,59,retired,married,basic.4y,No,No,No
CLI004454,cellular,jun,thu,2,999,0,nonexistent,-2.9,92.963,-40.8,1.26,5076.2,No,42,admin.,married,university.degree,No,Sí,No
CLI004455,cellular,jul,wed,1,999,0,nonexistent,1.4,93.918,-42.7,4.962,5228.1,No,59,blue-collar,divorced,basic.9y,No,No,No
CLI004456,cellular,may,tue,2,999,0,nonexistent,-1.8,92.893,-46.2,1.291,5099.1,No,49,blue-collar,married,high.school,No,Sí,No
CLI004457,telephone,jun,wed,1,999,0,nonexistent,1.4,94.465,-41.8,4.959,5228.1,No,60,technician,divorced,professional.course,Desconocido,No,No
CLI004458,cellular,jul,wed,1,999,0,nonexistent,1.4,93.918,-42.7,4.957,5228.1,No,28,services,married,high.school,No,Sí,Sí
CLI004459,cellular,jul,fri,4,999,0,nonexistent,1.4,93.918,-42.7,4.957,5228.1,No,41,self-employed,married,basic.9y,Desconocido,No,No
CLI004460,cellular,may,fri,1,999,1,failure,-1.8,92.893,-46.2,1.25,5099.1,No,31,admin.,single,university.degree,No,Sí,No
CLI004461,telephone,may,fri,2,999,0,nonexistent,1.1,93.994,-36.4,4.857,5191.0,No,40,admin.,divorced,university.degree,No,Sí,No
CLI004462,telephone,may,wed,6,999,0,nonexistent,1.1,93.994,-36.4,4.859,5191.0,No,31,services,married,high.school,No,No,No
CLI004463,cellular,aug,fri,1,6,4,failure,-2.9,92.201,-31.4,0.849,5076.2,No,24,student,single,high.school,No,Sí,No
CLI004464,cellular,may,mon,1,999,0,nonexistent,-1.8,92.893,-46.2,1.299,5099.1,No,57,technician,married,high.school,No,No,Sí
CLI004465,telephone,may,fri,3,999,0,nonexistent,1.1,93.994,-36.4,4.859,5191.0,No,48,technician,married,,Desconocido,Sí,No
CLI004466,cellular,nov,wed,2,3,6,success,-1.1,94.767,-50.8,1.048,4963.6,No,31,admin.,single,university.degree,No,No,Sí
CLI004467,telephone,jun,mon,2,999,0,nonexistent,1.4,94.465,-41.8,4.865,5228.1,No,39,admin.,single,university.degree,No,Sí,Sí
CLI004468,telephone,may,tue,4,999,0,nonexistent,1.1,93.994,-36.4,4.857,5191.0,No,35,entrepreneur,married,high.school,No,No,No
CLI004469,cellular,nov,mon,2,999,0,nonexistent,-0.1,93.2,-42.0,4.191,5195.8,No,51,technician,married,high.school,No,No,No
CLI004470,cellular,may,wed,6,999,0,nonexistent,-1.8,92.893,-46.2,1.334,5099.1,No,45,entrepreneur,married,university.degree,No,No,No
CLI004471,cellular,aug,wed,2,999,0,nonexistent,1.4,93.444,-36.1,4.964,5228.1,No,40,admin.,married,university.degree,No,Sí,No
CLI004472,cellular,may,wed,2,999,0,nonexistent,-1.8,92.893,-46.2,1.281,5099.1,No,33,self-employed,single,university.degree,No,No,No
CLI004473,cellular,aug,tue,1,999,0,nonexistent,1.4,93.444,-36.1,4.968,5228.1,No,48,blue-collar,married,basic.9y,Desconocido,No,No
CLI004474,telephone,may,fri,4,999,0,nonexistent,-1.8,92.893,-46.2,1.25,5099.1,Sí,45,entrepreneur,divorced,university.degree,No,No,No
CLI004475,telephone,jun,thu,1,999,0,nonexistent,1.4,94.465,-41.8,4.961,5228.1,No,34,blue-collar,married,basic.6y,No,Sí,Sí
CLI004476,telephone,may,thu,1,999,0,nonexistent,-1.8,93.876,-40.0,0.699,5008.7,No,43,blue-collar,single,high.school,No,No,Sí
CLI004477,cellular,nov,thu,2,999,0,nonexistent,-0.1,93.2,-42.0,4.076,5195.8,No,31,technician,married,professional.course,No,Sí,No
CLI004478,telephone,jun,tue,2,999,0,nonexistent,1.4,94.465,-41.8,4.864,5228.1,No,48,admin.,divorced,university.degree,No,No,No
CLI004479,cellular,may,tue,1,999,1,failure,-1.8,92.893,-46.2,1.344,5099.1,No,54,management,married,university.degree,No,Sí,Sí
CLI004480,cellular,nov,thu,2,999,0,nonexistent,-0.1,93.2,-42.0,4.076,5195.8,No,30,technician,single,university.degree,No,No,No
CLI004481,cellular,aug,tue,8,999,0,nonexistent,1.4,93.444,-36.1,4.963,5228.1,No,60,retired,married,basic.4y,Desconocido,Sí,Sí
CLI004482,cellular,jul,thu,1,999,0,nonexistent,-2.9,92.469,-33.6,1.072,5076.2,No,60,housemaid,married,basic.4y,No,Sí,No
CLI004483,cellular,may,mon,1,999,0,nonexistent,-1.8,92.893,-46.2,1.244,5099.1,No,31,admin.,married,university.degree,No,Sí,Sí
CLI004484,telephone,jul,tue,3,999,0,nonexistent,1.4,93.918,-42.7,4.962,5228.1,No,33,blue-collar,single,basic.9y,No,Sí,Sí
CLI004485,telephone,jun,fri,2,999,0,nonexistent,1.4,94.465,-41.8,4.959,5228.1,No,35,technician,married,professional.course,No,Sí,No
CLI004486,cellular,nov,mon,1,999,1,failure,-0.1,93.2,-42.0,4.191,5195.8,No,29,admin.,married,high.school,No,Sí,Sí
CLI004487,telephone,may,wed,8,999,0,nonexistent,1.1,93.994,-36.4,4.857,5191.0,No,31,admin.,single,university.degree,No,No,No
CLI004488,telephone,may,tue,1,999,0,nonexistent,1.1,93.994,-36.4,4.856,5191.0,No,34,technician,married,professional.course,No,No,
CLI004489,telephone,jun,mon,2,999,0,nonexistent,1.4,94.465,-41.8,4.961,5228.1,No,43,admin.,single,high.school,No,No,No
CLI004490,telephone,may,wed,1,999,0,nonexistent,1.1,93.994,-36.4,4.858,5191.0,No,33,technician,divorced,professional.course,No,Sí,No
CLI004491,telephone,may,mon,5,999,0,nonexistent,1.1,93.994,-36.4,4.857,5191.0,No,39,blue-collar,married,basic.9y,No,No,No
CLI004492,cellular,nov,wed,1,999,0,nonexistent,-0.1,93.2,-42.0,4.12,5195.8,No,36,blue-collar,married,basic.6y,No,Sí,No
CLI004493,telephone,may,mon,3,999,0,nonexistent,1.1,93.994,-36.4,4.857,5191.0,No,30,services,married,professional.course,Desconocido,No,No
CLI004494,cellular,jul,wed,3,999,0,nonexistent,1.4,93.918,-42.7,4.963,5228.1,No,42,technician,married,basic.9y,Desconocido,Sí,No
CLI004495,telephone,may,fri,3,999,0,nonexistent,1.1,93.994,-36.4,4.859,5191.0,No,41,blue-collar,married,basic.4y,Desconocido,No,No
CLI004496,cellular,aug,thu,4,999,0,nonexistent,1.4,93.444,-36.1,4.962,5228.1,No,43,technician,married,university.degree,No,Sí,No
CLI004497,cellular,may,mon,1,999,0,nonexistent,-1.8,92.893,-46.2,1.244,5099.1,No,37,technician,married,high.school,No,No,No
CLI004498,cellular,jul,tue,1,999,0,nonexistent,1.4,93.918,-42.7,4.962,5228.1,No,28,services,married,high.school,No,No,No
CLI004499,telephone,may,wed,18,999,0,nonexistent,1.1,93.994,-36.4,4.857,5191.0,No,43,blue-collar,married,basic.9y,No,No,No
CLI004500,cellular,may,tue,1,999,1,failure,-1.8,92.893,-46.2,1.344,5099.1,No,51,admin.,married,basic.4y,Desconocido,No,No
CLI004501,cellular,jul,wed,2,999,0,nonexistent,1.4,93.918,-42.7,4.962,5228.1,No,53,admin.,divorced,university.degree,No,Sí,No
CLI004502,cellular,may,fri,1,12,1,success,-1.8,92.893,-46.2,1.25,5099.1,No,39,technician,married,Desconocido,No,Sí,Sí
CLI004503,telephone,may,mon,3,999,0,nonexistent,1.1,93.994,-36.4,4.857,5191.0,No,37,technician,married,basic.9y,Desconocido,Sí,No
CLI004504,telephone,jun,wed,10,999,0,nonexistent,1.4,94.465,-41.8,4.959,5228.1,No,53,blue-collar,married,basic.9y,Desconocido,No,No
CLI004505,telephone,may,fri,2,999,0,nonexistent,1.1,93.994,-36.4,4.857,5191.0,No,59,technician,divorced,university.degree,No,No,No
CLI004506,cellular,nov,fri,1,999,0,nonexistent,-0.1,93.2,-42.0,4.021,5195.8,No,40,management,married,university.degree,No,No,No
CLI004507,telephone,may,mon,2,999,0,nonexistent,1.1,93.994,-36.4,4.857,5191.0,No,57,blue-collar,married,basic.4y,No,No,No
CLI004508,cellular,nov,thu,2,999,0,nonexistent,-0.1,93.2,-42.0,4.076,5195.8,No,35,admin.,single,university.degree,No,Sí,No
CLI004509,telephone,may,thu,2,999,0,nonexistent,1.1,93.994,-36.4,4.86,5191.0,No,38,blue-collar,married,basic.6y,No,Sí,No
CLI004510,telephone,jun,tue,3,999,0,nonexistent,1.4,94.465,-41.8,4.961,5228.1,No,28,admin.,married,high.school,No,Sí,No
CLI004511,cellular,oct,fri,1,999,0,nonexistent,-3.4,92.431,-26.9,0.73,5017.5,No,37,blue-collar,married,basic.6y,No,Desconocido,Desconocido
CLI004512,telephone,jun,thu,1,999,0,nonexistent,1.4,94.465,-41.8,4.961,5228.1,No,31,technician,single,university.degree,No,No,No
CLI004513,telephone,may,thu,2,999,0,nonexistent,1.1,93.994,-36.4,4.86,5191.0,No,44,blue-collar,divorced,basic.6y,Desconocido,Sí,No
CLI004514,cellular,aug,tue,3,999,0,nonexistent,1.4,93.444,-36.1,4.965,5228.1,No,46,services,married,high.school,No,,No
CLI004515,cellular,nov,thu,1,7,2,success,-3.4,92.649,-30.1,0.714,5017.5,Sí,34,admin.,single,university.degree,No,No,No
CLI004516,telephone,jun,wed,1,999,0,nonexistent,1.4,94.465,-41.8,4.962,5228.1,No,57,unemployed,married,basic.9y,No,Sí,No
CLI004517,cellular,aug,mon,3,999,0,nonexistent,1.4,93.444,-36.1,4.965,5228.1,No,50,admin.,married,university.degree,No,Sí,No
CLI004518,cellular,nov,wed,1,999,1,failure,-0.1,93.2,-42.0,4.12,5195.8,No,37,management,divorced,university.degree,No,Sí,No
CLI004519,cellular,jul,mon,3,999,0,nonexistent,1.4,93.918,-42.7,4.962,5228.1,No,27,services,single,high.school,No,No,No
CLI004521,cellular,jul,mon,5,999,0,nonexistent,1.4,93.918,-42.7,4.962,5228.1,No,38,technician,married,university.degree,No,Sí,No
CLI004522,telephone,jun,thu,9,999,0,nonexistent,1.4,94.465,-41.8,4.961,5228.1,No,46,admin.,divorced,university.degree,No,Sí,No
CLI004523,telephone,jun,mon,3,999,0,nonexistent,1.4,94.465,-41.8,4.865,5228.1,No,35,admin.,married,high.school,No,Sí,Sí
CLI004524,cellular,aug,tue,5,999,0,nonexistent,1.4,93.444,-36.1,4.966,5228.1,No,37,admin.,married,university.degree,Desconocido,Sí,No
CLI004525,telephone,may,mon,2,999,0,nonexistent,1.1,93.994,-36.4,4.857,5191.0,No,38,management,married,university.degree,No,,No
CLI004526,cellular,mar,wed,2,999,0,nonexistent,-1.8,92.843,-50.0,1.663,5099.1,No,88,retired,divorced,basic.4y,No,Sí,Sí
CLI004527,telephone,may,tue,5,999,0,nonexistent,1.1,93.994,-36.4,4.857,5191.0,No,60,retired,divorced,basic.4y,Desconocido,Sí,No
CLI004528,cellular,nov,tue,2,999,2,failure,-3.4,92.649,-30.1,0.72,5017.5,No,40,admin.,divorced,university.degree,No,No,No
CLI004529,cellular,nov,mon,1,999,0,nonexistent,-0.1,93.2,-42.0,4.191,5195.8,No,37,technician,single,professional.course,No,Sí,No
CLI004530,cellular,jul,wed,13,999,0,nonexistent,1.4,93.918,-42.7,4.963,5228.1,No,24,admin.,married,university.degree,No,Sí,Sí
CLI004531,cellular,jul,thu,3,999,0,nonexistent,1.4,93.918,-42.7,4.958,5228.1,No,24,technician,single,basic.6y,No,No,No
CLI004532,telephone,jun,mon,1,999,0,nonexistent,1.4,94.465,-41.8,4.961,5228.1,No,36,technician,married,professional.course,No,No,No
CLI004533,cellular,may,wed,1,999,0,nonexistent,-1.8,92.893,-46.2,1.334,5099.1,No,44,blue-collar,married,basic.6y,No,Sí,No
CLI004534,cellular,may,tue,5,999,0,nonexistent,-1.8,92.893,-46.2,1.291,5099.1,No,36,admin.,married,high.school,No,Sí,
CLI004535,telephone,nov,thu,2,999,0,nonexistent,-0.1,93.2,-42.0,4.076,5195.8,Sí,32,blue-collar,divorced,basic.9y,No,Sí,No
CLI004536,cellular,aug,mon,1,999,0,nonexistent,1.4,93.444,-36.1,4.965,5228.1,No,45,admin.,married,university.degree,No,Sí,No
CLI004537,telephone,nov,fri,1,999,0,nonexistent,-3.4,92.649,-30.1,0.714,5017.5,No,63,retired,married,Desconocido,No,No,No
CLI004538,telephone,jun,fri,1,999,0,nonexistent,1.4,94.465,-41.8,4.967,5228.1,No,42,services,married,professional.course,No,No,No
CLI004539,cellular,jul,tue,1,999,0,nonexistent,1.4,93.918,-42.7,4.962,5228.1,No,26,entrepreneur,married,professional.course,No,Sí,No
CLI004540,cellular,aug,thu,3,999,0,nonexistent,1.4,93.444,-36.1,4.963,5228.1,No,52,technician,married,professional.course,Desconocido,No,No
CLI004541,telephone,nov,mon,2,999,1,failure,-0.1,93.2,-42.0,4.191,5195.8,No,42,entrepreneur,married,high.school,No,Sí,No
CLI004542,cellular,nov,fri,1,999,1,failure,-0.1,93.2,-42.0,4.021,5195.8,No,49,technician,married,basic.4y,No,No,No
CLI004543,telephone,jun,thu,31,999,0,nonexistent,1.4,94.465,-41.8,4.866,5228.1,No,35,technician,married,professional.course,No,Sí,No
CLI004544,cellular,may,mon,2,999,0,nonexistent,-1.8,92.893,-46.2,1.244,5099.1,No,41,admin.,single,high.school,No,No,No
CLI004545,cellular,jul,thu,5,999,0,nonexistent,1.4,93.918,-42.7,4.968,5228.1,No,30,services,single,high.school,No,Sí,No
CLI004546,telephone,may,fri,1,999,0,nonexistent,1.1,93.994,-36.4,4.855,5191.0,No,39,blue-collar,married,basic.6y,No,Sí,No
CLI004547,cellular,apr,mon,1,999,0,nonexistent,-1.8,93.075,-47.1,1.405,5099.1,No,34,services,single,basic.6y,No,Sí,No
CLI004548,cellular,jul,tue,4,999,0,nonexistent,1.4,93.918,-42.7,4.961,5228.1,No,57,admin.,married,professional.course,No,Sí,No
CLI004549,cellular,aug,mon,5,999,0,nonexistent,1.4,93.444,-36.1,4.965,5228.1,No,32,unemployed,married,university.degree,No,Sí,No
CLI004550,cellular,nov,mon,1,999,1,failure,-0.1,93.2,-42.0,4.191,5195.8,No,42,technician,divorced,professional.course,No,No,No
CLI004551,cellular,jun,tue,1,999,0,nonexistent,-2.9,92.963,-40.8,1.099,5076.2,Sí,33,housemaid,married,university.degree,No,No,No
CLI004552,telephone,may,wed,2,999,0,nonexistent,1.1,93.994,-36.4,4.856,5191.0,No,51,admin.,married,university.degree,No,No,No
CLI004553,telephone,may,fri,3,999,0,nonexistent,1.1,93.994,-36.4,4.857,5191.0,No,48,housemaid,divorced,basic.4y,Desconocido,No,Sí
CLI004554,cellular,aug,wed,1,999,0,nonexistent,1.4,93.444,-36.1,4.964,5228.1,No,42,admin.,single,high.school,No,Sí,No
CLI004555,telephone,may,wed,1,999,0,nonexistent,1.1,93.994,-36.4,4.859,5191.0,No,28,services,single,high.school,No,No,No
CLI004556,cellular,aug,thu,5,999,0,nonexistent,1.4,93.444,-36.1,4.962,5228.1,No,50,admin.,married,basic.9y,No,Sí,No
CLI004557,telephone,jul,mon,3,999,0,nonexistent,1.4,93.918,-42.7,4.96,5228.1,No,37,technician,single,professional.course,No,No,No
CLI004558,telephone,jun,mon,1,999,0,nonexistent,1.4,94.465,-41.8,4.961,5228.1,No,34,admin.,married,high.school,No,No,No
CLI004559,telephone,may,mon,1,999,0,nonexistent,1.1,93.994,-36.4,4.857,5191.0,No,59,admin.,married,professional.course,No,No,No
CLI004560,cellular,aug,fri,1,999,0,nonexistent,1.4,93.444,-36.1,4.964,5228.1,No,44,admin.,married,high.school,No,Sí,No
CLI004561,cellular,jun,wed,3,3,2,success,-2.9,92.963,-40.8,1.244,5076.2,Sí,29,unemployed,single,basic.4y,No,No,Sí
CLI004562,cellular,jun,mon,3,999,0,nonexistent,-2.9,92.963,-40.8,1.266,5076.2,No,37,services,single,high.school,No,Sí,No
CLI004563,cellular,jul,tue,6,999,0,nonexistent,1.4,93.918,-42.7,4.961,5228.1,No,35,blue-collar,single,basic.9y,No,Sí,No
CLI004564,cellular,aug,wed,2,999,0,nonexistent,1.4,93.444,-36.1,4.964,5228.1,No,40,technician,single,professional.course,No,No,No
CLI004565,telephone,may,mon,2,999,0,nonexistent,1.1,93.994,-36.4,4.857,5191.0,No,42,technician,single,basic.9y,No,No,No
CLI004566,cellular,apr,thu,4,999,0,nonexistent,-1.8,93.749,-34.6,0.644,5008.7,No,44,admin.,married,high.school,No,Sí,No
CLI004567,telephone,may,wed,4,999,1,failure,-1.8,92.893,-46.2,1.281,5099.1,No,26,student,single,high.school,No,Sí,Sí
CLI004568,cellular,may,tue,2,999,1,failure,-1.8,92.893,-46.2,1.344,5099.1,No,34,admin.,married,university.degree,No,Sí,No
CLI004569,cellular,jul,thu,1,999,0,nonexistent,1.4,93.918,-42.7,4.962,5228.1,No,52,services,married,high.school,Desconocido,Sí,Sí
CLI004570,cellular,may,thu,1,999,0,nonexistent,-1.8,92.893,-46.2,1.266,5099.1,No,30,admin.,married,basic.6y,No,Sí,No
CLI004571,telephone,may,thu,1,999,0,nonexistent,1.1,93.994,-36.4,4.855,5191.0,No,33,blue-collar,divorced,basic.6y,Desconocido,Sí,No
CLI004572,telephone,jul,thu,3,999,1,failure,-1.7,94.215,-40.3,0.899,4991.6,Sí,34,admin.,divorced,,No,Sí,No
CLI004573,telephone,may,wed,3,999,0,nonexistent,1.1,93.994,-36.4,4.858,5191.0,No,33,unemployed,married,basic.9y,No,Sí,No
CLI004574,telephone,may,mon,7,999,0,nonexistent,1.1,93.994,-36.4,4.858,5191.0,No,51,admin.,single,university.degree,No,No,No
CLI004575,cellular,jul,thu,2,999,0,nonexistent,1.4,93.918,-42.7,4.958,5228.1,No,25,admin.,single,university.degree,No,Sí,No
CLI004576,cellular,jul,fri,2,999,0,nonexistent,1.4,93.918,-42.7,4.963,5228.1,No,33,services,married,high.school,No,No,No
CLI004577,cellular,apr,wed,1,999,1,failure,-1.8,93.075,-47.1,1.445,5099.1,No,39,blue-collar,married,basic.9y,No,Sí,No
CLI004578,cellular,aug,thu,1,999,0,nonexistent,1.4,93.444,-36.1,4.963,5228.1,No,29,technician,single,high.school,No,Sí,No
CLI004579,telephone,may,thu,1,999,0,nonexistent,1.1,93.994,-36.4,4.86,5191.0,No,35,services,married,basic.6y,No,Sí,No
CLI004581,telephone,jun,fri,3,999,0,nonexistent,1.4,94.465,-41.8,4.967,5228.1,No,41,blue-collar,married,basic.4y,Desconocido,No,No
CLI004582,cellular,aug,mon,5,999,0,nonexistent,1.4,93.444,-36.1,4.963,5228.1,No,50,blue-collar,married,basic.4y,No,No,No
CLI004583,cellular,may,wed,1,999,0,nonexistent,-1.8,92.893,-46.2,1.27,5099.1,No,61,blue-collar,married,basic.4y,No,No,No
CLI004584,telephone,may,tue,9,999,0,nonexistent,1.1,93.994,-36.4,4.856,5191.0,No,27,blue-collar,married,basic.4y,Desconocido,No,No
CLI004585,cellular,aug,thu,1,999,0,nonexistent,1.4,93.444,-36.1,4.968,5228.1,No,33,technician,single,professional.course,No,No,No
CLI004586,cellular,aug,fri,1,999,1,failure,-2.9,92.201,-31.4,0.849,5076.2,No,64,retired,married,university.degree,No,No,No
CLI004587,telephone,may,thu,1,999,0,nonexistent,1.1,93.994,-36.4,4.86,5191.0,No,37,technician,single,professional.course,No,No,No
CLI004588,cellular,mar,fri,2,999,1,failure,-1.8,93.369,-34.8,0.649,5008.7,No,33,admin.,married,university.degree,No,No,No
CLI004589,cellular,aug,wed,2,999,0,nonexistent,1.4,93.444,-36.1,4.964,5228.1,No,52,admin.,divorced,university.degree,Desconocido,No,No
CLI004590,cellular,may,fri,4,999,1,failure,-1.8,92.893,-46.2,1.25,5099.1,No,33,blue-collar,married,basic.6y,Desconocido,Sí,Sí
CLI004591,telephone,nov,mon,1,999,0,nonexistent,-0.1,93.2,-42.0,4.191,5195.8,No,38,management,married,university.degree,No,Sí,No
CLI004592,telephone,jun,tue,2,999,0,nonexistent,1.4,94.465,-41.8,4.961,5228.1,No,38,admin.,married,university.degree,No,No,No
CLI004593,telephone,apr,fri,2,999,0,nonexistent,-1.8,93.075,-47.1,1.405,5099.1,No,26,technician,single,professional.course,No,Sí,No
CLI004594,cellular,nov,wed,1,999,0,nonexistent,-0.1,93.2,-42.0,4.12,5195.8,No,32,technician,married,university.degree,No,Sí,No
CLI004595,telephone,jun,thu,6,999,0,nonexistent,1.4,94.465,-41.8,4.961,5228.1,No,27,admin.,married,university.degree,No,Desconocido,Desconocido
CLI004596,telephone,may,wed,2,999,0,nonexistent,1.1,93.994,-36.4,4.857,5191.0,No,42,technician,single,basic.9y,No,Sí,No
CLI004597,cellular,jun,mon,2,999,0,nonexistent,-2.9,92.963,-40.8,1.215,5076.2,No,55,blue-collar,married,basic.9y,No,No,No
CLI004598,telephone,jun,wed,1,999,0,nonexistent,1.4,94.465,-41.8,4.864,5228.1,Sí,52,retired,married,basic.4y,No,No,No
CLI004599,cellular,may,tue,1,999,1,failure,-1.8,92.893,-46.2,1.266,5099.1,No,49,admin.,single,university.degree,No,No,No
CLI004600,cellular,jul,tue,2,999,0,nonexistent,1.4,93.918,-42.7,4.961,5228.1,No,46,admin.,single,university.degree,No,No,No
CLI004601,telephone,may,fri,1,999,0,nonexistent,1.1,93.994,-36.4,4.857,5191.0,No,53,blue-collar,married,basic.9y,No,No,Sí
CLI004602,telephone,may,thu,2,999,0,nonexistent,1.1,93.994,-36.4,4.86,5191.0,No,29,services,married,high.school,No,Sí,Sí
CLI004603,cellular,apr,tue,2,999,2,failure,-1.8,93.075,-47.1,1.423,5099.1,No,31,blue-collar,single,Desconocido,No,No,No
CLI004604,cellular,aug,wed,1,999,0,nonexistent,1.4,93.444,-36.1,4.964,5228.1,No,54,admin.,divorced,university.degree,No,,Sí
CLI004605,cellular,jul,tue,2,999,0,nonexistent,1.4,93.918,-42.7,4.961,5228.1,No,47,housemaid,married,basic.4y,Desconocido,No,No
CLI004606,cellular,nov,mon,2,999,1,failure,-0.1,93.2,-42.0,4.191,5195.8,No,36,unemployed,divorced,high.school,No,No,No
CLI004607,cellular,may,thu,1,999,1,failure,-1.8,92.893,-46.2,1.327,5099.1,No,51,services,divorced,basic.6y,No,No,Sí
CLI004608,telephone,may,mon,1,999,0,nonexistent,1.1,93.994,-36.4,4.858,5191.0,No,28,blue-collar,married,basic.6y,No,No,No
CLI004609,cellular,jul,thu,1,999,0,nonexistent,1.4,93.918,-42.7,4.968,5228.1,No,27,blue-collar,single,basic.4y,No,No,Sí
CLI004610,telephone,may,tue,1,999,0,nonexistent,1.1,93.994,-36.4,4.856,5191.0,No,48,technician,married,high.school,No,No,No
CLI004611,telephone,may,fri,2,999,0,nonexistent,1.1,93.994,-36.4,4.864,5191.0,Sí,37,blue-collar,married,high.school,No,No,No
CLI004612,cellular,mar,mon,1,999,0,nonexistent,-1.8,92.843,-50.0,1.56,5099.1,No,27,unemployed,single,university.degree,No,Sí,No
CLI004613,cellular,may,thu,9,999,0,nonexistent,-1.8,92.893,-46.2,1.27,5099.1,Sí,24,management,single,university.degree,No,Sí,No
CLI004614,cellular,mar,wed,2,999,0,nonexistent,-1.8,92.843,-50.0,1.548,5099.1,Sí,28,admin.,single,university.degree,No,No,No
CLI004615,telephone,may,wed,2,999,0,nonexistent,-1.8,92.893,-46.2,1.334,5099.1,No,37,blue-collar,married,basic.9y,Desconocido,No,No
CLI004616,telephone,may,thu,2,999,0,nonexistent,1.1,93.994,-36.4,4.855,5191.0,No,50,technician,married,,Desconocido,Sí,No
CLI004617,telephone,may,fri,1,999,0,nonexistent,1.1,93.994,-36.4,4.864,5191.0,No,58,blue-collar,married,basic.4y,Desconocido,,Sí
CLI004618,telephone,jun,tue,8,999,0,nonexistent,1.4,94.465,-41.8,4.864,5228.1,No,46,housemaid,divorced,basic.6y,No,Sí,No
CLI004619,cellular,may,mon,3,999,0,nonexistent,-1.8,92.893,-46.2,1.244,5099.1,No,48,blue-collar,married,basic.4y,No,Sí,No
CLI004620,cellular,aug,wed,1,999,0,nonexistent,1.4,93.444,-36.1,4.964,5228.1,No,53,admin.,married,university.degree,No,Sí,Sí
CLI004621,cellular,jul,mon,4,999,0,nonexistent,1.4,93.918,-42.7,4.962,5228.1,No,26,admin.,single,high.school,No,No,No
CLI004622,telephone,may,thu,2,999,0,nonexistent,1.1,93.994,-36.4,4.86,5191.0,No,39,admin.,single,high.school,Desconocido,No,No
CLI004623,telephone,jun,wed,1,999,0,nonexistent,1.4,94.465,-41.8,4.864,5228.1,No,32,admin.,single,university.degree,No,No,Sí
CLI004624,telephone,nov,wed,1,999,0,nonexistent,-0.1,93.2,-42.0,3.901,5195.8,No,38,technician,married,professional.course,No,Sí,Sí
CLI004625,telephone,may,wed,3,999,0,nonexistent,1.1,93.994,-36.4,4.857,5191.0,No,35,services,divorced,professional.course,No,Sí,Sí
CLI004626,telephone,may,mon,3,999,0,nonexistent,1.1,93.994,-36.4,4.858,5191.0,No,36,technician,married,university.degree,No,Sí,No
CLI004627,telephone,jun,mon,2,999,0,nonexistent,1.4,94.465,-41.8,4.961,5228.1,No,47,entrepreneur,married,university.degree,No,Sí,No
CLI004628,cellular,may,fri,1,999,1,failure,-1.8,92.893,-46.2,1.313,5099.1,No,37,services,single,professional.course,No,No,No
CLI004629,cellular,may,thu,2,999,0,nonexistent,-1.8,92.893,-46.2,1.27,5099.1,No,28,technician,single,university.degree,No,No,No
CLI004630,cellular,jun,wed,2,6,2,success,-1.7,94.055,-39.8,0.715,4991.6,Sí,28,services,married,high.school,No,No,Sí
CLI004631,cellular,aug,fri,2,999,0,nonexistent,1.4,93.444,-36.1,4.966,5228.1,No,41,technician,married,university.degree,No,No,Sí
CLI004632,cellular,nov,thu,2,999,0,nonexistent,-0.1,93.2,-42.0,4.076,5195.8,No,43,entrepreneur,married,high.school,Desconocido,No,Sí
CLI004633,cellular,nov,wed,2,3,3,success,-3.4,92.649,-30.1,0.715,5017.5,Sí,20,student,single,high.school,No,No,No
CLI004634,telephone,may,tue,1,999,0,nonexistent,1.1,93.994,-36.4,4.857,5191.0,No,30,services,married,high.school,Desconocido,Sí,Sí
CLI004635,cellular,jul,mon,1,999,0,nonexistent,1.4,93.918,-42.7,4.96,5228.1,No,42,blue-collar,married,basic.4y,No,No,No
CLI004636,cellular,jul,tue,2,999,0,nonexistent,-2.9,92.469,-33.6,1.044,5076.2,No,44,technician,single,professional.course,No,Sí,No
CLI004637,telephone,may,fri,2,999,0,nonexistent,1.1,93.994,-36.4,4.855,5191.0,No,45,admin.,divorced,basic.9y,Desconocido,No,No
CLI004638,cellular,aug,fri,2,999,0,nonexistent,1.4,93.444,-36.1,4.963,5228.1,No,55,retired,married,basic.9y,No,Sí,No
CLI004639,telephone,may,tue,4,999,0,nonexistent,1.1,93.994,-36.4,4.856,5191.0,No,51,self-employed,married,professional.course,Desconocido,Sí,Sí
CLI004640,telephone,nov,thu,4,999,0,nonexistent,-0.1,93.2,-42.0,4.076,5195.8,No,34,blue-collar,married,basic.9y,No,Sí,Sí
CLI004641,cellular,apr,thu,2,999,0,nonexistent,-1.8,93.075,-47.1,1.41,5099.1,No,34,blue-collar,married,basic.4y,Desconocido,Sí,No
CLI004642,telephone,may,thu,2,999,0,nonexistent,1.1,93.994,-36.4,4.855,5191.0,No,48,technician,married,professional.course,No,Sí,No
CLI004643,cellular,jun,tue,2,999,0,nonexistent,-2.9,92.963,-40.8,1.262,5076.2,Sí,41,technician,married,professional.course,No,No,No
CLI004644,telephone,jun,thu,1,999,0,nonexistent,1.4,94.465,-41.8,4.961,5228.1,No,28,blue-collar,single,high.school,No,No,No
CLI004645,cellular,jul,thu,1,999,0,nonexistent,1.4,93.918,-42.7,4.963,5228.1,No,54,blue-collar,divorced,basic.4y,Desconocido,No,No
CLI004646,cellular,jul,thu,1,999,0,nonexistent,1.4,93.918,-42.7,4.963,5228.1,No,31,admin.,married,high.school,No,Sí,No
CLI004647,cellular,may,tue,1,999,1,failure,-1.8,92.893,-46.2,1.291,5099.1,No,36,blue-collar,married,basic.4y,No,No,No
CLI004648,telephone,jun,tue,1,999,0,nonexistent,1.4,94.465,-41.8,4.961,5228.1,No,57,housemaid,married,basic.6y,Desconocido,No,No
CLI004649,cellular,jul,wed,1,999,0,nonexistent,1.4,93.918,-42.7,4.962,5228.1,No,32,blue-collar,married,basic.4y,Desconocido,No,No
CLI004650,telephone,may,wed,1,999,0,nonexistent,1.1,93.994,-36.4,4.857,5191.0,No,35,blue-collar,married,Desconocido,No,No,No
CLI004651,cellular,apr,mon,1,999,1,failure,-1.8,93.075,-47.1,1.466,5099.1,No,40,services,married,Desconocido,Desconocido,No,No
CLI004652,cellular,aug,thu,1,999,0,nonexistent,1.4,93.444,-36.1,4.968,5228.1,No,32,technician,single,university.degree,No,No,No
CLI004653,telephone,may,tue,1,999,0,nonexistent,1.1,93.994,-36.4,4.856,5191.0,No,35,blue-collar,divorced,basic.9y,No,No,Sí
CLI004654,cellular,jul,tue,3,999,0,nonexistent,1.4,93.918,-42.7,4.961,5228.1,No,56,retired,married,university.degree,Desconocido,No,No
CLI004655,telephone,jun,mon,1,999,0,nonexistent,1.4,94.465,-41.8,4.865,5228.1,No,34,services,single,professional.course,Desconocido,Sí,No
CLI004656,cellular,nov,thu,1,999,0,nonexistent,-0.1,93.2,-42.0,4.076,5195.8,Sí,32,unemployed,married,high.school,No,Sí,No
CLI004657,telephone,jun,mon,1,999,0,nonexistent,1.4,94.465,-41.8,4.961,5228.1,No,45,blue-collar,married,basic.9y,No,Sí,No
CLI004658,telephone,may,wed,2,999,0,nonexistent,1.1,93.994,-36.4,4.857,5191.0,No,39,blue-collar,married,basic.9y,Desconocido,No,No
CLI004659,cellular,jul,mon,3,999,0,nonexistent,1.4,93.918,-42.7,4.962,5228.1,No,26,blue-collar,single,high.school,No,Sí,No
CLI004660,telephone,may,wed,1,999,0,nonexistent,1.1,93.994,-36.4,4.857,5191.0,No,49,blue-collar,married,basic.4y,Desconocido,No,No
CLI004661,cellular,aug,fri,1,999,0,nonexistent,1.4,93.444,-36.1,4.963,5228.1,No,45,admin.,married,high.school,No,No,No
CLI004662,telephone,jul,tue,2,999,0,nonexistent,1.4,93.918,-42.7,4.955,5228.1,No,40,admin.,married,high.school,No,No,Sí
CLI004663,cellular,apr,wed,1,999,0,nonexistent,-1.8,93.075,-47.1,1.415,5099.1,No,32,admin.,single,high.school,No,Sí,Sí
CLI004664,telephone,may,fri,3,999,0,nonexistent,1.1,93.994,-36.4,4.857,5191.0,No,28,admin.,married,university.degree,No,Sí,No
CLI004665,cellular,jul,thu,17,999,0,nonexistent,1.4,93.918,-42.7,4.958,5228.1,No,26,blue-collar,single,basic.9y,No,Sí,No
CLI004666,telephone,oct,tue,1,999,1,failure,-0.1,93.798,-40.4,4.968,5195.8,No,38,blue-collar,single,Desconocido,No,Sí,No
CLI004667,cellular,aug,wed,2,999,0,nonexistent,1.4,93.444,-36.1,4.964,5228.1,No,53,management,married,university.degree,No,No,No
CLI004668,telephone,may,tue,2,999,0,nonexistent,1.1,93.994,-36.4,4.856,5191.0,No,39,services,married,high.school,No,No,No
CLI004669,cellular,aug,mon,2,999,0,nonexistent,1.4,93.444,-36.1,4.965,5228.1,No,35,technician,single,professional.course,No,Sí,No
CLI004670,cellular,aug,wed,1,999,0,nonexistent,1.4,93.444,-36.1,4.965,5228.1,No,29,technician,married,university.degree,No,No,No
CLI004671,telephone,may,fri,2,999,0,nonexistent,1.1,93.994,-36.4,4.864,5191.0,No,28,blue-collar,married,basic.9y,No,No,No
CLI004672,cellular,jun,mon,2,999,0,nonexistent,-2.9,92.963,-40.8,1.26,5076.2,No,34,blue-collar,married,basic.4y,No,Sí,No
CLI004673,cellular,aug,tue,1,999,0,nonexistent,1.4,93.444,-36.1,4.968,5228.1,No,37,admin.,married,university.degree,No,Sí,No
CLI004674,cellular,jul,fri,1,999,0,nonexistent,1.4,93.918,-42.7,4.957,5228.1,No,29,services,single,university.degree,No,Sí,No
CLI004675,cellular,may,tue,2,999,1,failure,-1.8,92.893,-46.2,1.291,5099.1,No,33,blue-collar,married,basic.6y,No,Sí,No
CLI004676,telephone,jun,mon,1,999,0,nonexistent,1.4,94.465,-41.8,4.961,5228.1,No,29,admin.,married,high.school,No,No,No
CLI004677,telephone,may,thu,2,999,0,nonexistent,1.1,93.994,-36.4,4.86,5191.0,No,31,admin.,married,high.school,Desconocido,Sí,No
CLI004678,telephone,may,tue,2,999,0,nonexistent,-1.8,92.893,-46.2,1.344,5099.1,No,36,admin.,divorced,high.school,No,Sí,No
CLI004679,cellular,may,fri,4,999,0,nonexistent,-1.8,92.893,-46.2,1.313,5099.1,No,29,blue-collar,married,basic.9y,No,No,No
CLI004680,cellular,aug,fri,2,999,0,nonexistent,1.4,93.444,-36.1,4.963,5228.1,No,36,admin.,single,university.degree,No,No,Sí
CLI004681,cellular,aug,wed,2,999,0,nonexistent,-2.9,92.201,-31.4,0.879,5076.2,No,62,management,married,university.degree,No,Sí,Sí
CLI004682,telephone,may,thu,1,999,0,nonexistent,1.1,93.994,-36.4,4.855,5191.0,No,35,entrepreneur,married,university.degree,No,Sí,Sí
CLI004683,cellular,aug,fri,1,999,0,nonexistent,1.4,93.444,-36.1,4.964,5228.1,No,33,unemployed,married,university.degree,No,No,No
CLI004684,cellular,jul,tue,1,999,0,nonexistent,1.4,93.918,-42.7,4.961,5228.1,No,35,services,single,,Desconocido,Sí,Sí
CLI004685,telephone,jun,thu,3,999,0,nonexistent,1.4,94.465,-41.8,4.955,5228.1,No,55,technician,Desconocido,Desconocido,Desconocido,No,No
CLI004686,cellular,apr,fri,1,6,1,success,-1.8,93.749,-34.6,0.663,5008.7,Sí,36,blue-collar,married,Desconocido,No,No,No
CLI004687,cellular,nov,thu,1,999,0,nonexistent,-0.1,93.2,-42.0,4.076,5195.8,No,39,management,married,Desconocido,No,No,No
CLI004688,cellular,aug,thu,1,999,0,nonexistent,1.4,93.444,-36.1,4.968,5228.1,No,39,admin.,single,high.school,No,Desconocido,Desconocido
CLI004689,cellular,jul,thu,1,999,0,nonexistent,1.4,93.918,-42.7,4.963,5228.1,No,34,technician,married,high.school,No,No,No
CLI004690,telephone,may,wed,2,999,0,nonexistent,1.1,93.994,-36.4,4.859,5191.0,No,28,blue-collar,married,basic.6y,No,Sí,Sí
CLI004691,cellular,jul,fri,12,999,0,nonexistent,1.4,93.918,-42.7,4.962,5228.1,No,26,services,married,high.school,No,Sí,No
CLI004692,cellular,aug,wed,1,0,2,success,-1.7,94.027,-38.3,0.9,4991.6,Sí,48,admin.,single,university.degree,No,Sí,No
CLI004693,cellular,may,mon,1,999,0,nonexistent,-1.8,92.893,-46.2,1.299,5099.1,No,33,admin.,married,university.degree,No,No,Sí
CLI004694,telephone,jun,fri,3,999,0,nonexistent,1.4,94.465,-41.8,4.947,5228.1,No,45,technician,single,professional.course,Desconocido,Sí,No
CLI004695,cellular,may,wed,1,999,0,nonexistent,-1.8,92.893,-46.2,1.27,5099.1,Sí,32,admin.,single,university.degree,No,Sí,No
CLI004696,telephone,nov,fri,4,999,0,nonexistent,-0.1,93.2,-42.0,4.021,5195.8,No,51,management,married,university.degree,No,No,Sí
CLI004697,cellular,may,fri,3,999,1,failure,-1.8,92.893,-46.2,1.25,5099.1,No,28,admin.,married,high.school,No,No,No
CLI004698,telephone,jun,mon,1,999,0,nonexistent,1.4,94.465,-41.8,4.865,5228.1,No,38,blue-collar,married,basic.9y,Desconocido,No,No
CLI004700,cellular,jul,mon,1,999,0,nonexistent,1.4,93.918,-42.7,4.96,5228.1,No,36,self-employed,single,university.degree,No,No,No
CLI004701,telephone,may,wed,3,999,0,nonexistent,1.1,93.994,-36.4,4.857,5191.0,No,27,technician,married,professional.course,No,No,No
CLI004702,telephone,jun,fri,1,999,0,nonexistent,1.4,94.465,-41.8,4.947,5228.1,No,40,management,married,basic.9y,No,Sí,Sí
CLI004703,cellular,aug,wed,3,999,0,nonexistent,1.4,93.444,-36.1,4.967,5228.1,No,48,Desconocido,married,Desconocido,No,Sí,No
CLI004704,cellular,jun,mon,1,999,0,nonexistent,-2.9,92.963,-40.8,1.266,5076.2,No,47,management,married,university.degree,No,No,No
CLI004705,telephone,jun,fri,2,999,0,nonexistent,1.4,94.465,-41.8,4.967,5228.1,No,31,admin.,single,university.degree,No,No,No
CLI004706,cellular,may,wed,1,999,0,nonexistent,-1.8,92.893,-46.2,1.334,5099.1,No,25,admin.,single,university.degree,No,No,No
CLI004707,cellular,aug,mon,1,999,0,nonexistent,1.4,93.444,-36.1,4.965,5228.1,No,55,retired,married,professional.course,No,No,Sí
CLI004708,cellular,jul,mon,1,999,0,nonexistent,1.4,93.918,-42.7,4.96,5228.1,Sí,43,services,married,high.school,No,Sí,Sí
CLI004709,cellular,jul,tue,8,999,0,nonexistent,1.4,93.918,-42.7,4.961,5228.1,No,36,blue-collar,married,basic.4y,Desconocido,Sí,No
CLI004710,cellular,oct,wed,2,999,0,nonexistent,-3.4,92.431,-26.9,0.74,5017.5,No,48,management,married,university.degree,No,Sí,Sí
CLI004711,telephone,may,tue,2,999,0,nonexistent,1.1,93.994,-36.4,4.857,5191.0,No,57,management,single,basic.9y,No,Sí,No
CLI004712,cellular,jul,wed,17,999,0,nonexistent,1.4,93.918,-42.7,4.963,5228.1,No,44,admin.,divorced,high.school,No,Sí,No
CLI004713,cellular,jul,wed,3,3,1,success,-2.9,92.469,-33.6,1.029,5076.2,No,40,technician,married,high.school,No,Sí,No
CLI004714,cellular,jul,mon,1,999,0,nonexistent,1.4,93.918,-42.7,4.96,5228.1,No,59,technician,divorced,university.degree,No,No,No
CLI004715,cellular,nov,thu,1,999,0,nonexistent,-0.1,93.2,-42.0,4.076,5195.8,No,52,self-employed,single,professional.course,No,No,Sí
CLI004716,cellular,may,tue,3,999,0,nonexistent,-1.8,92.893,-46.2,1.291,5099.1,No,34,admin.,married,high.school,No,Sí,No
CLI004717,cellular,may,tue,1,999,0,nonexistent,-1.8,92.893,-46.2,1.344,5099.1,Sí,36,self-employed,married,basic.9y,No,Sí,Sí
CLI004718,cellular,aug,wed,2,999,0,nonexistent,1.4,93.444,-36.1,4.967,5228.1,No,31,technician,single,professional.course,No,No,No
CLI004719,telephone,may,tue,2,999,0,nonexistent,1.1,93.994,-36.4,4.856,5191.0,No,28,admin.,single,university.degree,No,Sí,No
CLI004720,cellular,jul,fri,1,999,0,nonexistent,1.4,93.918,-42.7,4.963,5228.1,No,35,blue-collar,married,basic.9y,Desconocido,Sí,No
CLI004721,cellular,jul,thu,1,999,0,nonexistent,1.4,93.918,-42.7,4.958,5228.1,No,54,blue-collar,married,basic.9y,Desconocido,Sí,No
CLI004722,telephone,jun,mon,2,999,0,nonexistent,1.4,94.465,-41.8,4.96,5228.1,No,55,housemaid,married,professional.course,No,No,No
CLI004723,telephone,jun,thu,1,999,0,nonexistent,1.4,94.465,-41.8,4.958,5228.1,No,41,services,married,basic.9y,No,Sí,No
CLI004724,cellular,jul,fri,2,999,0,nonexistent,1.4,93.918,-42.7,4.963,5228.1,Sí,38,blue-collar,divorced,basic.9y,No,No,No
CLI004725,telephone,may,tue,3,999,0,nonexistent,1.1,93.994,-36.4,4.857,5191.0,No,57,management,married,university.degree,Desconocido,No,No
CLI004726,cellular,aug,tue,3,999,0,nonexistent,1.4,93.444,-36.1,4.963,5228.1,No,31,services,divorced,high.school,No,Sí,Sí
CLI004727,cellular,jul,tue,6,999,0,nonexistent,1.4,93.918,-42.7,4.961,5228.1,No,54,entrepreneur,divorced,high.school,Desconocido,No,Sí
CLI004728,cellular,nov,wed,1,999,1,failure,-0.1,93.2,-42.0,4.12,5195.8,No,30,blue-collar,married,basic.9y,No,Sí,No
CLI004729,cellular,oct,fri,2,999,0,nonexistent,-1.1,94.601,-49.5,1.029,4963.6,No,29,unemployed,single,high.school,No,Sí,No
CLI004730,cellular,jul,tue,4,999,0,nonexistent,-2.9,92.469,-33.6,0.908,5076.2,No,44,admin.,divorced,high.school,No,No,Sí
CLI004731,cellular,nov,thu,3,999,0,nonexistent,-0.1,93.2,-42.0,4.076,5195.8,No,30,admin.,single,university.degree,No,No,Sí
CLI004732,telephone,may,thu,1,999,0,nonexistent,1.1,93.994,-36.4,4.86,5191.0,No,47,services,divorced,high.school,No,Sí,No
CLI004733,cellular,jul,tue,2,999,0,nonexistent,1.4,93.918,-42.7,4.962,5228.1,No,36,technician,single,Desconocido,No,Sí,No
CLI004734,cellular,aug,mon,2,999,0,nonexistent,1.4,93.444,-36.1,4.97,5228.1,No,45,services,married,high.school,Desconocido,Sí,No
CLI004735,telephone,may,fri,16,999,0,nonexistent,1.1,93.994,-36.4,4.864,5191.0,No,36,housemaid,married,basic.6y,No,Sí,No
CLI004736,telephone,jun,tue,12,999,0,nonexistent,1.4,94.465,-41.8,4.864,5228.1,No,32,admin.,single,university.degree,Desconocido,No,No
CLI004737,telephone,nov,mon,1,999,0,nonexistent,-0.1,93.2,-42.0,4.191,5195.8,No,53,blue-collar,married,basic.9y,No,Sí,Sí
CLI004738,telephone,jun,wed,3,999,0,nonexistent,1.4,94.465,-41.8,4.959,5228.1,No,37,management,single,university.degree,No,No,No
CLI004739,telephone,may,mon,1,999,0,nonexistent,1.1,93.994,-36.4,4.857,5191.0,No,57,admin.,married,university.degree,No,No,Sí
CLI004740,cellular,jul,wed,4,999,0,nonexistent,1.4,93.918,-42.7,4.962,5228.1,No,31,admin.,single,high.school,No,No,No
CLI004741,telephone,jun,wed,2,999,0,nonexistent,1.4,94.465,-41.8,4.958,5228.1,No,31,housemaid,married,basic.4y,No,No,No
CLI004742,cellular,nov,fri,1,999,1,failure,-3.4,92.649,-30.1,0.714,5017.5,No,52,technician,married,professional.course,No,Sí,No
CLI004743,cellular,may,wed,1,999,0,nonexistent,-1.8,92.893,-46.2,1.334,5099.1,No,37,blue-collar,married,basic.9y,Desconocido,No,No
CLI004744,telephone,jun,wed,1,999,0,nonexistent,1.4,94.465,-41.8,4.864,5228.1,No,50,technician,married,professional.course,Desconocido,,Sí
CLI004745,telephone,may,thu,3,999,0,nonexistent,1.1,93.994,-36.4,4.86,5191.0,No,50,admin.,married,high.school,No,No,No
CLI004746,cellular,nov,thu,1,999,0,nonexistent,-0.1,93.2,-42.0,4.076,5195.8,No,41,blue-collar,married,basic.4y,No,No,No
CLI004747,cellular,may,tue,1,999,0,nonexistent,-1.8,92.893,-46.2,1.291,5099.1,No,30,admin.,single,basic.9y,No,No,No
CLI004748,telephone,jun,fri,1,999,0,nonexistent,1.4,94.465,-41.8,4.967,5228.1,No,47,admin.,married,high.school,Desconocido,No,Sí
CLI004749,cellular,may,mon,4,999,1,failure,-1.8,92.893,-46.2,1.354,5099.1,No,27,technician,single,university.degree,No,Sí,No
CLI004750,telephone,may,wed,2,999,0,nonexistent,1.1,93.994,-36.4,4.856,5191.0,No,40,management,married,university.degree,No,Sí,No
CLI004751,cellular,jul,tue,2,999,1,failure,-2.9,92.469,-33.6,1.044,5076.2,No,50,admin.,married,high.school,No,Sí,No
CLI004752,telephone,may,fri,1,999,0,nonexistent,1.1,93.994,-36.4,4.857,5191.0,No,32,blue-collar,married,basic.4y,Desconocido,Sí,No
CLI004753,cellular,jul,thu,1,13,1,success,-2.9,92.469,-33.6,1.072,5076.2,Sí,51,technician,married,professional.course,No,No,No
CLI004754,cellular,aug,mon,1,999,0,nonexistent,1.4,93.444,-36.1,4.965,5228.1,No,38,admin.,married,university.degree,No,Sí,No
CLI004755,cellular,apr,fri,1,999,0,nonexistent,-1.8,93.075,-47.1,1.405,5099.1,No,39,admin.,single,high.school,No,No,No
CLI004756,telephone,jun,thu,3,999,0,nonexistent,1.4,94.465,-41.8,4.958,5228.1,No,32,management,single,university.degree,No,Sí,No
CLI004757,telephone,may,tue,1,999,0,nonexistent,1.1,93.994,-36.4,4.856,5191.0,No,36,technician,married,professional.course,No,No,Sí
CLI004758,cellular,nov,fri,1,999,1,failure,-0.1,93.2,-42.0,4.021,5195.8,No,36,admin.,married,university.degree,No,Sí,No
CLI004759,cellular,jul,mon,3,999,0,nonexistent,1.4,93.918,-42.7,4.962,5228.1,No,38,blue-collar,married,high.school,Desconocido,No,No
CLI004760,cellular,apr,fri,3,999,1,failure,-1.8,93.075,-47.1,1.405,5099.1,No,45,blue-collar,married,basic.9y,No,No,No
CLI004761,cellular,nov,tue,2,999,0,nonexistent,-0.1,93.2,-42.0,4.153,5195.8,No,39,admin.,married,university.degree,No,,No
CLI004762,cellular,sep,fri,1,3,3,success,-1.1,94.199,-37.5,0.879,4963.6,Sí,26,technician,single,professional.course,No,Sí,
CLI004763,cellular,may,wed,2,999,1,failure,-1.8,92.893,-46.2,1.281,5099.1,No,29,blue-collar,married,basic.9y,No,Sí,Sí
CLI004764,cellular,may,fri,1,999,0,nonexistent,-1.8,92.893,-46.2,1.259,5099.1,No,39,technician,single,university.degree,No,Sí,No
CLI004765,cellular,aug,mon,8,4,1,success,-1.7,94.027,-38.3,0.898,4991.6,No,25,student,single,high.school,No,Sí,No
CLI004766,cellular,aug,tue,6,999,0,nonexistent,1.4,93.444,-36.1,4.965,5228.1,No,52,blue-collar,married,basic.4y,No,No,No
CLI004767,telephone,may,fri,3,999,0,nonexistent,1.1,93.994,-36.4,4.859,5191.0,No,40,management,married,Desconocido,No,No,No
CLI004768,cellular,nov,mon,1,999,0,nonexistent,-0.1,93.2,-42.0,4.191,5195.8,No,45,self-employed,married,university.degree,No,Sí,No
CLI004769,cellular,may,wed,1,999,0,nonexistent,-1.8,92.893,-46.2,1.334,5099.1,No,36,technician,single,professional.course,No,No,No
CLI004770,telephone,jun,fri,3,999,0,nonexistent,1.4,94.465,-41.8,4.967,5228.1,No,37,admin.,married,university.degree,No,No,No
CLI004771,telephone,may,fri,1,999,0,nonexistent,1.1,93.994,-36.4,4.855,5191.0,No,39,admin.,married,university.degree,No,,No
CLI004772,cellular,jun,mon,6,999,0,nonexistent,-2.9,92.963,-40.8,1.281,5076.2,Sí,43,blue-collar,married,basic.6y,No,Sí,No
CLI004773,cellular,nov,tue,7,999,0,nonexistent,-0.1,93.2,-42.0,4.153,5195.8,No,52,entrepreneur,married,basic.4y,No,No,No
CLI004774,cellular,aug,tue,1,999,0,nonexistent,1.4,93.444,-36.1,4.966,5228.1,No,32,admin.,divorced,university.degree,No,Sí,No
CLI004775,telephone,jun,fri,1,999,0,nonexistent,1.4,94.465,-41.8,4.967,5228.1,No,47,blue-collar,single,basic.4y,Desconocido,Sí,No
CLI004776,telephone,may,thu,3,999,0,nonexistent,1.1,93.994,-36.4,4.855,5191.0,No,39,blue-collar,married,,No,Sí,No
CLI004777,cellular,may,tue,3,999,0,nonexistent,-1.8,92.893,-46.2,1.344,5099.1,No,45,entrepreneur,divorced,basic.9y,No,Sí,No
CLI004778,cellular,aug,fri,1,999,0,nonexistent,1.4,93.444,-36.1,4.963,5228.1,No,30,admin.,married,university.degree,No,Sí,No
CLI004779,telephone,jun,fri,9,999,0,nonexistent,1.4,94.465,-41.8,4.967,5228.1,Sí,55,admin.,married,basic.4y,Desconocido,No,No
CLI004780,cellular,jul,wed,4,999,0,nonexistent,1.4,93.918,-42.7,4.963,5228.1,No,40,management,single,high.school,No,No,No
CLI004781,cellular,apr,fri,1,999,1,failure,-1.8,93.075,-47.1,1.405,5099.1,No,46,management,married,university.degree,Desconocido,Sí,No
CLI004782,cellular,aug,mon,1,999,0,nonexistent,-2.9,92.201,-31.4,0.861,5076.2,No,46,entrepreneur,married,high.school,No,Sí,No
CLI004783,telephone,jun,wed,2,999,0,nonexistent,1.4,94.465,-41.8,4.962,5228.1,No,39,management,married,basic.9y,No,No,No
CLI004784,telephone,may,mon,2,999,0,nonexistent,1.1,93.994,-36.4,4.857,5191.0,No,31,blue-collar,married,basic.4y,Desconocido,No,No
CLI004785,cellular,aug,wed,1,999,0,nonexistent,1.4,93.444,-36.1,4.964,5228.1,No,57,services,divorced,high.school,Desconocido,No,No
CLI004786,cellular,jul,tue,3,999,0,nonexistent,1.4,93.918,-42.7,4.962,5228.1,No,43,technician,single,professional.course,No,Sí,No
CLI004787,telephone,jun,mon,4,999,0,nonexistent,1.4,94.465,-41.8,4.865,5228.1,No,25,admin.,married,university.degree,No,No,No
CLI004788,telephone,may,tue,4,999,0,nonexistent,1.1,93.994,-36.4,4.857,5191.0,No,25,admin.,married,high.school,No,Sí,Sí
CLI004789,cellular,may,wed,2,999,2,failure,-1.8,92.893,-46.2,1.334,5099.1,No,29,admin.,single,university.degree,No,No,No
CLI004790,telephone,may,mon,3,999,0,nonexistent,1.1,93.994,-36.4,4.857,5191.0,No,36,services,married,high.school,Desconocido,Sí,
CLI004791,telephone,may,mon,2,999,0,nonexistent,1.1,93.994,-36.4,4.857,5191.0,Sí,43,entrepreneur,married,high.school,No,Sí,Sí
CLI004792,telephone,may,fri,2,999,0,nonexistent,1.1,93.994,-36.4,4.859,5191.0,Sí,26,admin.,single,high.school,No,No,No
CLI004793,telephone,jun,fri,1,999,0,nonexistent,1.4,94.465,-41.8,4.959,5228.1,No,32,blue-collar,married,professional.course,No,Sí,No
CLI004794,cellular,apr,mon,2,999,0,nonexistent,-1.8,93.075,-47.1,1.405,5099.1,No,27,blue-collar,married,basic.9y,Desconocido,Sí,No
CLI004795,telephone,jun,wed,8,999,0,nonexistent,1.4,94.465,-41.8,4.959,5228.1,No,32,entrepreneur,married,high.school,Desconocido,No,No
CLI004796,cellular,jul,wed,5,999,0,nonexistent,1.4,93.918,-42.7,4.963,5228.1,No,34,technician,married,professional.course,Desconocido,Sí,No
CLI004797,telephone,may,tue,2,999,0,nonexistent,1.1,93.994,-36.4,4.857,5191.0,No,59,retired,divorced,basic.4y,Desconocido,No,No
CLI004798,cellular,may,wed,2,999,0,nonexistent,-1.8,92.893,-46.2,1.27,5099.1,No,24,admin.,single,university.degree,No,Sí,No
CLI004799,cellular,aug,thu,1,9,4,failure,-1.7,94.027,-38.3,0.904,4991.6,Sí,77,retired,married,basic.4y,No,No,No
CLI004800,cellular,may,fri,5,999,1,failure,-1.8,92.893,-46.2,1.25,5099.1,No,57,management,married,basic.4y,Desconocido,Sí,No
CLI004801,cellular,aug,wed,1,999,0,nonexistent,1.4,93.444,-36.1,4.967,5228.1,No,60,blue-collar,married,basic.4y,Desconocido,Sí,No
CLI004802,cellular,aug,thu,6,999,0,nonexistent,1.4,93.444,-36.1,4.962,5228.1,No,40,technician,married,professional.course,No,Sí,No
CLI004803,cellular,aug,thu,4,999,0,nonexistent,1.4,93.444,-36.1,4.968,5228.1,No,55,admin.,married,Desconocido,Desconocido,Sí,No
CLI004804,telephone,may,fri,1,999,0,nonexistent,1.1,93.994,-36.4,4.857,5191.0,No,33,blue-collar,married,basic.6y,No,No,No
CLI004805,cellular,may,thu,1,999,0,nonexistent,-1.8,92.893,-46.2,1.327,5099.1,No,37,blue-collar,married,basic.9y,No,Sí,Sí
CLI004807,cellular,may,wed,1,999,0,nonexistent,-1.8,93.876,-40.0,0.697,5008.7,Sí,46,blue-collar,married,professional.course,No,Sí,No
CLI004808,cellular,may,mon,3,999,0,nonexistent,-1.8,92.893,-46.2,1.299,5099.1,No,30,blue-collar,single,basic.9y,Desconocido,Sí,No
CLI004809,cellular,jul,fri,1,999,0,nonexistent,1.4,93.918,-42.7,4.957,5228.1,No,29,technician,single,high.school,No,No,No
CLI004810,telephone,jun,mon,6,999,0,nonexistent,1.4,94.465,-41.8,4.96,5228.1,No,38,technician,married,basic.6y,Desconocido,No,Sí
CLI004811,telephone,may,wed,2,999,0,nonexistent,-1.8,92.893,-46.2,1.281,5099.1,Sí,58,housemaid,married,basic.4y,No,No,No
CLI004812,cellular,nov,wed,1,999,0,nonexistent,-0.1,93.2,-42.0,4.12,5195.8,No,49,blue-collar,divorced,basic.9y,No,Sí,No
CLI004813,cellular,jul,thu,2,999,0,nonexistent,1.4,93.918,-42.7,4.968,5228.1,No,39,services,married,high.school,No,Sí,No
CLI004814,cellular,apr,wed,4,999,0,nonexistent,-1.8,93.075,-47.1,1.415,5099.1,No,45,services,married,high.school,No,Sí,No
CLI004815,cellular,jul,mon,2,999,0,nonexistent,1.4,93.918,-42.7,4.96,5228.1,No,25,services,single,high.school,No,No,No
CLI004816,cellular,oct,fri,1,999,0,nonexistent,-3.4,92.431,-26.9,0.72,5017.5,No,24,blue-collar,married,basic.9y,No,Sí,No
CLI004817,cellular,may,wed,1,999,1,failure,-1.8,92.893,-46.2,1.281,5099.1,No,58,management,married,basic.4y,No,Sí,Sí
CLI004818,cellular,jul,tue,2,999,0,nonexistent,1.4,93.918,-42.7,4.961,5228.1,No,53,blue-collar,married,basic.6y,No,Sí,Sí
CLI004819,cellular,apr,mon,1,999,0,nonexistent,-1.8,93.075,-47.1,1.466,5099.1,No,40,services,single,high.school,No,No,No
CLI004820,telephone,jun,thu,3,999,0,nonexistent,1.4,94.465,-41.8,4.961,5228.1,No,60,blue-collar,married,basic.9y,Desconocido,Sí,No
CLI004821,cellular,nov,fri,2,999,0,nonexistent,-0.1,93.2,-42.0,4.021,5195.8,No,42,admin.,married,university.degree,No,,No
CLI004822,cellular,jul,tue,3,999,0,nonexistent,1.4,93.918,-42.7,4.961,5228.1,No,31,blue-collar,married,basic.9y,Desconocido,Sí,No
CLI004823,telephone,jun,wed,3,999,0,nonexistent,1.4,94.465,-41.8,4.962,5228.1,No,31,services,married,high.school,No,Sí,No
CLI004824,telephone,may,fri,1,999,0,nonexistent,1.1,93.994,-36.4,4.855,5191.0,No,46,Desconocido,married,basic.4y,Desconocido,No,No
CLI004825,cellular,may,wed,4,999,1,failure,-1.8,92.893,-46.2,1.281,5099.1,No,25,admin.,married,high.school,No,Sí,No
CLI004826,cellular,jul,mon,5,999,0,nonexistent,1.4,93.918,-42.7,4.96,5228.1,No,31,services,married,high.school,No,No,No
CLI004827,telephone,may,mon,1,999,0,nonexistent,1.1,93.994,-36.4,4.857,5191.0,No,44,technician,single,Desconocido,Desconocido,Sí,No
CLI004828,cellular,sep,thu,1,999,0,nonexistent,-1.1,94.199,-37.5,0.879,4963.6,Sí,45,unemployed,married,professional.course,Desconocido,No,No
CLI004829,cellular,nov,thu,1,999,0,nonexistent,-0.1,93.2,-42.0,4.076,5195.8,No,31,admin.,married,university.degree,No,No,No
CLI004830,cellular,nov,thu,1,999,0,nonexistent,-0.1,93.2,-42.0,4.076,5195.8,No,32,blue-collar,single,basic.4y,No,No,No
CLI004831,telephone,may,tue,1,999,0,nonexistent,1.1,93.994,-36.4,4.857,5191.0,No,43,blue-collar,married,basic.9y,No,No,No
CLI004832,telephone,jun,mon,3,999,0,nonexistent,1.4,94.465,-41.8,4.96,5228.1,No,33,admin.,married,high.school,No,No,No
CLI004833,cellular,may,wed,2,999,1,failure,-1.8,92.893,-46.2,1.334,5099.1,No,39,unemployed,married,basic.9y,No,Sí,No
CLI004834,cellular,jul,mon,2,999,0,nonexistent,1.4,93.918,-42.7,4.962,5228.1,No,48,self-employed,married,university.degree,Desconocido,No,No
CLI004835,telephone,jun,thu,1,999,0,nonexistent,1.4,94.465,-41.8,4.961,5228.1,No,35,blue-collar,single,basic.4y,No,Sí,No
CLI004836,telephone,may,thu,3,999,0,nonexistent,1.1,93.994,-36.4,4.86,5191.0,No,34,management,married,university.degree,No,No,No
CLI004837,telephone,jun,tue,1,999,0,nonexistent,1.4,94.465,-41.8,4.864,5228.1,No,37,services,married,high.school,Desconocido,Sí,No
CLI004838,telephone,may,wed,5,999,0,nonexistent,1.1,93.994,-36.4,4.859,5191.0,No,59,blue-collar,divorced,basic.4y,No,No,No
CLI004839,cellular,jul,thu,2,999,0,nonexistent,1.4,93.918,-42.7,4.958,5228.1,No,38,management,married,university.degree,No,Sí,Sí
CLI004840,telephone,may,wed,1,999,0,nonexistent,1.1,93.994,-36.4,4.859,5191.0,No,33,blue-collar,married,basic.9y,No,No,No
CLI004841,cellular,may,mon,3,999,0,nonexistent,-1.8,92.893,-46.2,1.244,5099.1,Sí,30,services,single,high.school,No,No,No
CLI004842,telephone,jun,tue,2,999,0,nonexistent,1.4,94.465,-41.8,4.864,5228.1,No,34,services,single,high.school,No,No,No
CLI004843,cellular,may,wed,1,999,0,nonexistent,-1.8,92.893,-46.2,1.334,5099.1,Sí,29,blue-collar,married,basic.9y,No,No,Sí
CLI004844,cellular,nov,fri,4,999,1,failure,-0.1,93.2,-42.0,4.021,5195.8,No,59,self-employed,married,professional.course,Desconocido,No,No
CLI004845,cellular,nov,tue,2,999,0,nonexistent,-0.1,93.2,-42.0,4.153,5195.8,No,35,blue-collar,married,basic.6y,No,Sí,No
CLI004846,cellular,aug,thu,1,999,0,nonexistent,1.4,93.444,-36.1,4.964,5228.1,No,42,admin.,married,professional.course,Desconocido,No,Sí
CLI004847,cellular,may,wed,1,999,0,nonexistent,-1.8,92.893,-46.2,1.334,5099.1,No,31,blue-collar,single,high.school,No,Sí,No
CLI004848,cellular,oct,tue,2,5,2,success,-3.4,92.431,-26.9,0.742,5017.5,No,48,admin.,married,basic.6y,No,Sí,No
CLI004849,telephone,jun,wed,2,999,0,nonexistent,1.4,94.465,-41.8,4.864,5228.1,No,31,admin.,married,high.school,No,Desconocido,Desconocido
CLI004850,cellular,jun,tue,3,999,1,failure,-2.9,92.963,-40.8,1.262,5076.2,Sí,47,management,married,basic.9y,No,Sí,No
CLI004851,telephone,may,fri,9,999,0,nonexistent,-1.8,92.893,-46.2,1.25,5099.1,No,28,technician,single,professional.course,No,Sí,No
CLI004852,cellular,dec,mon,1,999,1,failure,-3.0,92.713,-33.0,0.717,5023.5,No,30,student,single,Desconocido,No,No,
CLI004853,cellular,nov,thu,2,999,0,nonexistent,-0.1,93.2,-42.0,4.076,5195.8,No,39,entrepreneur,married,professional.course,No,Sí,No
CLI004854,telephone,jul,fri,2,999,0,nonexistent,1.4,93.918,-42.7,4.963,5228.1,No,31,admin.,single,high.school,Desconocido,No,No
CLI004855,cellular,oct,tue,1,6,1,success,-3.4,92.431,-26.9,0.728,5017.5,No,71,retired,married,basic.4y,No,Sí,Sí
CLI004856,telephone,jul,thu,5,999,0,nonexistent,1.4,93.918,-42.7,4.966,5228.1,No,39,blue-collar,married,basic.9y,Desconocido,No,
CLI004857,telephone,may,mon,1,999,0,nonexistent,1.1,93.994,-36.4,4.857,5191.0,No,51,blue-collar,married,basic.4y,No,Sí,No
CLI004858,telephone,may,wed,2,999,0,nonexistent,1.1,93.994,-36.4,4.859,5191.0,No,52,admin.,single,basic.9y,No,No,No
CLI004859,cellular,jul,tue,1,999,1,failure,-1.7,94.215,-40.3,0.876,4991.6,No,66,housemaid,married,basic.4y,No,,Sí
CLI004860,telephone,may,wed,3,999,0,nonexistent,1.1,93.994,-36.4,4.857,5191.0,No,57,admin.,divorced,basic.9y,No,No,No
CLI004861,cellular,may,wed,1,999,0,nonexistent,-1.8,92.893,-46.2,1.281,5099.1,No,28,blue-collar,single,high.school,No,Sí,
CLI004862,cellular,aug,wed,1,999,0,nonexistent,1.4,93.444,-36.1,4.967,5228.1,No,31,technician,single,university.degree,No,No,No
CLI004863,cellular,jul,tue,1,999,0,nonexistent,1.4,93.918,-42.7,4.962,5228.1,Sí,34,technician,single,university.degree,No,No,Sí
CLI004864,telephone,may,mon,4,999,0,nonexistent,1.1,93.994,-36.4,4.857,5191.0,No,27,admin.,single,high.school,Desconocido,Desconocido,Desconocido
CLI004865,cellular,jul,thu,1,999,0,nonexistent,1.4,93.918,-42.7,4.968,5228.1,No,34,unemployed,married,high.school,No,Desconocido,Desconocido
CLI004866,telephone,jun,wed,1,999,0,nonexistent,1.4,94.465,-41.8,4.864,5228.1,No,30,services,divorced,basic.9y,No,No,No
CLI004867,telephone,nov,mon,1,999,0,nonexistent,-0.1,93.2,-42.0,4.191,5195.8,No,57,retired,married,basic.4y,Desconocido,No,No
CLI004868,telephone,jun,fri,2,999,0,nonexistent,1.4,94.465,-41.8,4.959,5228.1,No,40,services,divorced,high.school,No,,No
CLI004869,cellular,aug,tue,2,999,0,nonexistent,1.4,93.444,-36.1,4.965,5228.1,No,46,admin.,married,university.degree,Desconocido,Sí,No
CLI004870,cellular,apr,wed,7,999,0,nonexistent,-1.8,93.075,-47.1,1.405,5099.1,No,23,admin.,single,university.degree,No,Sí,No
CLI004871,cellular,may,mon,2,999,0,nonexistent,-1.8,92.893,-46.2,1.244,5099.1,No,55,admin.,married,university.degree,No,Sí,No
CLI004872,telephone,jul,thu,1,999,0,nonexistent,1.4,93.918,-42.7,4.968,5228.1,No,34,services,married,high.school,No,Sí,No
CLI004873,telephone,may,mon,2,999,0,nonexistent,1.1,93.994,-36.4,4.858,5191.0,No,26,blue-collar,married,basic.4y,No,No,Sí
CLI004874,cellular,aug,wed,2,999,2,failure,-2.9,92.201,-31.4,0.854,5076.2,Sí,35,admin.,married,university.degree,No,Sí,No
CLI004875,telephone,may,thu,3,999,0,nonexistent,1.1,93.994,-36.4,4.86,5191.0,No,36,blue-collar,married,basic.9y,Desconocido,Sí,No
CLI004876,cellular,oct,fri,1,999,2,failure,-3.4,92.431,-26.9,0.739,5017.5,No,36,services,married,high.school,No,No,No
CLI004877,telephone,may,thu,2,999,0,nonexistent,1.1,93.994,-36.4,4.86,5191.0,No,31,technician,married,professional.course,No,No,No
CLI004878,cellular,may,fri,6,999,0,nonexistent,-1.8,92.893,-46.2,1.313,5099.1,No,33,admin.,married,university.degree,No,No,No
CLI004879,telephone,jun,thu,1,999,0,nonexistent,1.4,94.465,-41.8,4.961,5228.1,No,41,self-employed,married,high.school,No,No,No
CLI004880,telephone,jul,wed,2,999,0,nonexistent,1.4,93.918,-42.7,4.963,5228.1,No,51,blue-collar,single,basic.4y,Desconocido,Sí,No
CLI004881,cellular,jul,thu,1,999,0,nonexistent,1.4,93.918,-42.7,4.968,5228.1,No,29,admin.,single,university.degree,No,Sí,No
CLI004882,cellular,jul,thu,3,999,0,nonexistent,1.4,93.918,-42.7,4.958,5228.1,No,35,technician,married,professional.course,No,Sí,Sí
CLI004883,telephone,may,tue,2,999,0,nonexistent,1.1,93.994,-36.4,4.857,5191.0,No,44,technician,single,professional.course,No,Sí,
CLI004884,cellular,apr,fri,3,999,0,nonexistent,-1.8,93.075,-47.1,1.405,5099.1,No,34,unemployed,married,basic.9y,Desconocido,Sí,No
CLI004885,telephone,may,fri,3,999,0,nonexistent,1.1,93.994,-36.4,4.859,5191.0,No,32,entrepreneur,married,high.school,No,No,No
CLI004886,cellular,nov,thu,2,999,0,nonexistent,-0.1,93.2,-42.0,4.076,5195.8,No,54,management,married,university.degree,No,Sí,No
CLI004887,telephone,may,fri,1,999,0,nonexistent,1.1,93.994,-36.4,4.859,5191.0,No,25,services,divorced,basic.4y,No,Sí,No
CLI004888,telephone,may,wed,1,999,0,nonexistent,1.1,93.994,-36.4,4.857,5191.0,No,46,blue-collar,married,basic.4y,Desconocido,Sí,Sí
CLI004889,cellular,nov,thu,1,999,0,nonexistent,-0.1,93.2,-42.0,4.076,5195.8,No,51,self-employed,married,basic.9y,No,Sí,Sí
CLI004890,cellular,aug,fri,2,999,0,nonexistent,1.4,93.444,-36.1,4.963,5228.1,No,32,technician,married,,No,No,No
CLI004891,telephone,may,fri,2,999,0,nonexistent,1.1,93.994,-36.4,4.864,5191.0,No,34,admin.,married,university.degree,No,No,No
CLI004892,cellular,jul,wed,1,999,0,nonexistent,1.4,93.918,-42.7,4.962,5228.1,No,45,blue-collar,divorced,basic.4y,No,Sí,No
CLI004893,cellular,may,thu,1,999,0,nonexistent,-1.8,92.893,-46.2,1.327,5099.1,No,31,housemaid,single,high.school,No,Sí,No
CLI004894,cellular,apr,thu,2,5,1,success,-1.8,93.075,-47.1,1.365,5099.1,Sí,35,technician,married,professional.course,No,No,No
CLI004895,telephone,may,tue,1,999,0,nonexistent,1.1,93.994,-36.4,4.856,5191.0,No,47,blue-collar,married,basic.4y,Desconocido,No,Sí
CLI004896,cellular,may,mon,1,999,1,failure,-1.8,92.893,-46.2,1.299,5099.1,No,49,services,married,high.school,No,Sí,No
CLI004897,telephone,may,fri,6,999,0,nonexistent,1.1,93.994,-36.4,4.859,5191.0,No,43,blue-collar,married,Desconocido,Desconocido,No,No
CLI004898,cellular,jul,wed,2,999,0,nonexistent,1.4,93.918,-42.7,4.957,5228.1,Sí,48,blue-collar,married,basic.6y,Desconocido,Sí,No
CLI004899,cellular,jul,wed,3,999,0,nonexistent,1.4,93.918,-42.7,4.963,5228.1,Sí,32,admin.,married,university.degree,No,No,No
CLI004900,telephone,may,wed,1,999,0,nonexistent,1.1,93.994,-36.4,4.859,5191.0,Sí,40,blue-collar,married,basic.6y,No,Sí,No
CLI004901,cellular,jul,mon,5,999,0,nonexistent,1.4,93.918,-42.7,4.96,5228.1,No,59,entrepreneur,married,university.degree,Desconocido,No,No
CLI004902,cellular,jul,fri,2,999,1,failure,-1.7,94.215,-40.3,0.896,4991.6,No,23,admin.,single,university.degree,No,No,Sí
CLI004903,telephone,may,thu,1,999,0,nonexistent,1.1,93.994,-36.4,4.86,5191.0,No,55,technician,divorced,professional.course,Desconocido,Sí,Sí
CLI004904,cellular,nov,thu,2,999,0,nonexistent,-0.1,93.2,-42.0,4.076,5195.8,No,32,student,single,university.degree,No,No,No
CLI004905,cellular,may,wed,2,999,0,nonexistent,-1.8,92.893,-46.2,1.281,5099.1,No,40,blue-collar,married,basic.9y,Desconocido,Sí,Sí
CLI004906,cellular,nov,mon,1,999,0,nonexistent,-3.4,92.649,-30.1,0.715,5017.5,Sí,69,retired,married,high.school,No,No,No
CLI004907,cellular,nov,fri,2,999,0,nonexistent,-0.1,93.2,-42.0,4.021,5195.8,No,53,blue-collar,married,basic.9y,No,No,No
CLI004908,telephone,may,wed,5,999,0,nonexistent,1.1,93.994,-36.4,4.856,5191.0,No,54,blue-collar,married,basic.4y,No,Sí,No
CLI004909,cellular,apr,fri,2,999,1,failure,-1.8,93.075,-47.1,1.479,5099.1,No,32,blue-collar,married,basic.6y,No,Sí,Sí
CLI004910,telephone,may,thu,2,999,0,nonexistent,1.1,93.994,-36.4,4.855,5191.0,Sí,31,entrepreneur,divorced,high.school,No,Sí,No
CLI004911,cellular,aug,mon,1,999,2,failure,-2.9,92.201,-31.4,0.821,5076.2,No,53,admin.,married,university.degree,No,Sí,No
CLI004912,cellular,nov,fri,3,999,0,nonexistent,-0.1,93.2,-42.0,4.021,5195.8,No,33,admin.,married,university.degree,No,Sí,No
CLI004913,cellular,aug,wed,3,999,0,nonexistent,1.4,93.444,-36.1,4.964,5228.1,No,40,admin.,single,university.degree,No,No,No
CLI004914,cellular,apr,fri,1,999,0,nonexistent,-1.8,93.075,-47.1,1.405,5099.1,No,57,services,married,basic.9y,Desconocido,Sí,No
CLI004915,telephone,jun,mon,4,999,0,nonexistent,1.4,94.465,-41.8,4.96,5228.1,Sí,47,blue-collar,married,basic.4y,No,Sí,No
CLI004916,cellular,aug,mon,1,999,0,nonexistent,1.4,93.444,-36.1,4.965,5228.1,No,43,admin.,married,high.school,No,Sí,No
CLI004917,cellular,jun,mon,1,999,0,nonexistent,-2.9,92.963,-40.8,1.26,5076.2,No,52,technician,married,professional.course,No,Sí,No
CLI004918,cellular,apr,fri,2,999,0,nonexistent,-1.8,93.075,-47.1,1.405,5099.1,No,42,management,married,university.degree,Desconocido,No,No
CLI004919,cellular,nov,thu,1,999,0,nonexistent,-0.1,93.2,-42.0,4.076,5195.8,No,47,housemaid,single,basic.9y,No,No,No
CLI004920,telephone,jun,mon,4,999,0,nonexistent,1.4,94.465,-41.8,4.961,5228.1,No,41,blue-collar,divorced,basic.9y,Desconocido,No,No
CLI004921,cellular,may,fri,4,999,1,failure,-1.8,92.893,-46.2,1.313,5099.1,No,41,services,divorced,high.school,No,Sí,No
CLI004922,telephone,may,thu,1,999,0,nonexistent,1.1,93.994,-36.4,4.86,5191.0,No,33,blue-collar,married,basic.6y,Desconocido,No,No
CLI004923,cellular,apr,fri,2,999,0,nonexistent,-1.8,93.075,-47.1,1.405,5099.1,No,53,management,married,university.degree,No,Sí,No
CLI004924,cellular,nov,tue,2,999,0,nonexistent,-0.1,93.2,-42.0,4.153,5195.8,No,54,admin.,divorced,university.degree,No,Sí,Sí
CLI004925,cellular,may,mon,1,999,0,nonexistent,-1.8,92.893,-46.2,1.299,5099.1,No,57,technician,married,high.school,No,Sí,
CLI004926,cellular,aug,mon,5,999,0,nonexistent,1.4,93.444,-36.1,4.965,5228.1,No,30,housemaid,married,basic.6y,No,Sí,No
CLI004927,telephone,may,wed,5,999,0,nonexistent,1.1,93.994,-36.4,4.858,5191.0,No,43,blue-collar,married,basic.9y,No,No,No
CLI004928,telephone,jul,wed,1,999,0,nonexistent,1.4,93.918,-42.7,4.962,5228.1,No,57,blue-collar,married,basic.9y,No,Sí,No
CLI004929,cellular,nov,wed,1,999,0,nonexistent,-0.1,93.2,-42.0,4.12,5195.8,No,34,technician,married,university.degree,No,Sí,No
CLI004930,cellular,may,fri,1,999,0,nonexistent,-1.8,92.893,-46.2,1.313,5099.1,No,39,technician,single,professional.course,Desconocido,Sí,No
CLI004931,cellular,may,wed,3,999,0,nonexistent,-1.8,92.893,-46.2,1.334,5099.1,No,52,admin.,single,Desconocido,Desconocido,No,Sí
CLI004932,cellular,may,tue,2,999,1,failure,-1.8,92.893,-46.2,1.291,5099.1,No,27,blue-collar,single,basic.4y,No,No,No
CLI004933,cellular,jul,wed,1,999,0,nonexistent,1.4,93.918,-42.7,4.963,5228.1,No,36,admin.,divorced,university.degree,Desconocido,Sí,Sí
CLI004934,telephone,jun,wed,3,999,0,nonexistent,1.4,94.465,-41.8,4.959,5228.1,No,30,self-employed,single,university.degree,No,No,No
CLI004935,cellular,dec,fri,2,999,0,nonexistent,-3.0,92.713,-33.0,0.718,5023.5,No,60,retired,married,university.degree,No,Sí,No
CLI004936,cellular,jul,wed,1,999,0,nonexistent,1.4,93.918,-42.7,4.963,5228.1,Sí,37,unemployed,single,basic.9y,Desconocido,Sí,Sí
CLI004937,cellular,aug,fri,1,999,0,nonexistent,1.4,93.444,-36.1,4.963,5228.1,No,33,admin.,married,university.degree,Desconocido,Sí,Sí
CLI004938,telephone,nov,wed,1,999,0,nonexistent,-0.1,93.2,-42.0,4.12,5195.8,No,41,admin.,married,university.degree,No,Sí,Sí
CLI004939,cellular,mar,fri,2,999,0,nonexistent,-1.8,92.843,-50.0,1.64,5099.1,No,28,self-employed,single,university.degree,No,Sí,No
CLI004940,telephone,may,fri,3,999,0,nonexistent,1.1,93.994,-36.4,4.864,5191.0,No,40,services,married,high.school,No,Sí,No
CLI004941,telephone,jun,thu,2,999,0,nonexistent,1.4,94.465,-41.8,4.958,5228.1,No,47,blue-collar,married,basic.4y,No,Sí,No
CLI004942,cellular,apr,fri,2,999,0,nonexistent,-1.8,93.075,-47.1,1.405,5099.1,No,38,management,divorced,university.degree,No,No,Sí
CLI004943,cellular,may,wed,1,999,1,failure,-1.8,92.893,-46.2,1.281,5099.1,No,29,admin.,single,high.school,No,No,No
CLI004944,cellular,nov,tue,2,999,0,nonexistent,-0.1,93.2,-42.0,4.153,5195.8,No,54,technician,married,professional.course,No,Sí,No
CLI004945,telephone,jun,mon,1,999,0,nonexistent,1.4,94.465,-41.8,4.96,5228.1,No,29,technician,single,university.degree,No,No,No
CLI004946,cellular,jul,thu,2,999,0,nonexistent,1.4,93.918,-42.7,4.962,5228.1,No,30,admin.,single,university.degree,No,Sí,No
CLI004947,telephone,may,tue,2,999,0,nonexistent,1.1,93.994,-36.4,4.856,5191.0,No,38,admin.,married,university.degree,No,Sí,No
CLI004948,telephone,may,mon,2,999,0,nonexistent,1.1,93.994,-36.4,4.857,5191.0,Sí,24,services,single,high.school,No,No,No
CLI004949,cellular,jul,wed,3,999,0,nonexistent,1.4,93.918,-42.7,4.962,5228.1,No,54,management,married,university.degree,No,Sí,No
CLI004950,telephone,may,wed,1,999,0,nonexistent,1.1,93.994,-36.4,4.856,5191.0,No,41,blue-collar,married,basic.9y,Desconocido,Sí,No
CLI004951,cellular,aug,fri,1,999,0,nonexistent,1.4,93.444,-36.1,4.964,5228.1,No,30,admin.,single,high.school,No,No,No
CLI004952,cellular,may,fri,7,999,0,nonexistent,-1.8,92.893,-46.2,1.25,5099.1,No,34,blue-collar,married,basic.4y,Desconocido,No,No
CLI004953,cellular,jul,tue,1,999,0,nonexistent,1.4,93.918,-42.7,4.961,5228.1,No,46,blue-collar,married,basic.4y,Desconocido,Sí,No
CLI004954,cellular,sep,thu,6,6,4,failure,-1.1,94.199,-37.5,0.884,4963.6,No,51,technician,married,university.degree,No,Sí,No
CLI004955,cellular,dec,wed,1,6,1,success,-3.0,92.713,-33.0,0.715,5023.5,Sí,42,services,married,university.degree,No,No,No
CLI004956,cellular,jul,fri,1,999,0,nonexistent,1.4,93.918,-42.7,4.962,5228.1,No,40,admin.,single,university.degree,No,Sí,No
CLI004957,cellular,jul,thu,4,999,0,nonexistent,1.4,93.918,-42.7,4.962,5228.1,No,49,services,married,high.school,No,No,No
CLI004958,telephone,may,mon,1,999,0,nonexistent,1.1,93.994,-36.4,4.857,5191.0,No,55,technician,married,university.degree,No,No,No
CLI004959,cellular,aug,fri,1,999,0,nonexistent,1.4,93.444,-36.1,4.963,5228.1,No,42,admin.,married,university.degree,No,No,No
CLI004960,cellular,apr,thu,1,999,0,nonexistent,-1.8,93.075,-47.1,1.435,5099.1,No,30,self-employed,single,university.degree,No,No,No
CLI004961,cellular,apr,fri,1,999,0,nonexistent,-1.8,93.075,-47.1,1.405,5099.1,No,31,admin.,single,university.degree,No,No,Sí
CLI004962,cellular,aug,fri,1,999,0,nonexistent,1.4,93.444,-36.1,4.966,5228.1,No,31,technician,married,professional.course,Desconocido,No,No
CLI004963,cellular,may,wed,1,999,0,nonexistent,-1.8,92.893,-46.2,1.334,5099.1,No,34,blue-collar,married,basic.9y,No,No,Sí
CLI004964,telephone,jun,wed,1,999,0,nonexistent,1.4,94.465,-41.8,4.958,5228.1,No,33,Desconocido,married,Desconocido,Desconocido,Sí,No
CLI004965,telephone,may,thu,1,999,0,nonexistent,1.1,93.994,-36.4,4.855,5191.0,No,36,blue-collar,single,basic.6y,No,No,No
CLI004966,cellular,mar,fri,5,10,2,failure,-1.8,92.843,-50.0,1.64,5099.1,Sí,30,student,single,high.school,No,No,No
CLI004967,telephone,jul,mon,3,999,0,nonexistent,1.4,93.918,-42.7,4.962,5228.1,No,53,admin.,divorced,high.school,No,Sí,No
CLI004968,cellular,apr,thu,1,999,0,nonexistent,-1.8,93.075,-47.1,1.365,5099.1,No,46,admin.,married,basic.6y,No,Sí,No
CLI004969,telephone,may,fri,2,999,0,nonexistent,1.1,93.994,-36.4,4.864,5191.0,No,38,blue-collar,single,basic.9y,Desconocido,Sí,No
CLI004970,cellular,apr,mon,1,9,1,success,-1.8,93.075,-47.1,1.466,5099.1,No,41,unemployed,married,basic.9y,No,No,Sí
CLI004971,telephone,jun,mon,1,999,0,nonexistent,1.4,94.465,-41.8,4.865,5228.1,No,45,blue-collar,single,basic.9y,No,No,No
CLI004972,cellular,nov,fri,6,999,0,nonexistent,-0.1,93.2,-42.0,4.021,5195.8,No,37,technician,married,professional.course,Desconocido,Sí,No
CLI004973,telephone,may,tue,2,999,0,nonexistent,1.1,93.994,-36.4,4.857,5191.0,No,37,blue-collar,married,basic.9y,No,Desconocido,Desconocido
CLI004974,cellular,jul,tue,1,999,0,nonexistent,1.4,93.918,-42.7,4.961,5228.1,No,34,housemaid,married,university.degree,No,No,No
CLI004975,telephone,may,tue,1,999,0,nonexistent,1.1,93.994,-36.4,4.856,5191.0,No,47,Desconocido,divorced,basic.4y,Desconocido,No,No
CLI004976,cellular,jul,tue,1,999,0,nonexistent,1.4,93.918,-42.7,4.962,5228.1,No,50,entrepreneur,married,Desconocido,Desconocido,Sí,Sí
CLI004977,cellular,jul,tue,6,999,0,nonexistent,1.4,93.918,-42.7,4.962,5228.1,No,42,technician,divorced,basic.9y,No,Sí,No
CLI004978,cellular,aug,thu,2,999,1,failure,-2.9,92.201,-31.4,0.829,5076.2,Sí,58,retired,divorced,high.school,No,No,No
CLI004979,telephone,may,wed,1,999,0,nonexistent,1.1,93.994,-36.4,4.856,5191.0,No,31,admin.,single,high.school,No,Sí,No
CLI004980,cellular,nov,wed,2,999,0,nonexistent,-0.1,93.2,-42.0,4.12,5195.8,Sí,35,admin.,married,university.degree,No,Sí,Sí
CLI004981,cellular,aug,wed,5,999,0,nonexistent,1.4,93.444,-36.1,4.964,5228.1,No,47,Desconocido,married,Desconocido,No,No,Sí
CLI004982,telephone,jun,thu,2,999,0,nonexistent,1.4,94.465,-41.8,4.958,5228.1,No,59,technician,married,university.degree,No,No,No
CLI004983,cellular,aug,tue,1,999,0,nonexistent,-2.9,92.201,-31.4,0.859,5076.2,No,32,technician,single,university.degree,No,Sí,Sí
CLI004984,telephone,may,mon,1,999,0,nonexistent,1.1,93.994,-36.4,4.858,5191.0,No,59,technician,married,university.degree,Desconocido,Desconocido,Desconocido
CLI004985,cellular,aug,fri,3,999,0,nonexistent,-2.9,92.201,-31.4,0.869,5076.2,No,35,technician,married,university.degree,No,No,No
CLI004986,cellular,aug,fri,2,999,0,nonexistent,1.4,93.444,-36.1,4.966,5228.1,No,42,technician,married,university.degree,No,No,Sí
CLI004987,telephone,may,mon,3,999,0,nonexistent,1.1,93.994,-36.4,4.857,5191.0,No,32,services,single,high.school,No,Sí,No
CLI004988,telephone,may,thu,3,999,0,nonexistent,1.1,93.994,-36.4,4.86,5191.0,No,54,retired,divorced,basic.4y,No,Sí,No
CLI004989,telephone,may,thu,1,999,0,nonexistent,1.1,93.994,-36.4,4.86,5191.0,No,52,blue-collar,married,basic.4y,Desconocido,Desconocido,Desconocido
CLI004990,cellular,jul,tue,3,999,0,nonexistent,1.4,93.918,-42.7,4.961,5228.1,No,31,services,married,high.school,Desconocido,Sí,No
CLI004991,cellular,jul,wed,1,999,0,nonexistent,1.4,93.918,-42.7,4.963,5228.1,No,48,Desconocido,married,basic.6y,No,No,
CLI004992,telephone,may,wed,3,999,0,nonexistent,1.1,93.994,-36.4,4.859,5191.0,No,37,services,married,high.school,No,No,No
CLI004993,telephone,jun,tue,2,999,0,nonexistent,1.4,94.465,-41.8,4.961,5228.1,No,32,self-employed,married,basic.9y,No,Sí,Sí
CLI004994,cellular,may,fri,7,999,1,failure,-1.8,92.893,-46.2,1.25,5099.1,No,25,admin.,single,university.degree,No,Sí,No
CLI004995,cellular,may,thu,4,999,0,nonexistent,-1.8,92.893,-46.2,1.266,5099.1,No,34,unemployed,married,basic.9y,No,Sí,No
CLI004996,cellular,nov,tue,1,999,0,nonexistent,-0.1,93.2,-42.0,4.153,5195.8,No,50,technician,married,professional.course,No,Desconocido,Desconocido
CLI004997,telephone,jun,thu,1,999,0,nonexistent,1.4,94.465,-41.8,4.866,5228.1,No,36,technician,married,professional.course,No,Sí,No
CLI004998,cellular,nov,fri,2,999,0,nonexistent,-0.1,93.2,-42.0,4.021,5195.8,No,45,technician,single,university.degree,No,No,No
CLI004999,cellular,oct,wed,1,999,0,nonexistent,-3.4,92.431,-26.9,0.74,5017.5,No,63,retired,married,high.school,No,No,No
CLI005000,cellular,nov,thu,2,999,0,nonexistent,-0.1,93.2,-42.0,4.076,5195.8,No,31,admin.,married,university.degree,No,Sí,No
CLI005001,telephone,may,wed,2,999,0,nonexistent,1.1,93.994,-36.4,4.856,5191.0,No,35,admin.,divorced,high.school,No,Sí,No
CLI005002,cellular,may,thu,5,999,0,nonexistent,-1.8,92.893,-46.2,1.266,5099.1,No,26,self-employed,married,high.school,No,Sí,
CLI005003,telephone,may,thu,2,999,0,nonexistent,1.1,93.994,-36.4,4.86,5191.0,No,51,unemployed,married,basic.4y,Desconocido,Sí,No
CLI005004,telephone,may,tue,7,999,0,nonexistent,1.1,93.994,-36.4,4.857,5191.0,No,42,housemaid,single,basic.4y,Desconocido,Sí,No
CLI005005,cellular,apr,tue,3,999,0,nonexistent,-1.8,93.075,-47.1,1.384,5099.1,No,27,admin.,single,university.degree,No,Sí,No
CLI005006,telephone,may,fri,1,999,0,nonexistent,1.1,93.994,-36.4,4.857,5191.0,No,45,management,married,Desconocido,Desconocido,Sí,Sí
CLI005007,telephone,jun,thu,1,999,0,nonexistent,1.4,94.465,-41.8,4.958,5228.1,No,40,admin.,married,high.school,No,No,No
CLI005008,cellular,apr,thu,2,999,1,failure,-1.8,93.075,-47.1,1.365,5099.1,No,29,management,single,high.school,No,Sí,No
CLI005009,cellular,nov,mon,1,999,0,nonexistent,-0.1,93.2,-42.0,4.191,5195.8,No,35,management,married,university.degree,No,Sí,No
CLI005010,telephone,jun,wed,7,999,0,nonexistent,1.4,94.465,-41.8,4.959,5228.1,No,42,blue-collar,married,basic.6y,No,No,No
CLI005011,cellular,nov,mon,2,7,3,failure,-3.4,92.649,-30.1,0.715,5017.5,Sí,41,management,married,university.degree,No,No,No
CLI005012,cellular,jul,wed,2,999,0,nonexistent,1.4,93.918,-42.7,4.957,5228.1,No,35,services,married,basic.9y,No,No,Sí
CLI005013,cellular,jun,mon,3,999,1,failure,-2.9,92.963,-40.8,1.26,5076.2,No,40,unemployed,married,basic.9y,No,No,No
CLI005014,cellular,aug,mon,3,999,0,nonexistent,1.4,93.444,-36.1,4.963,5228.1,No,31,technician,married,university.degree,No,Sí,No
CLI005015,telephone,may,thu,1,999,0,nonexistent,1.1,93.994,-36.4,4.855,5191.0,No,31,technician,married,professional.course,No,No,No
CLI005016,cellular,jul,thu,1,999,0,nonexistent,1.4,93.918,-42.7,4.958,5228.1,No,34,admin.,Desconocido,university.degree,No,Sí,No
CLI005017,telephone,may,thu,2,999,0,nonexistent,1.1,93.994,-36.4,4.86,5191.0,Sí,51,management,married,university.degree,Desconocido,No,Sí
CLI005018,cellular,may,fri,1,999,1,failure,-1.8,92.893,-46.2,1.25,5099.1,No,48,blue-collar,married,basic.9y,No,No,Sí
CLI005019,telephone,may,fri,1,999,0,nonexistent,1.1,93.994,-36.4,4.855,5191.0,No,41,housemaid,married,high.school,No,Sí,No
CLI005020,cellular,may,tue,1,999,1,failure,-1.8,92.893,-46.2,1.266,5099.1,No,31,management,married,high.school,No,Sí,No
CLI005021,telephone,may,mon,2,999,0,nonexistent,1.1,93.994,-36.4,4.857,5191.0,No,37,housemaid,married,high.school,No,Sí,No
CLI005022,cellular,aug,fri,2,999,0,nonexistent,1.4,93.444,-36.1,4.964,5228.1,No,49,unemployed,married,high.school,Desconocido,No,No
CLI005023,telephone,may,thu,3,999,0,nonexistent,1.1,93.994,-36.4,4.855,5191.0,No,51,self-employed,married,university.degree,Desconocido,No,No
CLI005024,telephone,may,wed,5,999,0,nonexistent,1.1,93.994,-36.4,4.856,5191.0,No,50,technician,married,high.school,No,No,No
CLI005025,telephone,jun,tue,1,999,0,nonexistent,1.4,94.465,-41.8,4.864,5228.1,No,28,blue-collar,single,basic.4y,No,No,No
CLI005026,cellular,may,thu,1,999,1,failure,-1.8,92.893,-46.2,1.327,5099.1,No,29,services,married,basic.9y,No,Sí,No
CLI005027,telephone,may,mon,2,999,0,nonexistent,1.1,93.994,-36.4,4.857,5191.0,No,35,admin.,married,high.school,No,Sí,No
CLI005028,cellular,apr,mon,3,999,0,nonexistent,-1.8,93.075,-47.1,1.466,5099.1,Sí,29,technician,single,professional.course,No,Sí,No
CLI005029,cellular,jul,fri,1,999,0,nonexistent,1.4,93.918,-42.7,4.962,5228.1,No,52,admin.,married,university.degree,No,No,Sí
CLI005030,cellular,aug,wed,2,999,0,nonexistent,1.4,93.444,-36.1,4.964,5228.1,No,54,management,married,university.degree,No,No,No
CLI005031,cellular,aug,wed,8,999,0,nonexistent,1.4,93.444,-36.1,4.965,5228.1,No,57,technician,single,university.degree,Desconocido,Sí,No
CLI005032,telephone,may,fri,3,999,0,nonexistent,1.1,93.994,-36.4,4.855,5191.0,No,37,technician,married,basic.9y,No,No,No
CLI005033,telephone,may,thu,1,999,0,nonexistent,1.1,93.994,-36.4,4.86,5191.0,No,38,services,single,basic.9y,No,Sí,No
CLI005034,cellular,jul,wed,1,999,0,nonexistent,1.4,93.918,-42.7,4.957,5228.1,No,39,technician,married,Desconocido,No,Sí,No
CLI005035,cellular,apr,thu,1,999,0,nonexistent,-1.8,93.075,-47.1,1.41,5099.1,No,27,services,single,university.degree,No,Sí,No
CLI005036,telephone,jun,tue,2,999,0,nonexistent,1.4,94.465,-41.8,4.864,5228.1,No,34,services,married,high.school,No,No,No
CLI005037,cellular,aug,tue,2,999,0,nonexistent,1.4,93.444,-36.1,4.966,5228.1,No,49,blue-collar,married,basic.9y,Desconocido,No,No
CLI005038,cellular,apr,wed,2,999,0,nonexistent,-1.8,93.075,-47.1,1.415,5099.1,No,34,technician,divorced,professional.course,No,Sí,No
CLI005039,cellular,may,fri,1,999,0,nonexistent,-1.8,92.893,-46.2,1.313,5099.1,No,34,technician,married,university.degree,No,No,No
CLI005040,cellular,may,tue,2,999,0,nonexistent,-1.8,92.893,-46.2,1.344,5099.1,No,44,admin.,married,university.degree,No,Sí,No
CLI005041,telephone,may,wed,1,999,0,nonexistent,1.1,93.994,-36.4,4.857,5191.0,No,49,blue-collar,married,basic.9y,No,Sí,No
CLI005042,cellular,sep,thu,1,999,2,failure,-1.1,94.199,-37.5,0.878,4963.6,No,22,services,single,professional.course,No,Sí,No
CLI005043,cellular,jul,wed,4,999,0,nonexistent,1.4,93.918,-42.7,4.963,5228.1,Sí,60,self-employed,married,university.degree,No,Sí,No
CLI005044,cellular,jul,tue,1,999,0,nonexistent,1.4,93.918,-42.7,4.961,5228.1,No,41,blue-collar,married,basic.9y,No,Sí,Sí
CLI005045,telephone,may,fri,2,999,0,nonexistent,1.1,93.994,-36.4,4.857,5191.0,No,43,entrepreneur,married,basic.9y,Desconocido,Sí,No
CLI005046,telephone,may,wed,2,999,0,nonexistent,1.1,93.994,-36.4,4.858,5191.0,No,51,blue-collar,married,basic.9y,No,Sí,
CLI005047,cellular,may,fri,2,999,0,nonexistent,-1.8,92.893,-46.2,1.313,5099.1,Sí,36,services,single,basic.9y,No,Sí,No
CLI005048,cellular,nov,mon,1,999,0,nonexistent,-0.1,93.2,-42.0,4.191,5195.8,No,45,unemployed,married,basic.9y,No,Sí,No
CLI005049,cellular,jun,tue,1,999,0,nonexistent,-2.9,92.963,-40.8,1.262,5076.2,No,48,technician,married,high.school,No,Sí,No
CLI005050,cellular,may,wed,2,999,1,failure,-1.8,92.893,-46.2,1.281,5099.1,No,34,admin.,single,high.school,No,Sí,No
CLI005051,cellular,aug,thu,3,999,0,nonexistent,1.4,93.444,-36.1,4.968,5228.1,Sí,30,technician,single,university.degree,No,Sí,Sí
CLI005052,cellular,nov,fri,3,999,1,failure,-0.1,93.2,-42.0,4.021,5195.8,No,48,admin.,divorced,university.degree,No,Sí,No
CLI005053,cellular,nov,wed,2,999,0,nonexistent,-0.1,93.2,-42.0,4.12,5195.8,No,36,blue-collar,married,basic.9y,No,Sí,Sí
CLI005054,cellular,jun,tue,4,999,1,failure,-2.9,92.963,-40.8,1.262,5076.2,Sí,46,unemployed,married,basic.9y,No,Sí,Sí
CLI005055,telephone,may,wed,1,999,0,nonexistent,1.1,93.994,-36.4,4.856,5191.0,No,43,technician,married,professional.course,No,Sí,No
CLI005056,cellular,mar,mon,3,999,0,nonexistent,-1.8,92.843,-50.0,1.52,5099.1,No,32,admin.,single,university.degree,No,Desconocido,Desconocido
CLI005057,cellular,jul,mon,28,999,0,nonexistent,1.4,93.918,-42.7,4.96,5228.1,No,43,admin.,married,high.school,No,Sí,No
CLI005058,cellular,jul,wed,2,999,0,nonexistent,1.4,93.918,-42.7,4.962,5228.1,No,31,admin.,single,high.school,No,,No
CLI005059,telephone,may,tue,1,999,0,nonexistent,1.1,93.994,-36.4,4.857,5191.0,No,43,blue-collar,married,basic.4y,Desconocido,Sí,No
CLI005060,cellular,aug,wed,5,999,0,nonexistent,1.4,93.444,-36.1,4.964,5228.1,No,48,entrepreneur,married,high.school,No,No,No
CLI005061,telephone,jul,tue,10,999,0,nonexistent,1.4,93.918,-42.7,4.961,5228.1,No,47,retired,married,university.degree,No,No,No
CLI005062,cellular,jun,tue,1,999,0,nonexistent,-2.9,92.963,-40.8,1.262,5076.2,Sí,32,admin.,married,university.degree,No,Sí,Sí
CLI005063,cellular,jul,thu,3,999,0,nonexistent,1.4,93.918,-42.7,4.968,5228.1,No,31,services,single,high.school,No,Sí,No
CLI005064,cellular,jul,tue,2,999,0,nonexistent,1.4,93.918,-42.7,4.961,5228.1,No,43,blue-collar,married,basic.9y,No,Sí,Sí
CLI005065,cellular,nov,tue,3,999,0,nonexistent,-0.1,93.2,-42.0,4.153,5195.8,No,34,blue-collar,married,professional.course,No,Sí,No
CLI005066,cellular,aug,fri,5,999,0,nonexistent,1.4,93.444,-36.1,4.964,5228.1,No,58,services,married,high.school,No,No,No
CLI005067,cellular,jul,mon,2,999,0,nonexistent,1.4,93.918,-42.7,4.96,5228.1,Sí,27,admin.,single,high.school,Desconocido,No,No
CLI005068,telephone,may,fri,2,999,0,nonexistent,1.1,93.994,-36.4,4.855,5191.0,No,25,self-employed,single,university.degree,No,Desconocido,Desconocido
CLI005069,cellular,aug,fri,1,999,1,failure,-2.9,92.201,-31.4,0.849,5076.2,No,64,retired,married,Desconocido,No,Sí,Sí
CLI005070,cellular,may,fri,3,999,0,nonexistent,-1.8,92.893,-46.2,1.25,5099.1,No,41,admin.,married,high.school,Desconocido,No,No
CLI005071,cellular,nov,fri,2,999,0,nonexistent,-0.1,93.2,-42.0,4.021,5195.8,No,41,technician,married,university.degree,No,Sí,Sí
CLI005072,cellular,nov,tue,1,999,1,failure,-0.1,93.2,-42.0,4.153,5195.8,No,51,services,divorced,high.school,No,No,
CLI005073,telephone,may,mon,2,999,0,nonexistent,1.1,93.994,-36.4,4.858,5191.0,No,43,admin.,divorced,high.school,No,No,No
CLI005074,cellular,jul,mon,2,999,0,nonexistent,1.4,93.918,-42.7,4.96,5228.1,No,50,entrepreneur,married,basic.9y,Desconocido,No,No
CLI005075,cellular,may,wed,1,999,0,nonexistent,-1.8,92.893,-46.2,1.334,5099.1,No,27,student,single,university.degree,No,No,No
CLI005076,cellular,nov,fri,2,999,0,nonexistent,-0.1,93.2,-42.0,4.021,5195.8,No,40,management,married,university.degree,No,No,No
CLI005077,cellular,oct,thu,2,999,0,nonexistent,-1.1,94.601,-49.5,0.987,4963.6,Sí,61,blue-collar,married,professional.course,No,Sí,No
CLI005078,cellular,apr,mon,3,999,0,nonexistent,-1.8,93.075,-47.1,1.405,5099.1,No,35,management,married,university.degree,No,No,No
CLI005079,cellular,aug,thu,1,999,0,nonexistent,1.4,93.444,-36.1,4.968,5228.1,No,31,housemaid,married,basic.4y,No,Sí,No
CLI005080,telephone,jul,mon,3,999,0,nonexistent,1.4,93.918,-42.7,4.962,5228.1,No,32,admin.,single,university.degree,No,Sí,No
CLI005081,telephone,may,tue,2,999,0,nonexistent,1.1,93.994,-36.4,4.856,5191.0,No,37,technician,married,professional.course,No,,No
CLI005082,cellular,apr,thu,1,999,0,nonexistent,-1.8,93.075,-47.1,1.365,5099.1,No,54,housemaid,married,high.school,No,Sí,No
CLI005083,telephone,may,wed,2,999,0,nonexistent,1.1,93.994,-36.4,4.856,5191.0,No,37,blue-collar,married,basic.6y,No,No,No
CLI005084,cellular,may,wed,1,999,1,failure,-1.8,92.893,-46.2,1.334,5099.1,No,40,blue-collar,married,Desconocido,No,Sí,No
CLI005085,telephone,jun,mon,2,999,0,nonexistent,1.4,94.465,-41.8,4.947,5228.1,No,38,admin.,married,high.school,No,No,No
CLI005086,telephone,sep,mon,1,999,0,nonexistent,-1.1,94.199,-37.5,0.882,4963.6,No,25,student,single,university.degree,No,Sí,Sí
CLI005087,telephone,may,fri,3,999,0,nonexistent,1.1,93.994,-36.4,4.857,5191.0,No,32,management,married,university.degree,No,No,No
CLI005088,cellular,nov,wed,1,999,0,nonexistent,-0.1,93.2,-42.0,4.12,5195.8,No,33,blue-collar,married,basic.9y,No,Sí,No
CLI005089,telephone,may,fri,4,999,0,nonexistent,-1.8,92.893,-46.2,1.313,5099.1,No,39,blue-collar,married,basic.9y,Desconocido,Desconocido,Desconocido
CLI005090,telephone,jun,tue,5,999,0,nonexistent,1.4,94.465,-41.8,4.961,5228.1,No,40,admin.,married,high.school,Desconocido,No,No
CLI005091,telephone,jul,thu,5,999,0,nonexistent,1.4,93.918,-42.7,4.968,5228.1,No,31,services,single,,No,Sí,No
CLI005092,telephone,nov,fri,1,999,0,nonexistent,-0.1,93.2,-42.0,4.223,5195.8,No,35,management,married,university.degree,No,Sí,No
CLI005093,cellular,may,wed,3,999,0,nonexistent,-1.8,92.893,-46.2,1.281,5099.1,No,33,technician,single,high.school,No,Sí,No
CLI005094,cellular,jul,tue,1,999,0,nonexistent,1.4,93.918,-42.7,4.962,5228.1,No,26,admin.,married,high.school,No,No,No
CLI005095,telephone,jun,fri,2,999,0,nonexistent,1.4,94.465,-41.8,4.967,5228.1,Sí,40,blue-collar,married,professional.course,Desconocido,No,No
CLI005096,cellular,may,mon,2,999,0,nonexistent,-1.8,92.893,-46.2,1.299,5099.1,No,32,blue-collar,married,basic.9y,No,Sí,Sí
CLI005097,cellular,nov,tue,1,999,0,nonexistent,-0.1,93.2,-42.0,4.153,5195.8,No,41,admin.,single,university.degree,No,No,No
CLI005098,cellular,aug,thu,1,999,0,nonexistent,1.4,93.444,-36.1,4.968,5228.1,No,53,blue-collar,married,basic.4y,Desconocido,Sí,No
CLI005099,cellular,aug,mon,1,999,0,nonexistent,1.4,93.444,-36.1,4.965,5228.1,No,36,technician,married,professional.course,No,Sí,No
CLI005100,telephone,may,thu,5,999,1,failure,-1.8,92.893,-46.2,1.266,5099.1,No,27,entrepreneur,divorced,university.degree,Desconocido,No,No
CLI005101,cellular,aug,thu,1,999,0,nonexistent,1.4,93.444,-36.1,4.962,5228.1,No,48,admin.,single,university.degree,No,Sí,No
CLI005102,cellular,aug,wed,6,999,0,nonexistent,1.4,93.444,-36.1,4.964,5228.1,No,30,admin.,married,university.degree,No,Sí,Sí
CLI005103,cellular,may,fri,1,999,0,nonexistent,-1.8,92.893,-46.2,1.25,5099.1,No,43,services,married,basic.6y,No,Sí,No
CLI005104,cellular,may,thu,2,999,0,nonexistent,-1.8,92.893,-46.2,1.266,5099.1,No,35,admin.,divorced,high.school,No,Sí,
CLI005105,cellular,may,mon,6,999,0,nonexistent,-1.8,92.893,-46.2,1.244,5099.1,No,23,services,married,basic.9y,Desconocido,Sí,No
CLI005106,cellular,jul,thu,1,999,0,nonexistent,1.4,93.918,-42.7,4.962,5228.1,No,40,services,married,basic.9y,Desconocido,No,No
CLI005107,cellular,jul,tue,4,999,0,nonexistent,1.4,93.918,-42.7,4.961,5228.1,No,44,blue-collar,married,Desconocido,Desconocido,Sí,No
CLI005108,telephone,jun,mon,1,999,0,nonexistent,1.4,94.465,-41.8,4.865,5228.1,No,35,services,single,basic.4y,No,No,
CLI005109,cellular,aug,fri,1,999,0,nonexistent,1.4,93.444,-36.1,4.964,5228.1,Sí,33,admin.,married,university.degree,No,Sí,No
CLI005110,telephone,may,thu,1,999,0,nonexistent,1.1,93.994,-36.4,4.86,5191.0,Sí,28,entrepreneur,married,basic.9y,Desconocido,Sí,No
CLI005111,cellular,jul,mon,1,999,0,nonexistent,1.4,93.918,-42.7,4.96,5228.1,No,33,unemployed,divorced,basic.9y,No,Desconocido,Desconocido
CLI005112,cellular,aug,thu,3,999,0,nonexistent,1.4,93.444,-36.1,4.964,5228.1,No,32,admin.,single,university.degree,No,Sí,Sí
CLI005113,cellular,may,wed,1,999,0,nonexistent,-1.8,92.893,-46.2,1.334,5099.1,No,37,blue-collar,single,professional.course,No,Sí,Sí
CLI005114,cellular,nov,wed,1,999,0,nonexistent,-0.1,93.2,-42.0,4.12,5195.8,No,29,blue-collar,married,professional.course,No,No,No
CLI005115,telephone,may,mon,3,999,0,nonexistent,1.1,93.994,-36.4,4.858,5191.0,Sí,38,services,married,high.school,No,Sí,No
CLI005116,telephone,jun,thu,1,999,0,nonexistent,1.4,94.465,-41.8,4.958,5228.1,No,35,housemaid,married,high.school,No,No,No
CLI005117,cellular,nov,tue,1,999,0,nonexistent,-0.1,93.2,-42.0,4.153,5195.8,No,51,admin.,married,basic.6y,No,Sí,No
CLI005118,cellular,aug,fri,1,999,0,nonexistent,-2.9,92.201,-31.4,0.881,5076.2,Sí,25,admin.,single,university.degree,No,Sí,No
CLI005119,cellular,jul,thu,1,999,0,nonexistent,1.4,93.918,-42.7,4.962,5228.1,No,50,technician,married,professional.course,No,No,Sí
CLI005120,cellular,jul,mon,1,999,0,nonexistent,1.4,93.918,-42.7,4.96,5228.1,No,34,blue-collar,married,basic.6y,No,Sí,Sí
CLI005121,cellular,may,mon,1,999,1,failure,-1.8,92.893,-46.2,1.264,5099.1,Sí,44,services,married,high.school,No,Sí,Sí
CLI005122,cellular,may,fri,3,999,0,nonexistent,-1.8,92.893,-46.2,1.25,5099.1,No,37,services,divorced,basic.4y,No,No,No
CLI005123,telephone,may,tue,1,999,0,nonexistent,1.1,93.994,-36.4,4.856,5191.0,No,22,blue-collar,single,basic.9y,No,Sí,No
CLI005124,telephone,jun,wed,1,999,0,nonexistent,1.4,94.465,-41.8,4.864,5228.1,Sí,38,admin.,single,university.degree,No,No,Sí
CLI005125,cellular,jul,tue,2,999,0,nonexistent,1.4,93.918,-42.7,4.961,5228.1,No,50,technician,single,university.degree,Desconocido,No,No
CLI005126,cellular,jul,thu,3,999,0,nonexistent,1.4,93.918,-42.7,4.962,5228.1,No,47,technician,divorced,high.school,No,Sí,No
CLI005127,cellular,aug,fri,1,999,0,nonexistent,1.4,93.444,-36.1,4.966,5228.1,No,50,blue-collar,married,basic.4y,Desconocido,Sí,No
CLI005128,cellular,may,thu,2,999,0,nonexistent,-1.8,92.893,-46.2,1.327,5099.1,No,32,services,married,high.school,No,No,No
CLI005129,telephone,aug,wed,1,999,0,nonexistent,-1.7,94.027,-38.3,0.9,4991.6,No,18,student,single,Desconocido,No,Sí,Sí
CLI005130,telephone,jun,mon,5,999,0,nonexistent,1.4,94.465,-41.8,4.865,5228.1,No,33,blue-collar,married,basic.6y,No,Sí,No
CLI005131,cellular,nov,fri,1,999,1,failure,-0.1,93.2,-42.0,4.021,5195.8,No,58,admin.,married,university.degree,No,No,No
CLI005132,telephone,may,tue,2,999,0,nonexistent,1.1,93.994,-36.4,4.857,5191.0,No,59,admin.,married,university.degree,Desconocido,No,
CLI005133,cellular,aug,thu,11,999,0,nonexistent,1.4,93.444,-36.1,4.962,5228.1,No,33,technician,single,university.degree,No,Sí,No
CLI005134,cellular,nov,fri,1,999,1,failure,-0.1,93.2,-42.0,4.021,5195.8,No,50,unemployed,married,professional.course,No,Sí,No
CLI005135,cellular,jul,mon,4,999,0,nonexistent,1.4,93.918,-42.7,4.962,5228.1,No,32,technician,married,professional.course,No,Sí,Sí
CLI005136,telephone,nov,thu,1,999,0,nonexistent,-3.4,92.649,-30.1,0.714,5017.5,Sí,66,retired,married,basic.4y,No,Sí,Sí
CLI005137,cellular,may,fri,3,999,0,nonexistent,-1.8,92.893,-46.2,1.25,5099.1,No,44,admin.,married,high.school,No,,No
CLI005138,telephone,jun,wed,2,999,0,nonexistent,1.4,94.465,-41.8,4.962,5228.1,No,28,technician,single,university.degree,Desconocido,No,No
CLI005139,cellular,may,wed,1,999,1,failure,-1.8,92.893,-46.2,1.334,5099.1,No,38,blue-collar,married,basic.4y,No,No,No
CLI005140,cellular,sep,fri,4,999,0,nonexistent,-3.4,92.379,-29.8,0.773,5017.5,No,31,technician,married,professional.course,No,Sí,No
CLI005141,cellular,mar,tue,1,999,0,nonexistent,-1.8,92.843,-50.0,1.614,5099.1,No,50,admin.,divorced,university.degree,No,Sí,No
CLI005142,cellular,apr,mon,1,999,0,nonexistent,-1.8,93.075,-47.1,1.405,5099.1,No,36,blue-collar,married,basic.9y,No,Sí,No
CLI005143,cellular,may,thu,1,999,1,failure,-1.8,92.893,-46.2,1.266,5099.1,No,28,blue-collar,single,basic.4y,No,No,No
CLI005144,telephone,jun,thu,1,999,0,nonexistent,1.4,94.465,-41.8,4.958,5228.1,No,40,blue-collar,married,basic.4y,Desconocido,No,No
CLI005145,cellular,nov,wed,1,999,1,failure,-1.1,94.767,-50.8,1.048,4963.6,No,19,student,single,basic.9y,No,Sí,No
CLI005146,cellular,aug,fri,9,999,0,nonexistent,1.4,93.444,-36.1,4.963,5228.1,No,30,admin.,divorced,,No,Sí,No
CLI005147,cellular,oct,wed,1,999,2,failure,-1.1,94.601,-49.5,1.016,4963.6,Sí,81,retired,married,basic.4y,No,Sí,No
CLI005148,cellular,jul,tue,1,999,0,nonexistent,1.4,93.918,-42.7,4.962,5228.1,No,28,blue-collar,divorced,high.school,No,Sí,Sí
CLI005149,cellular,may,mon,3,999,0,nonexistent,-1.8,93.876,-40.0,0.682,5008.7,No,82,retired,married,high.school,Desconocido,Sí,No
CLI005150,cellular,may,wed,2,999,2,failure,-1.8,92.893,-46.2,1.334,5099.1,No,34,services,married,high.school,No,No,No
CLI005151,telephone,may,fri,2,999,0,nonexistent,1.1,93.994,-36.4,4.864,5191.0,No,38,blue-collar,married,Desconocido,No,Sí,No
CLI005152,cellular,oct,thu,1,999,0,nonexistent,-3.4,92.431,-26.9,0.722,5017.5,No,32,self-employed,married,university.degree,No,Sí,Sí
CLI005153,cellular,aug,wed,12,999,0,nonexistent,1.4,93.444,-36.1,4.965,5228.1,No,44,blue-collar,married,basic.6y,No,No,No
CLI005154,cellular,may,mon,3,999,1,failure,-1.8,92.893,-46.2,1.299,5099.1,No,31,technician,married,university.degree,No,Sí,No
CLI005155,cellular,apr,mon,3,999,0,nonexistent,-1.8,93.749,-34.6,0.645,5008.7,Sí,46,admin.,married,high.school,No,No,No
CLI005156,telephone,may,fri,3,999,0,nonexistent,1.1,93.994,-36.4,4.864,5191.0,No,39,blue-collar,married,basic.9y,No,No,Sí
CLI005157,cellular,jul,wed,2,999,0,nonexistent,1.4,93.918,-42.7,4.957,5228.1,No,29,blue-collar,married,professional.course,No,No,No
CLI005158,cellular,jul,thu,2,999,0,nonexistent,1.4,93.918,-42.7,4.962,5228.1,No,23,blue-collar,single,basic.9y,No,Sí,No
CLI005159,cellular,mar,fri,1,999,0,nonexistent,-1.8,93.369,-34.8,0.653,5008.7,Sí,41,admin.,divorced,university.degree,No,Sí,Sí
CLI005160,cellular,aug,mon,3,999,0,nonexistent,1.4,93.444,-36.1,4.965,5228.1,No,36,self-employed,married,high.school,Desconocido,Sí,No
CLI005161,telephone,jun,tue,6,999,0,nonexistent,1.4,94.465,-41.8,4.958,5228.1,No,31,blue-collar,married,basic.6y,No,No,No
CLI005162,telephone,jun,wed,1,999,0,nonexistent,1.4,94.465,-41.8,4.959,5228.1,No,48,admin.,divorced,high.school,No,No,No
CLI005163,cellular,aug,tue,2,3,2,success,-2.9,92.201,-31.4,0.838,5076.2,Sí,43,admin.,married,high.school,No,Sí,No
CLI005164,telephone,jun,thu,1,999,0,nonexistent,1.4,94.465,-41.8,4.958,5228.1,No,49,technician,married,professional.course,No,No,Sí
CLI005165,telephone,may,fri,2,999,0,nonexistent,1.1,93.994,-36.4,4.855,5191.0,No,36,management,married,basic.9y,No,No,No
CLI005166,cellular,aug,wed,2,999,0,nonexistent,1.4,93.444,-36.1,4.967,5228.1,No,41,technician,married,high.school,No,No,No
CLI005167,cellular,jun,tue,3,11,2,failure,-2.9,92.963,-40.8,1.252,5076.2,No,31,technician,married,professional.course,No,Sí,No
CLI005168,cellular,may,thu,2,999,0,nonexistent,-1.8,92.893,-46.2,1.327,5099.1,No,33,blue-collar,married,professional.course,Desconocido,No,
CLI005169,telephone,jun,mon,2,999,0,nonexistent,1.4,94.465,-41.8,4.865,5228.1,No,42,retired,married,basic.9y,Desconocido,No,No
CLI005170,telephone,jun,wed,13,999,0,nonexistent,1.4,94.465,-41.8,4.962,5228.1,No,49,technician,married,professional.course,Desconocido,Sí,No
CLI005171,telephone,jul,tue,5,999,0,nonexistent,1.4,93.918,-42.7,4.962,5228.1,No,48,technician,divorced,professional.course,No,Sí,No
CLI005172,cellular,oct,thu,2,999,1,failure,-3.4,92.431,-26.9,0.733,5017.5,Sí,37,unemployed,married,university.degree,No,Sí,No
CLI005173,cellular,aug,thu,5,999,0,nonexistent,1.4,93.444,-36.1,4.962,5228.1,No,45,admin.,married,high.school,No,No,No
CLI005174,telephone,oct,fri,1,999,0,nonexistent,-0.1,93.798,-40.4,4.918,5195.8,Sí,38,admin.,married,high.school,No,Sí,No
CLI005175,cellular,jul,fri,2,999,0,nonexistent,1.4,93.918,-42.7,4.957,5228.1,No,33,services,married,basic.9y,No,Sí,No
CLI005176,telephone,jun,wed,3,999,0,nonexistent,1.4,94.465,-41.8,4.864,5228.1,No,28,admin.,married,high.school,No,No,No
CLI005177,telephone,jun,fri,2,999,0,nonexistent,1.4,94.465,-41.8,4.947,5228.1,No,54,admin.,married,university.degree,No,Sí,No
CLI005178,cellular,nov,thu,1,999,0,nonexistent,-0.1,93.2,-42.0,4.076,5195.8,No,43,services,married,high.school,No,No,
CLI005179,telephone,may,wed,2,999,0,nonexistent,1.1,93.994,-36.4,4.857,5191.0,No,41,admin.,married,high.school,No,No,No
CLI005180,cellular,nov,wed,3,999,0,nonexistent,-1.1,94.767,-50.8,1.03,4963.6,No,32,admin.,married,university.degree,No,Sí,No
CLI005181,cellular,apr,thu,1,2,1,success,-1.8,93.075,-47.1,1.365,5099.1,Sí,28,blue-collar,single,basic.9y,No,Sí,No
CLI005182,cellular,may,tue,2,999,0,nonexistent,-1.8,92.893,-46.2,1.291,5099.1,No,34,admin.,divorced,professional.course,No,Sí,Sí
CLI005183,cellular,jul,mon,10,999,0,nonexistent,1.4,93.918,-42.7,4.962,5228.1,No,46,admin.,married,high.school,No,No,No
CLI005184,cellular,jul,tue,2,999,0,nonexistent,1.4,93.918,-42.7,4.961,5228.1,No,47,services,divorced,basic.4y,No,No,No
CLI005185,telephone,jun,tue,1,999,1,failure,-1.7,94.055,-39.8,0.702,4991.6,No,59,retired,divorced,professional.course,No,No,No
CLI005186,telephone,jun,tue,3,999,0,nonexistent,1.4,94.465,-41.8,4.961,5228.1,No,50,blue-collar,married,basic.4y,Desconocido,No,No
CLI005187,cellular,aug,fri,4,999,0,nonexistent,1.4,93.444,-36.1,4.966,5228.1,No,50,blue-collar,married,basic.9y,No,Sí,No
CLI005188,telephone,sep,wed,1,999,0,nonexistent,-1.1,94.199,-37.5,0.886,4963.6,No,22,student,single,high.school,No,No,No
CLI005189,cellular,jul,thu,5,999,1,failure,-1.7,94.215,-40.3,0.846,4991.6,Sí,23,blue-collar,single,basic.9y,No,Sí,No
CLI005190,cellular,aug,tue,1,999,0,nonexistent,-2.9,92.201,-31.4,0.883,5076.2,Sí,61,entrepreneur,married,university.degree,Desconocido,Sí,No
CLI005191,telephone,may,tue,4,999,0,nonexistent,1.1,93.994,-36.4,4.857,5191.0,No,38,housemaid,married,basic.9y,No,No,No
CLI005192,telephone,jun,wed,1,999,0,nonexistent,1.4,94.465,-41.8,4.959,5228.1,No,28,admin.,married,university.degree,No,No,No
CLI005193,cellular,aug,thu,2,999,0,nonexistent,1.4,93.444,-36.1,4.963,5228.1,No,35,technician,single,professional.course,No,Sí,No
CLI005194,telephone,jul,thu,6,999,0,nonexistent,1.4,93.918,-42.7,4.963,5228.1,No,33,admin.,single,high.school,No,Sí,No
CLI005195,cellular,jul,mon,2,999,0,nonexistent,1.4,93.918,-42.7,4.96,5228.1,No,39,admin.,divorced,basic.9y,No,Sí,No
CLI005196,cellular,aug,wed,3,999,0,nonexistent,1.4,93.444,-36.1,4.965,5228.1,No,59,self-employed,married,basic.9y,No,Sí,No
CLI005197,telephone,may,fri,4,999,0,nonexistent,1.1,93.994,-36.4,4.855,5191.0,No,49,blue-collar,married,basic.4y,Desconocido,No,No
CLI005198,telephone,may,fri,4,999,0,nonexistent,1.1,93.994,-36.4,4.864,5191.0,No,34,admin.,married,university.degree,No,No,No
CLI005199,cellular,aug,thu,22,999,0,nonexistent,1.4,93.444,-36.1,4.962,5228.1,No,40,technician,divorced,professional.course,No,No,Sí
CLI005200,cellular,sep,tue,1,999,0,nonexistent,-3.4,92.379,-29.8,0.788,5017.5,No,71,retired,married,,No,No,No
CLI005201,telephone,nov,thu,8,999,1,failure,-0.1,93.2,-42.0,4.076,5195.8,No,31,technician,married,basic.6y,No,Sí,No
CLI005202,telephone,may,thu,6,999,0,nonexistent,1.1,93.994,-36.4,4.855,5191.0,No,44,self-employed,married,professional.course,No,No,No
CLI005203,cellular,may,thu,2,999,0,nonexistent,-1.8,92.893,-46.2,1.266,5099.1,No,33,blue-collar,married,basic.9y,Desconocido,Desconocido,Desconocido
CLI005204,cellular,aug,tue,1,999,0,nonexistent,1.4,93.444,-36.1,4.965,5228.1,No,50,admin.,divorced,university.degree,No,No,No
CLI005205,cellular,may,wed,2,999,1,failure,-1.8,92.893,-46.2,1.334,5099.1,No,54,management,divorced,university.degree,No,Sí,Sí
CLI005206,cellular,jul,wed,1,999,0,nonexistent,1.4,93.918,-42.7,4.963,5228.1,No,44,services,divorced,high.school,No,No,No
CLI005207,cellular,aug,thu,3,999,0,nonexistent,1.4,93.444,-36.1,4.968,5228.1,No,48,blue-collar,married,basic.4y,Desconocido,No,Sí
CLI005208,telephone,jul,mon,14,999,0,nonexistent,1.4,93.918,-42.7,4.962,5228.1,No,36,blue-collar,married,basic.9y,No,Desconocido,Desconocido
CLI005209,cellular,nov,mon,1,999,0,nonexistent,-0.1,93.2,-42.0,4.191,5195.8,No,46,admin.,married,high.school,No,Sí,No
CLI005210,cellular,jun,tue,1,999,0,nonexistent,-2.9,92.963,-40.8,1.099,5076.2,No,36,entrepreneur,single,basic.4y,No,No,No
CLI005211,cellular,jul,wed,1,999,0,nonexistent,1.4,93.918,-42.7,4.962,5228.1,No,21,blue-collar,single,basic.9y,No,No,No
CLI005212,telephone,may,mon,3,999,0,nonexistent,-1.8,92.893,-46.2,1.354,5099.1,No,31,services,married,high.school,Desconocido,No,No
CLI005213,telephone,jul,mon,1,999,0,nonexistent,1.4,93.918,-42.7,4.96,5228.1,No,41,admin.,divorced,basic.6y,No,No,No
CLI005214,cellular,jul,fri,1,999,0,nonexistent,1.4,93.918,-42.7,4.962,5228.1,Sí,44,admin.,married,Desconocido,No,,No
CLI005215,cellular,jun,thu,1,4,1,success,-2.9,92.963,-40.8,1.26,5076.2,Sí,28,management,single,university.degree,No,Sí,No
CLI005216,telephone,may,wed,2,999,0,nonexistent,1.1,93.994,-36.4,4.856,5191.0,No,49,technician,married,professional.course,Desconocido,,Desconocido
CLI005217,cellular,jul,thu,5,999,0,nonexistent,1.4,93.918,-42.7,4.968,5228.1,No,31,self-employed,married,university.degree,No,No,No
CLI005218,telephone,may,wed,13,999,0,nonexistent,1.1,93.994,-36.4,4.858,5191.0,No,33,admin.,single,university.degree,No,Sí,No
CLI005219,cellular,may,tue,5,999,0,nonexistent,-1.8,92.893,-46.2,1.291,5099.1,No,55,blue-collar,married,basic.9y,Desconocido,No,No
CLI005220,telephone,may,wed,1,999,0,nonexistent,-1.8,92.893,-46.2,1.27,5099.1,No,40,technician,single,university.degree,No,No,No
CLI005221,cellular,nov,wed,5,999,0,nonexistent,-0.1,93.2,-42.0,4.12,5195.8,No,44,services,single,high.school,No,Sí,No
CLI005222,cellular,jun,tue,1,999,0,nonexistent,-2.9,92.963,-40.8,1.262,5076.2,Sí,43,blue-collar,married,,No,Sí,No
CLI005223,cellular,aug,mon,1,999,0,nonexistent,1.4,93.444,-36.1,4.965,5228.1,No,45,admin.,married,university.degree,No,No,No
CLI005224,telephone,may,thu,1,999,0,nonexistent,1.1,93.994,-36.4,4.855,5191.0,No,24,services,single,high.school,No,Sí,Sí
CLI005225,cellular,may,wed,2,999,0,nonexistent,-1.8,92.893,-46.2,1.334,5099.1,No,32,technician,single,professional.course,No,Sí,No
CLI005226,cellular,nov,thu,1,999,0,nonexistent,-0.1,93.2,-42.0,4.076,5195.8,No,37,technician,married,university.degree,No,No,No
CLI005227,telephone,jun,wed,2,999,0,nonexistent,1.4,94.465,-41.8,4.959,5228.1,No,45,entrepreneur,married,basic.6y,No,No,No
CLI005228,cellular,aug,fri,1,999,0,nonexistent,1.4,93.444,-36.1,4.966,5228.1,No,44,management,married,high.school,Desconocido,Sí,No
CLI005229,telephone,may,wed,1,999,0,nonexistent,1.1,93.994,-36.4,4.859,5191.0,No,35,technician,married,professional.course,No,Sí,Sí
CLI005230,cellular,jul,mon,11,999,0,nonexistent,1.4,93.918,-42.7,4.962,5228.1,No,49,admin.,married,high.school,No,Sí,No
CLI005231,cellular,may,wed,1,999,1,failure,-1.8,92.893,-46.2,1.281,5099.1,No,47,blue-collar,married,basic.4y,No,Sí,No
CLI005232,telephone,oct,tue,1,999,2,failure,-3.4,92.431,-26.9,0.728,5017.5,No,32,admin.,single,university.degree,No,Sí,No
CLI005233,telephone,jul,thu,2,999,0,nonexistent,1.4,93.918,-42.7,4.966,5228.1,No,26,technician,married,professional.course,No,Sí,No
CLI005234,telephone,jun,thu,2,999,0,nonexistent,1.4,94.465,-41.8,4.866,5228.1,No,35,blue-collar,divorced,basic.9y,No,No,No
CLI005235,cellular,may,thu,1,999,0,nonexistent,-1.8,92.893,-46.2,1.266,5099.1,Sí,44,services,married,high.school,No,No,Sí
CLI005236,telephone,may,mon,3,999,0,nonexistent,1.1,93.994,-36.4,4.858,5191.0,No,29,services,married,basic.9y,No,Sí,No
CLI005237,telephone,may,thu,10,999,0,nonexistent,1.1,93.994,-36.4,4.86,5191.0,No,58,blue-collar,married,basic.4y,Desconocido,Sí,
CLI005238,cellular,aug,mon,2,999,0,nonexistent,1.4,93.444,-36.1,4.963,5228.1,No,52,admin.,divorced,university.degree,No,No,No
CLI005239,telephone,jun,tue,2,999,0,nonexistent,1.4,94.465,-41.8,4.961,5228.1,No,44,blue-collar,married,high.school,Desconocido,No,No
CLI005240,telephone,jun,tue,3,999,0,nonexistent,1.4,94.465,-41.8,4.961,5228.1,No,44,services,single,high.school,No,No,No
CLI005241,telephone,jun,wed,1,999,0,nonexistent,1.4,94.465,-41.8,4.959,5228.1,No,33,admin.,single,university.degree,No,Sí,Sí
CLI005242,cellular,jul,tue,2,999,0,nonexistent,1.4,93.918,-42.7,4.961,5228.1,No,30,admin.,single,high.school,No,No,Sí
CLI005243,cellular,jul,tue,5,999,0,nonexistent,1.4,93.918,-42.7,4.961,5228.1,Sí,60,retired,divorced,professional.course,No,No,No
CLI005244,cellular,nov,fri,2,999,0,nonexistent,-0.1,93.2,-42.0,4.021,5195.8,No,53,unemployed,single,basic.9y,No,No,No
CLI005245,cellular,aug,wed,2,999,0,nonexistent,1.4,93.444,-36.1,4.964,5228.1,No,47,technician,married,professional.course,No,Sí,No
CLI005246,cellular,aug,fri,2,999,0,nonexistent,1.4,93.444,-36.1,4.966,5228.1,No,52,blue-collar,married,basic.4y,No,Sí,No
CLI005247,telephone,jul,thu,2,999,0,nonexistent,1.4,93.918,-42.7,4.958,5228.1,No,40,housemaid,divorced,high.school,Desconocido,No,Sí
CLI005248,cellular,oct,fri,2,999,0,nonexistent,-3.4,92.431,-26.9,0.739,5017.5,No,32,self-employed,married,professional.course,No,No,Sí
CLI005249,cellular,aug,fri,2,999,0,nonexistent,-1.7,94.027,-38.3,0.905,4991.6,Sí,27,admin.,single,university.degree,No,Sí,No
CLI005250,cellular,jul,mon,2,999,1,failure,-1.7,94.215,-40.3,0.889,4991.6,Sí,68,retired,married,,No,Sí,No
CLI005251,cellular,apr,thu,1,999,0,nonexistent,-1.8,93.075,-47.1,1.41,5099.1,No,54,blue-collar,married,basic.4y,No,Sí,No
CLI005252,cellular,nov,thu,2,999,0,nonexistent,-0.1,93.2,-42.0,4.076,5195.8,No,32,technician,married,professional.course,No,No,No
CLI005253,telephone,may,fri,2,999,0,nonexistent,1.1,93.994,-36.4,4.864,5191.0,No,59,technician,married,Desconocido,No,No,No
CLI005254,telephone,aug,fri,1,999,0,nonexistent,1.4,93.444,-36.1,4.963,5228.1,No,49,services,married,Desconocido,No,No,No
CLI005255,telephone,may,fri,2,999,0,nonexistent,1.1,93.994,-36.4,4.857,5191.0,No,54,blue-collar,single,basic.4y,Desconocido,Desconocido,Desconocido
CLI005256,telephone,oct,tue,1,999,0,nonexistent,-0.1,93.798,-40.4,4.968,5195.8,No,41,admin.,single,high.school,No,No,No
CLI005257,cellular,aug,thu,1,999,0,nonexistent,1.4,93.444,-36.1,4.962,5228.1,No,36,admin.,married,university.degree,No,No,No
CLI005258,cellular,jul,fri,3,999,0,nonexistent,1.4,93.918,-42.7,4.962,5228.1,No,43,entrepreneur,married,university.degree,No,No,Sí
CLI005259,cellular,may,mon,3,3,1,success,-1.8,92.893,-46.2,1.354,5099.1,Sí,50,blue-collar,married,basic.6y,No,Sí,No
CLI005260,cellular,nov,fri,3,999,0,nonexistent,-0.1,93.2,-42.0,4.021,5195.8,No,30,services,single,university.degree,No,Sí,No
CLI005261,telephone,may,thu,2,999,0,nonexistent,1.1,93.994,-36.4,4.855,5191.0,No,51,services,married,high.school,Desconocido,Sí,No
CLI005262,cellular,oct,tue,1,999,0,nonexistent,-3.4,92.431,-26.9,0.728,5017.5,Sí,55,unemployed,married,basic.9y,No,No,No
CLI005263,cellular,may,tue,3,999,0,nonexistent,-1.8,92.893,-46.2,1.291,5099.1,No,49,technician,divorced,professional.course,No,Sí,No
CLI005264,telephone,nov,tue,1,999,0,nonexistent,-0.1,93.2,-42.0,4.153,5195.8,No,50,entrepreneur,married,basic.9y,No,No,No
CLI005265,cellular,jun,tue,2,999,0,nonexistent,-2.9,92.963,-40.8,1.286,5076.2,No,29,admin.,single,high.school,No,Sí,
CLI005266,cellular,jul,fri,3,999,0,nonexistent,1.4,93.918,-42.7,4.962,5228.1,No,52,blue-collar,married,basic.4y,Desconocido,Sí,Sí
CLI005267,telephone,jul,mon,3,999,0,nonexistent,1.4,93.918,-42.7,4.962,5228.1,No,56,blue-collar,divorced,basic.6y,Desconocido,No,No
CLI005268,cellular,oct,thu,1,999,2,failure,-3.4,92.431,-26.9,0.754,5017.5,No,49,technician,divorced,Desconocido,No,No,No
CLI005269,telephone,may,thu,2,999,0,nonexistent,1.1,93.994,-36.4,4.86,5191.0,No,31,blue-collar,married,basic.6y,Desconocido,No,No
CLI005270,cellular,nov,mon,2,999,0,nonexistent,-0.1,93.2,-42.0,4.191,5195.8,No,34,unemployed,married,high.school,No,Sí,No
CLI005271,telephone,may,fri,2,999,0,nonexistent,1.1,93.994,-36.4,4.857,5191.0,No,52,technician,married,,Desconocido,Sí,No
CLI005272,cellular,may,thu,3,999,0,nonexistent,-1.8,92.893,-46.2,1.27,5099.1,No,52,admin.,divorced,university.degree,No,Sí,Sí
CLI005273,telephone,may,wed,7,999,0,nonexistent,1.1,93.994,-36.4,4.857,5191.0,No,39,housemaid,married,university.degree,No,Sí,
CLI005274,telephone,may,fri,1,999,0,nonexistent,1.1,93.994,-36.4,4.857,5191.0,No,52,technician,married,basic.9y,No,No,No
CLI005275,cellular,may,mon,5,999,1,failure,-1.8,92.893,-46.2,1.299,5099.1,No,34,blue-collar,married,basic.9y,No,No,No
CLI005276,cellular,may,mon,1,999,0,nonexistent,-1.8,92.893,-46.2,1.299,5099.1,No,31,blue-collar,married,basic.6y,No,No,No
CLI005277,telephone,jun,fri,1,999,0,nonexistent,1.4,94.465,-41.8,4.947,5228.1,Sí,27,self-employed,single,university.degree,No,No,No
CLI005278,cellular,aug,mon,1,999,1,failure,-2.9,92.201,-31.4,0.861,5076.2,Sí,74,retired,married,basic.9y,No,Sí,No
CLI005279,telephone,may,tue,1,999,0,nonexistent,1.1,93.994,-36.4,4.857,5191.0,No,53,admin.,single,basic.6y,No,Sí,No
CLI005280,cellular,nov,mon,1,999,0,nonexistent,-0.1,93.2,-42.0,4.191,5195.8,No,39,admin.,married,high.school,No,Sí,No
CLI005281,cellular,nov,wed,1,999,0,nonexistent,-0.1,93.2,-42.0,4.12,5195.8,No,47,unemployed,married,high.school,Desconocido,,No
CLI005282,telephone,jun,thu,1,999,0,nonexistent,1.4,94.465,-41.8,4.866,5228.1,No,50,blue-collar,married,basic.4y,Desconocido,No,No
CLI005283,cellular,may,tue,2,999,1,failure,-1.8,92.893,-46.2,1.291,5099.1,No,31,admin.,single,university.degree,No,Sí,No
CLI005284,cellular,aug,mon,4,999,0,nonexistent,1.4,93.444,-36.1,4.963,5228.1,No,34,admin.,single,university.degree,No,Sí,No
CLI005285,cellular,jul,wed,2,999,0,nonexistent,1.4,93.918,-42.7,4.963,5228.1,No,28,admin.,single,university.degree,No,Sí,No
CLI005286,cellular,aug,wed,2,999,0,nonexistent,1.4,93.444,-36.1,4.967,5228.1,No,44,admin.,married,university.degree,Desconocido,Sí,Sí
CLI005287,telephone,may,fri,5,999,0,nonexistent,1.1,93.994,-36.4,4.857,5191.0,No,40,blue-collar,married,basic.6y,Desconocido,Sí,Sí
CLI005288,telephone,may,fri,1,999,0,nonexistent,1.1,93.994,-36.4,4.855,5191.0,No,58,retired,divorced,university.degree,No,Sí,No
CLI005289,cellular,apr,wed,3,999,0,nonexistent,-1.8,93.075,-47.1,1.445,5099.1,No,29,technician,married,university.degree,No,Sí,No
CLI005290,telephone,aug,mon,4,999,0,nonexistent,-2.9,92.201,-31.4,0.821,5076.2,No,73,retired,married,university.degree,No,No,No
CLI005291,telephone,may,fri,1,999,0,nonexistent,1.1,93.994,-36.4,4.857,5191.0,Sí,22,blue-collar,single,basic.6y,Desconocido,No,Sí
CLI005292,cellular,aug,fri,5,999,0,nonexistent,1.4,93.444,-36.1,4.964,5228.1,No,32,technician,single,professional.course,No,No,No
CLI005293,cellular,nov,mon,1,999,0,nonexistent,-0.1,93.2,-42.0,4.191,5195.8,No,50,admin.,married,university.degree,No,No,No
CLI005294,cellular,jul,mon,1,999,0,nonexistent,1.4,93.918,-42.7,4.96,5228.1,No,29,technician,married,high.school,No,No,No
CLI005295,cellular,aug,tue,1,999,0,nonexistent,1.4,93.444,-36.1,4.966,5228.1,No,36,admin.,divorced,university.degree,No,No,No
CLI005296,cellular,aug,mon,2,999,0,nonexistent,1.4,93.444,-36.1,4.965,5228.1,No,35,technician,married,professional.course,No,No,No
CLI005297,cellular,aug,fri,9,999,0,nonexistent,1.4,93.444,-36.1,4.963,5228.1,No,50,admin.,married,basic.9y,No,Desconocido,Desconocido
CLI005298,cellular,aug,mon,3,999,0,nonexistent,1.4,93.444,-36.1,4.97,5228.1,No,40,technician,married,professional.course,Desconocido,Sí,No
CLI005299,telephone,jun,thu,1,999,0,nonexistent,1.4,94.465,-41.8,4.958,5228.1,No,38,technician,single,,No,No,No
CLI005300,cellular,aug,tue,4,999,0,nonexistent,1.4,93.444,-36.1,4.966,5228.1,No,36,admin.,single,university.degree,No,No,Sí
CLI005301,telephone,may,tue,1,999,0,nonexistent,1.1,93.994,-36.4,4.856,5191.0,No,41,blue-collar,married,basic.9y,No,No,No
CLI005302,cellular,apr,mon,1,999,0,nonexistent,-1.8,93.075,-47.1,1.405,5099.1,No,42,management,single,university.degree,Desconocido,No,Sí
CLI005303,cellular,jul,wed,2,999,0,nonexistent,1.4,93.918,-42.7,4.963,5228.1,No,36,management,married,university.degree,No,No,Sí
CLI005304,telephone,jun,thu,2,999,0,nonexistent,1.4,94.465,-41.8,4.866,5228.1,No,52,retired,married,high.school,No,No,No
CLI005305,cellular,nov,mon,2,999,1,failure,-0.1,93.2,-42.0,4.191,5195.8,No,57,blue-collar,divorced,basic.9y,No,No,No
CLI005306,cellular,may,fri,2,999,1,failure,-1.8,92.893,-46.2,1.313,5099.1,No,34,technician,married,professional.course,No,No,No
CLI005307,cellular,may,fri,1,999,1,failure,-1.8,92.893,-46.2,1.25,5099.1,No,53,technician,divorced,professional.course,No,Sí,No
CLI005308,telephone,may,wed,3,999,0,nonexistent,1.1,93.994,-36.4,4.858,5191.0,No,40,admin.,single,,No,Sí,No
CLI005309,cellular,jul,fri,3,999,0,nonexistent,1.4,93.918,-42.7,4.957,5228.1,No,28,management,single,university.degree,No,No,No
CLI005310,cellular,may,fri,1,999,0,nonexistent,-1.8,92.893,-46.2,1.259,5099.1,No,46,Desconocido,single,Desconocido,No,Sí,Sí
CLI005311,telephone,may,fri,5,999,0,nonexistent,1.1,93.994,-36.4,4.864,5191.0,Sí,31,services,single,basic.9y,No,No,No
CLI005312,cellular,dec,thu,1,999,0,nonexistent,-3.0,92.713,-33.0,0.707,5023.5,No,76,retired,divorced,professional.course,No,Sí,No
CLI005313,cellular,aug,mon,2,999,0,nonexistent,1.4,93.444,-36.1,4.963,5228.1,No,52,housemaid,married,basic.4y,Desconocido,No,No
CLI005314,cellular,jun,tue,1,7,2,success,-1.7,94.055,-39.8,0.723,4991.6,Sí,56,management,married,basic.6y,No,Sí,No
CLI005315,cellular,aug,thu,1,999,0,nonexistent,1.4,93.444,-36.1,4.962,5228.1,No,31,admin.,married,university.degree,No,Sí,No
CLI005316,cellular,may,tue,1,1,1,success,-1.8,92.893,-46.2,1.266,5099.1,No,27,services,married,university.degree,No,Sí,No
CLI005317,cellular,nov,wed,1,999,0,nonexistent,-3.4,92.649,-30.1,0.716,5017.5,Sí,61,retired,married,basic.4y,No,Sí,No
CLI005318,telephone,may,thu,1,999,0,nonexistent,1.1,93.994,-36.4,4.86,5191.0,No,36,blue-collar,married,basic.9y,No,No,No
CLI005319,cellular,jul,wed,3,999,0,nonexistent,1.4,93.918,-42.7,4.963,5228.1,No,59,services,married,high.school,Desconocido,Sí,No
CLI005320,cellular,jun,mon,1,999,0,nonexistent,-2.9,92.963,-40.8,1.26,5076.2,Sí,74,retired,married,basic.4y,No,Sí,No
CLI005321,telephone,jun,wed,1,999,0,nonexistent,1.4,94.465,-41.8,4.959,5228.1,No,44,blue-collar,divorced,high.school,No,Sí,No
CLI005322,cellular,oct,tue,1,6,1,success,-3.4,92.431,-26.9,0.728,5017.5,Sí,72,admin.,married,university.degree,Desconocido,No,Sí
CLI005323,cellular,nov,tue,3,999,1,failure,-0.1,93.2,-42.0,4.153,5195.8,No,41,admin.,single,high.school,No,No,No
CLI005324,cellular,apr,mon,1,999,0,nonexistent,-1.8,93.075,-47.1,1.405,5099.1,No,34,entrepreneur,single,university.degree,No,No,No
CLI005325,telephone,may,wed,1,999,0,nonexistent,1.1,93.994,-36.4,4.856,5191.0,No,44,admin.,married,university.degree,Desconocido,No,No
CLI005326,cellular,may,fri,2,999,1,failure,-1.8,92.893,-46.2,1.25,5099.1,No,41,blue-collar,single,basic.9y,No,No,No
CLI005327,telephone,jun,thu,6,999,0,nonexistent,1.4,94.465,-41.8,4.866,5228.1,No,41,blue-collar,divorced,professional.course,No,Desconocido,
CLI005328,telephone,may,tue,2,999,0,nonexistent,1.1,93.994,-36.4,4.856,5191.0,No,55,blue-collar,married,basic.4y,Desconocido,Sí,Sí
CLI005329,cellular,nov,wed,5,999,0,nonexistent,-0.1,93.2,-42.0,4.12,5195.8,No,39,blue-collar,married,basic.6y,Desconocido,No,Sí
CLI005330,telephone,may,tue,1,999,0,nonexistent,1.1,93.994,-36.4,4.856,5191.0,No,33,self-employed,married,university.degree,No,Sí,No
CLI005331,telephone,may,wed,1,999,0,nonexistent,1.1,93.994,-36.4,4.856,5191.0,Sí,37,blue-collar,single,basic.9y,Desconocido,Sí,No
CLI005332,cellular,may,thu,1,999,1,failure,-1.8,92.893,-46.2,1.327,5099.1,No,52,entrepreneur,married,high.school,No,Sí,No
CLI005333,cellular,aug,tue,1,999,0,nonexistent,1.4,93.444,-36.1,4.963,5228.1,No,35,entrepreneur,divorced,professional.course,Desconocido,No,No
CLI005334,cellular,apr,fri,3,999,0,nonexistent,-1.8,93.075,-47.1,1.479,5099.1,No,24,technician,single,university.degree,No,Sí,No
CLI005335,telephone,may,tue,1,999,0,nonexistent,1.1,93.994,-36.4,4.856,5191.0,No,37,technician,single,university.degree,No,Sí,No
CLI005336,cellular,apr,tue,2,999,0,nonexistent,-1.8,93.075,-47.1,1.384,5099.1,No,38,services,married,high.school,No,No,No
CLI005337,telephone,jun,wed,3,999,0,nonexistent,1.4,94.465,-41.8,4.959,5228.1,No,40,blue-collar,married,basic.4y,Desconocido,No,No
CLI005338,cellular,aug,tue,1,999,0,nonexistent,1.4,93.444,-36.1,4.965,5228.1,No,50,admin.,married,high.school,No,No,No
CLI005339,cellular,may,tue,2,999,1,failure,-1.8,92.893,-46.2,1.266,5099.1,No,26,student,single,Desconocido,No,Sí,No
CLI005340,cellular,may,tue,6,999,1,failure,-1.8,92.893,-46.2,1.291,5099.1,No,32,blue-collar,single,professional.course,No,No,No
CLI005341,cellular,jul,fri,2,999,0,nonexistent,1.4,93.918,-42.7,4.963,5228.1,No,40,technician,single,professional.course,No,Sí,Sí
CLI005342,telephone,may,wed,7,999,0,nonexistent,-1.8,92.893,-46.2,1.281,5099.1,No,29,blue-collar,single,basic.9y,No,Sí,No
CLI005343,telephone,may,wed,6,999,0,nonexistent,1.1,93.994,-36.4,4.859,5191.0,No,27,student,single,university.degree,No,Sí,No
CLI005344,cellular,aug,mon,4,999,0,nonexistent,1.4,93.444,-36.1,4.965,5228.1,No,59,retired,married,basic.9y,No,Sí,No
CLI005345,cellular,jul,thu,2,999,0,nonexistent,1.4,93.918,-42.7,4.962,5228.1,No,53,retired,married,basic.9y,No,Sí,Sí
CLI005346,telephone,may,thu,1,999,0,nonexistent,1.1,93.994,-36.4,4.86,5191.0,No,42,technician,divorced,basic.9y,No,No,No
CLI005347,cellular,nov,fri,4,999,0,nonexistent,-0.1,93.2,-42.0,4.021,5195.8,No,39,admin.,single,Desconocido,No,Sí,No
CLI005348,cellular,nov,tue,1,999,0,nonexistent,-0.1,93.2,-42.0,4.153,5195.8,No,33,admin.,single,high.school,Desconocido,Sí,No
CLI005349,cellular,apr,wed,2,999,0,nonexistent,-1.8,93.075,-47.1,1.372,5099.1,No,51,blue-collar,married,basic.6y,No,Sí,No
CLI005350,telephone,may,thu,2,999,0,nonexistent,1.1,93.994,-36.4,4.86,5191.0,No,34,technician,married,university.degree,No,No,No
CLI005351,cellular,apr,mon,1,999,0,nonexistent,-1.8,93.075,-47.1,1.405,5099.1,Sí,50,blue-collar,married,basic.9y,No,Sí,No
CLI005352,telephone,may,fri,2,999,0,nonexistent,1.1,93.994,-36.4,4.864,5191.0,No,43,admin.,married,university.degree,No,Sí,No
CLI005353,cellular,may,fri,3,999,0,nonexistent,-1.8,92.893,-46.2,1.25,5099.1,No,34,admin.,married,university.degree,No,Sí,No
CLI005354,cellular,nov,tue,2,999,1,failure,-0.1,93.2,-42.0,4.153,5195.8,No,34,admin.,married,university.degree,No,No,No
CLI005355,telephone,may,tue,2,999,0,nonexistent,1.1,93.994,-36.4,4.857,5191.0,No,58,retired,married,professional.course,Desconocido,No,No
CLI005356,telephone,jul,thu,3,999,0,nonexistent,1.4,93.918,-42.7,4.966,5228.1,No,45,management,single,university.degree,No,No,Sí
CLI005357,cellular,aug,thu,3,999,0,nonexistent,1.4,93.444,-36.1,4.962,5228.1,No,36,admin.,single,university.degree,No,Sí,No
CLI005358,cellular,may,wed,1,999,1,failure,-1.8,92.893,-46.2,1.281,5099.1,No,25,blue-collar,single,high.school,No,Sí,No
CLI005359,telephone,may,wed,3,999,0,nonexistent,1.1,93.994,-36.4,4.857,5191.0,No,42,retired,married,basic.9y,Desconocido,Sí,No
CLI005360,telephone,jun,fri,1,999,0,nonexistent,1.4,94.465,-41.8,4.967,5228.1,No,38,blue-collar,married,high.school,Desconocido,No,No
CLI005361,telephone,may,wed,2,999,0,nonexistent,1.1,93.994,-36.4,4.856,5191.0,No,58,admin.,married,high.school,No,No,Sí
CLI005362,telephone,jun,fri,2,999,0,nonexistent,1.4,94.465,-41.8,4.967,5228.1,No,44,technician,married,,No,Sí,No
CLI005363,telephone,jun,tue,3,999,0,nonexistent,1.4,94.465,-41.8,4.961,5228.1,No,32,technician,divorced,professional.course,No,Sí,No
CLI005364,telephone,may,tue,7,999,0,nonexistent,1.1,93.994,-36.4,4.856,5191.0,No,43,blue-collar,married,basic.4y,Desconocido,Sí,Sí
CLI005365,cellular,dec,fri,3,999,0,nonexistent,-3.0,92.713,-33.0,0.714,5023.5,Sí,81,retired,divorced,basic.4y,No,,No
CLI005366,cellular,jul,mon,1,999,0,nonexistent,1.4,93.918,-42.7,4.96,5228.1,No,34,services,married,basic.9y,Desconocido,Sí,No
CLI005367,cellular,aug,wed,1,999,0,nonexistent,1.4,93.444,-36.1,4.965,5228.1,No,34,entrepreneur,married,Desconocido,No,No,No
CLI005368,telephone,may,thu,4,999,0,nonexistent,1.1,93.994,-36.4,4.86,5191.0,No,51,services,single,high.school,Desconocido,Sí,No
CLI005369,cellular,aug,fri,1,999,0,nonexistent,1.4,93.444,-36.1,4.963,5228.1,No,33,admin.,married,university.degree,Desconocido,No,No
CLI005370,cellular,aug,thu,1,999,0,nonexistent,1.4,93.444,-36.1,4.964,5228.1,No,36,self-employed,married,basic.9y,Desconocido,No,No
CLI005371,telephone,may,fri,1,999,0,nonexistent,1.1,93.994,-36.4,4.857,5191.0,No,47,management,divorced,university.degree,No,Sí,No
CLI005372,cellular,jul,mon,3,999,0,nonexistent,1.4,93.918,-42.7,4.962,5228.1,No,49,management,married,university.degree,No,No,No
CLI005373,cellular,may,thu,2,999,1,failure,-1.8,92.893,-46.2,1.327,5099.1,No,26,unemployed,married,basic.9y,No,Sí,Sí
CLI005374,cellular,jul,wed,5,999,0,nonexistent,1.4,93.918,-42.7,4.957,5228.1,No,24,admin.,single,high.school,No,No,No
CLI005375,cellular,may,mon,2,999,1,failure,-1.8,92.893,-46.2,1.299,5099.1,No,54,management,married,high.school,Desconocido,Sí,No
CLI005376,telephone,may,thu,1,999,0,nonexistent,1.1,93.994,-36.4,4.855,5191.0,No,25,blue-collar,married,high.school,No,No,No
CLI005377,cellular,may,tue,2,999,0,nonexistent,-1.8,92.893,-46.2,1.344,5099.1,No,35,services,single,high.school,No,No,No
CLI005378,cellular,may,wed,2,999,0,nonexistent,-1.8,92.893,-46.2,1.334,5099.1,No,48,entrepreneur,married,basic.9y,Desconocido,,No
CLI005379,cellular,apr,fri,1,999,1,failure,-1.8,93.075,-47.1,1.405,5099.1,No,36,services,married,high.school,Desconocido,Sí,Sí
CLI005380,cellular,may,mon,3,999,1,failure,-1.8,92.893,-46.2,1.299,5099.1,No,31,admin.,divorced,university.degree,No,No,No
CLI005381,cellular,jul,tue,2,999,0,nonexistent,-2.9,92.469,-33.6,0.908,5076.2,No,26,technician,single,university.degree,No,Sí,
CLI005382,telephone,may,mon,1,999,0,nonexistent,1.1,93.994,-36.4,4.857,5191.0,No,44,management,married,university.degree,Desconocido,Sí,No
CLI005383,telephone,jun,mon,1,999,0,nonexistent,1.4,94.465,-41.8,4.865,5228.1,No,32,blue-collar,married,professional.course,No,Sí,No
CLI005384,telephone,jun,mon,2,999,0,nonexistent,1.4,94.465,-41.8,4.96,5228.1,No,46,admin.,married,professional.course,No,No,No
CLI005385,cellular,aug,thu,4,999,0,nonexistent,1.4,93.444,-36.1,4.964,5228.1,No,30,technician,single,professional.course,No,Sí,No
CLI005386,telephone,jun,mon,1,999,0,nonexistent,1.4,94.465,-41.8,4.865,5228.1,No,33,technician,married,basic.9y,No,No,No
CLI005387,cellular,aug,thu,3,999,0,nonexistent,1.4,93.444,-36.1,4.968,5228.1,No,34,admin.,single,university.degree,No,Sí,No
CLI005388,cellular,jul,mon,3,999,0,nonexistent,1.4,93.918,-42.7,4.962,5228.1,No,35,blue-collar,single,basic.9y,No,Sí,No
CLI005389,cellular,may,thu,4,999,0,nonexistent,-1.8,92.893,-46.2,1.266,5099.1,No,45,self-employed,married,university.degree,No,Sí,No
CLI005390,cellular,aug,tue,4,999,0,nonexistent,1.4,93.444,-36.1,4.965,5228.1,No,40,technician,divorced,professional.course,No,No,No
CLI005391,cellular,jul,wed,2,999,0,nonexistent,1.4,93.918,-42.7,4.963,5228.1,No,34,technician,single,professional.course,Desconocido,Sí,No
CLI005392,cellular,aug,thu,1,999,0,nonexistent,1.4,93.444,-36.1,4.963,5228.1,No,37,technician,single,professional.course,No,Sí,No
CLI005393,telephone,may,mon,2,999,0,nonexistent,1.1,93.994,-36.4,4.858,5191.0,No,28,self-employed,single,basic.9y,No,No,No
CLI005394,cellular,aug,mon,1,999,0,nonexistent,1.4,93.444,-36.1,4.965,5228.1,No,35,technician,married,professional.course,No,Sí,Sí
CLI005395,telephone,jun,mon,1,999,0,nonexistent,-1.7,94.055,-39.8,0.733,4991.6,No,34,admin.,single,university.degree,No,Sí,No
CLI005396,telephone,jun,thu,3,999,0,nonexistent,1.4,94.465,-41.8,4.958,5228.1,No,48,management,married,university.degree,No,Sí,No
CLI005397,cellular,jul,thu,1,999,0,nonexistent,1.4,93.918,-42.7,4.958,5228.1,No,25,admin.,married,high.school,No,No,No
CLI005398,telephone,may,thu,1,999,0,nonexistent,1.1,93.994,-36.4,4.855,5191.0,No,43,blue-collar,married,basic.4y,Desconocido,No,No
CLI005399,cellular,jul,wed,3,999,0,nonexistent,1.4,93.918,-42.7,4.963,5228.1,No,42,self-employed,married,university.degree,No,No,No
CLI005400,cellular,may,tue,1,999,0,nonexistent,-1.8,92.893,-46.2,1.291,5099.1,No,26,blue-collar,married,basic.9y,No,Sí,No
CLI005401,telephone,may,tue,1,999,0,nonexistent,1.1,93.994,-36.4,4.857,5191.0,No,52,services,divorced,basic.6y,No,No,No
CLI005402,cellular,may,tue,1,999,1,failure,-1.8,92.893,-46.2,1.291,5099.1,Sí,29,blue-collar,married,basic.4y,Desconocido,No,No
CLI005403,cellular,aug,wed,1,999,0,nonexistent,1.4,93.444,-36.1,4.967,5228.1,No,34,technician,single,university.degree,No,No,No
CLI005404,cellular,nov,mon,1,999,0,nonexistent,-0.1,93.2,-42.0,4.191,5195.8,No,32,blue-collar,married,high.school,No,No,No
CLI005405,telephone,may,thu,1,999,0,nonexistent,1.1,93.994,-36.4,4.86,5191.0,No,35,entrepreneur,married,basic.9y,No,No,
CLI005406,cellular,may,fri,2,999,1,failure,-1.8,92.893,-46.2,1.25,5099.1,No,37,services,married,high.school,No,Sí,No
CLI005407,cellular,sep,wed,1,999,0,nonexistent,-3.4,92.379,-29.8,0.768,5017.5,Sí,49,unemployed,married,,No,No,No
CLI005408,telephone,jun,thu,1,999,0,nonexistent,1.4,94.465,-41.8,4.961,5228.1,No,45,management,single,basic.9y,No,Sí,No
CLI005409,telephone,may,tue,1,999,0,nonexistent,1.1,93.994,-36.4,4.856,5191.0,No,30,Desconocido,single,university.degree,No,No,No
CLI005410,cellular,may,mon,2,999,0,nonexistent,-1.8,92.893,-46.2,1.244,5099.1,No,33,management,married,university.degree,No,Sí,No
CLI005411,telephone,jun,thu,3,999,0,nonexistent,1.4,94.465,-41.8,4.961,5228.1,No,49,services,married,high.school,No,No,Sí
CLI005412,telephone,jul,fri,2,999,0,nonexistent,1.4,93.918,-42.7,4.959,5228.1,No,34,technician,single,professional.course,Desconocido,Sí,No
CLI005413,cellular,nov,thu,4,999,0,nonexistent,-0.1,93.2,-42.0,4.076,5195.8,No,32,services,married,basic.9y,Desconocido,Sí,No
CLI005414,cellular,may,thu,2,999,0,nonexistent,-1.8,92.893,-46.2,1.327,5099.1,No,36,services,married,high.school,No,No,No
CLI005415,cellular,jul,wed,1,999,0,nonexistent,1.4,93.918,-42.7,4.962,5228.1,No,31,blue-collar,married,basic.9y,No,Sí,No
CLI005416,cellular,nov,tue,3,999,0,nonexistent,-0.1,93.2,-42.0,4.153,5195.8,No,50,admin.,married,high.school,No,No,No
CLI005417,cellular,aug,fri,2,999,0,nonexistent,1.4,93.444,-36.1,4.964,5228.1,No,31,technician,married,university.degree,No,No,No
CLI005418,cellular,nov,mon,5,999,0,nonexistent,-1.1,94.767,-50.8,1.039,4963.6,No,26,management,single,university.degree,No,Sí,No
CLI005419,cellular,aug,mon,4,999,0,nonexistent,1.4,93.444,-36.1,4.963,5228.1,No,48,technician,married,high.school,Desconocido,Sí,No
CLI005420,cellular,may,tue,1,999,0,nonexistent,-1.8,92.893,-46.2,1.291,5099.1,No,32,entrepreneur,married,high.school,No,Desconocido,Desconocido
CLI005421,telephone,may,wed,2,999,0,nonexistent,1.1,93.994,-36.4,4.858,5191.0,No,44,unemployed,divorced,high.school,Desconocido,Sí,No
CLI005422,cellular,jul,fri,2,999,0,nonexistent,1.4,93.918,-42.7,4.963,5228.1,No,24,blue-collar,single,basic.9y,No,Sí,No
CLI005423,cellular,jul,mon,3,999,0,nonexistent,1.4,93.918,-42.7,4.962,5228.1,No,42,admin.,married,high.school,No,No,No
CLI005424,cellular,may,fri,2,999,0,nonexistent,-1.8,92.893,-46.2,1.313,5099.1,No,47,blue-collar,married,high.school,No,No,Sí
CLI005425,telephone,may,mon,6,999,0,nonexistent,1.1,93.994,-36.4,4.857,5191.0,No,41,admin.,single,university.degree,Desconocido,Sí,Sí
CLI005426,cellular,jul,tue,4,999,0,nonexistent,1.4,93.918,-42.7,4.961,5228.1,No,53,technician,divorced,high.school,No,Sí,No
CLI005427,cellular,may,tue,2,999,0,nonexistent,-1.8,92.893,-46.2,1.266,5099.1,No,36,admin.,single,university.degree,No,Sí,No
CLI005428,telephone,jul,tue,5,999,0,nonexistent,1.4,93.918,-42.7,4.961,5228.1,No,38,self-employed,married,high.school,No,Sí,No
CLI005429,cellular,jun,tue,1,999,0,nonexistent,-2.9,92.963,-40.8,1.262,5076.2,Sí,31,management,married,university.degree,No,Sí,No
CLI005430,telephone,jul,thu,10,999,0,nonexistent,1.4,93.918,-42.7,4.966,5228.1,No,45,admin.,married,high.school,No,No,No
CLI005431,telephone,jul,wed,1,999,0,nonexistent,1.4,93.918,-42.7,4.962,5228.1,No,25,technician,married,university.degree,No,Desconocido,Desconocido
CLI005432,cellular,apr,mon,1,999,0,nonexistent,-1.8,93.075,-47.1,1.405,5099.1,No,40,technician,single,professional.course,No,Sí,No
CLI005433,cellular,apr,thu,1,999,0,nonexistent,-1.8,93.075,-47.1,1.365,5099.1,Sí,35,management,married,university.degree,No,Sí,Sí
CLI005434,telephone,may,fri,2,999,0,nonexistent,1.1,93.994,-36.4,4.855,5191.0,No,53,self-employed,married,university.degree,No,No,No
CLI005435,telephone,jun,fri,13,999,0,nonexistent,1.4,94.465,-41.8,4.967,5228.1,No,58,services,married,high.school,Desconocido,Sí,Sí
CLI005436,telephone,may,tue,3,999,0,nonexistent,1.1,93.994,-36.4,4.857,5191.0,No,38,admin.,married,university.degree,No,No,No
CLI005437,cellular,apr,fri,1,999,0,nonexistent,-1.8,93.075,-47.1,1.405,5099.1,No,45,admin.,married,high.school,No,No,No
CLI005438,telephone,may,fri,4,999,0,nonexistent,1.1,93.994,-36.4,4.855,5191.0,No,59,retired,married,basic.4y,Desconocido,No,No
CLI005439,cellular,aug,thu,1,999,0,nonexistent,1.4,93.444,-36.1,4.968,5228.1,No,30,technician,single,university.degree,Desconocido,Sí,No
CLI005440,cellular,mar,wed,2,999,0,nonexistent,-1.8,92.843,-50.0,1.663,5099.1,Sí,29,self-employed,married,university.degree,No,No,No
CLI005441,cellular,jul,tue,1,999,0,nonexistent,1.4,93.918,-42.7,4.961,5228.1,No,35,admin.,married,professional.course,No,No,No
CLI005442,cellular,aug,wed,1,999,0,nonexistent,1.4,93.444,-36.1,4.964,5228.1,No,29,technician,single,university.degree,No,No,No
CLI005443,telephone,jun,fri,3,999,0,nonexistent,1.4,94.465,-41.8,4.967,5228.1,No,53,admin.,divorced,university.degree,No,No,No
CLI005444,cellular,aug,wed,2,999,0,nonexistent,1.4,93.444,-36.1,4.965,5228.1,Sí,46,admin.,married,high.school,No,No,Sí
CLI005445,telephone,oct,mon,2,999,0,nonexistent,-3.4,92.431,-26.9,0.739,5017.5,No,67,retired,married,professional.course,No,No,No
CLI005446,cellular,jul,mon,1,999,0,nonexistent,1.4,93.918,-42.7,4.96,5228.1,No,35,technician,married,basic.9y,No,Sí,No
CLI005447,telephone,jun,mon,1,999,0,nonexistent,1.4,94.465,-41.8,4.865,5228.1,No,58,blue-collar,married,basic.6y,Desconocido,No,No
CLI005448,cellular,aug,thu,3,999,0,nonexistent,1.4,93.444,-36.1,4.963,5228.1,No,45,technician,single,university.degree,No,No,No
CLI005449,cellular,jul,wed,1,999,0,nonexistent,1.4,93.918,-42.7,4.963,5228.1,No,28,technician,single,professional.course,No,Sí,No
CLI005450,telephone,may,fri,8,999,0,nonexistent,1.1,93.994,-36.4,4.864,5191.0,No,32,admin.,single,university.degree,No,No,No
CLI005451,cellular,aug,wed,1,999,0,nonexistent,1.4,93.444,-36.1,4.967,5228.1,No,46,blue-collar,married,basic.9y,No,Sí,No
CLI005452,cellular,may,mon,1,999,0,nonexistent,-1.8,92.893,-46.2,1.264,5099.1,No,46,admin.,single,university.degree,No,No,
CLI005453,cellular,jul,wed,2,999,0,nonexistent,1.4,93.918,-42.7,4.963,5228.1,No,49,blue-collar,divorced,basic.9y,No,Sí,No
CLI005454,telephone,may,tue,2,999,0,nonexistent,1.1,93.994,-36.4,4.856,5191.0,No,36,blue-collar,single,university.degree,Desconocido,Sí,No
CLI005455,cellular,may,mon,6,999,1,failure,-1.8,92.893,-46.2,1.244,5099.1,No,57,retired,divorced,university.degree,No,No,No
CLI005456,cellular,nov,fri,1,999,0,nonexistent,-0.1,93.2,-42.0,4.021,5195.8,No,46,management,married,basic.9y,No,Sí,No
CLI005457,telephone,may,fri,1,999,0,nonexistent,1.1,93.994,-36.4,4.859,5191.0,No,44,housemaid,married,basic.9y,No,No,No
CLI005458,cellular,may,wed,1,6,2,failure,-1.8,93.876,-40.0,0.672,5008.7,No,29,admin.,single,university.degree,No,No,No
CLI005459,telephone,nov,thu,2,999,1,failure,-0.1,93.2,-42.0,4.076,5195.8,No,33,management,single,university.degree,No,Sí,No
CLI005460,telephone,jun,wed,1,999,0,nonexistent,1.4,94.465,-41.8,4.864,5228.1,No,32,admin.,single,high.school,No,No,No
CLI005461,telephone,jun,thu,1,999,0,nonexistent,1.4,94.465,-41.8,4.961,5228.1,No,38,blue-collar,married,basic.4y,Desconocido,No,No
CLI005462,cellular,jul,tue,1,999,0,nonexistent,1.4,93.918,-42.7,4.961,5228.1,No,29,blue-collar,single,basic.9y,Desconocido,Sí,No
CLI005463,cellular,aug,mon,6,999,0,nonexistent,1.4,93.444,-36.1,4.965,5228.1,No,59,retired,married,basic.4y,No,Sí,No
CLI005464,cellular,aug,wed,2,999,0,nonexistent,1.4,93.444,-36.1,4.967,5228.1,No,42,admin.,married,university.degree,No,No,No
CLI005465,telephone,may,fri,3,999,0,nonexistent,1.1,93.994,-36.4,4.864,5191.0,No,37,blue-collar,married,basic.9y,Desconocido,No,No
CLI005466,cellular,aug,tue,4,999,0,nonexistent,1.4,93.444,-36.1,4.968,5228.1,No,44,blue-collar,married,basic.6y,No,No,No
CLI005467,cellular,sep,mon,2,999,0,nonexistent,-1.1,94.199,-37.5,0.882,4963.6,No,34,admin.,married,university.degree,No,Sí,No
CLI005468,cellular,jul,mon,4,999,0,nonexistent,1.4,93.918,-42.7,4.962,5228.1,No,48,retired,married,basic.4y,Desconocido,No,No
CLI005469,telephone,apr,fri,2,999,0,nonexistent,-1.8,93.075,-47.1,1.405,5099.1,No,36,admin.,single,high.school,No,Sí,No
CLI005470,telephone,jun,mon,9,999,0,nonexistent,1.4,94.465,-41.8,4.865,5228.1,No,42,technician,married,professional.course,Desconocido,No,No
CLI005471,cellular,apr,fri,2,999,0,nonexistent,-1.8,93.075,-47.1,1.405,5099.1,No,38,services,married,high.school,No,No,No
CLI005472,cellular,nov,tue,1,999,0,nonexistent,-0.1,93.2,-42.0,4.153,5195.8,No,39,admin.,single,high.school,No,Sí,Sí
CLI005473,telephone,jun,wed,1,999,0,nonexistent,1.4,94.465,-41.8,4.962,5228.1,No,33,blue-collar,single,basic.9y,No,Sí,No
CLI005474,cellular,jul,mon,2,999,0,nonexistent,1.4,93.918,-42.7,4.962,5228.1,No,49,technician,married,professional.course,No,Sí,No
CLI005475,cellular,jul,thu,2,999,0,nonexistent,1.4,93.918,-42.7,4.968,5228.1,No,44,admin.,single,basic.6y,Desconocido,Sí,No
CLI005476,telephone,may,tue,2,999,0,nonexistent,1.1,93.994,-36.4,4.856,5191.0,No,30,admin.,married,university.degree,No,Sí,No
CLI005477,cellular,aug,mon,3,999,0,nonexistent,1.4,93.444,-36.1,4.965,5228.1,No,50,management,married,university.degree,No,Sí,Sí
CLI005478,cellular,nov,tue,1,999,0,nonexistent,-3.4,92.649,-30.1,0.715,5017.5,Sí,43,admin.,married,university.degree,No,Sí,No
CLI005479,telephone,may,thu,1,999,0,nonexistent,1.1,93.994,-36.4,4.86,5191.0,No,55,retired,married,professional.course,No,Sí,No
CLI005480,telephone,dec,fri,2,999,0,nonexistent,-3.0,92.713,-33.0,0.718,5023.5,Sí,50,admin.,single,high.school,No,Sí,No
CLI005481,cellular,oct,tue,1,999,1,failure,-3.4,92.431,-26.9,0.737,5017.5,No,58,blue-collar,married,basic.9y,No,Sí,No
CLI005482,cellular,aug,thu,8,999,0,nonexistent,1.4,93.444,-36.1,4.962,5228.1,No,37,technician,married,professional.course,No,No,No
CLI005483,cellular,sep,tue,1,999,1,failure,-3.4,92.379,-29.8,0.755,5017.5,No,47,admin.,divorced,high.school,No,Sí,No
CLI005484,telephone,jun,mon,2,999,0,nonexistent,1.4,94.465,-41.8,4.947,5228.1,No,42,admin.,married,university.degree,No,No,No
CLI005485,cellular,sep,fri,1,999,0,nonexistent,-3.4,92.379,-29.8,0.803,5017.5,No,76,management,married,Desconocido,No,No,No
CLI005486,telephone,jul,thu,6,999,0,nonexistent,1.4,93.918,-42.7,4.962,5228.1,No,30,blue-collar,married,basic.4y,No,Sí,No
CLI005487,cellular,jul,thu,1,999,0,nonexistent,1.4,93.918,-42.7,4.963,5228.1,No,36,blue-collar,married,basic.9y,Desconocido,Sí,No
CLI005488,telephone,may,mon,1,999,0,nonexistent,1.1,93.994,-36.4,4.858,5191.0,No,49,management,married,university.degree,No,No,No
CLI005489,telephone,may,tue,3,999,0,nonexistent,1.1,93.994,-36.4,4.856,5191.0,No,25,blue-collar,married,basic.9y,No,No,No
CLI005490,telephone,may,fri,2,999,0,nonexistent,1.1,93.994,-36.4,4.857,5191.0,No,41,blue-collar,divorced,basic.6y,No,Sí,No
CLI005491,telephone,nov,fri,1,999,0,nonexistent,-0.1,93.2,-42.0,4.021,5195.8,No,51,management,married,university.degree,No,Sí,No
CLI005492,telephone,jun,tue,4,999,0,nonexistent,1.4,94.465,-41.8,4.961,5228.1,No,54,admin.,divorced,university.degree,No,No,No
CLI005493,telephone,jun,tue,2,999,0,nonexistent,1.4,94.465,-41.8,4.864,5228.1,No,38,technician,single,professional.course,No,No,Sí
CLI005494,cellular,jun,mon,2,999,0,nonexistent,-2.9,92.963,-40.8,1.266,5076.2,No,28,self-employed,single,university.degree,No,Sí,Sí
CLI005495,cellular,jul,tue,2,999,0,nonexistent,1.4,93.918,-42.7,4.961,5228.1,No,38,blue-collar,married,basic.4y,Desconocido,Sí,No
CLI005496,cellular,may,fri,2,12,1,success,-1.8,92.893,-46.2,1.25,5099.1,No,58,management,married,university.degree,No,Sí,No
CLI005497,telephone,jun,thu,1,999,0,nonexistent,1.4,94.465,-41.8,4.961,5228.1,No,56,blue-collar,married,basic.4y,Desconocido,No,No
CLI005498,telephone,jun,thu,3,999,0,nonexistent,1.4,94.465,-41.8,4.961,5228.1,No,34,admin.,single,high.school,No,Sí,No
CLI005499,cellular,oct,mon,1,999,0,nonexistent,-3.4,92.431,-26.9,0.739,5017.5,No,60,retired,married,basic.4y,No,Sí,No
CLI005500,cellular,nov,mon,1,999,0,nonexistent,-0.1,93.2,-42.0,4.191,5195.8,Sí,34,entrepreneur,married,basic.6y,Desconocido,Sí,No
CLI005501,cellular,nov,mon,1,999,0,nonexistent,-0.1,93.2,-42.0,4.191,5195.8,No,40,admin.,single,high.school,Desconocido,Sí,No
CLI005502,telephone,may,mon,1,999,0,nonexistent,1.1,93.994,-36.4,4.857,5191.0,No,42,admin.,married,basic.4y,No,No,No
CLI005503,cellular,jul,thu,1,999,0,nonexistent,1.4,93.918,-42.7,4.963,5228.1,No,32,services,divorced,high.school,No,Sí,No
CLI005504,cellular,sep,fri,1,999,0,nonexistent,-3.4,92.379,-29.8,0.803,5017.5,No,83,retired,married,Desconocido,No,Sí,No
CLI005505,cellular,jun,tue,1,999,0,nonexistent,-2.9,92.963,-40.8,1.262,5076.2,Sí,28,technician,single,professional.course,No,Sí,No
CLI005506,cellular,jul,mon,3,999,0,nonexistent,-1.7,94.215,-40.3,0.827,4991.6,No,28,blue-collar,single,high.school,No,No,No
CLI005507,cellular,jul,tue,3,999,0,nonexistent,1.4,93.918,-42.7,4.961,5228.1,No,55,retired,divorced,high.school,No,Sí,No
CLI005508,telephone,may,thu,1,999,0,nonexistent,1.1,93.994,-36.4,4.86,5191.0,No,34,admin.,married,high.school,No,No,No
CLI005509,cellular,may,fri,5,999,1,failure,-1.8,92.893,-46.2,1.25,5099.1,No,23,technician,single,high.school,No,Sí,No
CLI005510,telephone,may,tue,3,999,0,nonexistent,1.1,93.994,-36.4,4.857,5191.0,Sí,47,admin.,married,high.school,No,No,No
CLI005511,cellular,apr,thu,1,999,0,nonexistent,-1.8,93.075,-47.1,1.365,5099.1,No,31,management,single,university.degree,No,Sí,No
CLI005512,cellular,may,fri,2,999,0,nonexistent,-1.8,92.893,-46.2,1.313,5099.1,No,34,admin.,married,high.school,Desconocido,No,No
CLI005513,cellular,jul,mon,3,999,0,nonexistent,1.4,93.918,-42.7,4.962,5228.1,No,45,admin.,married,high.school,Desconocido,Sí,No
CLI005514,cellular,aug,thu,6,999,0,nonexistent,1.4,93.444,-36.1,4.962,5228.1,No,46,technician,divorced,professional.course,No,Sí,
CLI005515,telephone,may,fri,3,999,0,nonexistent,1.1,93.994,-36.4,4.855,5191.0,No,40,blue-collar,married,high.school,No,No,No
CLI005516,telephone,oct,thu,3,6,2,success,-3.4,92.431,-26.9,0.74,5017.5,Sí,33,admin.,single,university.degree,No,Sí,No
CLI005517,cellular,jul,wed,4,999,2,failure,-1.7,94.215,-40.3,0.84,4991.6,Sí,30,student,single,professional.course,No,Sí,No
CLI005518,telephone,may,mon,3,999,0,nonexistent,1.1,93.994,-36.4,4.857,5191.0,No,51,retired,married,professional.course,No,No,No
CLI005519,cellular,nov,mon,2,999,0,nonexistent,-0.1,93.2,-42.0,4.191,5195.8,No,41,admin.,married,high.school,No,Sí,No
CLI005520,cellular,may,tue,1,999,0,nonexistent,-1.8,92.893,-46.2,1.344,5099.1,No,33,admin.,married,high.school,Desconocido,,No
CLI005521,cellular,may,thu,4,999,0,nonexistent,-1.8,92.893,-46.2,1.266,5099.1,No,28,admin.,married,high.school,No,Desconocido,Desconocido
CLI005522,telephone,may,fri,5,999,0,nonexistent,1.1,93.994,-36.4,4.864,5191.0,No,43,technician,married,professional.course,Desconocido,Sí,No
CLI005523,telephone,jun,mon,2,999,0,nonexistent,1.4,94.465,-41.8,4.961,5228.1,No,39,admin.,single,university.degree,No,Sí,No
CLI005524,cellular,jun,wed,6,3,1,success,-2.9,92.963,-40.8,1.26,5076.2,No,29,services,single,high.school,No,No,No
CLI005525,telephone,may,wed,5,999,0,nonexistent,1.1,93.994,-36.4,4.857,5191.0,Sí,30,management,single,university.degree,No,No,Sí
CLI005526,cellular,may,thu,2,999,0,nonexistent,-1.8,92.893,-46.2,1.266,5099.1,No,33,blue-collar,single,basic.6y,Desconocido,No,No
CLI005527,cellular,jul,mon,3,999,0,nonexistent,1.4,93.918,-42.7,4.96,5228.1,No,46,blue-collar,married,basic.9y,No,No,No
CLI005528,telephone,may,wed,1,999,1,failure,-1.8,92.893,-46.2,1.281,5099.1,No,36,blue-collar,married,basic.9y,Desconocido,Sí,No
CLI005529,cellular,may,wed,3,999,1,failure,-1.8,92.893,-46.2,1.334,5099.1,No,34,blue-collar,married,basic.9y,No,Sí,No
CLI005530,cellular,nov,fri,1,999,1,failure,-0.1,93.2,-42.0,4.021,5195.8,No,57,housemaid,married,basic.4y,No,Sí,Sí
CLI005531,telephone,may,wed,1,999,0,nonexistent,1.1,93.994,-36.4,4.857,5191.0,No,37,housemaid,married,high.school,No,No,No
CLI005532,cellular,nov,wed,1,3,1,success,-3.4,92.649,-30.1,0.716,5017.5,Sí,56,retired,married,university.degree,No,No,No
CLI005533,cellular,nov,thu,1,999,0,nonexistent,-0.1,93.2,-42.0,4.076,5195.8,No,52,housemaid,married,basic.9y,No,Sí,No
CLI005534,cellular,jul,tue,9,999,0,nonexistent,1.4,93.918,-42.7,4.962,5228.1,No,52,admin.,divorced,university.degree,Desconocido,Sí,Sí
CLI005535,cellular,may,fri,6,999,0,nonexistent,-1.8,92.893,-46.2,1.25,5099.1,No,49,management,married,university.degree,No,No,No
CLI005536,cellular,nov,wed,1,999,0,nonexistent,-0.1,93.2,-42.0,4.12,5195.8,No,40,technician,married,basic.9y,No,No,No
CLI005537,cellular,jul,wed,1,999,0,nonexistent,1.4,93.918,-42.7,4.962,5228.1,No,57,housemaid,married,university.degree,No,Sí,No
CLI005538,telephone,may,tue,1,999,0,nonexistent,1.1,93.994,-36.4,4.857,5191.0,No,50,services,married,high.school,No,No,No
CLI005539,cellular,may,thu,3,999,1,failure,-1.8,92.893,-46.2,1.266,5099.1,No,21,student,single,high.school,Desconocido,Sí,No
CLI005540,cellular,apr,fri,2,999,0,nonexistent,-1.8,93.075,-47.1,1.405,5099.1,No,33,admin.,single,university.degree,No,Sí,No
CLI005541,cellular,jul,tue,13,999,0,nonexistent,1.4,93.918,-42.7,4.961,5228.1,No,60,retired,married,basic.6y,Desconocido,Sí,No
CLI005542,cellular,apr,thu,1,999,1,failure,-1.8,93.075,-47.1,1.41,5099.1,No,32,admin.,married,university.degree,No,Sí,No
CLI005543,cellular,aug,fri,2,999,0,nonexistent,1.4,93.444,-36.1,4.964,5228.1,No,53,admin.,married,,No,No,No
CLI005544,cellular,jul,fri,1,999,0,nonexistent,1.4,93.918,-42.7,4.962,5228.1,No,58,services,married,high.school,No,No,No
CLI005545,telephone,jun,thu,1,999,0,nonexistent,1.4,94.465,-41.8,4.961,5228.1,No,39,blue-collar,married,basic.6y,Desconocido,Sí,No
CLI005546,cellular,apr,tue,4,999,1,failure,-1.8,93.075,-47.1,1.423,5099.1,No,45,blue-collar,married,basic.9y,Desconocido,Sí,No
CLI005547,telephone,may,mon,1,999,0,nonexistent,1.1,93.994,-36.4,4.858,5191.0,Sí,48,blue-collar,married,basic.9y,No,No,No
CLI005548,cellular,may,thu,1,999,0,nonexistent,-1.8,92.893,-46.2,1.266,5099.1,No,48,blue-collar,married,basic.9y,Desconocido,No,No
CLI005549,telephone,may,thu,2,999,0,nonexistent,1.1,93.994,-36.4,4.86,5191.0,No,45,admin.,married,basic.9y,Desconocido,Sí,No
CLI005550,cellular,jun,wed,4,999,0,nonexistent,-2.9,92.963,-40.8,1.244,5076.2,No,40,self-employed,single,university.degree,No,No,Sí
CLI005551,telephone,may,wed,3,999,0,nonexistent,1.1,93.994,-36.4,4.856,5191.0,No,39,management,married,university.degree,No,Sí,No
CLI005552,telephone,may,thu,1,999,0,nonexistent,1.1,93.994,-36.4,4.86,5191.0,No,26,self-employed,married,university.degree,No,No,No
CLI005553,cellular,apr,mon,1,999,0,nonexistent,-1.8,93.075,-47.1,1.405,5099.1,No,47,blue-collar,married,basic.4y,No,Sí,No
CLI005554,cellular,nov,tue,2,999,0,nonexistent,-0.1,93.2,-42.0,4.153,5195.8,No,32,student,single,university.degree,No,Sí,No
CLI005555,cellular,nov,mon,1,999,0,nonexistent,-0.1,93.2,-42.0,4.191,5195.8,No,53,entrepreneur,divorced,university.degree,No,No,No
CLI005556,telephone,may,mon,6,999,0,nonexistent,1.1,93.994,-36.4,4.858,5191.0,No,47,services,married,Desconocido,Desconocido,Sí,Sí
CLI005557,cellular,jul,mon,1,999,0,nonexistent,1.4,93.918,-42.7,4.96,5228.1,No,30,blue-collar,married,basic.9y,No,Sí,No
CLI005558,telephone,jul,tue,1,999,0,nonexistent,1.4,93.918,-42.7,4.955,5228.1,No,38,blue-collar,married,basic.4y,No,No,
CLI005559,telephone,may,thu,1,999,0,nonexistent,1.1,93.994,-36.4,4.855,5191.0,No,46,blue-collar,divorced,basic.6y,No,No,No
CLI005560,cellular,jul,tue,3,999,0,nonexistent,1.4,93.918,-42.7,4.961,5228.1,No,35,blue-collar,divorced,Desconocido,No,Sí,No
CLI005561,cellular,aug,tue,4,999,0,nonexistent,1.4,93.444,-36.1,4.966,5228.1,Sí,45,management,married,university.degree,No,Sí,No
CLI005562,cellular,may,wed,1,999,0,nonexistent,-1.8,92.893,-46.2,1.281,5099.1,No,44,technician,married,professional.course,Desconocido,Sí,Sí
CLI005563,cellular,may,thu,5,999,1,failure,-1.8,92.893,-46.2,1.266,5099.1,No,23,admin.,married,high.school,No,No,Sí
CLI005564,cellular,aug,tue,1,999,0,nonexistent,1.4,93.444,-36.1,4.963,5228.1,No,31,admin.,married,university.degree,No,No,No
CLI005565,cellular,may,wed,1,999,0,nonexistent,-1.8,92.893,-46.2,1.334,5099.1,No,36,technician,single,professional.course,No,No,No
CLI005566,cellular,nov,fri,2,3,1,success,-3.4,92.649,-30.1,0.716,5017.5,Sí,56,technician,divorced,university.degree,No,No,No
CLI005567,cellular,aug,thu,7,999,0,nonexistent,1.4,93.444,-36.1,4.963,5228.1,No,42,technician,divorced,high.school,Desconocido,Sí,No
CLI005568,telephone,jun,thu,1,999,0,nonexistent,1.4,94.465,-41.8,4.866,5228.1,No,34,management,married,university.degree,No,No,No
CLI005569,telephone,jun,tue,1,999,0,nonexistent,1.4,94.465,-41.8,4.864,5228.1,No,38,blue-collar,married,basic.9y,Desconocido,No,No
CLI005570,cellular,nov,mon,2,999,0,nonexistent,-0.1,93.2,-42.0,4.191,5195.8,No,32,admin.,single,high.school,No,Sí,No
CLI005571,telephone,may,wed,1,999,0,nonexistent,1.1,93.994,-36.4,4.856,5191.0,No,34,blue-collar,married,basic.6y,No,Sí,No
CLI005572,cellular,jul,tue,5,999,0,nonexistent,1.4,93.918,-42.7,4.962,5228.1,No,32,technician,single,professional.course,No,No,No
CLI005573,cellular,apr,wed,1,999,0,nonexistent,-1.8,93.075,-47.1,1.415,5099.1,No,40,blue-collar,divorced,Desconocido,Desconocido,No,No
CLI005574,cellular,jul,wed,6,999,0,nonexistent,1.4,93.918,-42.7,4.957,5228.1,No,35,student,married,basic.9y,No,No,No
CLI005575,cellular,aug,thu,1,999,0,nonexistent,1.4,93.444,-36.1,4.963,5228.1,No,47,admin.,single,university.degree,No,No,No
CLI005576,cellular,nov,tue,2,999,1,failure,-0.1,93.2,-42.0,4.153,5195.8,No,54,admin.,divorced,university.degree,No,Sí,No
CLI005577,cellular,apr,thu,2,999,0,nonexistent,-1.8,93.075,-47.1,1.41,5099.1,No,42,entrepreneur,married,basic.9y,No,No,Sí
CLI005578,cellular,may,mon,2,999,0,nonexistent,-1.8,92.893,-46.2,1.244,5099.1,No,43,blue-collar,married,basic.4y,No,No,No
CLI005579,telephone,may,fri,2,999,0,nonexistent,1.1,93.994,-36.4,4.864,5191.0,No,39,admin.,married,university.degree,No,No,No
CLI005580,telephone,may,tue,1,999,0,nonexistent,1.1,93.994,-36.4,4.857,5191.0,No,34,technician,married,university.degree,No,No,No
CLI005581,cellular,jul,fri,2,6,3,success,-1.7,94.215,-40.3,0.79,4991.6,No,37,admin.,single,,No,Sí,No
CLI005582,cellular,jul,thu,14,999,0,nonexistent,1.4,93.918,-42.7,4.968,5228.1,No,28,services,married,high.school,No,No,No
CLI005583,telephone,aug,fri,1,999,0,nonexistent,1.4,93.444,-36.1,4.963,5228.1,No,29,admin.,single,university.degree,No,Sí,No
CLI005584,cellular,sep,fri,2,999,1,failure,-1.1,94.199,-37.5,0.879,4963.6,Sí,33,unemployed,single,Desconocido,No,Sí,No
CLI005585,telephone,jun,thu,1,999,0,nonexistent,1.4,94.465,-41.8,4.866,5228.1,No,37,blue-collar,married,professional.course,No,Sí,No
CLI005586,cellular,aug,wed,3,999,0,nonexistent,1.4,93.444,-36.1,4.967,5228.1,No,37,admin.,married,university.degree,No,No,No
CLI005587,telephone,may,thu,3,999,0,nonexistent,1.1,93.994,-36.4,4.86,5191.0,No,35,blue-collar,married,basic.9y,No,No,No
CLI005588,telephone,may,mon,3,999,0,nonexistent,1.1,93.994,-36.4,4.857,5191.0,No,33,management,married,university.degree,No,No,No
CLI005589,cellular,may,fri,1,999,0,nonexistent,-1.8,92.893,-46.2,1.259,5099.1,No,27,admin.,single,,No,Sí,No
CLI005590,telephone,jun,thu,1,999,0,nonexistent,1.4,94.465,-41.8,4.961,5228.1,No,49,management,married,university.degree,No,No,No
CLI005591,cellular,apr,thu,1,999,1,failure,-1.8,93.075,-47.1,1.483,5099.1,No,43,services,divorced,high.school,Desconocido,Sí,No
CLI005592,cellular,nov,thu,1,999,1,failure,-0.1,93.2,-42.0,4.076,5195.8,No,46,admin.,married,university.degree,No,No,No
CLI005593,cellular,may,mon,6,999,0,nonexistent,-1.8,92.893,-46.2,1.244,5099.1,No,36,admin.,single,Desconocido,No,Sí,No
CLI005594,telephone,may,fri,3,999,0,nonexistent,1.1,93.994,-36.4,4.855,5191.0,No,41,blue-collar,divorced,basic.4y,No,No,No
CLI005595,cellular,jul,fri,4,999,0,nonexistent,-1.7,94.215,-40.3,0.861,4991.6,No,51,admin.,married,university.degree,No,No,Sí
CLI005596,telephone,may,mon,5,999,0,nonexistent,1.1,93.994,-36.4,4.857,5191.0,No,57,technician,married,university.degree,Desconocido,No,Sí
CLI005597,cellular,may,fri,1,999,1,failure,-1.8,92.893,-46.2,1.313,5099.1,No,42,management,divorced,high.school,No,Sí,No
CLI005598,cellular,may,wed,2,999,2,failure,-1.8,92.893,-46.2,1.281,5099.1,No,36,blue-collar,married,basic.9y,No,Sí,No
CLI005599,cellular,aug,fri,1,999,0,nonexistent,1.4,93.444,-36.1,4.966,5228.1,No,32,admin.,married,university.degree,Desconocido,No,No
CLI005600,telephone,may,fri,3,999,0,nonexistent,1.1,93.994,-36.4,4.855,5191.0,No,39,blue-collar,divorced,basic.9y,No,Sí,No
CLI005601,cellular,aug,fri,1,999,0,nonexistent,1.4,93.444,-36.1,4.966,5228.1,No,52,blue-collar,married,basic.4y,No,No,No
CLI005602,cellular,nov,mon,2,999,0,nonexistent,-0.1,93.2,-42.0,4.191,5195.8,No,43,admin.,married,university.degree,No,Sí,No
CLI005603,cellular,aug,fri,4,6,4,failure,-1.7,94.027,-38.3,0.905,4991.6,No,60,housemaid,married,basic.4y,No,No,No
CLI005604,cellular,jul,wed,2,999,0,nonexistent,1.4,93.918,-42.7,4.957,5228.1,No,28,blue-collar,single,basic.9y,Desconocido,No,Sí
CLI005605,telephone,may,mon,2,999,0,nonexistent,1.1,93.994,-36.4,4.858,5191.0,No,30,services,married,high.school,No,Sí,No
CLI005606,cellular,nov,thu,2,999,1,failure,-0.1,93.2,-42.0,4.076,5195.8,No,45,services,divorced,high.school,No,No,No
CLI005607,telephone,jun,thu,1,999,0,nonexistent,1.4,94.465,-41.8,4.961,5228.1,No,44,blue-collar,married,Desconocido,No,No,No
CLI005608,cellular,jul,thu,2,999,0,nonexistent,-1.7,94.215,-40.3,0.846,4991.6,No,38,technician,married,professional.course,No,No,No
CLI005609,cellular,nov,tue,2,999,0,nonexistent,-0.1,93.2,-42.0,4.153,5195.8,No,41,entrepreneur,married,high.school,No,Sí,No
CLI005610,telephone,may,thu,1,999,0,nonexistent,1.1,93.994,-36.4,4.86,5191.0,No,42,management,married,university.degree,Desconocido,No,No
CLI005611,telephone,jun,thu,1,999,0,nonexistent,1.4,94.465,-41.8,4.958,5228.1,No,36,entrepreneur,married,high.school,No,No,Sí
CLI005612,cellular,may,fri,1,999,0,nonexistent,-1.8,92.893,-46.2,1.25,5099.1,No,45,self-employed,divorced,university.degree,No,Sí,No
CLI005613,cellular,jul,tue,1,999,0,nonexistent,1.4,93.918,-42.7,4.961,5228.1,No,31,blue-collar,single,basic.4y,No,Sí,No
CLI005614,cellular,jun,wed,3,999,0,nonexistent,-2.9,92.963,-40.8,1.26,5076.2,No,31,admin.,single,high.school,No,No,No
CLI005615,cellular,jul,fri,1,999,0,nonexistent,1.4,93.918,-42.7,4.957,5228.1,Sí,56,blue-collar,married,basic.4y,No,Sí,No
CLI005616,telephone,jun,mon,3,999,0,nonexistent,1.4,94.465,-41.8,4.865,5228.1,No,36,housemaid,married,basic.6y,No,Sí,No
CLI005617,cellular,may,fri,1,999,0,nonexistent,-1.8,92.893,-46.2,1.25,5099.1,No,42,management,married,university.degree,No,Sí,No
CLI005618,cellular,jul,mon,3,999,0,nonexistent,1.4,93.918,-42.7,4.96,5228.1,No,46,services,married,high.school,No,Sí,No
CLI005619,telephone,oct,wed,1,999,0,nonexistent,-0.1,93.798,-40.4,4.936,5195.8,Sí,48,admin.,married,university.degree,No,No,No
CLI005620,telephone,may,tue,2,999,0,nonexistent,1.1,93.994,-36.4,4.857,5191.0,No,37,blue-collar,single,professional.course,No,Sí,No
CLI005621,telephone,may,mon,1,999,0,nonexistent,1.1,93.994,-36.4,4.857,5191.0,No,41,self-employed,married,high.school,No,No,No
CLI005622,cellular,oct,fri,2,999,0,nonexistent,-3.4,92.431,-26.9,0.739,5017.5,No,83,retired,married,basic.9y,No,No,No
CLI005623,telephone,may,tue,2,999,0,nonexistent,1.1,93.994,-36.4,4.857,5191.0,No,42,services,married,high.school,No,Sí,No
CLI005624,cellular,jul,mon,2,999,0,nonexistent,1.4,93.918,-42.7,4.96,5228.1,No,46,services,married,high.school,No,Sí,No
CLI005625,cellular,jul,fri,1,999,0,nonexistent,1.4,93.918,-42.7,4.957,5228.1,No,31,technician,single,university.degree,No,No,No
CLI005626,cellular,nov,mon,1,999,0,nonexistent,-0.1,93.2,-42.0,4.191,5195.8,No,43,services,married,high.school,No,No,No
CLI005627,cellular,jul,thu,3,999,0,nonexistent,1.4,93.918,-42.7,4.968,5228.1,No,28,blue-collar,married,basic.4y,Desconocido,Sí,No
CLI005628,cellular,may,mon,1,999,0,nonexistent,-1.8,92.893,-46.2,1.244,5099.1,No,46,blue-collar,married,basic.9y,No,Sí,No
CLI005629,cellular,aug,wed,1,999,0,nonexistent,1.4,93.444,-36.1,4.964,5228.1,No,32,services,married,high.school,No,No,No
CLI005630,cellular,apr,mon,4,999,0,nonexistent,-1.8,93.075,-47.1,1.405,5099.1,No,23,admin.,married,high.school,No,No,No
CLI005631,cellular,may,mon,1,999,0,nonexistent,-1.8,92.893,-46.2,1.299,5099.1,No,36,technician,single,professional.course,No,Sí,No
CLI005632,cellular,jul,tue,1,999,0,nonexistent,1.4,93.918,-42.7,4.961,5228.1,No,58,housemaid,married,basic.4y,Desconocido,Sí,No
CLI005633,cellular,jul,tue,1,999,0,nonexistent,-2.9,92.469,-33.6,1.044,5076.2,No,38,admin.,married,university.degree,No,Sí,No
CLI005634,cellular,aug,wed,3,999,0,nonexistent,1.4,93.444,-36.1,4.967,5228.1,No,58,housemaid,married,basic.4y,No,No,No
CLI005635,cellular,nov,mon,1,999,0,nonexistent,-0.1,93.2,-42.0,4.191,5195.8,No,39,unemployed,married,basic.9y,No,,No
CLI005636,cellular,may,wed,2,999,0,nonexistent,-1.8,92.893,-46.2,1.281,5099.1,No,49,blue-collar,married,high.school,Desconocido,Sí,Sí
CLI005637,cellular,may,thu,1,999,1,failure,-1.8,92.893,-46.2,1.266,5099.1,No,30,services,single,high.school,No,Sí,No
CLI005638,cellular,apr,fri,1,999,0,nonexistent,-1.8,93.075,-47.1,1.405,5099.1,Sí,38,admin.,married,university.degree,No,Sí,No
CLI005639,telephone,jun,tue,2,999,0,nonexistent,1.4,94.465,-41.8,4.961,5228.1,No,27,services,single,high.school,No,Sí,No
CLI005640,cellular,may,wed,3,999,0,nonexistent,-1.8,92.893,-46.2,1.281,5099.1,No,33,blue-collar,divorced,basic.4y,No,No,No
CLI005641,cellular,aug,thu,1,999,0,nonexistent,1.4,93.444,-36.1,4.968,5228.1,No,32,technician,married,university.degree,No,No,No
CLI005642,telephone,jun,mon,3,999,0,nonexistent,1.4,94.465,-41.8,4.96,5228.1,No,34,admin.,married,university.degree,No,No,No
CLI005643,cellular,aug,wed,14,999,0,nonexistent,1.4,93.444,-36.1,4.964,5228.1,No,46,housemaid,married,basic.4y,No,No,Sí
CLI005644,telephone,may,tue,2,999,0,nonexistent,1.1,93.994,-36.4,4.856,5191.0,No,33,admin.,married,high.school,No,Sí,No
CLI005645,cellular,apr,thu,1,999,0,nonexistent,-1.8,93.075,-47.1,1.41,5099.1,No,24,management,single,university.degree,No,Sí,No
CLI005646,telephone,jun,thu,3,999,0,nonexistent,1.4,94.465,-41.8,4.961,5228.1,No,55,retired,divorced,professional.course,No,No,No
CLI005647,cellular,nov,wed,1,999,1,failure,-0.1,93.2,-42.0,4.12,5195.8,No,33,services,divorced,,No,Sí,No
CLI005648,telephone,may,mon,1,999,0,nonexistent,1.1,93.994,-36.4,4.857,5191.0,No,31,admin.,divorced,high.school,No,No,No
CLI005649,cellular,may,fri,7,999,0,nonexistent,-1.8,92.893,-46.2,1.313,5099.1,No,54,technician,married,university.degree,Desconocido,No,No
CLI005650,cellular,may,wed,1,999,1,failure,-1.8,92.893,-46.2,1.334,5099.1,Sí,46,services,married,high.school,Desconocido,No,No
CLI005651,telephone,may,wed,6,999,0,nonexistent,1.1,93.994,-36.4,4.857,5191.0,No,45,services,married,high.school,Desconocido,Sí,No
CLI005652,cellular,jul,tue,4,999,0,nonexistent,1.4,93.918,-42.7,4.961,5228.1,No,32,housemaid,single,university.degree,Desconocido,Sí,No
CLI005653,telephone,jun,fri,7,999,0,nonexistent,1.4,94.465,-41.8,4.959,5228.1,No,33,management,married,university.degree,No,No,Sí
CLI005654,cellular,aug,tue,1,999,0,nonexistent,1.4,93.444,-36.1,4.965,5228.1,No,38,technician,married,university.degree,No,Sí,No
CLI005655,cellular,jul,mon,1,999,0,nonexistent,1.4,93.918,-42.7,4.96,5228.1,No,36,services,divorced,university.degree,No,No,No
CLI005656,cellular,nov,tue,1,999,0,nonexistent,-0.1,93.2,-42.0,4.153,5195.8,No,45,management,married,university.degree,No,No,No
CLI005657,cellular,may,wed,1,999,1,failure,-1.8,92.893,-46.2,1.334,5099.1,No,39,blue-collar,married,basic.4y,No,No,No
CLI005658,cellular,jun,tue,3,999,0,nonexistent,-2.9,92.963,-40.8,1.206,5076.2,No,30,student,single,Desconocido,No,No,No
CLI005659,cellular,apr,tue,5,999,1,failure,-1.8,93.075,-47.1,1.423,5099.1,Sí,41,technician,married,professional.course,No,Sí,No
CLI005660,cellular,aug,mon,2,999,0,nonexistent,1.4,93.444,-36.1,4.97,5228.1,No,57,admin.,married,high.school,No,No,No
CLI005661,cellular,apr,thu,3,999,0,nonexistent,-1.8,93.075,-47.1,1.41,5099.1,No,31,blue-collar,married,basic.9y,Desconocido,Sí,No
CLI005662,telephone,may,tue,1,999,0,nonexistent,1.1,93.994,-36.4,4.856,5191.0,No,45,blue-collar,married,basic.4y,Desconocido,Sí,No
CLI005663,cellular,mar,fri,2,999,0,nonexistent,-1.8,93.369,-34.8,0.653,5008.7,No,31,technician,single,professional.course,No,No,No
CLI005664,cellular,aug,tue,2,999,0,nonexistent,1.4,93.444,-36.1,4.963,5228.1,No,49,Desconocido,married,high.school,Desconocido,No,Sí
CLI005665,cellular,jul,thu,8,999,0,nonexistent,1.4,93.918,-42.7,4.968,5228.1,No,37,technician,married,professional.course,No,No,No
CLI005666,telephone,may,mon,2,999,0,nonexistent,1.1,93.994,-36.4,4.858,5191.0,No,39,admin.,married,basic.4y,No,No,No
CLI005667,telephone,jun,mon,2,999,0,nonexistent,1.4,94.465,-41.8,4.947,5228.1,No,28,self-employed,single,university.degree,No,Sí,No
CLI005668,telephone,may,tue,3,999,0,nonexistent,1.1,93.994,-36.4,4.856,5191.0,No,59,entrepreneur,married,university.degree,Desconocido,Sí,Sí
CLI005669,telephone,may,wed,1,999,0,nonexistent,-1.8,92.893,-46.2,1.281,5099.1,No,30,blue-collar,married,basic.9y,Desconocido,No,No
CLI005670,telephone,may,mon,1,999,0,nonexistent,-1.8,92.893,-46.2,1.299,5099.1,No,32,technician,single,high.school,No,No,No
CLI005671,telephone,jun,thu,2,999,0,nonexistent,1.4,94.465,-41.8,4.955,5228.1,No,60,self-employed,married,professional.course,No,Sí,No
CLI005672,cellular,jul,mon,1,999,0,nonexistent,1.4,93.918,-42.7,4.96,5228.1,No,42,admin.,married,university.degree,No,Sí,No
CLI005673,cellular,may,thu,1,999,0,nonexistent,-1.8,93.876,-40.0,0.677,5008.7,Sí,52,admin.,married,university.degree,No,No,No
CLI005674,cellular,jun,tue,1,999,0,nonexistent,-2.9,92.963,-40.8,1.262,5076.2,No,33,admin.,single,high.school,No,Sí,No
CLI005675,telephone,may,tue,1,999,0,nonexistent,1.1,93.994,-36.4,4.856,5191.0,No,34,admin.,married,university.degree,No,No,No
CLI005676,cellular,nov,fri,6,999,0,nonexistent,-0.1,93.2,-42.0,4.021,5195.8,No,42,admin.,married,high.school,No,No,No
CLI005677,telephone,oct,mon,2,999,0,nonexistent,-3.4,92.431,-26.9,0.739,5017.5,No,54,housemaid,married,professional.course,No,No,No
CLI005678,cellular,may,thu,3,999,0,nonexistent,-1.8,92.893,-46.2,1.327,5099.1,No,46,blue-collar,single,basic.9y,No,Sí,No
CLI005679,cellular,jul,wed,2,999,0,nonexistent,1.4,93.918,-42.7,4.963,5228.1,No,32,services,divorced,basic.9y,Desconocido,No,No
CLI005680,telephone,jul,tue,2,999,0,nonexistent,1.4,93.918,-42.7,4.961,5228.1,No,54,unemployed,married,high.school,Desconocido,No,No
CLI005681,cellular,jul,wed,1,999,0,nonexistent,1.4,93.918,-42.7,4.963,5228.1,Sí,34,self-employed,single,university.degree,No,No,No
CLI005682,cellular,apr,thu,2,999,0,nonexistent,-1.8,93.075,-47.1,1.435,5099.1,Sí,29,blue-collar,married,basic.9y,No,Sí,No
CLI005683,telephone,jun,fri,2,999,0,nonexistent,1.4,94.465,-41.8,4.967,5228.1,No,40,blue-collar,married,basic.9y,No,No,Sí
CLI005684,telephone,may,mon,3,999,0,nonexistent,1.1,93.994,-36.4,4.857,5191.0,No,31,admin.,divorced,high.school,No,No,No
CLI005685,cellular,nov,fri,2,999,1,failure,-0.1,93.2,-42.0,4.021,5195.8,No,51,admin.,single,university.degree,Desconocido,No,No
CLI005686,cellular,aug,wed,2,999,0,nonexistent,1.4,93.444,-36.1,4.964,5228.1,No,43,management,married,university.degree,No,No,No
CLI005687,cellular,apr,thu,2,999,0,nonexistent,-1.8,93.075,-47.1,1.365,5099.1,No,48,technician,divorced,university.degree,No,Sí,Sí
CLI005688,telephone,may,fri,3,999,0,nonexistent,1.1,93.994,-36.4,4.864,5191.0,No,36,blue-collar,single,basic.9y,Desconocido,No,
CLI005689,cellular,may,thu,1,999,1,failure,-1.8,92.893,-46.2,1.27,5099.1,No,23,student,single,high.school,No,Sí,No
CLI005690,telephone,may,wed,1,999,0,nonexistent,1.1,93.994,-36.4,4.859,5191.0,No,50,housemaid,married,basic.9y,Desconocido,Sí,Sí
CLI005691,cellular,aug,thu,2,999,0,nonexistent,1.4,93.444,-36.1,4.968,5228.1,No,35,technician,married,professional.course,No,No,No
CLI005692,cellular,nov,wed,1,999,1,failure,-0.1,93.2,-42.0,4.12,5195.8,No,29,management,single,university.degree,No,No,No
CLI005693,cellular,aug,fri,1,15,2,failure,-2.9,92.201,-31.4,0.825,5076.2,No,25,student,single,Desconocido,Desconocido,Sí,No
CLI005694,cellular,nov,mon,2,4,1,success,-0.1,93.2,-42.0,4.191,5195.8,No,36,self-employed,single,university.degree,No,Sí,No
CLI005695,cellular,may,thu,3,999,0,nonexistent,-1.8,92.893,-46.2,1.266,5099.1,No,27,admin.,married,high.school,No,No,No
CLI005696,telephone,may,thu,1,999,0,nonexistent,1.1,93.994,-36.4,4.855,5191.0,Sí,32,blue-collar,married,professional.course,No,No,No
CLI005697,cellular,aug,fri,3,999,0,nonexistent,1.4,93.444,-36.1,4.964,5228.1,No,57,technician,married,professional.course,Desconocido,Sí,No
CLI005698,cellular,may,tue,2,999,0,nonexistent,-1.8,92.893,-46.2,1.291,5099.1,No,31,blue-collar,single,basic.9y,No,Desconocido,Desconocido
CLI005699,cellular,aug,fri,1,999,0,nonexistent,1.4,93.444,-36.1,4.964,5228.1,No,55,retired,married,professional.course,No,,No
CLI005700,telephone,jul,tue,1,999,0,nonexistent,-1.7,94.215,-40.3,0.893,4991.6,No,23,technician,single,professional.course,No,Sí,No
CLI005701,telephone,jun,wed,3,999,0,nonexistent,1.4,94.465,-41.8,4.962,5228.1,No,46,unemployed,divorced,basic.9y,No,No,
CLI005702,telephone,may,wed,4,999,0,nonexistent,1.1,93.994,-36.4,4.856,5191.0,No,56,retired,married,basic.9y,No,Sí,Sí
CLI005703,cellular,apr,thu,1,12,1,success,-1.8,93.749,-34.6,0.635,5008.7,Sí,60,housemaid,married,basic.4y,No,Sí,Sí
CLI005704,cellular,aug,wed,1,999,0,nonexistent,1.4,93.444,-36.1,4.967,5228.1,No,50,admin.,divorced,high.school,Desconocido,No,Sí
CLI005705,cellular,jul,mon,1,999,0,nonexistent,1.4,93.918,-42.7,4.96,5228.1,No,23,services,single,high.school,No,No,No
CLI005706,cellular,aug,mon,1,999,0,nonexistent,1.4,93.444,-36.1,4.965,5228.1,No,39,admin.,single,university.degree,Desconocido,No,Sí
CLI005707,cellular,apr,mon,2,999,0,nonexistent,-1.8,93.075,-47.1,1.405,5099.1,Sí,24,admin.,single,professional.course,No,No,No
CLI005708,cellular,apr,fri,1,999,0,nonexistent,-1.8,93.075,-47.1,1.405,5099.1,No,25,technician,single,university.degree,No,No,No
CLI005709,telephone,may,thu,1,999,0,nonexistent,1.1,93.994,-36.4,4.86,5191.0,No,48,admin.,married,professional.course,No,Sí,No
CLI005710,cellular,aug,thu,1,999,0,nonexistent,1.4,93.444,-36.1,4.963,5228.1,No,29,admin.,single,university.degree,No,Sí,Sí
CLI005711,cellular,jul,mon,3,999,0,nonexistent,1.4,93.918,-42.7,4.962,5228.1,No,56,blue-collar,divorced,Desconocido,No,No,No
CLI005712,telephone,may,wed,1,999,0,nonexistent,1.1,93.994,-36.4,4.857,5191.0,No,32,technician,single,university.degree,No,No,No
CLI005713,cellular,jul,thu,6,999,0,nonexistent,1.4,93.918,-42.7,4.968,5228.1,No,30,services,single,high.school,No,Sí,No
CLI005714,telephone,may,fri,2,999,0,nonexistent,1.1,93.994,-36.4,4.864,5191.0,No,50,blue-collar,married,basic.9y,No,No,No
CLI005715,cellular,aug,tue,1,999,0,nonexistent,1.4,93.444,-36.1,4.965,5228.1,No,48,housemaid,married,basic.9y,No,Sí,No
CLI005716,cellular,mar,tue,1,999,0,nonexistent,-1.8,93.369,-34.8,0.635,5008.7,Sí,59,admin.,divorced,university.degree,No,Sí,No
CLI005717,telephone,may,tue,1,999,0,nonexistent,1.1,93.994,-36.4,4.856,5191.0,No,54,technician,divorced,professional.course,No,No,No
CLI005718,cellular,aug,fri,1,999,0,nonexistent,1.4,93.444,-36.1,4.966,5228.1,No,57,technician,married,high.school,Desconocido,No,Sí
CLI005719,cellular,jul,mon,2,999,0,nonexistent,1.4,93.918,-42.7,4.962,5228.1,No,51,admin.,divorced,university.degree,No,No,No
CLI005720,cellular,aug,wed,2,999,0,nonexistent,1.4,93.444,-36.1,4.964,5228.1,No,37,admin.,single,university.degree,No,No,Sí
CLI005721,telephone,jul,tue,3,999,0,nonexistent,1.4,93.918,-42.7,4.962,5228.1,No,45,entrepreneur,married,university.degree,Desconocido,Sí,Sí
CLI005722,telephone,jun,mon,2,999,0,nonexistent,1.4,94.465,-41.8,4.96,5228.1,No,40,admin.,single,high.school,Desconocido,No,No
CLI005723,cellular,aug,wed,2,999,0,nonexistent,1.4,93.444,-36.1,4.964,5228.1,No,51,technician,married,professional.course,No,Sí,No
CLI005724,telephone,may,tue,2,999,0,nonexistent,1.1,93.994,-36.4,4.857,5191.0,No,43,entrepreneur,married,high.school,No,,No
CLI005725,telephone,may,mon,3,999,0,nonexistent,1.1,93.994,-36.4,4.858,5191.0,No,54,blue-collar,married,basic.4y,Desconocido,No,No
CLI005726,cellular,jul,tue,3,999,0,nonexistent,1.4,93.918,-42.7,4.962,5228.1,No,55,services,married,basic.6y,Desconocido,No,No
CLI005727,cellular,mar,mon,3,6,1,success,-1.8,93.369,-34.8,0.646,5008.7,No,62,technician,married,Desconocido,No,No,No
CLI005728,cellular,may,thu,3,999,0,nonexistent,-1.8,92.893,-46.2,1.327,5099.1,No,44,technician,divorced,professional.course,No,Sí,No
CLI005729,telephone,oct,thu,1,999,0,nonexistent,-0.1,93.798,-40.4,4.921,5195.8,Sí,39,technician,married,professional.course,No,No,No
CLI005730,cellular,nov,wed,1,999,0,nonexistent,-0.1,93.2,-42.0,4.12,5195.8,No,35,admin.,married,university.degree,No,Sí,No
CLI005731,telephone,jun,tue,2,999,0,nonexistent,1.4,94.465,-41.8,4.864,5228.1,No,36,services,married,high.school,Desconocido,Sí,No
CLI005732,cellular,aug,mon,3,999,0,nonexistent,1.4,93.444,-36.1,4.97,5228.1,No,38,technician,married,professional.course,No,No,No
CLI005733,cellular,aug,tue,27,999,0,nonexistent,1.4,93.444,-36.1,4.965,5228.1,No,57,retired,married,,No,No,No
CLI005734,cellular,jul,fri,2,999,0,nonexistent,1.4,93.918,-42.7,4.963,5228.1,No,31,blue-collar,married,professional.course,Desconocido,No,No
CLI005735,cellular,jul,mon,4,999,0,nonexistent,1.4,93.918,-42.7,4.96,5228.1,No,24,services,married,high.school,No,,No
CLI005736,cellular,nov,wed,1,999,0,nonexistent,-0.1,93.2,-42.0,4.12,5195.8,No,29,entrepreneur,married,basic.9y,No,Sí,No
CLI005737,telephone,may,thu,1,999,0,nonexistent,1.1,93.994,-36.4,4.855,5191.0,No,55,retired,married,university.degree,Desconocido,No,No
CLI005738,cellular,aug,thu,3,999,0,nonexistent,1.4,93.444,-36.1,4.963,5228.1,No,50,admin.,divorced,university.degree,No,Sí,No
CLI005739,telephone,may,wed,1,999,0,nonexistent,1.1,93.994,-36.4,4.859,5191.0,No,44,admin.,married,university.degree,No,Sí,No
CLI005740,cellular,apr,mon,3,999,1,failure,-1.8,93.075,-47.1,1.405,5099.1,No,31,services,single,high.school,No,Sí,Sí
CLI005741,telephone,aug,mon,4,999,0,nonexistent,-2.9,92.201,-31.4,0.843,5076.2,No,69,housemaid,married,basic.4y,No,No,No
CLI005742,cellular,apr,mon,1,999,0,nonexistent,-1.8,93.075,-47.1,1.405,5099.1,No,35,blue-collar,married,basic.4y,Desconocido,Sí,No
CLI005743,cellular,jul,thu,1,999,0,nonexistent,1.4,93.918,-42.7,4.962,5228.1,No,42,services,divorced,high.school,No,Sí,Sí
CLI005744,cellular,may,wed,5,999,0,nonexistent,-1.8,92.893,-46.2,1.281,5099.1,No,29,blue-collar,married,high.school,No,Sí,No
CLI005745,cellular,apr,fri,1,999,0,nonexistent,-1.8,93.075,-47.1,1.479,5099.1,No,30,technician,single,high.school,No,No,No
CLI005746,telephone,aug,mon,1,999,0,nonexistent,1.4,93.444,-36.1,4.97,5228.1,No,46,housemaid,married,high.school,No,Sí,No
CLI005747,cellular,may,thu,1,999,0,nonexistent,-1.8,92.893,-46.2,1.327,5099.1,No,26,technician,single,professional.course,No,Sí,No
CLI005748,telephone,may,wed,2,999,0,nonexistent,1.1,93.994,-36.4,4.857,5191.0,No,28,admin.,single,university.degree,Desconocido,No,Sí
CLI005749,cellular,jul,mon,2,999,0,nonexistent,1.4,93.918,-42.7,4.962,5228.1,No,27,technician,married,professional.course,No,Sí,Sí
CLI005750,cellular,may,wed,3,999,0,nonexistent,-1.8,92.893,-46.2,1.27,5099.1,No,43,admin.,single,university.degree,No,Sí,No
CLI005751,cellular,may,fri,2,999,0,nonexistent,-1.8,92.893,-46.2,1.259,5099.1,No,49,admin.,married,university.degree,No,Sí,No
CLI005752,cellular,nov,fri,2,999,1,failure,-0.1,93.2,-42.0,4.021,5195.8,No,31,blue-collar,married,basic.6y,No,No,No
CLI005753,telephone,may,tue,1,999,0,nonexistent,1.1,93.994,-36.4,4.857,5191.0,No,31,services,single,basic.9y,No,No,No
CLI005754,cellular,oct,fri,2,12,1,success,-1.1,94.601,-49.5,1.029,4963.6,Sí,65,retired,married,,No,Sí,Sí
CLI005755,cellular,may,fri,2,999,0,nonexistent,-1.8,92.893,-46.2,1.313,5099.1,No,41,services,single,high.school,No,No,No
CLI005756,cellular,may,mon,1,999,0,nonexistent,-1.8,92.893,-46.2,1.299,5099.1,No,38,blue-collar,married,high.school,Desconocido,Sí,No
CLI005757,telephone,may,fri,2,999,0,nonexistent,1.1,93.994,-36.4,4.855,5191.0,No,39,blue-collar,married,basic.9y,No,Sí,No
CLI005758,telephone,apr,thu,2,999,0,nonexistent,-1.8,93.749,-34.6,0.635,5008.7,Sí,41,admin.,divorced,high.school,No,No,No
CLI005759,cellular,aug,tue,1,999,0,nonexistent,1.4,93.444,-36.1,4.965,5228.1,No,50,admin.,married,university.degree,No,Sí,Sí
CLI005760,cellular,aug,mon,2,999,0,nonexistent,1.4,93.444,-36.1,4.97,5228.1,No,34,admin.,single,university.degree,No,No,No
CLI005761,telephone,may,wed,2,999,0,nonexistent,1.1,93.994,-36.4,4.857,5191.0,No,37,management,married,university.degree,No,No,No
CLI005762,cellular,jul,wed,1,999,0,nonexistent,1.4,93.918,-42.7,4.962,5228.1,Sí,35,self-employed,single,university.degree,No,Sí,No
CLI005763,telephone,may,tue,3,999,0,nonexistent,1.1,93.994,-36.4,4.857,5191.0,No,51,unemployed,married,professional.course,No,No,No
CLI005764,cellular,apr,fri,6,999,3,failure,-1.8,93.075,-47.1,1.4,5099.1,No,80,blue-collar,married,high.school,No,No,No
CLI005765,cellular,may,mon,1,999,0,nonexistent,-1.8,92.893,-46.2,1.244,5099.1,No,34,admin.,married,high.school,Desconocido,No,No
CLI005766,telephone,nov,fri,1,999,0,nonexistent,-0.1,93.2,-42.0,4.021,5195.8,Sí,41,housemaid,married,high.school,No,Sí,No
CLI005767,cellular,may,tue,7,999,1,failure,-1.8,92.893,-46.2,1.291,5099.1,No,34,housemaid,single,high.school,No,No,No
CLI005768,cellular,aug,thu,7,999,0,nonexistent,1.4,93.444,-36.1,4.968,5228.1,No,43,admin.,married,university.degree,No,Sí,Sí
CLI005769,telephone,may,fri,3,999,0,nonexistent,1.1,93.994,-36.4,4.855,5191.0,No,36,services,married,basic.6y,No,No,No
CLI005770,cellular,mar,mon,1,3,3,success,-1.8,93.369,-34.8,0.646,5008.7,Sí,29,admin.,single,university.degree,No,Sí,No
CLI005771,telephone,jun,fri,3,999,0,nonexistent,1.4,94.465,-41.8,4.967,5228.1,No,41,housemaid,married,university.degree,Desconocido,No,No
CLI005772,cellular,may,thu,2,999,0,nonexistent,-1.8,92.893,-46.2,1.327,5099.1,Sí,29,blue-collar,married,basic.6y,No,No,No
CLI005773,cellular,apr,mon,1,999,1,failure,-1.8,93.075,-47.1,1.405,5099.1,No,46,services,married,high.school,No,No,
CLI005774,cellular,nov,wed,1,999,0,nonexistent,-0.1,93.2,-42.0,4.12,5195.8,No,38,blue-collar,divorced,high.school,No,Sí,Sí
CLI005775,cellular,apr,wed,1,999,0,nonexistent,-1.8,93.075,-47.1,1.405,5099.1,Sí,60,blue-collar,married,professional.course,No,Sí,No
CLI005776,cellular,aug,wed,3,999,0,nonexistent,1.4,93.444,-36.1,4.964,5228.1,No,46,self-employed,married,university.degree,No,No,No
CLI005777,telephone,may,wed,1,999,0,nonexistent,1.1,93.994,-36.4,4.858,5191.0,No,29,blue-collar,married,basic.9y,No,No,No
CLI005778,cellular,aug,fri,1,999,0,nonexistent,1.4,93.444,-36.1,4.964,5228.1,No,59,retired,married,Desconocido,No,No,No
CLI005779,telephone,jun,tue,2,999,0,nonexistent,1.4,94.465,-41.8,4.864,5228.1,No,50,blue-collar,married,basic.6y,Desconocido,Sí,No
CLI005780,telephone,jun,thu,2,999,0,nonexistent,1.4,94.465,-41.8,4.866,5228.1,No,43,admin.,married,professional.course,No,Sí,No
CLI005781,cellular,may,thu,1,999,1,failure,-1.8,92.893,-46.2,1.266,5099.1,No,44,admin.,married,basic.9y,Desconocido,Sí,Sí
CLI005782,telephone,may,tue,1,999,0,nonexistent,1.1,93.994,-36.4,4.856,5191.0,No,35,admin.,single,university.degree,No,No,No
CLI005783,cellular,apr,wed,2,999,0,nonexistent,-1.8,93.075,-47.1,1.415,5099.1,No,41,entrepreneur,single,professional.course,No,Sí,No
CLI005784,cellular,oct,wed,1,999,1,failure,-3.4,92.431,-26.9,0.735,5017.5,Sí,38,admin.,married,university.degree,No,Sí,No
CLI005785,cellular,jul,tue,1,999,0,nonexistent,1.4,93.918,-42.7,4.961,5228.1,No,26,admin.,single,university.degree,No,Sí,Sí
CLI005786,cellular,may,thu,1,999,0,nonexistent,-1.8,92.893,-46.2,1.327,5099.1,No,42,blue-collar,single,basic.4y,No,No,No
CLI005787,cellular,nov,mon,1,999,0,nonexistent,-0.1,93.2,-42.0,4.191,5195.8,No,32,technician,married,university.degree,No,Sí,No
CLI005788,telephone,jun,mon,1,999,0,nonexistent,1.4,94.465,-41.8,4.961,5228.1,No,25,technician,single,professional.course,No,Sí,No
CLI005789,telephone,jun,mon,1,999,0,nonexistent,1.4,94.465,-41.8,4.96,5228.1,No,53,blue-collar,divorced,basic.4y,Desconocido,No,No
CLI005790,telephone,may,mon,3,999,0,nonexistent,1.1,93.994,-36.4,4.857,5191.0,No,42,blue-collar,married,basic.6y,No,No,No
CLI005791,telephone,sep,thu,1,9,3,success,-1.1,94.199,-37.5,0.879,4963.6,No,38,services,single,high.school,No,Sí,No
CLI005792,cellular,nov,tue,2,999,0,nonexistent,-0.1,93.2,-42.0,4.153,5195.8,No,50,housemaid,married,basic.4y,No,No,No
CLI005793,telephone,aug,fri,1,999,0,nonexistent,1.4,93.444,-36.1,4.963,5228.1,No,38,admin.,married,university.degree,No,Sí,No
CLI005794,telephone,jun,fri,2,999,0,nonexistent,1.4,94.465,-41.8,4.959,5228.1,No,56,admin.,married,high.school,No,No,No
CLI005795,telephone,jun,wed,1,999,0,nonexistent,1.4,94.465,-41.8,4.962,5228.1,No,56,retired,married,high.school,Desconocido,Sí,No
CLI005796,cellular,jul,mon,7,999,0,nonexistent,1.4,93.918,-42.7,4.96,5228.1,No,29,self-employed,single,university.degree,No,Sí,No
CLI005797,cellular,jun,tue,1,999,0,nonexistent,-1.7,94.055,-39.8,0.702,4991.6,Sí,25,services,single,Desconocido,No,Sí,No
CLI005798,cellular,aug,tue,1,999,0,nonexistent,1.4,93.444,-36.1,4.968,5228.1,No,45,housemaid,married,basic.4y,Desconocido,No,No
CLI005799,telephone,jun,wed,4,999,0,nonexistent,1.4,94.465,-41.8,4.962,5228.1,Sí,31,blue-collar,married,basic.9y,No,Sí,No
CLI005800,cellular,jul,tue,4,999,0,nonexistent,1.4,93.918,-42.7,4.961,5228.1,No,55,retired,married,basic.4y,Desconocido,No,Sí
CLI005801,cellular,aug,tue,1,999,0,nonexistent,1.4,93.444,-36.1,4.966,5228.1,No,41,self-employed,married,university.degree,No,Sí,No
CLI005802,telephone,may,fri,2,999,0,nonexistent,1.1,93.994,-36.4,4.859,5191.0,No,28,services,single,high.school,No,Sí,No
CLI005803,cellular,nov,mon,1,999,0,nonexistent,-0.1,93.2,-42.0,4.191,5195.8,No,32,admin.,divorced,high.school,No,Sí,No
CLI005804,cellular,nov,fri,1,999,1,failure,-3.4,92.649,-30.1,0.714,5017.5,Sí,52,technician,married,professional.course,No,Sí,No
CLI005805,cellular,nov,tue,2,999,0,nonexistent,-0.1,93.2,-42.0,4.153,5195.8,No,29,admin.,divorced,high.school,No,Sí,No
CLI005806,cellular,may,wed,2,999,0,nonexistent,-1.8,93.876,-40.0,0.697,5008.7,Sí,28,admin.,married,high.school,No,No,Sí
CLI005807,telephone,jun,wed,2,999,0,nonexistent,1.4,94.465,-41.8,4.864,5228.1,No,34,management,married,university.degree,Desconocido,No,Sí
CLI005808,cellular,may,fri,2,999,1,failure,-1.8,92.893,-46.2,1.25,5099.1,No,34,technician,single,university.degree,No,No,No
CLI005809,cellular,apr,mon,5,999,0,nonexistent,-1.8,93.075,-47.1,1.405,5099.1,Sí,28,admin.,single,high.school,No,No,No
CLI005810,telephone,may,thu,5,999,0,nonexistent,1.1,93.994,-36.4,4.86,5191.0,No,34,management,married,professional.course,Desconocido,No,No
CLI005811,telephone,may,tue,1,999,0,nonexistent,1.1,93.994,-36.4,4.857,5191.0,No,46,management,married,Desconocido,No,Sí,No
CLI005812,telephone,jul,tue,6,999,0,nonexistent,1.4,93.918,-42.7,4.961,5228.1,No,28,technician,single,high.school,No,Sí,No
CLI005813,cellular,nov,thu,5,999,0,nonexistent,-0.1,93.2,-42.0,4.076,5195.8,No,32,blue-collar,single,basic.9y,No,No,No
CLI005814,cellular,jul,fri,1,999,0,nonexistent,1.4,93.918,-42.7,4.962,5228.1,No,27,technician,single,Desconocido,No,Sí,No
CLI005815,cellular,nov,tue,2,999,0,nonexistent,-0.1,93.2,-42.0,4.153,5195.8,No,39,self-employed,married,university.degree,No,No,No
CLI005816,cellular,may,wed,3,999,1,failure,-1.8,92.893,-46.2,1.281,5099.1,No,35,blue-collar,single,basic.4y,Desconocido,Sí,No
CLI005817,cellular,nov,thu,2,999,1,failure,-0.1,93.2,-42.0,4.076,5195.8,Sí,34,admin.,divorced,university.degree,No,No,No
CLI005818,telephone,may,wed,1,999,0,nonexistent,1.1,93.994,-36.4,4.857,5191.0,Sí,41,management,married,basic.6y,No,Sí,
CLI005819,cellular,may,fri,4,999,0,nonexistent,-1.8,92.893,-46.2,1.313,5099.1,No,39,blue-collar,married,basic.9y,Desconocido,No,No
CLI005820,telephone,may,mon,2,999,0,nonexistent,1.1,93.994,-36.4,4.858,5191.0,No,40,self-employed,married,high.school,Desconocido,No,No
CLI005821,telephone,may,mon,2,999,0,nonexistent,1.1,93.994,-36.4,4.858,5191.0,No,32,management,single,high.school,No,Sí,No
CLI005822,cellular,may,thu,1,999,1,failure,-1.8,92.893,-46.2,1.266,5099.1,No,35,blue-collar,married,basic.6y,Desconocido,,Sí
CLI005823,cellular,apr,tue,1,999,0,nonexistent,-1.8,93.075,-47.1,1.423,5099.1,No,44,blue-collar,married,basic.6y,No,No,No
CLI005824,cellular,nov,fri,2,3,1,success,-3.4,92.649,-30.1,0.714,5017.5,Sí,78,retired,divorced,basic.4y,No,Sí,No
CLI005825,cellular,jul,fri,2,999,0,nonexistent,1.4,93.918,-42.7,4.963,5228.1,Sí,32,technician,married,Desconocido,No,Sí,Sí
CLI005826,telephone,jul,wed,2,999,0,nonexistent,1.4,93.918,-42.7,4.963,5228.1,No,31,services,divorced,high.school,No,No,No
CLI005827,cellular,jul,tue,1,999,0,nonexistent,1.4,93.918,-42.7,4.961,5228.1,No,56,entrepreneur,married,university.degree,Desconocido,No,Sí
CLI005828,cellular,may,fri,4,999,0,nonexistent,-1.8,92.893,-46.2,1.259,5099.1,Sí,30,admin.,married,university.degree,No,Sí,Sí
CLI005829,cellular,aug,wed,1,999,0,nonexistent,1.4,93.444,-36.1,4.965,5228.1,No,32,management,married,university.degree,No,Sí,No
CLI005830,cellular,apr,thu,1,2,1,success,-1.8,93.075,-47.1,1.365,5099.1,Sí,53,admin.,single,university.degree,No,No,No
CLI005831,telephone,aug,mon,5,999,2,failure,-1.7,94.027,-38.3,0.904,4991.6,No,26,admin.,single,university.degree,No,No,No
CLI005832,cellular,jul,thu,2,999,0,nonexistent,1.4,93.918,-42.7,4.962,5228.1,No,25,blue-collar,single,basic.9y,No,Sí,Sí
CLI005833,telephone,may,tue,3,999,0,nonexistent,1.1,93.994,-36.4,4.856,5191.0,No,43,blue-collar,married,basic.4y,Desconocido,Sí,No
CLI005834,telephone,jun,tue,6,999,0,nonexistent,1.4,94.465,-41.8,4.864,5228.1,No,36,blue-collar,single,basic.9y,Desconocido,No,No
CLI005835,cellular,aug,thu,2,999,0,nonexistent,-2.9,92.201,-31.4,0.873,5076.2,Sí,22,student,single,high.school,No,Sí,No
CLI005836,telephone,jun,thu,1,999,0,nonexistent,1.4,94.465,-41.8,4.866,5228.1,No,46,housemaid,married,basic.4y,No,Sí,No
CLI005837,telephone,jul,wed,1,999,0,nonexistent,1.4,93.918,-42.7,4.962,5228.1,No,54,services,married,high.school,No,No,No
CLI005838,cellular,jul,tue,3,999,0,nonexistent,1.4,93.918,-42.7,4.961,5228.1,No,48,unemployed,married,university.degree,No,Sí,No
CLI005839,cellular,nov,wed,2,999,0,nonexistent,-0.1,93.2,-42.0,4.12,5195.8,No,32,blue-collar,single,high.school,No,Desconocido,Desconocido
CLI005840,cellular,nov,fri,2,999,0,nonexistent,-0.1,93.2,-42.0,4.021,5195.8,No,35,admin.,single,university.degree,No,No,No
CLI005841,cellular,aug,tue,1,999,0,nonexistent,1.4,93.444,-36.1,4.963,5228.1,No,34,admin.,married,university.degree,Desconocido,Sí,No
CLI005842,telephone,apr,tue,1,999,2,failure,-1.8,93.749,-34.6,0.646,5008.7,Sí,39,management,married,university.degree,No,No,No
CLI005843,cellular,may,fri,1,999,0,nonexistent,-1.8,92.893,-46.2,1.313,5099.1,No,33,blue-collar,married,basic.9y,No,Sí,
CLI005844,cellular,may,fri,3,999,0,nonexistent,-1.8,92.893,-46.2,1.313,5099.1,No,43,blue-collar,married,basic.4y,Desconocido,No,No
CLI005846,telephone,may,tue,5,999,1,failure,-1.8,92.893,-46.2,1.291,5099.1,No,57,retired,divorced,basic.9y,No,Sí,No
CLI005847,cellular,jul,mon,2,999,0,nonexistent,1.4,93.918,-42.7,4.96,5228.1,No,38,entrepreneur,married,professional.course,No,Sí,No
CLI005848,cellular,jul,thu,2,999,0,nonexistent,1.4,93.918,-42.7,4.968,5228.1,No,40,admin.,married,high.school,No,No,No
CLI005850,cellular,nov,tue,6,999,0,nonexistent,-0.1,93.2,-42.0,4.153,5195.8,No,56,technician,single,professional.course,No,Sí,No
CLI005851,telephone,jun,fri,2,999,0,nonexistent,1.4,94.465,-41.8,4.959,5228.1,No,54,technician,married,,No,No,No
CLI005852,cellular,jul,mon,2,999,0,nonexistent,1.4,93.918,-42.7,4.96,5228.1,No,33,admin.,married,university.degree,No,No,No
CLI005853,cellular,nov,fri,3,999,0,nonexistent,-0.1,93.2,-42.0,4.021,5195.8,No,37,blue-collar,married,basic.9y,No,Sí,No
CLI005854,cellular,may,wed,1,999,1,failure,-1.8,92.893,-46.2,1.281,5099.1,No,42,blue-collar,married,basic.4y,No,Sí,No
CLI005855,cellular,may,mon,4,999,0,nonexistent,-1.8,92.893,-46.2,1.244,5099.1,No,25,admin.,single,high.school,No,No,No
CLI005856,telephone,may,wed,12,999,0,nonexistent,1.1,93.994,-36.4,4.857,5191.0,No,39,housemaid,married,basic.4y,Desconocido,No,No
CLI005857,telephone,jun,thu,1,999,0,nonexistent,1.4,94.465,-41.8,4.866,5228.1,Sí,59,Desconocido,married,Desconocido,Desconocido,No,No
CLI005858,cellular,apr,thu,1,999,0,nonexistent,-1.8,93.075,-47.1,1.365,5099.1,Sí,24,student,single,high.school,No,No,Sí
CLI005859,cellular,jul,fri,1,999,0,nonexistent,1.4,93.918,-42.7,4.962,5228.1,No,52,admin.,married,high.school,No,No,No
CLI005860,cellular,nov,mon,1,999,0,nonexistent,-0.1,93.2,-42.0,4.191,5195.8,No,45,admin.,married,high.school,No,No,No
CLI005861,cellular,aug,wed,3,999,0,nonexistent,1.4,93.444,-36.1,4.964,5228.1,No,31,entrepreneur,single,university.degree,No,Sí,Sí
CLI005862,telephone,jul,tue,1,999,0,nonexistent,1.4,93.918,-42.7,4.955,5228.1,No,33,services,married,high.school,Desconocido,Sí,No
CLI005863,cellular,may,tue,1,999,0,nonexistent,-1.8,92.893,-46.2,1.344,5099.1,No,43,blue-collar,married,basic.6y,No,No,Sí
CLI005864,cellular,jul,mon,1,999,0,nonexistent,1.4,93.918,-42.7,4.96,5228.1,No,49,management,married,university.degree,Desconocido,Sí,No
CLI005865,cellular,aug,thu,3,999,0,nonexistent,1.4,93.444,-36.1,4.963,5228.1,No,34,technician,married,professional.course,Desconocido,Sí,No
CLI005866,cellular,aug,mon,2,999,0,nonexistent,1.4,93.444,-36.1,4.965,5228.1,Sí,46,admin.,married,university.degree,Desconocido,No,No
CLI005867,cellular,aug,thu,1,999,0,nonexistent,1.4,93.444,-36.1,4.963,5228.1,No,48,services,married,high.school,No,Sí,No
CLI005868,telephone,may,fri,3,999,0,nonexistent,1.1,93.994,-36.4,4.864,5191.0,No,41,technician,single,professional.course,No,No,No
CLI005869,telephone,jun,thu,16,999,0,nonexistent,1.4,94.465,-41.8,4.961,5228.1,No,45,blue-collar,married,basic.9y,Desconocido,No,No
CLI005871,telephone,may,wed,3,999,0,nonexistent,1.1,93.994,-36.4,4.857,5191.0,No,28,services,single,high.school,No,No,No
CLI005872,cellular,aug,fri,2,999,0,nonexistent,1.4,93.444,-36.1,4.963,5228.1,No,45,admin.,married,university.degree,No,No,No
CLI005873,cellular,aug,tue,9,999,0,nonexistent,1.4,93.444,-36.1,4.963,5228.1,Sí,31,technician,single,university.degree,No,Sí,No
CLI005874,cellular,may,mon,1,999,0,nonexistent,-1.8,92.893,-46.2,1.244,5099.1,No,30,technician,single,professional.course,No,Sí,Sí
CLI005875,cellular,jul,wed,5,999,0,nonexistent,1.4,93.918,-42.7,4.963,5228.1,No,40,self-employed,married,university.degree,No,Sí,No
CLI005876,cellular,jul,wed,17,999,0,nonexistent,1.4,93.918,-42.7,4.963,5228.1,No,33,admin.,divorced,high.school,No,Desconocido,Desconocido
CLI005877,cellular,jul,thu,2,999,0,nonexistent,1.4,93.918,-42.7,4.968,5228.1,No,38,services,married,,No,No,No
CLI005878,telephone,may,fri,1,999,0,nonexistent,1.1,93.994,-36.4,4.864,5191.0,No,25,admin.,single,high.school,No,No,No
CLI005879,telephone,jun,fri,1,999,0,nonexistent,1.4,94.465,-41.8,4.967,5228.1,Sí,39,services,married,high.school,No,Sí,No
CLI005880,cellular,may,fri,3,999,0,nonexistent,-1.8,92.893,-46.2,1.25,5099.1,Sí,29,blue-collar,divorced,basic.4y,No,No,No
CLI005881,cellular,aug,mon,4,999,0,nonexistent,1.4,93.444,-36.1,4.963,5228.1,No,54,management,married,university.degree,Desconocido,Sí,No
CLI005882,cellular,sep,wed,2,999,0,nonexistent,-3.4,92.379,-29.8,0.781,5017.5,No,53,technician,married,,No,No,No
CLI005883,telephone,may,tue,1,999,0,nonexistent,1.1,93.994,-36.4,4.856,5191.0,No,40,self-employed,married,professional.course,No,No,No
CLI005884,telephone,may,wed,1,999,0,nonexistent,1.1,93.994,-36.4,4.856,5191.0,No,57,technician,married,basic.9y,No,,No
CLI005885,telephone,may,tue,1,999,0,nonexistent,1.1,93.994,-36.4,4.857,5191.0,No,38,services,married,high.school,No,Sí,No
CLI005886,telephone,may,wed,1,999,0,nonexistent,1.1,93.994,-36.4,4.859,5191.0,No,60,housemaid,married,high.school,No,Desconocido,Desconocido
CLI005887,cellular,apr,thu,2,999,0,nonexistent,-1.8,93.075,-47.1,1.365,5099.1,Sí,49,technician,married,professional.course,No,No,No
CLI005888,telephone,may,thu,2,999,0,nonexistent,1.1,93.994,-36.4,4.86,5191.0,No,28,technician,married,high.school,No,Sí,No
CLI005889,cellular,aug,mon,3,999,0,nonexistent,1.4,93.444,-36.1,4.965,5228.1,No,31,unemployed,single,university.degree,No,Sí,No
CLI005890,telephone,jun,wed,5,999,0,nonexistent,1.4,94.465,-41.8,4.864,5228.1,No,51,unemployed,married,basic.4y,No,No,Sí
CLI005891,cellular,may,mon,1,999,0,nonexistent,-1.8,92.893,-46.2,1.244,5099.1,No,28,admin.,single,university.degree,No,No,No
CLI005892,cellular,nov,thu,3,999,0,nonexistent,-0.1,93.2,-42.0,4.076,5195.8,No,40,blue-collar,married,basic.4y,No,Sí,No
CLI005893,cellular,jul,mon,1,999,0,nonexistent,1.4,93.918,-42.7,4.96,5228.1,No,43,admin.,married,high.school,No,,No
CLI005894,cellular,may,fri,2,999,0,nonexistent,-1.8,92.893,-46.2,1.313,5099.1,No,38,admin.,married,high.school,No,Desconocido,Desconocido
CLI005895,cellular,may,wed,1,999,1,failure,-1.8,92.893,-46.2,1.281,5099.1,Sí,31,blue-collar,divorced,high.school,No,Sí,No
CLI005896,cellular,jul,mon,11,999,0,nonexistent,1.4,93.918,-42.7,4.962,5228.1,No,46,admin.,married,high.school,No,Sí,No
CLI005897,cellular,may,thu,1,999,0,nonexistent,-1.8,92.893,-46.2,1.266,5099.1,No,37,management,married,university.degree,No,,Sí
CLI005898,telephone,may,mon,1,999,0,nonexistent,1.1,93.994,-36.4,4.857,5191.0,No,55,admin.,married,high.school,No,Sí,Sí
CLI005899,cellular,aug,wed,3,999,0,nonexistent,1.4,93.444,-36.1,4.964,5228.1,No,53,admin.,married,,No,No,No
CLI005900,cellular,aug,fri,3,15,1,success,-2.9,92.201,-31.4,0.825,5076.2,Sí,33,admin.,married,high.school,No,No,
CLI005901,telephone,may,fri,1,999,2,failure,-1.8,93.876,-40.0,0.699,5008.7,No,35,unemployed,married,high.school,No,Sí,No
CLI005902,telephone,nov,mon,1,999,0,nonexistent,-0.1,93.2,-42.0,4.191,5195.8,No,47,management,married,basic.9y,No,No,No
CLI005903,cellular,apr,fri,1,999,0,nonexistent,-1.8,93.075,-47.1,1.405,5099.1,No,34,blue-collar,married,basic.9y,No,Sí,No
CLI005904,telephone,aug,mon,2,999,1,failure,-1.7,94.027,-38.3,0.898,4991.6,No,53,services,married,basic.9y,No,Sí,No
CLI005905,telephone,may,fri,3,999,0,nonexistent,1.1,93.994,-36.4,4.855,5191.0,No,34,technician,married,professional.course,No,Sí,Sí
CLI005906,cellular,aug,wed,2,999,0,nonexistent,1.4,93.444,-36.1,4.964,5228.1,Sí,29,admin.,single,university.degree,No,Sí,
CLI005907,cellular,jun,fri,1,999,0,nonexistent,-2.9,92.963,-40.8,1.268,5076.2,Sí,32,admin.,single,university.degree,No,No,No
CLI005908,cellular,apr,mon,6,999,1,failure,-1.8,93.075,-47.1,1.405,5099.1,No,37,blue-collar,married,basic.4y,Desconocido,,Sí
CLI005909,telephone,jun,tue,7,999,0,nonexistent,1.4,94.465,-41.8,4.864,5228.1,No,60,admin.,married,university.degree,Desconocido,No,No
CLI005910,telephone,jun,wed,1,999,0,nonexistent,1.4,94.465,-41.8,4.962,5228.1,No,31,blue-collar,married,basic.9y,No,No,No
CLI005911,cellular,may,thu,3,999,1,failure,-1.8,92.893,-46.2,1.327,5099.1,No,33,services,married,basic.9y,No,No,No
CLI005912,cellular,jul,wed,3,999,0,nonexistent,1.4,93.918,-42.7,4.963,5228.1,No,40,entrepreneur,married,university.degree,No,No,No
CLI005913,cellular,may,tue,1,3,1,success,-1.8,92.893,-46.2,1.266,5099.1,No,28,unemployed,single,high.school,No,No,Sí
CLI005914,telephone,jun,wed,4,999,0,nonexistent,1.4,94.465,-41.8,4.962,5228.1,No,33,services,married,basic.4y,No,Desconocido,Desconocido
CLI005915,cellular,jul,thu,1,999,0,nonexistent,1.4,93.918,-42.7,4.963,5228.1,No,51,admin.,married,university.degree,No,Sí,No
CLI005916,cellular,nov,wed,1,999,0,nonexistent,-0.1,93.2,-42.0,4.12,5195.8,No,33,admin.,single,high.school,No,Sí,No
CLI005917,cellular,aug,wed,5,999,0,nonexistent,1.4,93.444,-36.1,4.964,5228.1,No,31,unemployed,married,university.degree,No,No,No
CLI005918,cellular,may,tue,1,3,2,success,-1.8,92.893,-46.2,1.344,5099.1,Sí,34,blue-collar,married,high.school,No,Sí,No
CLI005919,cellular,may,tue,2,999,1,failure,-1.8,93.876,-40.0,0.697,5008.7,Sí,45,technician,single,university.degree,No,No,No
CLI005920,cellular,nov,fri,3,999,0,nonexistent,-0.1,93.2,-42.0,4.021,5195.8,No,57,admin.,married,university.degree,No,No,No
CLI005921,telephone,may,thu,2,999,0,nonexistent,1.1,93.994,-36.4,4.855,5191.0,No,28,blue-collar,married,basic.6y,Desconocido,Sí,Sí
CLI005922,telephone,may,mon,4,999,0,nonexistent,1.1,93.994,-36.4,4.858,5191.0,No,50,management,married,university.degree,Desconocido,Desconocido,Desconocido
CLI005923,cellular,jul,fri,2,999,0,nonexistent,1.4,93.918,-42.7,4.963,5228.1,No,31,blue-collar,single,basic.9y,No,Sí,No
CLI005924,cellular,aug,wed,1,999,0,nonexistent,1.4,93.444,-36.1,4.967,5228.1,No,46,admin.,married,,No,Desconocido,Desconocido
CLI005925,cellular,apr,thu,2,999,1,failure,-1.8,93.075,-47.1,1.41,5099.1,No,50,blue-collar,married,basic.9y,Desconocido,Sí,No
CLI005926,telephone,may,fri,2,999,0,nonexistent,1.1,93.994,-36.4,4.857,5191.0,No,50,blue-collar,married,basic.4y,No,Sí,No
CLI005927,cellular,may,tue,1,999,1,failure,-1.8,92.893,-46.2,1.344,5099.1,No,35,blue-collar,single,high.school,No,Sí,No
CLI005928,cellular,jul,thu,2,999,0,nonexistent,1.4,93.918,-42.7,4.968,5228.1,No,42,blue-collar,married,basic.9y,Desconocido,Sí,No
CLI005929,cellular,may,tue,2,999,1,failure,-1.8,92.893,-46.2,1.344,5099.1,No,58,blue-collar,single,basic.4y,Desconocido,No,No
CLI005930,cellular,jul,fri,2,999,0,nonexistent,1.4,93.918,-42.7,4.963,5228.1,No,29,blue-collar,single,basic.9y,No,No,No
CLI005931,telephone,may,wed,1,999,0,nonexistent,1.1,93.994,-36.4,4.857,5191.0,No,53,technician,divorced,university.degree,No,Sí,No
CLI005932,telephone,jul,fri,1,999,0,nonexistent,1.4,93.918,-42.7,4.959,5228.1,No,39,admin.,married,university.degree,No,No,No
CLI005933,telephone,jun,mon,2,999,0,nonexistent,1.4,94.465,-41.8,4.865,5228.1,No,47,technician,single,university.degree,No,No,Sí
CLI005934,cellular,aug,tue,1,999,0,nonexistent,1.4,93.444,-36.1,4.968,5228.1,No,40,technician,married,professional.course,No,Sí,No
CLI005935,telephone,jun,mon,3,999,0,nonexistent,1.4,94.465,-41.8,4.947,5228.1,No,49,blue-collar,married,basic.4y,No,Sí,No
CLI005936,cellular,nov,fri,2,999,0,nonexistent,-0.1,93.2,-42.0,4.021,5195.8,No,52,blue-collar,married,,No,No,No
CLI005937,cellular,may,thu,8,999,0,nonexistent,-1.8,92.893,-46.2,1.27,5099.1,No,27,technician,single,university.degree,No,Sí,No
CLI005938,cellular,apr,wed,1,999,0,nonexistent,-1.8,93.075,-47.1,1.415,5099.1,No,59,admin.,divorced,university.degree,No,No,No
CLI005939,cellular,aug,tue,2,999,0,nonexistent,1.4,93.444,-36.1,4.965,5228.1,No,40,admin.,single,high.school,No,Sí,No
CLI005940,cellular,nov,fri,1,999,0,nonexistent,-0.1,93.2,-42.0,4.021,5195.8,No,38,technician,single,professional.course,Desconocido,No,No
CLI005941,cellular,aug,thu,3,999,0,nonexistent,1.4,93.444,-36.1,4.964,5228.1,No,54,blue-collar,married,basic.4y,No,Sí,No
CLI005942,telephone,may,wed,1,999,0,nonexistent,1.1,93.994,-36.4,4.858,5191.0,No,32,management,single,university.degree,No,Sí,No
CLI005944,cellular,aug,tue,10,999,0,nonexistent,1.4,93.444,-36.1,4.963,5228.1,No,32,technician,single,university.degree,No,Sí,No
CLI005945,cellular,nov,thu,6,999,1,failure,-0.1,93.2,-42.0,4.076,5195.8,No,40,entrepreneur,Desconocido,high.school,No,Sí,Sí
CLI005946,cellular,may,thu,4,999,0,nonexistent,-1.8,92.893,-46.2,1.266,5099.1,No,33,blue-collar,married,basic.6y,No,Sí,No
CLI005947,telephone,may,thu,2,999,0,nonexistent,-1.8,92.893,-46.2,1.266,5099.1,No,24,management,single,university.degree,No,Sí,No
CLI005948,cellular,apr,mon,2,999,1,failure,-1.8,93.075,-47.1,1.405,5099.1,No,40,management,married,university.degree,No,Sí,No
CLI005949,cellular,aug,thu,4,999,0,nonexistent,1.4,93.444,-36.1,4.962,5228.1,No,50,admin.,married,high.school,No,Sí,Sí
CLI005950,telephone,may,tue,3,999,0,nonexistent,1.1,93.994,-36.4,4.857,5191.0,No,42,management,married,Desconocido,Desconocido,No,No
CLI005951,cellular,mar,tue,2,999,1,failure,-1.8,93.369,-34.8,0.652,5008.7,Sí,29,blue-collar,single,professional.course,No,No,Sí
CLI005952,telephone,jul,tue,1,999,0,nonexistent,1.4,93.918,-42.7,4.955,5228.1,No,58,management,married,university.degree,No,No,
CLI005953,cellular,nov,tue,4,999,0,nonexistent,-0.1,93.2,-42.0,4.153,5195.8,No,34,self-employed,single,high.school,No,Sí,No
CLI005954,cellular,sep,tue,2,6,1,success,-1.1,94.199,-37.5,0.881,4963.6,Sí,66,retired,married,Desconocido,No,Sí,No
CLI005955,cellular,aug,mon,1,999,0,nonexistent,1.4,93.444,-36.1,4.963,5228.1,No,31,management,married,university.degree,No,Sí,Sí
CLI005956,cellular,oct,thu,4,999,0,nonexistent,-3.4,92.431,-26.9,0.74,5017.5,No,37,blue-collar,married,basic.6y,No,Sí,No
CLI005957,cellular,jul,wed,5,999,0,nonexistent,1.4,93.918,-42.7,4.962,5228.1,No,39,services,married,basic.9y,No,No,No
CLI005958,telephone,may,thu,2,999,0,nonexistent,1.1,93.994,-36.4,4.86,5191.0,No,31,admin.,single,university.degree,No,Sí,No
CLI005959,telephone,jun,thu,2,999,0,nonexistent,1.4,94.465,-41.8,4.961,5228.1,No,52,self-employed,married,basic.4y,Desconocido,,Sí
CLI005960,cellular,may,fri,2,999,0,nonexistent,-1.8,92.893,-46.2,1.313,5099.1,No,52,services,married,high.school,No,No,Sí
CLI005961,telephone,jun,mon,5,999,0,nonexistent,1.4,94.465,-41.8,4.96,5228.1,No,40,blue-collar,single,basic.9y,No,No,No
CLI005962,telephone,jun,tue,1,999,0,nonexistent,1.4,94.465,-41.8,4.961,5228.1,No,50,admin.,married,high.school,No,Sí,No
CLI005963,cellular,may,tue,1,999,0,nonexistent,-1.8,92.893,-46.2,1.344,5099.1,No,50,technician,married,Desconocido,No,No,No
CLI005964,telephone,may,mon,1,999,0,nonexistent,1.1,93.994,-36.4,4.857,5191.0,No,39,entrepreneur,married,university.degree,No,Sí,No
CLI005965,telephone,may,tue,2,999,0,nonexistent,1.1,93.994,-36.4,4.856,5191.0,No,50,admin.,married,basic.9y,No,Sí,Sí
CLI005966,cellular,apr,thu,1,5,1,success,-1.8,93.075,-47.1,1.41,5099.1,Sí,32,blue-collar,married,basic.9y,No,No,No
CLI005967,cellular,mar,thu,2,999,0,nonexistent,-1.8,92.843,-50.0,1.538,5099.1,No,37,blue-collar,married,basic.6y,No,Sí,Sí
CLI005968,cellular,aug,fri,1,999,0,nonexistent,1.4,93.444,-36.1,4.966,5228.1,No,30,admin.,single,university.degree,No,Sí,No
CLI005969,telephone,jun,fri,3,999,0,nonexistent,1.4,94.465,-41.8,4.967,5228.1,No,45,blue-collar,married,basic.9y,Desconocido,Sí,No
CLI005970,cellular,aug,fri,2,999,0,nonexistent,1.4,93.444,-36.1,4.963,5228.1,No,45,technician,divorced,professional.course,No,Sí,Sí
CLI005971,telephone,may,mon,1,999,0,nonexistent,1.1,93.994,-36.4,4.857,5191.0,No,41,technician,single,high.school,No,Sí,No
CLI005972,cellular,apr,thu,1,999,0,nonexistent,-1.8,93.075,-47.1,1.365,5099.1,Sí,35,management,married,university.degree,No,No,No
CLI005973,telephone,may,wed,1,999,0,nonexistent,1.1,93.994,-36.4,4.858,5191.0,No,37,blue-collar,single,Desconocido,Desconocido,No,No
CLI005974,cellular,apr,mon,1,999,1,failure,-1.8,93.075,-47.1,1.405,5099.1,No,43,management,married,university.degree,No,No,Sí
CLI005975,cellular,apr,wed,2,999,0,nonexistent,-1.8,93.075,-47.1,1.415,5099.1,Sí,41,services,single,high.school,No,Sí,Sí
CLI005976,cellular,nov,fri,1,3,2,success,-3.4,92.649,-30.1,0.714,5017.5,Sí,29,admin.,single,university.degree,No,No,No
CLI005977,telephone,jun,mon,4,999,0,nonexistent,1.4,94.465,-41.8,4.961,5228.1,No,36,entrepreneur,married,high.school,No,Sí,No
CLI005978,telephone,may,tue,2,999,0,nonexistent,1.1,93.994,-36.4,4.857,5191.0,No,31,blue-collar,married,,Desconocido,Sí,No
CLI005979,telephone,jun,tue,13,999,0,nonexistent,1.4,94.465,-41.8,4.864,5228.1,No,34,blue-collar,married,basic.4y,No,No,No
CLI005980,cellular,jul,wed,1,999,0,nonexistent,1.4,93.918,-42.7,4.957,5228.1,No,52,management,married,university.degree,Desconocido,No,No
CLI005981,cellular,nov,wed,1,999,0,nonexistent,-0.1,93.2,-42.0,4.12,5195.8,Sí,36,entrepreneur,single,university.degree,No,Sí,No
CLI005982,cellular,jul,fri,2,999,0,nonexistent,1.4,93.918,-42.7,4.962,5228.1,No,45,technician,divorced,Desconocido,Desconocido,No,No
CLI005983,cellular,apr,wed,1,999,0,nonexistent,-1.8,93.075,-47.1,1.445,5099.1,Sí,35,admin.,married,high.school,No,Sí,No
CLI005984,cellular,mar,wed,10,999,0,nonexistent,-1.8,92.843,-50.0,1.602,5099.1,No,33,blue-collar,single,high.school,No,Sí,No
CLI005985,cellular,aug,mon,5,999,0,nonexistent,1.4,93.444,-36.1,4.965,5228.1,No,31,technician,divorced,professional.course,No,No,No
CLI005986,cellular,dec,mon,5,999,0,nonexistent,-3.0,92.713,-33.0,0.717,5023.5,No,47,admin.,married,university.degree,No,Sí,Sí
CLI005987,cellular,jul,mon,3,999,0,nonexistent,1.4,93.918,-42.7,4.962,5228.1,No,51,technician,married,basic.9y,Desconocido,No,No
CLI005988,cellular,apr,fri,1,999,1,failure,-1.8,93.075,-47.1,1.405,5099.1,No,31,unemployed,single,basic.9y,No,Sí,No
CLI005989,cellular,may,mon,5,999,0,nonexistent,-1.8,92.893,-46.2,1.299,5099.1,No,40,services,married,high.school,Desconocido,Sí,No
CLI005990,cellular,jul,wed,1,999,0,nonexistent,1.4,93.918,-42.7,4.962,5228.1,No,45,blue-collar,divorced,basic.4y,No,Sí,No
CLI005991,telephone,may,fri,2,999,0,nonexistent,1.1,93.994,-36.4,4.864,5191.0,Sí,37,unemployed,married,professional.course,No,Sí,No
CLI005992,cellular,apr,mon,5,999,0,nonexistent,-1.8,93.075,-47.1,1.405,5099.1,No,31,blue-collar,single,basic.9y,No,No,No
CLI005993,cellular,may,fri,3,999,0,nonexistent,-1.8,92.893,-46.2,1.25,5099.1,No,26,blue-collar,single,high.school,No,No,No
CLI005994,cellular,jul,mon,3,999,0,nonexistent,1.4,93.918,-42.7,4.962,5228.1,No,42,technician,married,professional.course,Desconocido,Sí,No
CLI005995,cellular,may,thu,2,999,0,nonexistent,-1.8,92.893,-46.2,1.327,5099.1,No,46,admin.,married,university.degree,No,No,No
CLI005996,cellular,aug,thu,3,999,0,nonexistent,1.4,93.444,-36.1,4.964,5228.1,Sí,54,self-employed,married,high.school,No,Sí,Sí
CLI005997,cellular,aug,fri,1,999,0,nonexistent,1.4,93.444,-36.1,4.964,5228.1,No,51,blue-collar,married,basic.4y,Desconocido,Sí,No
CLI005998,cellular,jul,tue,3,999,0,nonexistent,1.4,93.918,-42.7,4.962,5228.1,No,27,admin.,single,professional.course,No,Sí,Sí
CLI005999,telephone,jun,mon,2,999,0,nonexistent,1.4,94.465,-41.8,4.961,5228.1,No,30,services,married,university.degree,Desconocido,No,Sí
CLI006000,cellular,jul,mon,6,999,0,nonexistent,-1.7,94.215,-40.3,0.827,4991.6,No,27,admin.,single,university.degree,Desconocido,No,No
CLI006001,telephone,may,tue,4,999,0,nonexistent,1.1,93.994,-36.4,4.857,5191.0,No,32,admin.,single,high.school,No,Sí,No
CLI006002,telephone,may,wed,2,999,0,nonexistent,1.1,93.994,-36.4,4.857,5191.0,No,39,blue-collar,married,,No,Sí,No
CLI006003,cellular,apr,mon,1,999,0,nonexistent,-1.8,93.075,-47.1,1.405,5099.1,No,36,technician,married,high.school,No,Sí,Sí
CLI006004,telephone,nov,fri,3,999,0,nonexistent,-0.1,93.2,-42.0,4.021,5195.8,No,47,admin.,married,basic.9y,No,Sí,No
CLI006005,cellular,nov,mon,1,999,0,nonexistent,-0.1,93.2,-42.0,4.191,5195.8,No,45,management,married,basic.9y,No,Sí,No
CLI006006,cellular,may,wed,1,999,0,nonexistent,-1.8,92.893,-46.2,1.281,5099.1,No,31,admin.,married,high.school,No,Sí,No
CLI006007,cellular,jul,thu,7,999,0,nonexistent,1.4,93.918,-42.7,4.968,5228.1,No,29,technician,married,university.degree,No,No,No
CLI006008,cellular,may,fri,5,999,1,failure,-1.8,92.893,-46.2,1.25,5099.1,No,43,blue-collar,divorced,basic.9y,Desconocido,Sí,Sí
CLI006009,telephone,may,thu,2,999,0,nonexistent,1.1,93.994,-36.4,4.855,5191.0,No,43,blue-collar,married,basic.4y,Desconocido,No,No
CLI006010,telephone,may,mon,3,999,0,nonexistent,1.1,93.994,-36.4,4.857,5191.0,No,42,blue-collar,married,basic.6y,Desconocido,Sí,No
CLI006011,cellular,aug,tue,2,999,0,nonexistent,-2.9,92.201,-31.4,0.883,5076.2,No,41,admin.,single,university.degree,No,Sí,No
CLI006012,telephone,may,thu,4,999,0,nonexistent,1.1,93.994,-36.4,4.855,5191.0,No,49,unemployed,married,university.degree,No,Sí,Sí
CLI006013,telephone,may,wed,4,999,0,nonexistent,1.1,93.994,-36.4,4.859,5191.0,No,34,technician,married,professional.course,Desconocido,No,Sí
CLI006014,cellular,nov,tue,2,9,3,success,-1.1,94.767,-50.8,1.049,4963.6,No,50,blue-collar,divorced,professional.course,No,Sí,No
CLI006015,telephone,may,fri,1,999,0,nonexistent,1.1,93.994,-36.4,4.859,5191.0,No,60,entrepreneur,married,basic.4y,No,No,No
CLI006016,telephone,may,mon,3,999,0,nonexistent,1.1,93.994,-36.4,4.857,5191.0,No,36,admin.,married,university.degree,No,Sí,No
CLI006017,cellular,nov,fri,2,999,1,failure,-0.1,93.2,-42.0,4.021,5195.8,No,59,admin.,married,university.degree,Desconocido,No,No
CLI006018,cellular,aug,mon,2,999,0,nonexistent,1.4,93.444,-36.1,4.965,5228.1,No,33,technician,single,high.school,No,Sí,No
CLI006019,cellular,aug,wed,1,999,0,nonexistent,1.4,93.444,-36.1,4.964,5228.1,Sí,29,admin.,married,university.degree,No,Sí,No
CLI006020,cellular,may,wed,1,999,0,nonexistent,-1.8,92.893,-46.2,1.281,5099.1,No,39,retired,single,,Desconocido,Sí,No
CLI006021,cellular,aug,thu,1,999,0,nonexistent,1.4,93.444,-36.1,4.968,5228.1,No,33,admin.,married,university.degree,No,,Sí
CLI006022,cellular,apr,thu,2,999,0,nonexistent,-1.8,93.075,-47.1,1.365,5099.1,Sí,32,student,married,high.school,No,No,No
CLI006023,telephone,jul,wed,11,999,0,nonexistent,1.4,93.918,-42.7,4.957,5228.1,No,24,management,married,basic.9y,No,No,No
CLI006024,cellular,jul,tue,4,999,0,nonexistent,1.4,93.918,-42.7,4.961,5228.1,No,24,admin.,single,high.school,No,Desconocido,Desconocido
CLI006025,telephone,may,tue,2,999,0,nonexistent,1.1,93.994,-36.4,4.856,5191.0,No,34,blue-collar,married,basic.4y,No,No,No
CLI006026,cellular,apr,wed,3,999,0,nonexistent,-1.8,93.075,-47.1,1.498,5099.1,No,38,admin.,divorced,university.degree,No,Sí,No
CLI006027,telephone,may,tue,2,999,0,nonexistent,1.1,93.994,-36.4,4.856,5191.0,No,36,technician,married,,No,No,No
CLI006028,cellular,aug,mon,6,999,0,nonexistent,1.4,93.444,-36.1,4.965,5228.1,No,40,technician,married,professional.course,No,Sí,No
CLI006029,telephone,jun,wed,2,999,0,nonexistent,1.4,94.465,-41.8,4.962,5228.1,No,36,services,married,high.school,Desconocido,Sí,Sí
CLI006030,telephone,jun,fri,12,999,0,nonexistent,1.4,94.465,-41.8,4.959,5228.1,No,37,admin.,divorced,high.school,No,Sí,No
CLI006031,telephone,jun,fri,7,999,0,nonexistent,1.4,94.465,-41.8,4.959,5228.1,No,36,admin.,single,university.degree,No,No,No
CLI006032,telephone,may,thu,2,999,0,nonexistent,1.1,93.994,-36.4,4.855,5191.0,No,37,blue-collar,married,basic.4y,No,Sí,No
CLI006033,cellular,nov,mon,1,999,0,nonexistent,-0.1,93.2,-42.0,4.191,5195.8,No,38,blue-collar,married,basic.4y,No,Sí,No
CLI006034,cellular,nov,wed,1,999,0,nonexistent,-0.1,93.2,-42.0,4.12,5195.8,No,29,blue-collar,married,basic.4y,No,No,Sí
CLI006035,cellular,jun,tue,2,3,3,success,-1.7,94.055,-39.8,0.702,4991.6,Sí,25,services,single,Desconocido,No,Sí,No
CLI006036,cellular,nov,tue,1,999,0,nonexistent,-0.1,93.2,-42.0,4.153,5195.8,No,34,blue-collar,single,high.school,No,Sí,No
CLI006037,telephone,jun,tue,2,999,0,nonexistent,1.4,94.465,-41.8,4.864,5228.1,No,41,unemployed,married,university.degree,Desconocido,No,No
CLI006038,cellular,aug,fri,1,999,0,nonexistent,1.4,93.444,-36.1,4.964,5228.1,No,34,technician,married,high.school,No,Sí,No
CLI006039,cellular,jul,mon,3,999,0,nonexistent,1.4,93.918,-42.7,4.962,5228.1,No,51,retired,divorced,professional.course,No,Sí,No
CLI006040,cellular,jul,wed,1,999,0,nonexistent,-2.9,92.469,-33.6,1.029,5076.2,No,50,technician,married,professional.course,No,No,No
CLI006041,telephone,may,thu,3,999,0,nonexistent,-1.8,92.893,-46.2,1.327,5099.1,No,39,admin.,married,basic.6y,No,,No
CLI006042,telephone,aug,wed,2,999,0,nonexistent,-2.9,92.201,-31.4,0.884,5076.2,No,43,services,divorced,basic.6y,No,Sí,No
CLI006043,cellular,may,fri,1,999,0,nonexistent,-1.8,92.893,-46.2,1.313,5099.1,No,32,housemaid,married,basic.4y,No,Sí,Sí
CLI006044,cellular,may,mon,7,2,1,success,-1.8,92.893,-46.2,1.244,5099.1,No,41,admin.,single,high.school,No,No,No
CLI006045,telephone,may,wed,2,999,0,nonexistent,1.1,93.994,-36.4,4.857,5191.0,No,50,management,single,university.degree,No,Desconocido,Desconocido
CLI006046,telephone,jun,mon,1,999,0,nonexistent,1.4,94.465,-41.8,4.96,5228.1,No,39,admin.,single,high.school,No,Sí,No
CLI006047,cellular,may,thu,8,999,0,nonexistent,-1.8,92.893,-46.2,1.266,5099.1,No,29,blue-collar,married,basic.9y,Desconocido,No,No
CLI006048,cellular,nov,tue,1,999,0,nonexistent,-0.1,93.2,-42.0,4.153,5195.8,No,58,retired,married,university.degree,No,Sí,No
CLI006049,cellular,aug,fri,7,999,0,nonexistent,1.4,93.444,-36.1,4.964,5228.1,No,36,technician,married,professional.course,Desconocido,Sí,No
CLI006050,cellular,may,tue,1,999,1,failure,-1.8,92.893,-46.2,1.291,5099.1,No,29,blue-collar,single,basic.9y,No,Sí,No
CLI006051,cellular,aug,thu,1,999,0,nonexistent,1.4,93.444,-36.1,4.963,5228.1,No,35,services,divorced,professional.course,No,No,Sí
CLI006052,telephone,may,fri,1,999,0,nonexistent,1.1,93.994,-36.4,4.855,5191.0,No,37,blue-collar,single,Desconocido,Desconocido,No,No
CLI006053,cellular,aug,fri,4,999,0,nonexistent,1.4,93.444,-36.1,4.966,5228.1,No,45,management,married,university.degree,No,Sí,No
CLI006054,telephone,may,fri,4,999,1,failure,-1.8,92.893,-46.2,1.25,5099.1,No,24,blue-collar,single,basic.9y,No,No,No
CLI006055,telephone,aug,tue,1,999,0,nonexistent,1.4,93.444,-36.1,4.963,5228.1,No,36,unemployed,single,professional.course,No,Sí,Sí
CLI006056,cellular,jul,fri,9,999,0,nonexistent,1.4,93.918,-42.7,4.962,5228.1,No,56,admin.,married,university.degree,No,No,Sí
CLI006057,cellular,aug,tue,1,999,0,nonexistent,1.4,93.444,-36.1,4.965,5228.1,No,50,technician,married,university.degree,No,Sí,No
CLI006058,cellular,aug,wed,1,999,0,nonexistent,1.4,93.444,-36.1,4.965,5228.1,No,34,entrepreneur,married,Desconocido,No,Sí,No
CLI006059,cellular,aug,wed,2,999,0,nonexistent,1.4,93.444,-36.1,4.965,5228.1,No,35,technician,single,professional.course,No,Sí,No
CLI006060,cellular,aug,wed,1,999,0,nonexistent,1.4,93.444,-36.1,4.965,5228.1,No,33,technician,married,university.degree,No,Sí,No
CLI006061,cellular,may,tue,2,999,0,nonexistent,-1.8,92.893,-46.2,1.291,5099.1,No,32,blue-collar,married,basic.9y,No,No,No
CLI006062,telephone,may,wed,2,999,0,nonexistent,1.1,93.994,-36.4,4.858,5191.0,Sí,54,blue-collar,married,basic.9y,Desconocido,No,No
CLI006063,cellular,may,tue,1,999,1,failure,-1.8,92.893,-46.2,1.291,5099.1,No,43,admin.,single,university.degree,No,Sí,No
CLI006064,telephone,jun,fri,2,999,0,nonexistent,1.4,94.465,-41.8,4.959,5228.1,No,56,technician,married,Desconocido,No,Sí,No
CLI006065,telephone,jun,mon,2,999,0,nonexistent,1.4,94.465,-41.8,4.961,5228.1,No,34,management,single,high.school,No,Sí,No
CLI006066,cellular,nov,mon,1,999,1,failure,-0.1,93.2,-42.0,4.191,5195.8,No,50,entrepreneur,married,university.degree,No,No,No
CLI006067,cellular,nov,fri,1,999,0,nonexistent,-0.1,93.2,-42.0,4.021,5195.8,No,43,management,single,high.school,No,No,No
CLI006068,telephone,may,wed,2,999,0,nonexistent,1.1,93.994,-36.4,4.859,5191.0,No,29,technician,married,university.degree,No,Sí,No
CLI006069,cellular,aug,mon,2,999,1,failure,-2.9,92.201,-31.4,0.884,5076.2,Sí,65,retired,married,basic.6y,No,No,No
CLI006070,cellular,jul,thu,3,999,0,nonexistent,1.4,93.918,-42.7,4.968,5228.1,No,47,services,married,Desconocido,No,Sí,No
CLI006071,telephone,may,thu,6,999,0,nonexistent,1.1,93.994,-36.4,4.86,5191.0,No,42,technician,married,high.school,No,No,No
CLI006072,cellular,may,thu,3,999,0,nonexistent,-1.8,92.893,-46.2,1.266,5099.1,No,48,blue-collar,married,basic.4y,Desconocido,Sí,No
CLI006073,telephone,jul,wed,1,999,0,nonexistent,1.4,93.918,-42.7,4.963,5228.1,Sí,55,entrepreneur,single,Desconocido,Desconocido,No,No
CLI006074,telephone,jun,fri,4,999,0,nonexistent,1.4,94.465,-41.8,4.959,5228.1,No,36,blue-collar,married,high.school,No,No,No
CLI006075,cellular,sep,thu,1,999,0,nonexistent,-1.1,94.199,-37.5,0.878,4963.6,No,31,technician,married,university.degree,No,No,No
CLI006076,cellular,jul,thu,1,999,0,nonexistent,1.4,93.918,-42.7,4.968,5228.1,No,32,technician,single,,No,No,No
CLI006077,telephone,may,tue,3,999,0,nonexistent,1.1,93.994,-36.4,4.857,5191.0,No,60,blue-collar,married,professional.course,No,No,No
CLI006078,cellular,jun,mon,1,999,0,nonexistent,-2.9,92.963,-40.8,1.266,5076.2,No,24,student,single,university.degree,No,No,No
CLI006079,cellular,may,fri,1,999,0,nonexistent,-1.8,92.893,-46.2,1.25,5099.1,No,33,services,married,high.school,No,Sí,No
CLI006080,telephone,may,wed,3,999,0,nonexistent,1.1,93.994,-36.4,4.856,5191.0,No,30,services,married,university.degree,No,Sí,No
CLI006081,telephone,may,fri,2,999,0,nonexistent,1.1,93.994,-36.4,4.855,5191.0,No,31,entrepreneur,married,basic.9y,Desconocido,No,No
CLI006082,telephone,may,fri,1,999,0,nonexistent,1.1,93.994,-36.4,4.855,5191.0,No,32,technician,single,university.degree,No,No,No
CLI006083,cellular,may,fri,1,999,1,failure,-1.8,92.893,-46.2,1.25,5099.1,No,34,services,married,high.school,No,Sí,No
CLI006084,cellular,aug,mon,1,999,0,nonexistent,1.4,93.444,-36.1,4.965,5228.1,No,50,housemaid,married,basic.4y,No,No,No
CLI006085,telephone,may,tue,1,999,0,nonexistent,1.1,93.994,-36.4,4.857,5191.0,No,30,self-employed,single,high.school,No,Sí,No
CLI006086,cellular,aug,wed,1,999,0,nonexistent,1.4,93.444,-36.1,4.964,5228.1,No,49,admin.,married,basic.9y,No,No,
CLI006087,telephone,may,wed,2,999,0,nonexistent,1.1,93.994,-36.4,4.857,5191.0,No,46,blue-collar,married,basic.9y,Desconocido,No,No
CLI006088,telephone,may,fri,3,999,0,nonexistent,1.1,93.994,-36.4,4.864,5191.0,No,25,blue-collar,single,high.school,No,No,No
CLI006089,cellular,jun,fri,3,999,0,nonexistent,-2.9,92.963,-40.8,1.268,5076.2,No,54,admin.,married,high.school,No,No,No
CLI006090,telephone,may,fri,1,999,0,nonexistent,1.1,93.994,-36.4,4.855,5191.0,No,50,management,single,university.degree,No,Sí,Sí
CLI006091,cellular,apr,thu,3,9,1,success,-1.8,93.075,-47.1,1.41,5099.1,No,29,admin.,single,high.school,No,Sí,Sí
CLI006092,cellular,sep,fri,2,999,0,nonexistent,-3.4,92.379,-29.8,0.803,5017.5,No,32,admin.,married,,No,Sí,No
CLI006093,cellular,jul,tue,3,999,0,nonexistent,1.4,93.918,-42.7,4.961,5228.1,No,44,Desconocido,married,high.school,Desconocido,No,No
CLI006094,cellular,aug,tue,4,999,0,nonexistent,1.4,93.444,-36.1,4.968,5228.1,No,34,blue-collar,married,professional.course,No,No,Sí
CLI006095,telephone,jun,mon,1,999,0,nonexistent,1.4,94.465,-41.8,4.961,5228.1,No,26,technician,married,basic.6y,No,No,No
CLI006096,cellular,jul,thu,1,999,0,nonexistent,1.4,93.918,-42.7,4.963,5228.1,No,44,blue-collar,married,basic.6y,Desconocido,No,No
CLI006097,cellular,nov,thu,1,999,0,nonexistent,-0.1,93.2,-42.0,4.076,5195.8,No,58,technician,divorced,basic.9y,No,No,No
CLI006098,cellular,may,fri,1,999,0,nonexistent,-1.8,92.893,-46.2,1.313,5099.1,No,32,services,married,high.school,No,Sí,No
CLI006099,cellular,aug,fri,5,999,0,nonexistent,1.4,93.444,-36.1,4.964,5228.1,No,45,unemployed,married,professional.course,No,Sí,Sí
CLI006100,cellular,apr,thu,1,999,0,nonexistent,-1.8,93.075,-47.1,1.483,5099.1,No,42,technician,divorced,professional.course,No,Sí,Sí
CLI006101,telephone,may,wed,2,999,0,nonexistent,1.1,93.994,-36.4,4.857,5191.0,No,57,management,divorced,high.school,No,Sí,No
CLI006102,cellular,nov,wed,1,999,0,nonexistent,-0.1,93.2,-42.0,4.12,5195.8,No,31,self-employed,married,university.degree,No,Sí,
CLI006103,telephone,may,thu,1,999,0,nonexistent,-1.8,93.876,-40.0,0.699,5008.7,No,40,blue-collar,divorced,basic.9y,No,Sí,No
CLI006104,telephone,may,fri,2,999,0,nonexistent,1.1,93.994,-36.4,4.859,5191.0,No,49,self-employed,married,professional.course,No,,No
CLI006105,cellular,oct,thu,2,6,1,success,-3.4,92.431,-26.9,0.741,5017.5,Sí,54,management,divorced,university.degree,No,Sí,No
CLI006106,cellular,apr,mon,2,999,0,nonexistent,-1.8,93.075,-47.1,1.405,5099.1,No,33,blue-collar,married,basic.9y,No,No,Sí
CLI006107,telephone,may,tue,5,999,0,nonexistent,1.1,93.994,-36.4,4.857,5191.0,No,40,blue-collar,married,high.school,Desconocido,No,No
CLI006108,cellular,may,tue,2,999,1,failure,-1.8,92.893,-46.2,1.344,5099.1,No,26,management,single,university.degree,No,No,No
CLI006109,telephone,jun,mon,2,999,0,nonexistent,1.4,94.465,-41.8,4.958,5228.1,Sí,40,admin.,single,university.degree,No,No,No
CLI006110,cellular,aug,fri,3,999,0,nonexistent,1.4,93.444,-36.1,4.964,5228.1,No,40,management,married,university.degree,No,Sí,No
CLI006111,telephone,jun,mon,2,999,0,nonexistent,1.4,94.465,-41.8,4.96,5228.1,Sí,43,blue-collar,married,basic.9y,Desconocido,Sí,No
CLI006112,telephone,may,thu,3,999,0,nonexistent,1.1,93.994,-36.4,4.86,5191.0,No,29,admin.,married,university.degree,No,No,No
CLI006113,cellular,dec,tue,2,999,0,nonexistent,-3.0,92.713,-33.0,0.707,5023.5,No,34,admin.,married,university.degree,No,Sí,No
CLI006114,cellular,nov,tue,1,999,0,nonexistent,-0.1,93.2,-42.0,4.153,5195.8,No,47,services,married,,No,Sí,No
CLI006115,cellular,aug,mon,1,999,0,nonexistent,-2.9,92.201,-31.4,0.821,5076.2,No,73,retired,divorced,high.school,No,Sí,No
CLI006116,telephone,jun,thu,1,999,0,nonexistent,1.4,94.465,-41.8,4.961,5228.1,No,58,self-employed,divorced,professional.course,No,Sí,No
CLI006117,cellular,may,wed,2,999,1,failure,-1.8,92.893,-46.2,1.334,5099.1,No,37,housemaid,married,basic.6y,Desconocido,No,No
CLI006118,telephone,jun,mon,2,999,0,nonexistent,1.4,94.465,-41.8,4.865,5228.1,No,56,services,married,basic.4y,Desconocido,No,No
CLI006119,cellular,may,fri,3,999,0,nonexistent,-1.8,92.893,-46.2,1.313,5099.1,No,45,technician,single,university.degree,No,No,No
CLI006120,telephone,may,mon,2,999,0,nonexistent,1.1,93.994,-36.4,4.858,5191.0,No,41,blue-collar,married,professional.course,No,No,No
CLI006121,cellular,apr,wed,2,999,0,nonexistent,-1.8,93.749,-34.6,0.642,5008.7,No,49,admin.,divorced,high.school,No,No,No
CLI006122,telephone,jun,wed,1,999,0,nonexistent,1.4,94.465,-41.8,4.962,5228.1,Sí,36,blue-collar,single,high.school,No,Sí,No
CLI006123,cellular,aug,wed,3,999,0,nonexistent,1.4,93.444,-36.1,4.967,5228.1,Sí,46,blue-collar,married,basic.4y,Desconocido,Sí,No
CLI006124,cellular,jul,wed,1,999,0,nonexistent,1.4,93.918,-42.7,4.963,5228.1,No,24,technician,single,basic.9y,No,Sí,No
CLI006125,cellular,may,mon,2,999,0,nonexistent,-1.8,92.893,-46.2,1.244,5099.1,No,42,technician,married,university.degree,No,Sí,No
CLI006126,cellular,aug,fri,2,999,0,nonexistent,1.4,93.444,-36.1,4.964,5228.1,No,29,admin.,single,university.degree,No,Sí,
CLI006127,telephone,may,mon,1,999,0,nonexistent,1.1,93.994,-36.4,4.857,5191.0,No,43,services,married,high.school,No,Sí,No
CLI006128,telephone,may,wed,2,999,0,nonexistent,1.1,93.994,-36.4,4.857,5191.0,No,29,services,married,high.school,Desconocido,No,No
CLI006129,cellular,nov,mon,3,999,0,nonexistent,-0.1,93.2,-42.0,4.191,5195.8,No,52,management,married,university.degree,No,Sí,Sí
CLI006130,telephone,may,tue,1,999,0,nonexistent,1.1,93.994,-36.4,4.856,5191.0,No,53,technician,married,professional.course,Desconocido,Sí,Sí
CLI006131,cellular,sep,mon,2,999,3,failure,-1.1,94.199,-37.5,0.882,4963.6,Sí,22,admin.,single,university.degree,No,Sí,No
CLI006132,telephone,jun,wed,17,999,0,nonexistent,1.4,94.465,-41.8,4.962,5228.1,No,51,management,married,university.degree,No,No,No
CLI006133,cellular,may,mon,2,999,1,failure,-1.8,92.893,-46.2,1.299,5099.1,No,30,admin.,single,university.degree,No,No,No
CLI006134,cellular,jul,thu,3,999,0,nonexistent,1.4,93.918,-42.7,4.962,5228.1,No,33,technician,single,basic.9y,No,Sí,No
CLI006135,telephone,jun,fri,3,999,0,nonexistent,1.4,94.465,-41.8,4.959,5228.1,No,44,blue-collar,married,basic.4y,Desconocido,No,No
CLI006136,telephone,jun,mon,4,999,0,nonexistent,1.4,94.465,-41.8,4.865,5228.1,Sí,52,blue-collar,married,high.school,Desconocido,,No
CLI006137,telephone,jun,wed,8,999,0,nonexistent,1.4,94.465,-41.8,4.864,5228.1,No,32,blue-collar,married,basic.4y,Desconocido,Sí,No
CLI006138,telephone,jul,wed,1,999,0,nonexistent,1.4,93.918,-42.7,4.962,5228.1,No,26,blue-collar,single,basic.9y,No,Sí,Sí
CLI006139,cellular,jul,wed,3,999,0,nonexistent,1.4,93.918,-42.7,4.963,5228.1,No,29,services,single,high.school,No,Sí,No
CLI006140,telephone,jun,wed,3,999,0,nonexistent,1.4,94.465,-41.8,4.864,5228.1,No,41,self-employed,married,basic.4y,No,Sí,No
CLI006141,telephone,jun,wed,1,999,0,nonexistent,1.4,94.465,-41.8,4.864,5228.1,No,34,technician,divorced,basic.9y,No,No,No
CLI006142,cellular,jun,fri,1,999,0,nonexistent,-2.9,92.963,-40.8,1.268,5076.2,No,44,admin.,married,university.degree,No,Sí,No
CLI006143,cellular,mar,fri,2,999,0,nonexistent,-1.8,93.369,-34.8,0.653,5008.7,Sí,74,retired,married,Desconocido,No,No,Sí
CLI006144,cellular,may,thu,1,999,0,nonexistent,-1.8,92.893,-46.2,1.266,5099.1,No,33,blue-collar,single,basic.9y,Desconocido,No,No
CLI006145,telephone,jun,tue,2,999,0,nonexistent,1.4,94.465,-41.8,4.864,5228.1,No,42,blue-collar,married,high.school,Desconocido,Sí,No
CLI006146,cellular,apr,mon,1,999,1,failure,-1.8,93.075,-47.1,1.405,5099.1,No,56,self-employed,married,university.degree,No,Sí,No
CLI006147,cellular,mar,wed,1,999,0,nonexistent,-1.8,92.843,-50.0,1.602,5099.1,Sí,24,admin.,single,high.school,No,Sí,Sí
CLI006148,cellular,may,wed,2,999,0,nonexistent,-1.8,92.893,-46.2,1.281,5099.1,No,30,technician,single,Desconocido,No,Sí,Sí
CLI006149,cellular,may,mon,6,999,0,nonexistent,-1.8,92.893,-46.2,1.244,5099.1,No,43,blue-collar,married,Desconocido,Desconocido,No,No
CLI006150,cellular,jul,thu,1,999,0,nonexistent,1.4,93.918,-42.7,4.968,5228.1,No,45,blue-collar,single,university.degree,No,No,No
CLI006151,cellular,nov,tue,1,999,0,nonexistent,-0.1,93.2,-42.0,4.153,5195.8,No,41,admin.,married,university.degree,Desconocido,Sí,No
CLI006152,cellular,may,wed,1,999,1,failure,-1.8,92.893,-46.2,1.334,5099.1,No,31,technician,single,Desconocido,No,Sí,No
CLI006153,cellular,may,thu,1,999,0,nonexistent,-1.8,92.893,-46.2,1.327,5099.1,No,47,services,married,high.school,No,No,No
CLI006154,cellular,may,tue,1,999,2,failure,-1.8,92.893,-46.2,1.344,5099.1,No,39,blue-collar,married,basic.6y,No,Sí,No
CLI006155,cellular,aug,mon,1,999,0,nonexistent,1.4,93.444,-36.1,4.97,5228.1,No,47,services,married,high.school,No,No,No
CLI006156,cellular,jun,tue,1,999,0,nonexistent,-2.9,92.963,-40.8,1.262,5076.2,No,43,admin.,married,university.degree,No,No,Sí
CLI006157,telephone,may,wed,3,999,0,nonexistent,1.1,93.994,-36.4,4.858,5191.0,No,36,services,single,high.school,No,No,No
CLI006158,telephone,jun,wed,2,999,0,nonexistent,1.4,94.465,-41.8,4.864,5228.1,No,34,management,married,university.degree,No,No,No
CLI006159,cellular,aug,mon,3,999,0,nonexistent,1.4,93.444,-36.1,4.965,5228.1,Sí,36,technician,single,professional.course,No,,No
CLI006160,cellular,may,mon,6,999,0,nonexistent,-1.8,92.893,-46.2,1.354,5099.1,Sí,31,services,married,high.school,Desconocido,No,No
CLI006161,cellular,nov,wed,5,999,1,failure,-0.1,93.2,-42.0,4.12,5195.8,No,49,management,divorced,university.degree,No,No,Sí
CLI006162,telephone,may,fri,5,999,0,nonexistent,1.1,93.994,-36.4,4.859,5191.0,No,38,entrepreneur,married,basic.9y,No,No,No
CLI006163,cellular,jun,wed,2,999,0,nonexistent,-2.9,92.963,-40.8,1.26,5076.2,Sí,30,admin.,single,university.degree,No,Sí,No
CLI006164,telephone,may,mon,2,999,0,nonexistent,1.1,93.994,-36.4,4.857,5191.0,No,39,technician,married,professional.course,No,Sí,No
CLI006165,cellular,aug,thu,17,999,0,nonexistent,1.4,93.444,-36.1,4.962,5228.1,No,46,admin.,married,high.school,No,No,No
CLI006166,telephone,may,wed,1,999,0,nonexistent,1.1,93.994,-36.4,4.856,5191.0,No,35,blue-collar,single,Desconocido,No,Sí,No
CLI006167,cellular,apr,fri,2,999,0,nonexistent,-1.8,93.075,-47.1,1.405,5099.1,No,34,management,divorced,professional.course,No,Sí,No
CLI006168,cellular,aug,tue,2,999,0,nonexistent,1.4,93.444,-36.1,4.965,5228.1,No,47,self-employed,married,university.degree,No,No,No
CLI006169,telephone,jul,tue,1,999,0,nonexistent,-1.7,94.215,-40.3,0.893,4991.6,No,33,admin.,single,university.degree,No,No,No
CLI006170,telephone,may,wed,4,999,0,nonexistent,1.1,93.994,-36.4,4.859,5191.0,No,46,admin.,divorced,university.degree,No,Sí,No
CLI006171,cellular,nov,thu,2,999,0,nonexistent,-0.1,93.2,-42.0,4.076,5195.8,No,52,services,married,basic.6y,No,Sí,No
CLI006172,telephone,may,wed,1,999,0,nonexistent,1.1,93.994,-36.4,4.856,5191.0,No,28,Desconocido,single,basic.9y,Desconocido,No,No
CLI006173,telephone,may,mon,1,999,0,nonexistent,1.1,93.994,-36.4,4.857,5191.0,No,36,blue-collar,single,high.school,No,No,Sí
CLI006174,cellular,nov,fri,6,999,0,nonexistent,-0.1,93.2,-42.0,4.021,5195.8,No,42,technician,married,professional.course,No,No,No
CLI006175,telephone,may,tue,1,999,1,failure,-1.8,92.893,-46.2,1.344,5099.1,No,47,entrepreneur,married,,Desconocido,Sí,No
CLI006176,cellular,aug,tue,1,999,0,nonexistent,1.4,93.444,-36.1,4.963,5228.1,No,42,management,married,high.school,No,Sí,No
CLI006177,cellular,jul,fri,2,999,0,nonexistent,1.4,93.918,-42.7,4.962,5228.1,No,49,admin.,married,university.degree,No,No,No
CLI006178,cellular,may,fri,1,999,0,nonexistent,-1.8,92.893,-46.2,1.313,5099.1,No,34,blue-collar,married,university.degree,No,Sí,Sí
CLI006179,telephone,may,fri,4,999,0,nonexistent,-1.8,92.893,-46.2,1.25,5099.1,No,32,admin.,single,professional.course,No,Sí,Sí
CLI006180,cellular,oct,wed,1,7,1,success,-3.4,92.431,-26.9,0.735,5017.5,Sí,42,blue-collar,married,professional.course,No,Sí,No
CLI006181,cellular,apr,fri,2,999,0,nonexistent,-1.8,93.075,-47.1,1.405,5099.1,No,37,technician,married,professional.course,No,No,No
CLI006182,telephone,may,thu,3,999,0,nonexistent,1.1,93.994,-36.4,4.855,5191.0,No,42,admin.,married,university.degree,No,Sí,No
CLI006183,cellular,oct,tue,1,999,1,failure,-3.4,92.431,-26.9,0.728,5017.5,Sí,32,technician,single,university.degree,No,No,No
CLI006184,telephone,jun,tue,1,999,0,nonexistent,1.4,94.465,-41.8,4.961,5228.1,No,47,entrepreneur,married,professional.course,Desconocido,Sí,No
CLI006185,telephone,may,fri,2,999,0,nonexistent,1.1,93.994,-36.4,4.859,5191.0,No,47,blue-collar,married,basic.4y,No,No,No
CLI006186,telephone,jun,fri,2,999,0,nonexistent,1.4,94.465,-41.8,4.967,5228.1,No,58,retired,married,basic.9y,No,No,No
CLI006187,telephone,may,tue,1,999,0,nonexistent,1.1,93.994,-36.4,4.856,5191.0,No,49,services,divorced,basic.9y,No,Sí,No
CLI006188,telephone,aug,thu,1,999,0,nonexistent,-2.9,92.201,-31.4,0.873,5076.2,No,46,admin.,married,university.degree,No,Sí,No
CLI006189,cellular,jun,tue,1,999,0,nonexistent,-2.9,92.963,-40.8,1.262,5076.2,Sí,25,admin.,single,university.degree,No,No,No
CLI006190,telephone,may,thu,2,999,0,nonexistent,1.1,93.994,-36.4,4.86,5191.0,No,36,blue-collar,married,basic.9y,No,Sí,No
CLI006191,cellular,jul,tue,2,999,0,nonexistent,1.4,93.918,-42.7,4.961,5228.1,No,46,technician,single,professional.course,No,No,No
CLI006192,telephone,may,fri,1,999,0,nonexistent,1.1,93.994,-36.4,4.859,5191.0,No,40,technician,married,professional.course,Desconocido,Sí,No
CLI006193,cellular,nov,thu,1,999,0,nonexistent,-0.1,93.2,-42.0,4.076,5195.8,No,56,management,divorced,university.degree,No,Sí,No
CLI006194,cellular,aug,fri,2,999,0,nonexistent,1.4,93.444,-36.1,4.966,5228.1,No,44,admin.,single,university.degree,No,No,No
CLI006195,cellular,jul,fri,1,999,0,nonexistent,1.4,93.918,-42.7,4.962,5228.1,No,28,blue-collar,single,basic.9y,No,No,No
CLI006196,telephone,may,thu,3,999,0,nonexistent,1.1,93.994,-36.4,4.86,5191.0,No,35,admin.,married,high.school,No,Sí,No
CLI006197,telephone,jun,mon,2,999,0,nonexistent,1.4,94.465,-41.8,4.96,5228.1,No,52,blue-collar,married,basic.9y,No,No,No
CLI006198,telephone,may,tue,2,999,0,nonexistent,1.1,93.994,-36.4,4.857,5191.0,No,41,blue-collar,married,basic.4y,No,No,No
CLI006199,telephone,may,thu,3,999,0,nonexistent,1.1,93.994,-36.4,4.86,5191.0,Sí,30,technician,single,university.degree,Desconocido,Sí,No
CLI006200,cellular,aug,thu,12,999,0,nonexistent,1.4,93.444,-36.1,4.962,5228.1,No,30,technician,single,professional.course,No,Sí,No
CLI006201,telephone,apr,mon,6,999,1,failure,-1.8,93.075,-47.1,1.466,5099.1,Sí,50,management,divorced,university.degree,Desconocido,No,No
CLI006202,cellular,sep,tue,1,999,0,nonexistent,-3.4,92.379,-29.8,0.819,5017.5,Sí,54,admin.,married,Desconocido,No,Sí,No
CLI006203,cellular,jul,mon,3,999,0,nonexistent,1.4,93.918,-42.7,4.96,5228.1,No,27,blue-collar,married,basic.9y,Desconocido,Sí,Sí
CLI006204,cellular,aug,tue,1,999,0,nonexistent,1.4,93.444,-36.1,4.963,5228.1,No,41,blue-collar,divorced,basic.9y,No,No,No
CLI006205,telephone,jun,mon,1,999,0,nonexistent,1.4,94.465,-41.8,4.961,5228.1,No,44,technician,divorced,professional.course,No,Sí,No
CLI006206,telephone,may,wed,1,999,0,nonexistent,1.1,93.994,-36.4,4.859,5191.0,No,44,blue-collar,single,basic.4y,No,No,No
CLI006207,cellular,apr,thu,1,999,0,nonexistent,-1.8,93.075,-47.1,1.41,5099.1,No,28,technician,married,basic.9y,No,No,No
CLI006208,cellular,jul,fri,2,999,0,nonexistent,1.4,93.918,-42.7,4.963,5228.1,No,27,student,single,high.school,No,Sí,No
CLI006209,telephone,may,tue,1,999,0,nonexistent,1.1,93.994,-36.4,4.856,5191.0,No,33,housemaid,married,basic.4y,No,No,No
CLI006210,cellular,may,tue,2,999,0,nonexistent,-1.8,92.893,-46.2,1.291,5099.1,No,34,services,married,high.school,Desconocido,No,No
CLI006211,telephone,may,thu,2,999,0,nonexistent,1.1,93.994,-36.4,4.86,5191.0,No,31,blue-collar,divorced,basic.9y,No,,No
CLI006212,telephone,jun,fri,1,999,0,nonexistent,1.4,94.465,-41.8,4.959,5228.1,No,50,services,divorced,professional.course,No,Sí,No
CLI006213,telephone,may,thu,1,999,0,nonexistent,1.1,93.994,-36.4,4.855,5191.0,Sí,50,technician,married,high.school,No,Sí,No
CLI006214,cellular,jul,fri,3,999,0,nonexistent,1.4,93.918,-42.7,4.962,5228.1,No,36,services,married,high.school,No,Sí,No
CLI006215,cellular,nov,mon,1,999,0,nonexistent,-3.4,92.649,-30.1,0.714,5017.5,No,34,management,married,university.degree,No,No,No
CLI006216,telephone,jun,fri,18,999,0,nonexistent,1.4,94.465,-41.8,4.959,5228.1,No,40,self-employed,married,professional.course,No,No,No
CLI006217,cellular,may,wed,2,6,1,success,-1.8,92.893,-46.2,1.281,5099.1,No,28,technician,single,professional.course,No,Sí,No
CLI006218,cellular,jul,thu,1,999,0,nonexistent,1.4,93.918,-42.7,4.958,5228.1,No,35,self-employed,married,university.degree,No,Sí,No
CLI006219,telephone,jun,fri,15,999,0,nonexistent,1.4,94.465,-41.8,4.959,5228.1,No,31,admin.,single,basic.9y,Desconocido,Sí,Sí
CLI006220,telephone,nov,thu,8,999,0,nonexistent,-0.1,93.2,-42.0,4.076,5195.8,No,44,admin.,single,professional.course,No,Sí,No
CLI006221,cellular,aug,wed,4,999,0,nonexistent,1.4,93.444,-36.1,4.965,5228.1,No,54,blue-collar,married,basic.9y,Desconocido,Sí,No
CLI006222,cellular,nov,thu,1,999,1,failure,-0.1,93.2,-42.0,4.076,5195.8,No,30,blue-collar,married,basic.6y,No,Sí,Sí
CLI006223,cellular,nov,fri,3,999,1,failure,-0.1,93.2,-42.0,4.021,5195.8,No,58,retired,divorced,professional.course,No,Sí,No
CLI006224,cellular,oct,fri,2,12,2,failure,-1.1,94.601,-49.5,1.029,4963.6,Sí,37,services,married,high.school,No,Sí,Sí
CLI006225,cellular,jul,thu,1,999,0,nonexistent,1.4,93.918,-42.7,4.962,5228.1,No,42,management,married,high.school,No,No,No
CLI006226,cellular,may,mon,2,999,1,failure,-1.8,92.893,-46.2,1.299,5099.1,No,43,blue-collar,married,basic.6y,No,No,No
CLI006227,telephone,jun,tue,5,999,0,nonexistent,1.4,94.465,-41.8,4.864,5228.1,No,49,blue-collar,married,basic.4y,No,No,No
CLI006228,telephone,jul,thu,3,999,0,nonexistent,-2.9,92.469,-33.6,0.969,5076.2,No,45,admin.,married,university.degree,No,Sí,No
CLI006229,telephone,may,wed,3,999,0,nonexistent,1.1,93.994,-36.4,4.857,5191.0,No,31,management,divorced,basic.6y,No,No,No
CLI006230,telephone,apr,tue,1,999,0,nonexistent,-1.8,93.075,-47.1,1.453,5099.1,No,39,admin.,married,high.school,No,Sí,No
CLI006231,cellular,may,fri,5,999,0,nonexistent,-1.8,92.893,-46.2,1.25,5099.1,No,32,admin.,single,university.degree,No,No,No
CLI006232,telephone,may,wed,2,999,0,nonexistent,1.1,93.994,-36.4,4.857,5191.0,No,46,admin.,married,Desconocido,No,No,No
CLI006233,telephone,may,tue,1,999,0,nonexistent,1.1,93.994,-36.4,4.856,5191.0,No,40,technician,divorced,university.degree,No,Sí,No
CLI006234,cellular,aug,fri,1,999,0,nonexistent,1.4,93.444,-36.1,4.964,5228.1,No,46,services,married,Desconocido,No,No,No
CLI006235,cellular,sep,wed,1,6,3,success,-1.1,94.199,-37.5,0.879,4963.6,Sí,38,blue-collar,single,high.school,No,Sí,No
CLI006236,cellular,may,mon,1,999,0,nonexistent,-1.8,92.893,-46.2,1.244,5099.1,No,44,management,single,high.school,No,No,No
CLI006237,cellular,aug,mon,2,999,0,nonexistent,1.4,93.444,-36.1,4.965,5228.1,No,33,technician,married,professional.course,No,Sí,No
CLI006238,cellular,may,thu,1,999,0,nonexistent,-1.8,92.893,-46.2,1.327,5099.1,No,29,admin.,married,high.school,No,Sí,No
CLI006239,cellular,aug,thu,1,999,0,nonexistent,1.4,93.444,-36.1,4.968,5228.1,Sí,45,self-employed,married,basic.4y,No,Sí,Sí
CLI006240,telephone,may,fri,2,999,0,nonexistent,1.1,93.994,-36.4,4.864,5191.0,No,36,blue-collar,married,basic.4y,Desconocido,Sí,No
CLI006241,telephone,jun,thu,1,999,0,nonexistent,1.4,94.465,-41.8,4.958,5228.1,No,48,technician,married,Desconocido,No,No,No
CLI006242,cellular,sep,fri,1,999,0,nonexistent,-1.1,94.199,-37.5,0.879,4963.6,Sí,25,student,single,Desconocido,No,No,No
CLI006243,cellular,aug,tue,1,999,1,failure,-2.9,92.201,-31.4,0.883,5076.2,No,67,retired,married,university.degree,No,No,No
CLI006244,cellular,aug,thu,2,999,0,nonexistent,1.4,93.444,-36.1,4.964,5228.1,No,32,technician,single,university.degree,No,Sí,No
CLI006245,cellular,jul,wed,22,999,0,nonexistent,1.4,93.918,-42.7,4.963,5228.1,No,37,admin.,married,university.degree,No,Sí,No
CLI006246,cellular,nov,tue,2,999,0,nonexistent,-0.1,93.2,-42.0,4.153,5195.8,No,35,services,single,professional.course,Desconocido,Sí,No
CLI006247,telephone,apr,fri,1,999,0,nonexistent,-1.8,93.749,-34.6,0.644,5008.7,Sí,50,technician,single,university.degree,No,Sí,No
CLI006248,cellular,may,mon,4,999,0,nonexistent,-1.8,92.893,-46.2,1.244,5099.1,No,46,admin.,single,university.degree,No,No,No
CLI006249,telephone,may,thu,2,999,0,nonexistent,-1.8,92.893,-46.2,1.327,5099.1,No,46,services,married,high.school,Desconocido,No,No
CLI006250,cellular,may,thu,6,999,0,nonexistent,-1.8,92.893,-46.2,1.266,5099.1,No,57,services,divorced,basic.4y,No,No,No
CLI006251,cellular,aug,wed,1,999,0,nonexistent,1.4,93.444,-36.1,4.965,5228.1,No,57,management,married,university.degree,Desconocido,No,No
CLI006252,cellular,apr,wed,1,999,2,failure,-1.8,93.075,-47.1,1.405,5099.1,Sí,64,retired,married,basic.4y,No,Sí,No
CLI006253,cellular,may,mon,1,999,1,failure,-1.8,92.893,-46.2,1.299,5099.1,No,39,blue-collar,single,basic.9y,No,Sí,No
CLI006254,telephone,may,wed,1,999,0,nonexistent,1.1,93.994,-36.4,4.859,5191.0,No,32,admin.,single,university.degree,No,No,No
CLI006255,telephone,may,tue,13,999,0,nonexistent,1.1,93.994,-36.4,4.857,5191.0,No,35,blue-collar,married,basic.4y,Desconocido,Sí,No
CLI006256,cellular,jul,wed,1,999,0,nonexistent,1.4,93.918,-42.7,4.963,5228.1,No,39,blue-collar,married,,Desconocido,No,No
CLI006257,telephone,jun,mon,13,999,0,nonexistent,1.4,94.465,-41.8,4.865,5228.1,No,33,unemployed,single,university.degree,No,,Sí
CLI006258,cellular,aug,wed,1,999,0,nonexistent,1.4,93.444,-36.1,4.967,5228.1,No,33,technician,married,university.degree,No,No,No
CLI006259,cellular,aug,fri,10,999,0,nonexistent,1.4,93.444,-36.1,4.963,5228.1,No,45,technician,married,professional.course,No,No,No
CLI006260,cellular,aug,mon,3,999,0,nonexistent,1.4,93.444,-36.1,4.965,5228.1,No,45,blue-collar,married,basic.4y,Desconocido,Sí,Sí
CLI006261,telephone,jun,wed,1,999,0,nonexistent,1.4,94.465,-41.8,4.864,5228.1,No,36,entrepreneur,married,university.degree,No,Sí,No
CLI006262,telephone,jun,wed,1,999,0,nonexistent,1.4,94.465,-41.8,4.962,5228.1,No,26,admin.,single,high.school,No,No,No
CLI006263,telephone,jun,mon,1,999,0,nonexistent,1.4,94.465,-41.8,4.961,5228.1,No,41,technician,single,university.degree,Desconocido,Sí,Sí
CLI006264,cellular,aug,mon,1,999,0,nonexistent,1.4,93.444,-36.1,4.97,5228.1,No,37,management,married,university.degree,Desconocido,No,No
CLI006265,cellular,jul,wed,5,999,0,nonexistent,1.4,93.918,-42.7,4.957,5228.1,No,34,blue-collar,married,basic.4y,Desconocido,,No
CLI006266,telephone,may,tue,1,999,0,nonexistent,1.1,93.994,-36.4,4.856,5191.0,No,33,blue-collar,single,basic.9y,No,Sí,No
CLI006267,cellular,aug,wed,1,999,0,nonexistent,1.4,93.444,-36.1,4.967,5228.1,No,48,admin.,married,professional.course,No,No,No
CLI006268,cellular,aug,thu,1,999,0,nonexistent,1.4,93.444,-36.1,4.963,5228.1,No,49,admin.,Desconocido,university.degree,No,Sí,No
CLI006269,cellular,jul,wed,1,999,0,nonexistent,1.4,93.918,-42.7,4.957,5228.1,Sí,50,retired,married,basic.4y,No,No,No
CLI006270,cellular,aug,fri,1,999,0,nonexistent,-2.9,92.201,-31.4,0.825,5076.2,Sí,26,student,single,university.degree,No,No,Sí
CLI006271,cellular,may,tue,3,999,1,failure,-1.8,92.893,-46.2,1.291,5099.1,No,30,admin.,married,university.degree,No,No,No
CLI006272,telephone,jun,mon,1,999,0,nonexistent,1.4,94.465,-41.8,4.865,5228.1,No,55,blue-collar,married,professional.course,Desconocido,Sí,Sí
CLI006273,cellular,may,thu,4,999,1,failure,-1.8,92.893,-46.2,1.266,5099.1,No,24,admin.,married,high.school,No,Sí,No
CLI006274,telephone,jun,mon,1,999,0,nonexistent,1.4,94.465,-41.8,4.961,5228.1,No,45,self-employed,divorced,university.degree,No,Sí,Sí
CLI006275,cellular,jul,fri,1,999,0,nonexistent,1.4,93.918,-42.7,4.959,5228.1,No,34,technician,married,high.school,Desconocido,Sí,
CLI006276,telephone,may,mon,6,999,0,nonexistent,1.1,93.994,-36.4,4.857,5191.0,No,38,technician,single,high.school,No,Sí,No
CLI006277,cellular,nov,tue,1,999,0,nonexistent,-0.1,93.2,-42.0,4.153,5195.8,Sí,30,unemployed,married,high.school,No,Sí,Sí
CLI006278,telephone,jun,mon,1,999,0,nonexistent,1.4,94.465,-41.8,4.865,5228.1,No,26,admin.,married,high.school,Desconocido,No,No
CLI006279,cellular,may,wed,1,999,0,nonexistent,-1.8,92.893,-46.2,1.281,5099.1,No,42,blue-collar,married,basic.6y,No,Sí,No
CLI006280,cellular,aug,fri,2,999,0,nonexistent,1.4,93.444,-36.1,4.964,5228.1,No,49,unemployed,married,high.school,Desconocido,Sí,No
CLI006281,telephone,jun,fri,3,999,0,nonexistent,1.4,94.465,-41.8,4.959,5228.1,No,33,services,married,high.school,Desconocido,Sí,No
CLI006282,cellular,nov,thu,2,999,0,nonexistent,-0.1,93.2,-42.0,4.076,5195.8,No,56,management,married,university.degree,No,Sí,No
CLI006283,cellular,apr,fri,2,999,1,failure,-1.8,93.075,-47.1,1.479,5099.1,No,33,entrepreneur,married,high.school,No,Sí,No
CLI006284,cellular,may,fri,5,999,1,failure,-1.8,92.893,-46.2,1.25,5099.1,No,41,management,married,Desconocido,No,Sí,No
CLI006285,cellular,sep,tue,1,3,1,success,-3.4,92.379,-29.8,0.77,5017.5,No,47,admin.,divorced,high.school,No,Sí,No
CLI006286,telephone,aug,fri,1,999,0,nonexistent,-1.7,94.027,-38.3,0.89,4991.6,No,34,admin.,single,high.school,No,Desconocido,Desconocido
CLI006287,cellular,may,mon,1,3,2,success,-1.8,93.876,-40.0,0.685,5008.7,Sí,33,admin.,married,university.degree,No,Sí,No
CLI006288,cellular,aug,mon,2,999,0,nonexistent,1.4,93.444,-36.1,4.965,5228.1,No,57,blue-collar,married,basic.9y,No,Sí,No
CLI006289,telephone,jul,thu,1,999,0,nonexistent,1.4,93.918,-42.7,4.966,5228.1,No,35,unemployed,married,basic.9y,Desconocido,No,No
CLI006290,cellular,aug,fri,4,999,0,nonexistent,1.4,93.444,-36.1,4.964,5228.1,No,56,admin.,married,Desconocido,No,Sí,No
CLI006291,cellular,may,mon,1,999,0,nonexistent,-1.8,92.893,-46.2,1.299,5099.1,No,51,entrepreneur,married,professional.course,Desconocido,No,No
CLI006292,telephone,may,wed,3,999,0,nonexistent,1.1,93.994,-36.4,4.856,5191.0,No,44,admin.,married,high.school,No,No,No
CLI006293,cellular,apr,mon,1,999,1,failure,-1.8,93.075,-47.1,1.405,5099.1,No,49,entrepreneur,married,university.degree,No,Sí,No
CLI006294,cellular,nov,wed,1,999,1,failure,-0.1,93.2,-42.0,4.12,5195.8,No,50,blue-collar,married,basic.4y,No,Sí,No
CLI006295,cellular,apr,thu,1,999,0,nonexistent,-1.8,93.075,-47.1,1.365,5099.1,No,27,student,single,Desconocido,Desconocido,Sí,No
CLI006296,cellular,oct,wed,3,999,3,failure,-1.1,94.601,-49.5,0.959,4963.6,No,75,retired,married,basic.4y,No,Sí,No
CLI006297,cellular,jul,wed,1,999,0,nonexistent,1.4,93.918,-42.7,4.957,5228.1,Sí,35,admin.,single,high.school,No,Sí,Sí
CLI006298,cellular,may,mon,1,999,1,failure,-1.8,92.893,-46.2,1.299,5099.1,No,39,blue-collar,single,basic.9y,No,Sí,Sí
CLI006299,cellular,jul,tue,1,999,0,nonexistent,1.4,93.918,-42.7,4.961,5228.1,No,27,blue-collar,married,basic.4y,No,Sí,No
CLI006300,telephone,may,fri,2,999,0,nonexistent,1.1,93.994,-36.4,4.855,5191.0,No,33,management,married,high.school,No,Sí,No
CLI006301,telephone,may,wed,3,999,0,nonexistent,1.1,93.994,-36.4,4.856,5191.0,No,43,technician,married,professional.course,No,No,No
CLI006302,cellular,may,mon,1,999,0,nonexistent,-1.8,92.893,-46.2,1.244,5099.1,No,21,blue-collar,single,,No,Sí,No
CLI006303,cellular,aug,thu,1,999,0,nonexistent,1.4,93.444,-36.1,4.963,5228.1,No,30,admin.,single,university.degree,No,No,No
CLI006304,cellular,jul,mon,2,999,0,nonexistent,-2.9,92.469,-33.6,1.048,5076.2,Sí,37,admin.,married,university.degree,No,Sí,No
CLI006305,cellular,aug,thu,3,9,1,success,-2.9,92.201,-31.4,0.851,5076.2,Sí,37,admin.,divorced,university.degree,No,No,No
CLI006306,telephone,may,tue,1,999,0,nonexistent,1.1,93.994,-36.4,4.857,5191.0,No,28,services,married,high.school,No,No,No
CLI006307,cellular,jul,wed,2,999,0,nonexistent,1.4,93.918,-42.7,4.963,5228.1,No,59,retired,divorced,Desconocido,No,No,No
CLI006308,cellular,jul,tue,4,999,0,nonexistent,1.4,93.918,-42.7,4.961,5228.1,No,24,blue-collar,married,professional.course,No,No,No
CLI006309,cellular,may,tue,4,999,1,failure,-1.8,92.893,-46.2,1.344,5099.1,No,34,services,married,high.school,No,,No
CLI006310,cellular,aug,fri,2,2,1,success,-2.9,92.201,-31.4,0.849,5076.2,Sí,34,unemployed,single,professional.course,No,No,No
CLI006311,cellular,jul,wed,1,999,0,nonexistent,1.4,93.918,-42.7,4.963,5228.1,No,46,admin.,married,university.degree,No,Sí,Sí
CLI006312,cellular,may,wed,7,999,1,failure,-1.8,92.893,-46.2,1.281,5099.1,No,28,blue-collar,married,professional.course,Desconocido,Sí,No
CLI006313,cellular,jul,fri,3,999,0,nonexistent,1.4,93.918,-42.7,4.957,5228.1,No,36,housemaid,single,basic.4y,Desconocido,No,No
CLI006314,cellular,apr,thu,1,999,1,failure,-1.8,93.075,-47.1,1.365,5099.1,No,27,admin.,single,university.degree,No,Sí,No
CLI006315,telephone,may,thu,1,999,0,nonexistent,1.1,93.994,-36.4,4.855,5191.0,No,48,blue-collar,married,professional.course,No,Sí,No
CLI006316,cellular,may,fri,4,999,0,nonexistent,-1.8,92.893,-46.2,1.313,5099.1,No,40,blue-collar,married,basic.6y,Desconocido,Sí,No
CLI006317,telephone,may,tue,3,999,0,nonexistent,1.1,93.994,-36.4,4.857,5191.0,No,57,admin.,married,basic.6y,Desconocido,Sí,No
CLI006318,cellular,aug,wed,3,999,0,nonexistent,1.4,93.444,-36.1,4.964,5228.1,No,36,admin.,married,university.degree,No,Sí,No
CLI006319,cellular,jul,mon,3,999,0,nonexistent,1.4,93.918,-42.7,4.962,5228.1,No,53,unemployed,married,basic.6y,Desconocido,Sí,No
CLI006320,cellular,nov,mon,1,999,0,nonexistent,-0.1,93.2,-42.0,4.191,5195.8,No,41,management,married,university.degree,No,Sí,No
CLI006321,cellular,aug,mon,2,999,0,nonexistent,1.4,93.444,-36.1,4.965,5228.1,No,35,technician,married,university.degree,Desconocido,Sí,No
CLI006322,telephone,aug,wed,1,999,0,nonexistent,-2.9,92.201,-31.4,0.879,5076.2,Sí,26,student,single,basic.9y,No,No,No
CLI006323,cellular,nov,wed,1,999,0,nonexistent,-0.1,93.2,-42.0,4.12,5195.8,No,31,admin.,single,high.school,No,Sí,No
CLI006324,telephone,jun,thu,1,999,0,nonexistent,1.4,94.465,-41.8,4.866,5228.1,No,43,blue-collar,married,basic.4y,Desconocido,No,No
CLI006325,telephone,may,tue,1,999,0,nonexistent,1.1,93.994,-36.4,4.857,5191.0,No,41,self-employed,married,high.school,No,Sí,No
CLI006326,telephone,may,thu,2,999,0,nonexistent,1.1,93.994,-36.4,4.86,5191.0,No,45,blue-collar,married,basic.4y,Desconocido,No,No
CLI006327,cellular,apr,tue,1,999,0,nonexistent,-1.8,93.075,-47.1,1.423,5099.1,Sí,30,admin.,married,university.degree,No,Sí,No
CLI006328,telephone,may,thu,2,999,0,nonexistent,1.1,93.994,-36.4,4.855,5191.0,No,33,admin.,married,university.degree,No,Sí,No
CLI006329,telephone,may,mon,1,999,0,nonexistent,1.1,93.994,-36.4,4.857,5191.0,No,34,blue-collar,married,basic.4y,No,Sí,No
CLI006330,telephone,nov,mon,3,7,1,success,-3.4,92.649,-30.1,0.722,5017.5,No,32,admin.,single,university.degree,No,Desconocido,Desconocido
CLI006331,cellular,may,tue,1,999,0,nonexistent,-1.8,92.893,-46.2,1.344,5099.1,No,40,management,married,,No,Sí,No
CLI006332,telephone,may,thu,2,999,0,nonexistent,1.1,93.994,-36.4,4.86,5191.0,No,38,blue-collar,married,,Desconocido,No,No
CLI006333,telephone,may,wed,1,999,0,nonexistent,1.1,93.994,-36.4,4.857,5191.0,No,53,blue-collar,married,basic.9y,No,Sí,No
CLI006334,telephone,may,mon,7,999,0,nonexistent,1.1,93.994,-36.4,4.857,5191.0,No,28,blue-collar,single,high.school,Desconocido,Sí,
CLI006335,cellular,aug,thu,2,17,1,success,-1.7,94.027,-38.3,0.904,4991.6,No,46,admin.,single,high.school,No,No,No
CLI006336,telephone,may,tue,2,999,0,nonexistent,1.1,93.994,-36.4,4.856,5191.0,No,46,blue-collar,married,basic.9y,Desconocido,No,No
CLI006337,cellular,jul,fri,4,999,0,nonexistent,1.4,93.918,-42.7,4.962,5228.1,No,42,blue-collar,single,basic.4y,No,Sí,Sí
CLI006338,cellular,may,mon,1,999,1,failure,-1.8,92.893,-46.2,1.299,5099.1,No,34,technician,married,high.school,No,Sí,No
CLI006339,cellular,apr,thu,1,999,0,nonexistent,-1.8,93.075,-47.1,1.435,5099.1,No,37,technician,divorced,professional.course,No,Sí,No
CLI006340,cellular,aug,fri,1,999,0,nonexistent,-2.9,92.201,-31.4,0.825,5076.2,No,44,admin.,married,high.school,No,No,No
CLI006341,cellular,aug,mon,5,999,0,nonexistent,1.4,93.444,-36.1,4.963,5228.1,No,35,technician,married,professional.course,Desconocido,Sí,No
CLI006342,telephone,jun,mon,25,999,0,nonexistent,1.4,94.465,-41.8,4.96,5228.1,No,44,blue-collar,married,basic.4y,No,Sí,No
CLI006343,telephone,jun,fri,5,999,0,nonexistent,-1.7,94.055,-39.8,0.748,4991.6,No,69,retired,divorced,professional.course,No,Sí,No
CLI006344,cellular,aug,wed,1,999,0,nonexistent,1.4,93.444,-36.1,4.964,5228.1,No,43,management,married,university.degree,No,Sí,No
CLI006345,cellular,aug,fri,7,999,0,nonexistent,1.4,93.444,-36.1,4.964,5228.1,No,34,admin.,married,university.degree,No,No,Sí
CLI006346,cellular,nov,thu,2,999,0,nonexistent,-0.1,93.2,-42.0,4.076,5195.8,No,58,technician,married,professional.course,No,No,No
CLI006347,cellular,may,fri,2,999,0,nonexistent,-1.8,92.893,-46.2,1.313,5099.1,No,31,services,single,,Desconocido,No,No
CLI006348,cellular,may,fri,4,999,0,nonexistent,-1.8,92.893,-46.2,1.25,5099.1,Sí,43,admin.,married,high.school,No,No,No
CLI006349,cellular,apr,mon,1,999,0,nonexistent,-1.8,93.075,-47.1,1.405,5099.1,No,37,management,married,university.degree,No,No,No
CLI006350,cellular,apr,fri,2,999,0,nonexistent,-1.8,93.075,-47.1,1.4,5099.1,No,85,retired,married,,No,Sí,No
CLI006351,cellular,nov,thu,2,3,2,success,-3.4,92.649,-30.1,0.714,5017.5,Sí,32,self-employed,married,university.degree,No,No,No
CLI006352,telephone,may,fri,7,999,0,nonexistent,1.1,93.994,-36.4,4.859,5191.0,No,28,blue-collar,married,basic.9y,No,No,No
CLI006353,cellular,jul,mon,2,999,0,nonexistent,1.4,93.918,-42.7,4.96,5228.1,No,33,blue-collar,married,basic.9y,No,No,Sí
CLI006354,cellular,may,tue,8,999,0,nonexistent,-1.8,92.893,-46.2,1.291,5099.1,No,23,blue-collar,married,basic.6y,Desconocido,No,No
CLI006355,telephone,jun,fri,3,999,0,nonexistent,1.4,94.465,-41.8,4.959,5228.1,No,31,entrepreneur,single,basic.6y,Desconocido,Sí,Sí
CLI006356,cellular,nov,wed,1,999,0,nonexistent,-0.1,93.2,-42.0,4.12,5195.8,No,35,technician,single,professional.course,No,No,No
CLI006357,telephone,jun,thu,3,999,0,nonexistent,1.4,94.465,-41.8,4.866,5228.1,No,40,entrepreneur,married,university.degree,Desconocido,No,No
CLI006358,cellular,may,wed,2,999,1,failure,-1.8,92.893,-46.2,1.281,5099.1,No,35,admin.,married,high.school,No,Sí,No
CLI006359,cellular,may,tue,1,999,0,nonexistent,-1.8,92.893,-46.2,1.291,5099.1,No,42,blue-collar,married,basic.4y,No,Sí,No
CLI006360,cellular,jul,mon,2,999,0,nonexistent,1.4,93.918,-42.7,4.96,5228.1,No,45,management,married,university.degree,Desconocido,No,No
CLI006361,cellular,nov,wed,1,999,1,failure,-0.1,93.2,-42.0,4.12,5195.8,No,46,blue-collar,married,basic.9y,No,Sí,No
CLI006362,cellular,aug,mon,2,999,0,nonexistent,1.4,93.444,-36.1,4.97,5228.1,No,46,blue-collar,married,basic.9y,No,No,No
CLI006363,cellular,mar,tue,1,999,0,nonexistent,-1.8,92.843,-50.0,1.614,5099.1,Sí,77,retired,divorced,Desconocido,No,Sí,No
CLI006364,cellular,nov,wed,1,999,0,nonexistent,-0.1,93.2,-42.0,4.12,5195.8,No,32,student,single,university.degree,No,Sí,No
CLI006365,cellular,jul,wed,3,999,0,nonexistent,1.4,93.918,-42.7,4.963,5228.1,No,23,admin.,single,professional.course,No,No,Sí
CLI006366,cellular,nov,wed,1,999,0,nonexistent,-0.1,93.2,-42.0,4.12,5195.8,No,39,unemployed,married,basic.9y,No,No,No
CLI006367,cellular,jul,mon,3,999,0,nonexistent,1.4,93.918,-42.7,4.962,5228.1,No,31,services,married,basic.9y,No,Sí,No
CLI006368,cellular,apr,fri,1,999,1,failure,-1.8,93.075,-47.1,1.405,5099.1,Sí,36,technician,married,professional.course,No,Sí,No
CLI006369,cellular,aug,fri,2,999,0,nonexistent,1.4,93.444,-36.1,4.963,5228.1,No,39,technician,married,university.degree,Desconocido,Desconocido,Desconocido
CLI006370,telephone,may,wed,3,999,0,nonexistent,1.1,93.994,-36.4,4.858,5191.0,No,51,entrepreneur,married,basic.4y,Desconocido,Sí,No
CLI006371,cellular,jul,thu,1,999,0,nonexistent,1.4,93.918,-42.7,4.958,5228.1,No,27,blue-collar,single,basic.9y,No,Sí,No
CLI006372,telephone,jun,tue,3,999,0,nonexistent,1.4,94.465,-41.8,4.961,5228.1,No,35,technician,married,professional.course,No,Sí,No
CLI006373,cellular,may,fri,1,999,1,failure,-1.8,92.893,-46.2,1.25,5099.1,No,54,blue-collar,married,basic.4y,Desconocido,No,No
CLI006374,telephone,may,mon,3,999,0,nonexistent,1.1,93.994,-36.4,4.857,5191.0,Sí,41,admin.,single,Desconocido,No,Sí,Sí
CLI006375,cellular,apr,wed,1,999,1,failure,-1.8,93.075,-47.1,1.445,5099.1,No,35,technician,divorced,professional.course,No,Sí,No
CLI006376,cellular,may,mon,1,999,0,nonexistent,-1.8,92.893,-46.2,1.244,5099.1,No,36,services,single,high.school,No,No,No
CLI006377,cellular,jul,thu,1,999,0,nonexistent,1.4,93.918,-42.7,4.968,5228.1,No,53,admin.,married,high.school,Desconocido,No,No
CLI006378,cellular,aug,thu,5,999,0,nonexistent,1.4,93.444,-36.1,4.968,5228.1,No,45,blue-collar,married,basic.9y,No,Sí,No
CLI006379,telephone,may,wed,1,999,0,nonexistent,1.1,93.994,-36.4,4.858,5191.0,No,37,blue-collar,married,basic.4y,No,Sí,No
CLI006381,cellular,may,tue,4,999,0,nonexistent,-1.8,93.876,-40.0,0.697,5008.7,Sí,36,admin.,married,university.degree,No,No,No
CLI006382,telephone,may,thu,2,999,0,nonexistent,1.1,93.994,-36.4,4.855,5191.0,No,41,technician,married,professional.course,No,No,No
CLI006383,telephone,may,mon,2,999,0,nonexistent,1.1,93.994,-36.4,4.858,5191.0,No,49,services,divorced,basic.9y,No,No,No
CLI006384,telephone,jun,fri,1,999,0,nonexistent,1.4,94.465,-41.8,4.967,5228.1,No,30,admin.,divorced,university.degree,Desconocido,Sí,No
CLI006385,cellular,aug,tue,4,999,0,nonexistent,1.4,93.444,-36.1,4.963,5228.1,No,32,admin.,single,high.school,No,No,No
CLI006386,cellular,jun,tue,1,999,1,failure,-2.9,92.963,-40.8,1.262,5076.2,No,35,admin.,married,high.school,No,Sí,Sí
CLI006387,telephone,may,wed,9,999,0,nonexistent,-1.8,92.893,-46.2,1.281,5099.1,No,53,services,married,high.school,No,Sí,No
CLI006388,telephone,jun,wed,2,999,0,nonexistent,1.4,94.465,-41.8,4.864,5228.1,No,39,admin.,single,high.school,No,No,No
CLI006389,cellular,nov,tue,1,999,0,nonexistent,-0.1,93.2,-42.0,4.153,5195.8,No,37,blue-collar,divorced,basic.6y,No,No,No
CLI006390,cellular,apr,mon,4,999,1,failure,-1.8,93.075,-47.1,1.405,5099.1,No,21,student,single,high.school,No,No,No
CLI006391,cellular,jul,thu,17,999,0,nonexistent,1.4,93.918,-42.7,4.968,5228.1,No,31,services,single,high.school,No,No,Sí
CLI006392,cellular,may,thu,4,999,0,nonexistent,-1.8,92.893,-46.2,1.266,5099.1,No,32,blue-collar,married,basic.4y,No,No,
CLI006393,cellular,may,wed,2,999,0,nonexistent,-1.8,92.893,-46.2,1.281,5099.1,No,27,blue-collar,married,high.school,No,Desconocido,Desconocido
CLI006394,telephone,aug,tue,5,999,0,nonexistent,1.4,93.444,-36.1,4.963,5228.1,No,40,admin.,divorced,university.degree,Desconocido,No,No
CLI006395,telephone,may,fri,2,999,0,nonexistent,1.1,93.994,-36.4,4.864,5191.0,No,33,blue-collar,married,basic.4y,No,No,No
CLI006396,cellular,jul,fri,1,999,0,nonexistent,1.4,93.918,-42.7,4.957,5228.1,No,25,admin.,single,university.degree,No,No,No
CLI006397,telephone,may,fri,4,999,0,nonexistent,1.1,93.994,-36.4,4.857,5191.0,No,43,blue-collar,married,basic.6y,Desconocido,Sí,No
CLI006398,cellular,jul,thu,1,999,0,nonexistent,1.4,93.918,-42.7,4.958,5228.1,No,24,admin.,single,high.school,Desconocido,Sí,No
CLI006399,telephone,may,thu,1,999,0,nonexistent,1.1,93.994,-36.4,4.855,5191.0,No,25,technician,single,professional.course,No,No,No
CLI006400,cellular,nov,mon,2,999,0,nonexistent,-0.1,93.2,-42.0,4.191,5195.8,No,33,admin.,divorced,university.degree,No,Sí,No
CLI006401,cellular,may,mon,1,2,1,success,-1.8,92.893,-46.2,1.264,5099.1,No,34,admin.,married,university.degree,No,Sí,No
CLI006402,telephone,may,tue,2,999,0,nonexistent,1.1,93.994,-36.4,4.857,5191.0,No,48,admin.,married,professional.course,No,Sí,No
CLI006403,cellular,apr,mon,1,999,0,nonexistent,-1.8,93.075,-47.1,1.405,5099.1,No,41,blue-collar,divorced,high.school,Desconocido,Sí,No
CLI006404,cellular,apr,thu,1,999,0,nonexistent,-1.8,93.075,-47.1,1.365,5099.1,No,28,admin.,single,university.degree,No,Sí,Sí
CLI006405,telephone,may,fri,4,999,0,nonexistent,1.1,93.994,-36.4,4.859,5191.0,No,25,housemaid,single,basic.9y,No,No,No
CLI006406,cellular,aug,thu,1,999,0,nonexistent,-2.9,92.201,-31.4,0.873,5076.2,No,39,management,married,university.degree,No,No,No
CLI006407,telephone,may,thu,1,999,0,nonexistent,1.1,93.994,-36.4,4.86,5191.0,No,52,blue-collar,single,basic.9y,Desconocido,Sí,No
CLI006408,telephone,may,mon,2,999,0,nonexistent,1.1,93.994,-36.4,4.857,5191.0,No,28,services,married,Desconocido,No,,No
CLI006409,cellular,may,wed,1,999,1,failure,-1.8,92.893,-46.2,1.334,5099.1,No,34,admin.,single,university.degree,No,Sí,No
CLI006410,telephone,may,fri,2,999,0,nonexistent,1.1,93.994,-36.4,4.859,5191.0,No,51,blue-collar,married,basic.9y,Desconocido,No,No
CLI006411,telephone,may,fri,6,999,0,nonexistent,1.1,93.994,-36.4,4.857,5191.0,No,46,technician,single,university.degree,No,Sí,No
CLI006412,cellular,apr,wed,2,999,0,nonexistent,-1.8,93.075,-47.1,1.445,5099.1,No,36,management,married,university.degree,No,No,Sí
CLI006413,telephone,may,fri,1,999,0,nonexistent,1.1,93.994,-36.4,4.855,5191.0,No,53,management,married,basic.4y,No,Sí,No
CLI006414,telephone,may,wed,1,999,0,nonexistent,1.1,93.994,-36.4,4.857,5191.0,No,36,admin.,married,high.school,No,Sí,No
CLI006415,cellular,apr,fri,2,999,0,nonexistent,-1.8,93.075,-47.1,1.405,5099.1,No,41,blue-collar,married,basic.4y,Desconocido,No,No
CLI006416,cellular,nov,mon,2,999,0,nonexistent,-0.1,93.2,-42.0,4.191,5195.8,No,41,technician,married,university.degree,No,No,No
CLI006417,telephone,jun,thu,2,999,0,nonexistent,1.4,94.465,-41.8,4.866,5228.1,No,46,management,married,basic.6y,Desconocido,No,No
CLI006418,telephone,may,thu,4,999,0,nonexistent,1.1,93.994,-36.4,4.86,5191.0,No,32,blue-collar,married,basic.9y,No,Desconocido,Desconocido
CLI006419,cellular,jul,mon,3,999,0,nonexistent,1.4,93.918,-42.7,4.96,5228.1,Sí,32,services,single,high.school,No,No,No
CLI006420,cellular,jul,fri,1,999,0,nonexistent,1.4,93.918,-42.7,4.963,5228.1,No,24,student,single,basic.4y,No,No,No
CLI006421,cellular,nov,tue,2,999,0,nonexistent,-0.1,93.2,-42.0,4.153,5195.8,No,42,self-employed,divorced,professional.course,No,Sí,No
CLI006422,cellular,jul,wed,5,999,0,nonexistent,1.4,93.918,-42.7,4.963,5228.1,No,40,admin.,single,high.school,No,Sí,No
CLI006423,cellular,nov,tue,2,999,0,nonexistent,-0.1,93.2,-42.0,4.153,5195.8,No,44,blue-collar,married,professional.course,Desconocido,No,No
CLI006424,telephone,jun,mon,1,999,0,nonexistent,1.4,94.465,-41.8,4.865,5228.1,No,51,technician,married,professional.course,No,No,Sí
CLI006425,telephone,jun,wed,1,999,0,nonexistent,1.4,94.465,-41.8,4.864,5228.1,No,44,admin.,married,university.degree,No,Sí,No
CLI006426,telephone,may,thu,2,999,0,nonexistent,1.1,93.994,-36.4,4.86,5191.0,No,42,self-employed,married,basic.6y,No,Sí,Sí
CLI006427,cellular,may,fri,1,999,0,nonexistent,-1.8,92.893,-46.2,1.313,5099.1,No,39,blue-collar,married,basic.6y,No,No,No
CLI006428,cellular,nov,fri,1,999,1,failure,-0.1,93.2,-42.0,4.021,5195.8,No,38,services,married,high.school,No,Sí,No
CLI006429,cellular,may,fri,1,999,1,failure,-1.8,92.893,-46.2,1.259,5099.1,Sí,38,services,married,,No,Sí,No
CLI006430,cellular,aug,mon,1,999,0,nonexistent,1.4,93.444,-36.1,4.97,5228.1,No,36,technician,divorced,professional.course,No,Sí,No
CLI006431,cellular,mar,mon,1,999,0,nonexistent,-1.8,92.843,-50.0,1.811,5099.1,No,28,technician,single,university.degree,No,Sí,Sí
CLI006432,cellular,may,fri,7,999,1,failure,-1.8,92.893,-46.2,1.25,5099.1,No,32,admin.,single,Desconocido,No,Sí,Sí
CLI006433,telephone,jul,mon,3,999,0,nonexistent,1.4,93.918,-42.7,4.96,5228.1,No,49,technician,married,professional.course,No,Sí,Sí
CLI006434,cellular,aug,tue,2,999,0,nonexistent,-2.9,92.201,-31.4,0.859,5076.2,Sí,67,retired,married,basic.6y,No,No,No
CLI006435,telephone,may,wed,1,999,0,nonexistent,1.1,93.994,-36.4,4.857,5191.0,No,35,technician,married,university.degree,Desconocido,No,No
CLI006436,cellular,nov,mon,2,999,0,nonexistent,-0.1,93.2,-42.0,4.191,5195.8,No,50,entrepreneur,married,university.degree,Desconocido,Sí,No
CLI006437,cellular,nov,wed,1,999,0,nonexistent,-3.4,92.649,-30.1,0.716,5017.5,Sí,27,technician,single,university.degree,No,No,Sí
CLI006439,telephone,jul,wed,2,999,0,nonexistent,1.4,93.918,-42.7,4.956,5228.1,No,43,technician,single,professional.course,No,No,No
CLI006440,cellular,may,mon,2,999,0,nonexistent,-1.8,92.893,-46.2,1.299,5099.1,No,34,technician,married,basic.9y,No,Sí,No
CLI006441,telephone,jun,thu,2,999,0,nonexistent,1.4,94.465,-41.8,4.866,5228.1,No,52,blue-collar,married,basic.9y,No,Sí,No
CLI006442,telephone,may,tue,5,999,0,nonexistent,1.1,93.994,-36.4,4.856,5191.0,No,45,admin.,married,high.school,No,Sí,No
CLI006443,telephone,may,tue,4,999,0,nonexistent,1.1,93.994,-36.4,4.857,5191.0,No,47,technician,married,professional.course,No,No,No
CLI006444,telephone,may,mon,6,999,0,nonexistent,1.1,93.994,-36.4,4.857,5191.0,No,46,technician,married,basic.9y,No,No,No
CLI006445,telephone,may,mon,2,999,0,nonexistent,1.1,93.994,-36.4,4.857,5191.0,No,32,admin.,single,high.school,No,No,No
CLI006446,telephone,jun,mon,2,999,0,nonexistent,1.4,94.465,-41.8,4.958,5228.1,No,54,blue-collar,married,professional.course,No,No,No
CLI006447,cellular,may,wed,1,999,1,failure,-1.8,92.893,-46.2,1.334,5099.1,No,33,technician,married,professional.course,No,Sí,No
CLI006448,cellular,may,fri,1,999,0,nonexistent,-1.8,92.893,-46.2,1.313,5099.1,No,35,services,married,high.school,No,Sí,No
CLI006449,cellular,may,thu,4,999,1,failure,-1.8,92.893,-46.2,1.266,5099.1,No,46,services,married,high.school,No,No,No
CLI006450,cellular,aug,fri,1,999,0,nonexistent,1.4,93.444,-36.1,4.964,5228.1,No,52,admin.,divorced,university.degree,No,Sí,No
CLI006451,cellular,dec,mon,2,999,1,failure,-3.0,92.713,-33.0,0.706,5023.5,Sí,35,management,divorced,university.degree,No,No,No
CLI006452,telephone,jul,tue,1,999,0,nonexistent,1.4,93.918,-42.7,4.961,5228.1,No,31,blue-collar,single,professional.course,No,No,Sí
CLI006453,cellular,nov,thu,2,999,0,nonexistent,-0.1,93.2,-42.0,4.076,5195.8,No,36,technician,married,high.school,No,Sí,No
CLI006454,cellular,aug,thu,1,999,0,nonexistent,1.4,93.444,-36.1,4.968,5228.1,No,30,technician,single,university.degree,Desconocido,Sí,No
CLI006455,cellular,aug,mon,1,999,0,nonexistent,1.4,93.444,-36.1,4.965,5228.1,No,45,admin.,married,university.degree,No,Sí,No
CLI006456,telephone,jun,thu,1,999,0,nonexistent,1.4,94.465,-41.8,4.866,5228.1,No,30,blue-collar,single,Desconocido,No,No,No
CLI006457,cellular,jul,fri,3,999,0,nonexistent,1.4,93.918,-42.7,4.957,5228.1,No,26,services,single,high.school,Desconocido,Sí,No
CLI006458,cellular,aug,thu,4,999,0,nonexistent,1.4,93.444,-36.1,4.962,5228.1,No,44,admin.,married,university.degree,No,Sí,No
CLI006459,cellular,jul,tue,5,999,0,nonexistent,-2.9,92.469,-33.6,0.908,5076.2,Sí,38,management,married,university.degree,No,No,No
CLI006460,cellular,may,fri,1,999,1,failure,-1.8,92.893,-46.2,1.259,5099.1,No,30,admin.,married,university.degree,No,Sí,No
CLI006461,telephone,may,fri,2,999,0,nonexistent,1.1,93.994,-36.4,4.857,5191.0,No,37,admin.,single,high.school,No,Sí,Sí
CLI006462,cellular,may,wed,1,999,0,nonexistent,-1.8,92.893,-46.2,1.334,5099.1,No,20,blue-collar,single,high.school,No,,No
CLI006463,telephone,jul,thu,4,999,0,nonexistent,1.4,93.918,-42.7,4.968,5228.1,No,47,admin.,married,basic.9y,No,Sí,Sí
CLI006464,cellular,jun,thu,1,999,0,nonexistent,-2.9,92.963,-40.8,1.26,5076.2,Sí,42,admin.,married,university.degree,No,No,
CLI006465,cellular,jul,mon,1,999,0,nonexistent,1.4,93.918,-42.7,4.96,5228.1,No,46,blue-collar,married,basic.9y,No,Sí,No
CLI006466,cellular,jul,wed,5,999,0,nonexistent,1.4,93.918,-42.7,4.963,5228.1,No,29,technician,married,university.degree,No,Sí,No
CLI006467,cellular,aug,mon,2,999,0,nonexistent,1.4,93.444,-36.1,4.965,5228.1,No,56,admin.,married,Desconocido,No,Sí,No
CLI006468,cellular,mar,mon,1,999,0,nonexistent,-1.8,92.843,-50.0,1.56,5099.1,No,75,retired,divorced,basic.9y,No,No,No
CLI006469,cellular,may,mon,4,999,0,nonexistent,-1.8,92.893,-46.2,1.244,5099.1,No,53,management,divorced,professional.course,No,Sí,No
CLI006470,cellular,apr,thu,1,999,0,nonexistent,-1.8,93.075,-47.1,1.483,5099.1,No,35,blue-collar,married,basic.9y,Desconocido,Sí,No
CLI006471,telephone,oct,fri,1,999,0,nonexistent,-3.4,92.431,-26.9,0.73,5017.5,No,37,blue-collar,married,basic.6y,No,No,No
CLI006472,telephone,jul,fri,1,999,0,nonexistent,1.4,93.918,-42.7,4.959,5228.1,No,49,blue-collar,married,basic.9y,No,No,No
CLI006473,telephone,may,tue,1,999,0,nonexistent,1.1,93.994,-36.4,4.857,5191.0,No,36,services,married,high.school,No,No,No
CLI006474,cellular,jul,mon,1,999,0,nonexistent,1.4,93.918,-42.7,4.96,5228.1,No,43,admin.,married,high.school,No,No,No
CLI006475,telephone,apr,thu,3,999,0,nonexistent,-1.8,93.075,-47.1,1.41,5099.1,No,27,admin.,single,high.school,No,No,No
CLI006476,cellular,aug,fri,1,999,0,nonexistent,1.4,93.444,-36.1,4.966,5228.1,No,54,self-employed,married,professional.course,No,No,No
CLI006477,cellular,apr,fri,2,999,0,nonexistent,-1.8,93.075,-47.1,1.405,5099.1,No,55,admin.,divorced,Desconocido,No,No,No
CLI006478,cellular,may,thu,1,999,0,nonexistent,-1.8,92.893,-46.2,1.327,5099.1,No,60,admin.,single,university.degree,No,No,No
CLI006479,cellular,may,tue,1,999,1,failure,-1.8,92.893,-46.2,1.291,5099.1,No,21,services,single,high.school,No,No,No
CLI006480,cellular,apr,fri,1,999,0,nonexistent,-1.8,93.075,-47.1,1.405,5099.1,No,55,admin.,married,basic.4y,No,No,No
CLI006481,telephone,may,thu,1,999,0,nonexistent,1.1,93.994,-36.4,4.86,5191.0,No,41,admin.,married,university.degree,No,Sí,No
CLI006482,cellular,may,mon,2,999,0,nonexistent,-1.8,92.893,-46.2,1.244,5099.1,No,25,technician,single,professional.course,No,Desconocido,Desconocido
CLI006483,telephone,may,fri,1,999,0,nonexistent,1.1,93.994,-36.4,4.864,5191.0,No,41,admin.,married,professional.course,Desconocido,Sí,No
CLI006484,cellular,jul,mon,2,999,0,nonexistent,1.4,93.918,-42.7,4.962,5228.1,No,55,management,single,Desconocido,No,No,Sí
CLI006485,cellular,nov,wed,1,999,0,nonexistent,-0.1,93.2,-42.0,4.12,5195.8,No,38,blue-collar,single,basic.6y,No,No,No
CLI006486,telephone,jun,fri,1,999,0,nonexistent,-2.9,92.963,-40.8,1.268,5076.2,Sí,35,technician,married,professional.course,No,Sí,No
CLI006487,cellular,apr,fri,1,999,1,failure,-1.8,93.075,-47.1,1.405,5099.1,No,36,admin.,single,professional.course,No,No,
CLI006488,cellular,aug,fri,2,999,0,nonexistent,1.4,93.444,-36.1,4.966,5228.1,No,29,admin.,single,university.degree,Desconocido,No,No
CLI006489,cellular,apr,thu,1,999,0,nonexistent,-1.8,93.749,-34.6,0.659,5008.7,Sí,31,self-employed,single,university.degree,No,No,No
CLI006490,cellular,jul,mon,5,999,0,nonexistent,1.4,93.918,-42.7,4.962,5228.1,No,34,blue-collar,married,basic.6y,Desconocido,Sí,No
CLI006491,cellular,aug,thu,17,999,0,nonexistent,1.4,93.444,-36.1,4.962,5228.1,No,30,admin.,married,university.degree,No,No,No
CLI006492,telephone,may,mon,2,999,0,nonexistent,1.1,93.994,-36.4,4.857,5191.0,No,39,management,divorced,university.degree,No,No,No
CLI006493,telephone,may,tue,2,999,0,nonexistent,1.1,93.994,-36.4,4.857,5191.0,No,40,blue-collar,married,basic.6y,Desconocido,No,No
CLI006494,telephone,may,mon,4,999,0,nonexistent,1.1,93.994,-36.4,4.857,5191.0,No,33,technician,married,professional.course,No,Sí,No
CLI006495,telephone,may,wed,1,999,0,nonexistent,1.1,93.994,-36.4,4.859,5191.0,No,52,blue-collar,married,basic.4y,Desconocido,Sí,Sí
CLI006496,telephone,nov,mon,1,999,0,nonexistent,-0.1,93.2,-42.0,4.191,5195.8,No,37,entrepreneur,married,university.degree,Desconocido,Sí,No
CLI006497,telephone,may,wed,2,999,0,nonexistent,1.1,93.994,-36.4,4.857,5191.0,Sí,57,blue-collar,divorced,basic.9y,No,Sí,No
CLI006498,cellular,jul,fri,2,999,0,nonexistent,1.4,93.918,-42.7,4.963,5228.1,No,52,technician,married,professional.course,No,No,Sí
CLI006499,telephone,may,thu,1,999,0,nonexistent,1.1,93.994,-36.4,4.855,5191.0,No,32,student,single,university.degree,No,Sí,No
CLI006500,cellular,mar,fri,2,999,0,nonexistent,-1.8,92.843,-50.0,1.64,5099.1,No,50,unemployed,Desconocido,university.degree,No,No,No
CLI006501,telephone,jun,wed,6,999,0,nonexistent,1.4,94.465,-41.8,4.864,5228.1,No,42,blue-collar,married,basic.9y,Desconocido,No,No
CLI006502,telephone,may,thu,12,999,0,nonexistent,1.1,93.994,-36.4,4.86,5191.0,No,31,services,single,high.school,No,Sí,No
CLI006503,cellular,jun,wed,1,999,1,failure,-2.9,92.963,-40.8,1.26,5076.2,No,38,admin.,divorced,high.school,No,No,No
CLI006504,cellular,nov,mon,2,999,0,nonexistent,-1.1,94.767,-50.8,1.039,4963.6,No,41,technician,married,professional.course,No,Sí,No
CLI006505,cellular,may,tue,4,999,0,nonexistent,-1.8,92.893,-46.2,1.291,5099.1,No,34,admin.,divorced,university.degree,No,Sí,No
CLI006506,cellular,apr,tue,1,999,0,nonexistent,-1.8,93.075,-47.1,1.423,5099.1,No,34,admin.,single,university.degree,No,Sí,No
CLI006507,telephone,jun,wed,2,999,0,nonexistent,1.4,94.465,-41.8,4.959,5228.1,No,50,blue-collar,divorced,basic.4y,No,No,No
CLI006508,cellular,jul,wed,1,999,0,nonexistent,1.4,93.918,-42.7,4.963,5228.1,No,25,services,single,basic.9y,No,Sí,No
CLI006509,cellular,sep,wed,2,999,0,nonexistent,-1.1,94.199,-37.5,0.88,4963.6,Sí,45,unemployed,married,high.school,No,No,No
CLI006510,cellular,apr,thu,1,999,1,failure,-1.8,93.075,-47.1,1.365,5099.1,No,63,retired,married,high.school,No,No,No
CLI006511,cellular,may,mon,1,999,0,nonexistent,-1.8,92.893,-46.2,1.299,5099.1,No,41,technician,single,professional.course,No,No,No
CLI006512,cellular,jul,thu,4,999,1,failure,-1.7,94.215,-40.3,0.846,4991.6,Sí,23,blue-collar,single,basic.9y,No,No,No
CLI006513,cellular,may,wed,2,999,1,failure,-1.8,92.893,-46.2,1.281,5099.1,No,32,services,single,high.school,No,No,No
CLI006514,cellular,aug,tue,3,999,0,nonexistent,1.4,93.444,-36.1,4.965,5228.1,No,47,self-employed,married,university.degree,No,No,No
CLI006515,telephone,aug,thu,2,999,0,nonexistent,1.4,93.444,-36.1,4.964,5228.1,No,34,technician,single,university.degree,No,No,No
CLI006516,cellular,aug,thu,5,999,0,nonexistent,1.4,93.444,-36.1,4.964,5228.1,No,50,technician,single,university.degree,No,Sí,No
CLI006517,cellular,aug,tue,2,999,0,nonexistent,1.4,93.444,-36.1,4.965,5228.1,No,59,housemaid,married,Desconocido,Desconocido,Sí,No
CLI006518,telephone,jun,tue,1,999,0,nonexistent,1.4,94.465,-41.8,4.961,5228.1,No,32,self-employed,married,professional.course,No,No,
CLI006519,cellular,jul,mon,2,999,0,nonexistent,1.4,93.918,-42.7,4.96,5228.1,No,45,technician,married,Desconocido,Desconocido,Sí,No
CLI006520,telephone,jun,fri,6,999,0,nonexistent,1.4,94.465,-41.8,4.959,5228.1,No,46,entrepreneur,married,university.degree,Desconocido,No,No
CLI006521,telephone,may,mon,1,999,0,nonexistent,1.1,93.994,-36.4,4.857,5191.0,No,36,services,single,basic.6y,Desconocido,Sí,No
CLI006522,telephone,jun,mon,3,999,0,nonexistent,1.4,94.465,-41.8,4.865,5228.1,No,39,entrepreneur,married,high.school,No,No,No
CLI006523,telephone,may,tue,1,999,0,nonexistent,1.1,93.994,-36.4,4.856,5191.0,No,32,Desconocido,Desconocido,university.degree,No,Sí,Sí
CLI006524,cellular,jul,fri,2,999,0,nonexistent,1.4,93.918,-42.7,4.962,5228.1,No,37,technician,married,basic.6y,Desconocido,No,No
CLI006525,cellular,nov,tue,1,999,0,nonexistent,-0.1,93.2,-42.0,4.153,5195.8,No,34,technician,married,professional.course,No,Sí,No
CLI006526,cellular,jul,tue,1,999,0,nonexistent,1.4,93.918,-42.7,4.962,5228.1,No,26,technician,married,professional.course,No,Sí,No
CLI006527,cellular,aug,mon,2,999,0,nonexistent,-1.7,94.027,-38.3,0.896,4991.6,No,34,technician,single,basic.9y,No,No,No
CLI006528,telephone,jul,thu,1,999,0,nonexistent,1.4,93.918,-42.7,4.966,5228.1,No,36,retired,married,Desconocido,No,No,No
CLI006529,cellular,apr,thu,1,999,0,nonexistent,-1.8,93.075,-47.1,1.406,5099.1,No,29,student,single,high.school,No,No,No
CLI006530,cellular,sep,thu,3,999,0,nonexistent,-3.4,92.379,-29.8,0.743,5017.5,No,35,technician,married,university.degree,No,Sí,Sí
CLI006531,cellular,aug,tue,9,999,0,nonexistent,1.4,93.444,-36.1,4.963,5228.1,No,33,admin.,single,university.degree,No,No,No
CLI006532,cellular,jul,fri,1,999,0,nonexistent,1.4,93.918,-42.7,4.963,5228.1,No,27,student,single,basic.9y,No,No,No
CLI006533,telephone,jun,wed,1,999,0,nonexistent,1.4,94.465,-41.8,4.962,5228.1,No,29,blue-collar,married,Desconocido,Desconocido,No,No
CLI006534,telephone,may,wed,2,999,0,nonexistent,1.1,93.994,-36.4,4.858,5191.0,No,28,admin.,single,high.school,No,No,No
CLI006535,cellular,nov,wed,2,999,0,nonexistent,-0.1,93.2,-42.0,4.12,5195.8,No,30,technician,married,high.school,No,No,No
CLI006536,cellular,apr,mon,1,999,0,nonexistent,-1.8,93.075,-47.1,1.405,5099.1,No,34,blue-collar,married,basic.9y,No,No,Sí
CLI006537,cellular,nov,fri,2,999,0,nonexistent,-0.1,93.2,-42.0,4.021,5195.8,No,34,technician,married,professional.course,No,Sí,Sí
CLI006538,cellular,aug,fri,1,999,0,nonexistent,1.4,93.444,-36.1,4.964,5228.1,No,45,blue-collar,married,illiterate,No,Sí,
CLI006539,telephone,may,thu,7,999,0,nonexistent,1.1,93.994,-36.4,4.86,5191.0,No,41,admin.,married,high.school,No,Sí,No
CLI006540,cellular,aug,thu,2,999,0,nonexistent,1.4,93.444,-36.1,4.964,5228.1,No,51,blue-collar,married,basic.4y,Desconocido,Sí,Sí
CLI006541,cellular,aug,tue,2,999,0,nonexistent,1.4,93.444,-36.1,4.963,5228.1,No,54,blue-collar,married,basic.4y,No,Sí,Sí
CLI006542,cellular,may,mon,2,999,2,failure,-1.8,92.893,-46.2,1.299,5099.1,No,29,blue-collar,married,basic.9y,No,Sí,No
CLI006543,cellular,may,fri,1,999,0,nonexistent,-1.8,92.893,-46.2,1.313,5099.1,No,29,blue-collar,single,,Desconocido,Sí,No
CLI006544,telephone,may,tue,1,999,0,nonexistent,1.1,93.994,-36.4,4.857,5191.0,No,30,self-employed,single,university.degree,No,Sí,No
CLI006545,cellular,oct,tue,2,999,0,nonexistent,-3.4,92.431,-26.9,0.742,5017.5,Sí,33,unemployed,married,high.school,No,Sí,Sí
CLI006546,telephone,jun,fri,2,999,0,nonexistent,1.4,94.465,-41.8,4.959,5228.1,No,33,admin.,married,high.school,No,Sí,No
CLI006547,cellular,nov,wed,1,999,0,nonexistent,-0.1,93.2,-42.0,4.12,5195.8,No,31,admin.,married,university.degree,No,Sí,No
CLI006548,cellular,oct,fri,1,6,1,success,-3.4,92.431,-26.9,0.739,5017.5,Sí,33,admin.,married,university.degree,No,No,No
CLI006549,cellular,apr,mon,1,999,0,nonexistent,-1.8,93.075,-47.1,1.405,5099.1,No,40,technician,married,professional.course,No,Sí,Sí
CLI006550,cellular,jul,thu,16,999,0,nonexistent,1.4,93.918,-42.7,4.968,5228.1,No,35,admin.,single,high.school,No,Sí,Sí
CLI006551,telephone,jun,fri,1,999,0,nonexistent,1.4,94.465,-41.8,4.967,5228.1,No,32,unemployed,single,high.school,Desconocido,Sí,No
CLI006552,telephone,jun,fri,4,999,0,nonexistent,1.4,94.465,-41.8,4.959,5228.1,No,35,blue-collar,single,basic.6y,Desconocido,Sí,No
CLI006553,cellular,may,mon,5,999,0,nonexistent,-1.8,92.893,-46.2,1.244,5099.1,No,38,technician,single,basic.9y,No,Sí,No
CLI006554,cellular,jul,mon,4,999,0,nonexistent,1.4,93.918,-42.7,4.962,5228.1,No,53,blue-collar,married,high.school,No,Sí,No
CLI006555,cellular,aug,wed,3,999,0,nonexistent,1.4,93.444,-36.1,4.964,5228.1,Sí,56,admin.,married,university.degree,No,No,No
CLI006556,cellular,jul,tue,5,999,0,nonexistent,1.4,93.918,-42.7,4.961,5228.1,No,40,admin.,divorced,high.school,No,No,Sí
CLI006557,cellular,jul,mon,11,999,0,nonexistent,1.4,93.918,-42.7,4.96,5228.1,No,31,admin.,married,university.degree,No,No,Sí
CLI006558,telephone,may,wed,1,999,0,nonexistent,1.1,93.994,-36.4,4.857,5191.0,No,33,services,divorced,high.school,No,No,No
CLI006559,telephone,may,wed,12,999,0,nonexistent,1.1,93.994,-36.4,4.858,5191.0,No,49,entrepreneur,married,high.school,Desconocido,No,No
CLI006560,cellular,oct,mon,1,999,0,nonexistent,-3.4,92.431,-26.9,0.739,5017.5,No,30,services,single,high.school,No,No,No
CLI006561,telephone,jun,fri,1,999,0,nonexistent,1.4,94.465,-41.8,4.967,5228.1,No,49,blue-collar,married,basic.4y,Desconocido,No,No
CLI006562,cellular,may,fri,1,999,1,failure,-1.8,92.893,-46.2,1.313,5099.1,No,40,blue-collar,married,Desconocido,Desconocido,No,No
CLI006563,cellular,may,mon,1,999,0,nonexistent,-1.8,92.893,-46.2,1.244,5099.1,No,58,blue-collar,married,high.school,Desconocido,No,No
CLI006564,telephone,aug,thu,3,999,0,nonexistent,1.4,93.444,-36.1,4.964,5228.1,No,29,technician,single,university.degree,No,,No
CLI006566,cellular,nov,wed,1,999,1,failure,-0.1,93.2,-42.0,4.12,5195.8,No,33,management,married,university.degree,No,No,No
CLI006567,telephone,jun,wed,4,999,0,nonexistent,1.4,94.465,-41.8,4.864,5228.1,No,25,blue-collar,married,basic.9y,Desconocido,Sí,No
CLI006568,cellular,may,wed,2,999,0,nonexistent,-1.8,92.893,-46.2,1.281,5099.1,No,42,technician,single,professional.course,No,Sí,No
CLI006569,telephone,jun,wed,1,999,0,nonexistent,1.4,94.465,-41.8,4.864,5228.1,No,34,entrepreneur,married,basic.4y,No,,No
CLI006570,cellular,aug,tue,2,999,0,nonexistent,1.4,93.444,-36.1,4.965,5228.1,No,48,blue-collar,married,basic.9y,No,Sí,No
CLI006571,cellular,jul,thu,8,999,0,nonexistent,1.4,93.918,-42.7,4.968,5228.1,No,55,retired,married,basic.9y,Desconocido,Sí,No
CLI006572,telephone,jun,mon,2,999,0,nonexistent,1.4,94.465,-41.8,4.865,5228.1,No,38,admin.,married,basic.9y,Desconocido,No,No
CLI006573,cellular,may,wed,3,999,1,failure,-1.8,92.893,-46.2,1.281,5099.1,No,37,blue-collar,married,,No,No,No
CLI006574,telephone,may,wed,3,999,0,nonexistent,1.1,93.994,-36.4,4.858,5191.0,No,39,technician,divorced,professional.course,No,No,No
CLI006575,cellular,apr,mon,1,999,0,nonexistent,-1.8,93.075,-47.1,1.405,5099.1,No,46,admin.,married,high.school,Desconocido,Sí,No
CLI006576,telephone,may,mon,2,999,0,nonexistent,1.1,93.994,-36.4,4.857,5191.0,No,57,admin.,married,university.degree,Desconocido,Sí,No
CLI006577,telephone,may,wed,3,999,0,nonexistent,1.1,93.994,-36.4,4.858,5191.0,No,35,technician,married,high.school,No,No,No
CLI006578,telephone,may,mon,4,999,0,nonexistent,1.1,93.994,-36.4,4.857,5191.0,No,40,services,married,high.school,Desconocido,Sí,No
CLI006579,telephone,may,tue,5,999,0,nonexistent,1.1,93.994,-36.4,4.857,5191.0,No,38,admin.,married,university.degree,No,Sí,No
CLI006580,telephone,may,mon,3,999,0,nonexistent,1.1,93.994,-36.4,4.857,5191.0,No,30,admin.,married,university.degree,Desconocido,Sí,No
CLI006581,cellular,aug,mon,2,999,0,nonexistent,1.4,93.444,-36.1,4.965,5228.1,No,45,services,married,high.school,Desconocido,Sí,Sí
CLI006582,telephone,jun,fri,12,999,0,nonexistent,1.4,94.465,-41.8,4.959,5228.1,No,45,admin.,divorced,university.degree,Desconocido,Desconocido,Desconocido
CLI006583,telephone,may,wed,4,999,0,nonexistent,1.1,93.994,-36.4,4.857,5191.0,No,50,technician,married,professional.course,Desconocido,No,No
CLI006584,cellular,jul,tue,1,999,0,nonexistent,1.4,93.918,-42.7,4.962,5228.1,No,26,blue-collar,married,basic.9y,Desconocido,Sí,No
CLI006585,cellular,oct,mon,3,999,1,failure,-3.4,92.431,-26.9,0.743,5017.5,Sí,59,technician,married,university.degree,No,Sí,No
CLI006586,cellular,mar,mon,2,999,0,nonexistent,-1.8,92.843,-50.0,1.703,5099.1,No,37,admin.,single,university.degree,No,Sí,Sí
CLI006587,cellular,aug,tue,2,999,0,nonexistent,-2.9,92.201,-31.4,0.883,5076.2,No,58,technician,married,professional.course,No,No,No
CLI006588,cellular,nov,wed,2,999,0,nonexistent,-0.1,93.2,-42.0,4.12,5195.8,Sí,57,management,married,university.degree,No,Sí,No
CLI006589,telephone,nov,mon,1,999,0,nonexistent,-0.1,93.2,-42.0,4.191,5195.8,No,36,technician,married,high.school,No,Sí,No
CLI006590,telephone,may,wed,1,999,0,nonexistent,1.1,93.994,-36.4,4.858,5191.0,No,52,retired,divorced,basic.4y,No,Sí,Sí
CLI006591,telephone,jun,tue,1,999,0,nonexistent,1.4,94.465,-41.8,4.864,5228.1,No,35,blue-collar,married,high.school,No,Sí,No
CLI006592,cellular,may,fri,2,999,0,nonexistent,-1.8,92.893,-46.2,1.313,5099.1,No,29,services,married,basic.9y,No,No,Sí
CLI006593,telephone,jun,mon,17,999,0,nonexistent,1.4,94.465,-41.8,4.961,5228.1,No,32,blue-collar,single,basic.9y,No,Sí,No
CLI006594,cellular,jul,thu,3,999,0,nonexistent,-2.9,92.469,-33.6,0.927,5076.2,No,33,admin.,divorced,university.degree,No,No,Sí
CLI006595,telephone,jun,mon,1,999,0,nonexistent,1.4,94.465,-41.8,4.96,5228.1,No,34,blue-collar,married,basic.9y,No,No,No
CLI006596,telephone,nov,fri,1,999,0,nonexistent,-0.1,93.2,-42.0,4.474,5195.8,Sí,31,blue-collar,married,basic.9y,No,Sí,No
CLI006597,cellular,may,wed,2,999,1,failure,-1.8,92.893,-46.2,1.334,5099.1,No,34,housemaid,married,high.school,Desconocido,No,No
CLI006598,cellular,jul,wed,1,999,0,nonexistent,1.4,93.918,-42.7,4.963,5228.1,No,43,admin.,married,university.degree,No,Sí,Sí
CLI006599,telephone,may,fri,1,999,0,nonexistent,1.1,93.994,-36.4,4.855,5191.0,No,36,technician,married,professional.course,No,No,No
CLI006600,telephone,may,thu,1,999,0,nonexistent,1.1,93.994,-36.4,4.86,5191.0,No,24,student,married,university.degree,No,No,No
CLI006601,cellular,jul,mon,4,999,0,nonexistent,1.4,93.918,-42.7,4.96,5228.1,No,29,services,single,high.school,No,Sí,No
CLI006602,cellular,nov,mon,1,7,1,success,-3.4,92.649,-30.1,0.722,5017.5,No,50,admin.,married,university.degree,No,Sí,No
CLI006603,cellular,aug,tue,3,999,0,nonexistent,1.4,93.444,-36.1,4.966,5228.1,No,46,services,married,basic.4y,Desconocido,No,No
CLI006604,cellular,aug,wed,2,6,3,success,-1.7,94.027,-38.3,0.903,4991.6,Sí,35,admin.,married,university.degree,No,Sí,No
CLI006605,cellular,aug,fri,4,999,0,nonexistent,1.4,93.444,-36.1,4.964,5228.1,No,36,technician,single,professional.course,No,No,Sí
CLI006606,telephone,oct,thu,2,6,1,success,-1.1,94.601,-49.5,1.025,4963.6,Sí,29,admin.,single,high.school,No,No,No
CLI006607,cellular,apr,wed,1,999,1,failure,-1.8,93.075,-47.1,1.445,5099.1,Sí,63,retired,married,Desconocido,No,No,No
CLI006608,cellular,nov,wed,4,999,0,nonexistent,-0.1,93.2,-42.0,4.12,5195.8,No,46,blue-collar,married,basic.4y,No,Sí,No
CLI006609,cellular,may,thu,2,999,2,failure,-1.8,92.893,-46.2,1.327,5099.1,No,31,management,married,university.degree,No,No,Sí
CLI006610,cellular,apr,wed,2,999,0,nonexistent,-1.8,93.075,-47.1,1.445,5099.1,No,27,technician,single,basic.9y,No,No,Sí
CLI006611,cellular,oct,tue,1,17,2,failure,-1.1,94.601,-49.5,1.037,4963.6,No,30,student,single,high.school,No,Sí,No
CLI006612,cellular,aug,wed,1,999,0,nonexistent,1.4,93.444,-36.1,4.967,5228.1,No,32,admin.,single,university.degree,Desconocido,No,No
CLI006613,cellular,jul,tue,1,999,0,nonexistent,1.4,93.918,-42.7,4.961,5228.1,No,56,housemaid,married,basic.4y,Desconocido,No,No
CLI006614,cellular,jul,thu,2,999,0,nonexistent,1.4,93.918,-42.7,4.962,5228.1,No,36,management,married,university.degree,No,Sí,Sí
CLI006615,cellular,jul,wed,2,999,0,nonexistent,1.4,93.918,-42.7,4.963,5228.1,No,40,admin.,divorced,university.degree,No,No,No
CLI006616,telephone,jul,thu,1,999,0,nonexistent,1.4,93.918,-42.7,4.968,5228.1,No,47,blue-collar,married,basic.4y,No,Desconocido,Desconocido
CLI006617,telephone,may,tue,1,999,0,nonexistent,1.1,93.994,-36.4,4.857,5191.0,No,50,services,married,basic.9y,No,Sí,Sí
CLI006618,telephone,may,thu,1,999,0,nonexistent,1.1,93.994,-36.4,4.855,5191.0,No,38,entrepreneur,married,basic.6y,No,No,No
CLI006619,telephone,sep,mon,1,999,0,nonexistent,-1.1,94.199,-37.5,0.876,4963.6,Sí,25,student,single,high.school,No,No,No
CLI006620,cellular,aug,mon,1,6,2,failure,-2.9,92.201,-31.4,0.821,5076.2,No,63,retired,married,university.degree,No,Sí,No
CLI006621,telephone,jul,mon,3,999,0,nonexistent,1.4,93.918,-42.7,4.96,5228.1,No,40,services,married,high.school,No,Sí,No
CLI006622,telephone,jun,wed,1,999,0,nonexistent,1.4,94.465,-41.8,4.962,5228.1,Sí,24,blue-collar,single,basic.4y,No,No,No
CLI006623,cellular,aug,wed,1,3,1,success,-2.9,92.201,-31.4,0.854,5076.2,No,33,admin.,single,university.degree,No,Sí,No
CLI006624,telephone,jun,wed,1,999,0,nonexistent,1.4,94.465,-41.8,4.959,5228.1,No,45,blue-collar,married,basic.6y,Desconocido,Sí,No
CLI006625,telephone,may,fri,1,999,0,nonexistent,1.1,93.994,-36.4,4.864,5191.0,No,43,housemaid,married,basic.4y,Desconocido,No,No
CLI006626,cellular,aug,tue,1,999,0,nonexistent,1.4,93.444,-36.1,4.965,5228.1,No,37,technician,divorced,professional.course,No,Desconocido,Desconocido
CLI006627,telephone,may,fri,17,999,0,nonexistent,1.1,93.994,-36.4,4.859,5191.0,No,32,technician,divorced,professional.course,No,Sí,No
CLI006628,cellular,jul,thu,3,999,0,nonexistent,1.4,93.918,-42.7,4.958,5228.1,No,24,services,single,high.school,No,No,No
CLI006629,cellular,may,wed,1,999,1,failure,-1.8,92.893,-46.2,1.334,5099.1,No,36,technician,single,professional.course,No,No,No
CLI006630,cellular,nov,mon,2,999,1,failure,-3.4,92.649,-30.1,0.722,5017.5,No,41,admin.,single,high.school,No,No,No
CLI006631,cellular,may,wed,1,999,0,nonexistent,-1.8,92.893,-46.2,1.334,5099.1,No,47,services,married,high.school,Desconocido,No,No
CLI006632,cellular,may,tue,1,999,0,nonexistent,-1.8,92.893,-46.2,1.344,5099.1,No,36,admin.,single,high.school,No,Sí,No
CLI006633,cellular,nov,mon,2,999,0,nonexistent,-0.1,93.2,-42.0,4.191,5195.8,No,33,management,married,university.degree,No,Sí,No
CLI006634,cellular,jul,thu,2,999,0,nonexistent,1.4,93.918,-42.7,4.962,5228.1,No,43,blue-collar,married,basic.9y,Desconocido,Sí,No
CLI006635,cellular,aug,thu,3,999,0,nonexistent,1.4,93.444,-36.1,4.968,5228.1,No,30,admin.,married,high.school,No,No,No
CLI006636,cellular,may,fri,4,999,0,nonexistent,-1.8,92.893,-46.2,1.25,5099.1,No,29,admin.,single,high.school,No,No,No
CLI006637,cellular,jul,thu,1,999,0,nonexistent,1.4,93.918,-42.7,4.963,5228.1,No,32,services,single,basic.9y,No,Sí,No
CLI006638,telephone,may,fri,3,999,0,nonexistent,1.1,93.994,-36.4,4.855,5191.0,No,26,services,single,high.school,No,No,No
CLI006639,cellular,jul,mon,1,999,0,nonexistent,1.4,93.918,-42.7,4.96,5228.1,No,31,services,married,high.school,No,Sí,No
CLI006640,cellular,aug,tue,1,999,0,nonexistent,1.4,93.444,-36.1,4.963,5228.1,No,31,services,married,university.degree,No,Sí,No
CLI006641,cellular,jul,fri,2,999,0,nonexistent,1.4,93.918,-42.7,4.957,5228.1,No,25,services,single,high.school,No,Sí,
CLI006642,cellular,jul,thu,1,999,0,nonexistent,1.4,93.918,-42.7,4.962,5228.1,No,53,management,married,Desconocido,Desconocido,Sí,No
CLI006643,cellular,may,fri,2,999,0,nonexistent,-1.8,92.893,-46.2,1.25,5099.1,No,31,admin.,single,university.degree,No,No,
CLI006644,telephone,may,thu,1,999,0,nonexistent,1.1,93.994,-36.4,4.855,5191.0,No,35,Desconocido,married,basic.9y,No,Sí,Sí
CLI006645,telephone,may,tue,2,999,0,nonexistent,1.1,93.994,-36.4,4.856,5191.0,No,47,blue-collar,married,basic.9y,No,Sí,No
CLI006646,cellular,jul,mon,1,999,0,nonexistent,1.4,93.918,-42.7,4.96,5228.1,No,31,admin.,single,high.school,No,No,No
CLI006647,cellular,mar,tue,2,999,0,nonexistent,-1.8,92.843,-50.0,1.556,5099.1,No,61,retired,married,basic.9y,No,No,Sí
CLI006648,telephone,may,mon,2,999,0,nonexistent,1.1,93.994,-36.4,4.857,5191.0,No,32,admin.,single,university.degree,No,No,No
CLI006649,cellular,apr,mon,1,999,0,nonexistent,-1.8,93.075,-47.1,1.405,5099.1,No,30,technician,divorced,university.degree,No,No,No
CLI006650,cellular,may,tue,4,999,0,nonexistent,-1.8,92.893,-46.2,1.344,5099.1,No,19,student,single,high.school,Desconocido,No,Sí
CLI006651,telephone,may,wed,6,999,0,nonexistent,1.1,93.994,-36.4,4.858,5191.0,No,48,blue-collar,married,basic.9y,Desconocido,Sí,No
CLI006652,cellular,may,mon,1,999,0,nonexistent,-1.8,92.893,-46.2,1.299,5099.1,No,30,technician,single,professional.course,No,Sí,No
CLI006653,cellular,aug,mon,2,999,0,nonexistent,1.4,93.444,-36.1,4.97,5228.1,Sí,52,management,married,university.degree,No,No,No
CLI006654,cellular,may,fri,3,999,0,nonexistent,-1.8,92.893,-46.2,1.25,5099.1,No,26,services,married,high.school,No,Sí,No
CLI006655,cellular,aug,fri,4,999,0,nonexistent,1.4,93.444,-36.1,4.966,5228.1,No,35,admin.,single,university.degree,No,Sí,No
CLI006656,cellular,aug,tue,3,9,2,success,-1.7,94.027,-38.3,0.899,4991.6,Sí,21,student,single,high.school,No,Sí,No
CLI006657,telephone,jun,wed,5,999,0,nonexistent,1.4,94.465,-41.8,4.962,5228.1,No,28,admin.,single,university.degree,No,Sí,No
CLI006658,cellular,nov,thu,1,999,0,nonexistent,-0.1,93.2,-42.0,4.076,5195.8,No,34,management,married,university.degree,No,No,No
CLI006659,cellular,jul,mon,1,999,0,nonexistent,1.4,93.918,-42.7,4.96,5228.1,No,49,management,married,university.degree,No,Sí,No
CLI006660,telephone,nov,thu,1,999,0,nonexistent,-0.1,93.2,-42.0,3.879,5195.8,No,46,entrepreneur,single,professional.course,No,Sí,No
CLI006661,cellular,jul,tue,5,999,0,nonexistent,1.4,93.918,-42.7,4.961,5228.1,No,57,blue-collar,divorced,basic.6y,Desconocido,Sí,No
CLI006662,telephone,jun,thu,6,999,0,nonexistent,1.4,94.465,-41.8,4.958,5228.1,No,36,services,married,high.school,No,Sí,Sí
CLI006663,cellular,oct,wed,1,999,0,nonexistent,-3.4,92.431,-26.9,0.742,5017.5,No,38,admin.,married,high.school,No,Sí,No
CLI006664,telephone,jun,tue,6,999,0,nonexistent,1.4,94.465,-41.8,4.864,5228.1,No,51,blue-collar,married,basic.9y,No,Sí,No
CLI006665,telephone,may,tue,1,999,0,nonexistent,1.1,93.994,-36.4,4.856,5191.0,No,35,admin.,married,university.degree,No,Sí,
CLI006666,cellular,aug,wed,1,999,0,nonexistent,1.4,93.444,-36.1,4.967,5228.1,No,38,admin.,single,high.school,No,No,No
CLI006667,cellular,aug,fri,1,999,0,nonexistent,1.4,93.444,-36.1,4.966,5228.1,No,47,admin.,married,basic.9y,No,No,No
CLI006668,cellular,aug,mon,5,999,0,nonexistent,1.4,93.444,-36.1,4.965,5228.1,No,47,blue-collar,married,basic.4y,No,No,No
CLI006669,telephone,may,wed,8,999,0,nonexistent,1.1,93.994,-36.4,4.858,5191.0,No,42,blue-collar,married,basic.4y,Desconocido,No,No
CLI006670,telephone,jul,tue,1,999,0,nonexistent,1.4,93.918,-42.7,4.955,5228.1,No,32,admin.,married,university.degree,No,No,No
CLI006671,telephone,may,wed,2,999,0,nonexistent,1.1,93.994,-36.4,4.856,5191.0,No,30,blue-collar,married,basic.6y,No,No,No
CLI006672,cellular,may,mon,3,999,0,nonexistent,-1.8,92.893,-46.2,1.299,5099.1,No,35,technician,married,university.degree,No,Sí,No
CLI006673,telephone,apr,fri,4,999,0,nonexistent,-1.8,93.075,-47.1,1.479,5099.1,No,37,admin.,married,university.degree,No,Sí,No
CLI006674,telephone,may,fri,4,999,0,nonexistent,1.1,93.994,-36.4,4.864,5191.0,No,50,admin.,married,basic.6y,No,No,No
CLI006675,telephone,jun,fri,13,999,0,nonexistent,1.4,94.465,-41.8,4.959,5228.1,No,52,management,married,Desconocido,Desconocido,Sí,No
CLI006676,telephone,jun,mon,3,999,0,nonexistent,1.4,94.465,-41.8,4.96,5228.1,No,32,services,married,high.school,No,No,No
CLI006677,cellular,jul,thu,3,999,0,nonexistent,1.4,93.918,-42.7,4.958,5228.1,No,35,self-employed,married,university.degree,No,No,No
CLI006678,cellular,apr,thu,1,999,0,nonexistent,-1.8,93.075,-47.1,1.435,5099.1,No,35,services,married,basic.9y,No,Sí,No
CLI006679,cellular,nov,fri,2,999,0,nonexistent,-1.1,94.767,-50.8,1.028,4963.6,No,36,admin.,married,university.degree,No,No,No
CLI006680,telephone,may,fri,4,999,0,nonexistent,1.1,93.994,-36.4,4.855,5191.0,No,34,management,married,university.degree,No,Sí,No
CLI006682,cellular,may,wed,1,999,0,nonexistent,-1.8,92.893,-46.2,1.334,5099.1,No,37,admin.,married,university.degree,No,No,No
CLI006683,cellular,jul,thu,1,999,0,nonexistent,1.4,93.918,-42.7,4.968,5228.1,No,45,management,married,university.degree,No,No,No
CLI006684,telephone,jun,tue,3,999,0,nonexistent,1.4,94.465,-41.8,4.961,5228.1,No,50,management,married,basic.4y,Desconocido,No,No
CLI006685,cellular,nov,thu,1,999,0,nonexistent,-0.1,93.2,-42.0,4.076,5195.8,No,34,management,married,university.degree,No,No,Sí
CLI006686,cellular,jul,fri,2,999,0,nonexistent,1.4,93.918,-42.7,4.963,5228.1,No,55,retired,married,university.degree,No,Sí,No
CLI006687,telephone,may,thu,2,999,0,nonexistent,1.1,93.994,-36.4,4.855,5191.0,No,35,blue-collar,married,basic.9y,No,No,No
CLI006688,telephone,may,fri,1,999,0,nonexistent,1.1,93.994,-36.4,4.857,5191.0,No,37,technician,single,professional.course,No,Sí,No
CLI006689,telephone,jun,mon,1,999,0,nonexistent,1.4,94.465,-41.8,4.961,5228.1,No,36,technician,married,professional.course,No,No,No
CLI006690,cellular,nov,fri,2,999,1,failure,-0.1,93.2,-42.0,4.021,5195.8,No,40,admin.,married,university.degree,No,No,No
CLI006691,telephone,may,tue,4,999,0,nonexistent,1.1,93.994,-36.4,4.857,5191.0,No,29,admin.,single,basic.9y,Desconocido,No,No
CLI006692,telephone,jul,wed,1,999,0,nonexistent,1.4,93.918,-42.7,4.963,5228.1,No,25,blue-collar,married,high.school,No,No,No
CLI006693,cellular,jul,tue,2,999,0,nonexistent,1.4,93.918,-42.7,4.961,5228.1,No,50,services,single,high.school,No,Sí,No
CLI006694,cellular,may,wed,4,999,0,nonexistent,-1.8,92.893,-46.2,1.281,5099.1,No,53,blue-collar,single,Desconocido,No,Sí,No
CLI006695,telephone,may,fri,2,999,0,nonexistent,1.1,93.994,-36.4,4.859,5191.0,No,35,technician,married,university.degree,No,Sí,No
CLI006696,telephone,may,wed,1,999,0,nonexistent,1.1,93.994,-36.4,4.857,5191.0,No,47,blue-collar,married,basic.4y,Desconocido,Sí,No
CLI006697,telephone,may,fri,5,999,0,nonexistent,1.1,93.994,-36.4,4.857,5191.0,No,36,services,single,basic.6y,Desconocido,Sí,No
CLI006698,telephone,may,tue,1,999,0,nonexistent,1.1,93.994,-36.4,4.856,5191.0,No,50,services,married,Desconocido,Desconocido,No,No
CLI006699,cellular,jun,wed,1,999,0,nonexistent,-2.9,92.963,-40.8,1.26,5076.2,Sí,20,student,single,Desconocido,No,Sí,No
CLI006700,telephone,may,wed,4,999,0,nonexistent,1.1,93.994,-36.4,4.859,5191.0,No,33,admin.,married,Desconocido,No,Sí,No
CLI006701,cellular,jul,mon,2,999,0,nonexistent,-2.9,92.469,-33.6,0.914,5076.2,No,50,self-employed,married,Desconocido,No,Desconocido,Desconocido
CLI006702,telephone,aug,mon,1,999,0,nonexistent,-1.7,94.027,-38.3,0.904,4991.6,No,30,technician,single,professional.course,No,No,No
CLI006703,cellular,oct,wed,2,6,2,success,-3.4,92.431,-26.9,0.735,5017.5,No,54,admin.,divorced,university.degree,No,Sí,No
CLI006704,cellular,may,thu,1,999,0,nonexistent,-1.8,92.893,-46.2,1.266,5099.1,No,50,self-employed,married,basic.9y,Desconocido,No,No
CLI006705,telephone,may,wed,3,999,0,nonexistent,1.1,93.994,-36.4,4.858,5191.0,No,50,blue-collar,married,basic.4y,No,No,No
CLI006706,telephone,jun,thu,1,999,0,nonexistent,1.4,94.465,-41.8,4.866,5228.1,No,57,services,married,high.school,Desconocido,No,Sí
CLI006707,cellular,apr,thu,1,6,1,success,-1.8,93.749,-34.6,0.644,5008.7,Sí,58,unemployed,married,basic.9y,No,Sí,No
CLI006709,cellular,may,thu,1,999,0,nonexistent,-1.8,92.893,-46.2,1.266,5099.1,No,35,admin.,married,,No,Sí,No
CLI006710,cellular,nov,thu,3,999,0,nonexistent,-3.4,92.649,-30.1,0.714,5017.5,No,67,retired,married,basic.4y,No,Sí,No
CLI006711,cellular,apr,thu,1,999,0,nonexistent,-1.8,93.075,-47.1,1.365,5099.1,No,35,admin.,divorced,high.school,No,Sí,No
CLI006712,cellular,nov,fri,1,999,0,nonexistent,-0.1,93.2,-42.0,4.021,5195.8,No,47,technician,married,university.degree,No,Sí,No
CLI006713,cellular,nov,thu,1,999,0,nonexistent,-0.1,93.2,-42.0,4.076,5195.8,No,30,services,married,basic.9y,No,Sí,No
CLI006714,cellular,aug,mon,3,999,0,nonexistent,1.4,93.444,-36.1,4.97,5228.1,No,58,blue-collar,married,basic.9y,No,Sí,No
CLI006715,telephone,jul,thu,1,999,0,nonexistent,1.4,93.918,-42.7,4.958,5228.1,No,49,admin.,single,university.degree,No,Sí,No
CLI006716,cellular,jul,wed,1,999,0,nonexistent,1.4,93.918,-42.7,4.962,5228.1,No,38,blue-collar,married,Desconocido,No,No,No
CLI006717,cellular,jul,mon,1,999,0,nonexistent,1.4,93.918,-42.7,4.96,5228.1,No,54,management,married,university.degree,No,Sí,No
CLI006718,cellular,aug,mon,1,999,0,nonexistent,1.4,93.444,-36.1,4.965,5228.1,No,34,admin.,single,university.degree,No,Sí,No
CLI006719,telephone,may,tue,1,999,0,nonexistent,1.1,93.994,-36.4,4.856,5191.0,No,33,services,married,university.degree,No,Sí,No
CLI006720,telephone,jun,mon,3,999,0,nonexistent,1.4,94.465,-41.8,4.961,5228.1,Sí,27,entrepreneur,single,university.degree,No,Sí,No
CLI006721,cellular,nov,wed,1,999,0,nonexistent,-0.1,93.2,-42.0,4.12,5195.8,No,55,technician,married,basic.9y,No,No,No
CLI006722,cellular,aug,thu,2,999,0,nonexistent,1.4,93.444,-36.1,4.968,5228.1,No,44,unemployed,married,professional.course,Desconocido,No,No
CLI006723,cellular,nov,wed,1,999,0,nonexistent,-0.1,93.2,-42.0,4.12,5195.8,No,31,management,single,university.degree,No,No,No
CLI006724,cellular,jul,mon,3,999,0,nonexistent,1.4,93.918,-42.7,4.96,5228.1,No,39,blue-collar,single,basic.9y,Desconocido,Sí,No
CLI006725,cellular,aug,thu,3,999,0,nonexistent,1.4,93.444,-36.1,4.964,5228.1,No,31,technician,married,professional.course,No,Sí,No
CLI006727,telephone,may,fri,2,999,0,nonexistent,1.1,93.994,-36.4,4.855,5191.0,No,33,management,single,university.degree,No,Sí,Sí
CLI006728,telephone,may,mon,10,999,0,nonexistent,1.1,93.994,-36.4,4.857,5191.0,No,36,blue-collar,married,high.school,Desconocido,Sí,No
CLI006729,telephone,jul,thu,1,999,0,nonexistent,1.4,93.918,-42.7,4.966,5228.1,No,24,admin.,single,high.school,No,Sí,Sí
CLI006730,cellular,may,fri,2,999,0,nonexistent,-1.8,92.893,-46.2,1.25,5099.1,No,40,management,divorced,university.degree,No,No,No
CLI006731,cellular,may,thu,2,999,0,nonexistent,-1.8,92.893,-46.2,1.266,5099.1,No,32,blue-collar,married,basic.9y,No,Sí,No
CLI006732,cellular,aug,wed,1,999,0,nonexistent,1.4,93.444,-36.1,4.964,5228.1,No,44,technician,single,professional.course,No,Sí,No
CLI006733,cellular,jul,mon,2,999,0,nonexistent,1.4,93.918,-42.7,4.96,5228.1,No,33,blue-collar,married,basic.6y,Desconocido,No,Sí
CLI006734,telephone,may,mon,3,999,0,nonexistent,-1.8,92.893,-46.2,1.264,5099.1,No,28,technician,single,high.school,No,Sí,No
CLI006735,cellular,nov,tue,5,999,0,nonexistent,-0.1,93.2,-42.0,4.153,5195.8,No,45,services,married,high.school,Desconocido,No,No
CLI006736,cellular,may,wed,1,999,1,failure,-1.8,92.893,-46.2,1.281,5099.1,No,36,blue-collar,married,basic.9y,No,Sí,Sí
CLI006737,telephone,may,mon,4,999,0,nonexistent,1.1,93.994,-36.4,4.858,5191.0,No,28,admin.,single,high.school,No,No,No
CLI006738,cellular,may,tue,1,999,0,nonexistent,-1.8,92.893,-46.2,1.291,5099.1,No,59,blue-collar,married,basic.9y,No,Sí,Sí
CLI006739,cellular,apr,mon,2,999,0,nonexistent,-1.8,93.075,-47.1,1.405,5099.1,No,51,blue-collar,married,basic.9y,Desconocido,Sí,No
CLI006740,telephone,may,tue,1,999,0,nonexistent,1.1,93.994,-36.4,4.856,5191.0,Sí,47,blue-collar,married,Desconocido,Desconocido,No,No
CLI006741,cellular,may,thu,1,999,0,nonexistent,-1.8,92.893,-46.2,1.266,5099.1,No,31,blue-collar,single,basic.9y,No,Sí,No
CLI006742,cellular,jul,tue,3,999,0,nonexistent,1.4,93.918,-42.7,4.961,5228.1,No,37,blue-collar,married,basic.6y,Desconocido,No,No
CLI006743,telephone,jun,fri,1,999,0,nonexistent,1.4,94.465,-41.8,4.967,5228.1,No,50,self-employed,married,basic.4y,Desconocido,Sí,No
CLI006744,telephone,may,wed,2,999,0,nonexistent,1.1,93.994,-36.4,4.859,5191.0,No,30,admin.,married,high.school,Desconocido,No,No
CLI006745,telephone,jun,tue,2,999,0,nonexistent,1.4,94.465,-41.8,4.961,5228.1,No,38,admin.,married,university.degree,No,No,Sí
CLI006746,cellular,may,thu,1,6,2,success,-1.8,92.893,-46.2,1.327,5099.1,No,57,retired,married,basic.6y,No,Sí,No
CLI006747,cellular,apr,fri,3,999,0,nonexistent,-1.8,93.075,-47.1,1.405,5099.1,No,45,blue-collar,divorced,basic.9y,No,No,No
CLI006748,cellular,nov,mon,2,999,1,failure,-3.4,92.649,-30.1,0.722,5017.5,Sí,34,admin.,single,high.school,No,Sí,No
CLI006749,cellular,aug,thu,2,999,0,nonexistent,1.4,93.444,-36.1,4.962,5228.1,No,33,unemployed,single,university.degree,No,Sí,No
CLI006750,telephone,may,fri,1,999,0,nonexistent,1.1,93.994,-36.4,4.859,5191.0,No,40,blue-collar,married,basic.6y,Desconocido,No,No
CLI006751,cellular,aug,tue,1,999,0,nonexistent,1.4,93.444,-36.1,4.963,5228.1,No,58,admin.,divorced,high.school,No,No,No
CLI006752,telephone,may,mon,2,999,0,nonexistent,1.1,93.994,-36.4,4.858,5191.0,No,24,blue-collar,married,basic.9y,No,Sí,No
CLI006753,cellular,aug,tue,3,999,1,failure,-2.9,92.201,-31.4,0.838,5076.2,No,60,housemaid,divorced,professional.course,No,Sí,No
CLI006754,cellular,jun,thu,1,999,0,nonexistent,-2.9,92.963,-40.8,1.26,5076.2,No,50,blue-collar,married,basic.9y,No,Sí,No
CLI006755,cellular,may,mon,2,999,1,failure,-1.8,92.893,-46.2,1.244,5099.1,No,32,self-employed,married,university.degree,No,No,Sí
CLI006756,cellular,jul,wed,5,999,0,nonexistent,1.4,93.918,-42.7,4.963,5228.1,No,40,unemployed,divorced,university.degree,No,No,No
CLI006757,cellular,aug,thu,1,999,0,nonexistent,1.4,93.444,-36.1,4.964,5228.1,No,31,admin.,married,university.degree,No,No,No
CLI006758,cellular,aug,mon,3,999,0,nonexistent,1.4,93.444,-36.1,4.965,5228.1,No,51,technician,married,professional.course,No,Sí,No
CLI006759,cellular,jul,wed,4,999,0,nonexistent,1.4,93.918,-42.7,4.957,5228.1,No,27,services,married,high.school,No,No,No
CLI006760,cellular,aug,fri,1,999,0,nonexistent,1.4,93.444,-36.1,4.963,5228.1,No,34,admin.,married,high.school,Desconocido,Sí,
CLI006761,cellular,nov,mon,1,999,0,nonexistent,-0.1,93.2,-42.0,4.191,5195.8,No,54,entrepreneur,married,basic.4y,Desconocido,Sí,No
CLI006762,cellular,aug,tue,1,999,0,nonexistent,1.4,93.444,-36.1,4.966,5228.1,No,31,admin.,single,university.degree,No,No,No
CLI006763,cellular,jul,wed,1,999,0,nonexistent,1.4,93.918,-42.7,4.962,5228.1,No,29,admin.,single,high.school,No,Sí,No
CLI006764,cellular,may,fri,2,999,0,nonexistent,-1.8,92.893,-46.2,1.25,5099.1,No,44,management,married,university.degree,No,No,No
CLI006765,telephone,jul,wed,3,999,0,nonexistent,1.4,93.918,-42.7,4.963,5228.1,No,44,services,married,Desconocido,No,Sí,Sí
CLI006766,cellular,may,thu,1,999,1,failure,-1.8,92.893,-46.2,1.327,5099.1,No,57,retired,married,basic.6y,No,No,Sí
CLI006767,cellular,may,thu,3,999,0,nonexistent,-1.8,92.893,-46.2,1.327,5099.1,No,31,admin.,married,university.degree,No,No,No
CLI006768,cellular,may,tue,1,999,1,failure,-1.8,92.893,-46.2,1.344,5099.1,Sí,49,admin.,married,high.school,No,Sí,No
CLI006769,cellular,may,fri,3,3,3,success,-1.8,93.876,-40.0,0.684,5008.7,Sí,52,management,married,university.degree,No,Sí,No
CLI006770,telephone,jul,tue,1,999,0,nonexistent,1.4,93.918,-42.7,4.955,5228.1,No,37,admin.,married,high.school,No,No,No
CLI006771,cellular,aug,wed,1,999,0,nonexistent,1.4,93.444,-36.1,4.964,5228.1,No,49,admin.,married,university.degree,No,No,No
CLI006772,telephone,may,mon,1,999,0,nonexistent,1.1,93.994,-36.4,4.857,5191.0,No,41,technician,married,professional.course,Desconocido,No,No
CLI006773,cellular,aug,wed,1,999,0,nonexistent,-2.9,92.201,-31.4,0.879,5076.2,No,32,admin.,married,high.school,No,No,No
CLI006774,cellular,may,mon,1,999,0,nonexistent,-1.8,92.893,-46.2,1.299,5099.1,No,34,services,married,high.school,No,,No
CLI006775,cellular,oct,tue,1,999,0,nonexistent,-3.4,92.431,-26.9,0.742,5017.5,No,55,technician,married,professional.course,No,No,No
CLI006776,cellular,nov,tue,2,999,0,nonexistent,-0.1,93.2,-42.0,4.153,5195.8,No,37,technician,married,professional.course,No,Sí,No
CLI006778,cellular,aug,mon,2,999,0,nonexistent,1.4,93.444,-36.1,4.965,5228.1,No,31,admin.,divorced,university.degree,No,Sí,No
CLI006779,cellular,sep,mon,3,3,1,success,-3.4,92.379,-29.8,0.797,5017.5,Sí,59,admin.,married,Desconocido,No,Sí,Sí
CLI006780,telephone,may,mon,4,999,0,nonexistent,1.1,93.994,-36.4,4.858,5191.0,No,50,services,married,basic.6y,No,Sí,No
CLI006781,cellular,aug,mon,3,999,0,nonexistent,1.4,93.444,-36.1,4.963,5228.1,No,53,retired,divorced,professional.course,No,No,No
CLI006782,telephone,may,wed,4,999,0,nonexistent,1.1,93.994,-36.4,4.857,5191.0,No,43,entrepreneur,married,university.degree,No,No,Sí
CLI006783,cellular,jul,thu,1,999,0,nonexistent,1.4,93.918,-42.7,4.963,5228.1,No,32,blue-collar,married,basic.9y,Desconocido,No,No
CLI006784,cellular,aug,mon,2,999,0,nonexistent,1.4,93.444,-36.1,4.965,5228.1,No,53,admin.,divorced,university.degree,No,Sí,No
CLI006785,cellular,aug,tue,1,999,0,nonexistent,1.4,93.444,-36.1,4.968,5228.1,No,48,management,married,high.school,Desconocido,No,No
CLI006786,telephone,jun,mon,1,999,0,nonexistent,1.4,94.465,-41.8,4.96,5228.1,No,46,technician,married,high.school,No,Desconocido,Desconocido
CLI006787,cellular,jul,tue,1,999,0,nonexistent,-2.9,92.469,-33.6,1.044,5076.2,No,26,services,single,high.school,No,Sí,No
CLI006788,telephone,sep,wed,3,6,1,success,-1.1,94.199,-37.5,0.876,4963.6,Sí,39,entrepreneur,married,professional.course,No,No,No
CLI006789,cellular,jul,thu,2,999,1,failure,-2.9,92.469,-33.6,1.072,5076.2,Sí,51,technician,married,professional.course,No,Sí,No
CLI006790,cellular,jul,tue,4,999,0,nonexistent,1.4,93.918,-42.7,4.961,5228.1,No,51,admin.,divorced,professional.course,No,Sí,No
CLI006791,cellular,jul,thu,2,999,0,nonexistent,-2.9,92.469,-33.6,1.072,5076.2,Sí,24,self-employed,single,Desconocido,No,No,Sí
CLI006792,cellular,nov,thu,6,999,0,nonexistent,-0.1,93.2,-42.0,4.076,5195.8,No,46,management,married,university.degree,No,Sí,No
CLI006793,telephone,jun,tue,1,999,0,nonexistent,1.4,94.465,-41.8,4.961,5228.1,No,51,blue-collar,married,basic.4y,No,Sí,No
CLI006794,telephone,may,fri,2,999,0,nonexistent,1.1,93.994,-36.4,4.857,5191.0,Sí,49,technician,married,professional.course,No,No,No
CLI006795,cellular,jul,fri,1,999,0,nonexistent,1.4,93.918,-42.7,4.957,5228.1,Sí,57,blue-collar,married,high.school,Desconocido,Sí,No
CLI006796,telephone,may,wed,1,999,0,nonexistent,1.1,93.994,-36.4,4.858,5191.0,No,55,admin.,married,high.school,No,Sí,No
CLI006797,cellular,nov,wed,1,999,1,failure,-0.1,93.2,-42.0,4.12,5195.8,No,41,admin.,married,university.degree,No,No,No
CLI006798,cellular,may,fri,1,999,1,failure,-1.8,92.893,-46.2,1.25,5099.1,No,30,management,married,university.degree,No,No,No
CLI006799,telephone,may,tue,1,999,0,nonexistent,1.1,93.994,-36.4,4.857,5191.0,No,29,admin.,single,university.degree,No,Sí,No
CLI006800,telephone,may,tue,1,999,0,nonexistent,1.1,93.994,-36.4,4.856,5191.0,No,54,services,married,Desconocido,No,No,No
CLI006801,cellular,aug,tue,2,999,0,nonexistent,1.4,93.444,-36.1,4.968,5228.1,No,42,admin.,married,university.degree,No,Sí,No
CLI006802,cellular,nov,wed,1,999,0,nonexistent,-0.1,93.2,-42.0,4.12,5195.8,Sí,38,technician,married,professional.course,Desconocido,No,No
CLI006803,cellular,jun,fri,1,999,1,failure,-2.9,92.963,-40.8,1.268,5076.2,No,28,admin.,single,university.degree,No,Sí,No
CLI006804,cellular,jul,wed,1,999,0,nonexistent,1.4,93.918,-42.7,4.957,5228.1,No,25,admin.,single,high.school,No,Sí,No
CLI006805,cellular,dec,thu,1,999,0,nonexistent,-0.2,92.756,-45.9,3.669,5176.3,No,41,technician,divorced,professional.course,No,No,Sí
CLI006806,cellular,aug,mon,2,999,0,nonexistent,1.4,93.444,-36.1,4.965,5228.1,No,38,technician,divorced,high.school,No,No,No
CLI006807,cellular,jul,mon,2,999,0,nonexistent,1.4,93.918,-42.7,4.96,5228.1,No,40,self-employed,married,high.school,No,No,No
CLI006808,telephone,jul,mon,11,999,0,nonexistent,1.4,93.918,-42.7,4.96,5228.1,No,30,management,single,university.degree,No,No,Sí
CLI006809,cellular,may,mon,3,999,1,failure,-1.8,92.893,-46.2,1.354,5099.1,No,28,technician,single,high.school,No,Sí,No
CLI006810,telephone,jul,thu,3,999,0,nonexistent,1.4,93.918,-42.7,4.958,5228.1,No,42,self-employed,single,professional.course,No,Sí,No
CLI006811,cellular,jul,mon,2,999,0,nonexistent,1.4,93.918,-42.7,4.96,5228.1,No,25,services,single,high.school,No,Sí,No
CLI006812,cellular,nov,thu,3,999,0,nonexistent,-0.1,93.2,-42.0,4.076,5195.8,No,49,entrepreneur,married,high.school,Desconocido,Sí,No
CLI006813,cellular,apr,mon,1,999,0,nonexistent,-1.8,93.075,-47.1,1.405,5099.1,No,36,management,single,high.school,No,Sí,No
CLI006814,cellular,apr,mon,6,999,0,nonexistent,-1.8,93.075,-47.1,1.405,5099.1,No,31,admin.,single,university.degree,No,No,No
CLI006815,cellular,jul,tue,3,999,0,nonexistent,1.4,93.918,-42.7,4.961,5228.1,No,35,blue-collar,single,basic.9y,No,No,Sí
CLI006816,cellular,aug,fri,1,999,0,nonexistent,1.4,93.444,-36.1,4.966,5228.1,No,58,admin.,married,high.school,No,No,No
CLI006817,telephone,may,tue,1,999,0,nonexistent,1.1,93.994,-36.4,4.857,5191.0,No,52,Desconocido,married,basic.4y,No,No,No
CLI006818,cellular,may,thu,1,999,0,nonexistent,-1.8,92.893,-46.2,1.327,5099.1,No,30,blue-collar,married,basic.4y,No,No,No
CLI006819,telephone,may,mon,2,999,0,nonexistent,1.1,93.994,-36.4,4.858,5191.0,No,38,blue-collar,married,basic.6y,No,Sí,No
CLI006820,telephone,may,wed,2,999,0,nonexistent,1.1,93.994,-36.4,4.856,5191.0,No,33,management,single,Desconocido,No,Sí,No
CLI006821,telephone,may,wed,1,999,0,nonexistent,1.1,93.994,-36.4,4.857,5191.0,No,34,technician,married,university.degree,No,No,No
CLI006822,telephone,may,fri,6,999,0,nonexistent,1.1,93.994,-36.4,4.864,5191.0,No,35,blue-collar,married,basic.4y,Desconocido,No,No
CLI006823,telephone,jun,mon,4,999,0,nonexistent,1.4,94.465,-41.8,4.865,5228.1,No,41,technician,single,university.degree,Desconocido,Sí,No
CLI006824,telephone,may,mon,3,999,0,nonexistent,1.1,93.994,-36.4,4.857,5191.0,No,24,blue-collar,single,high.school,No,Desconocido,Desconocido
CLI006825,cellular,sep,thu,1,999,0,nonexistent,-3.4,92.379,-29.8,0.743,5017.5,No,60,retired,divorced,professional.course,No,Sí,Sí
CLI006826,cellular,may,wed,1,999,1,failure,-1.8,92.893,-46.2,1.281,5099.1,No,38,admin.,married,university.degree,No,Sí,No
CLI006827,cellular,may,fri,8,999,0,nonexistent,-1.8,92.893,-46.2,1.25,5099.1,No,23,blue-collar,single,basic.4y,No,Sí,No
CLI006828,cellular,may,thu,1,999,0,nonexistent,-1.8,92.893,-46.2,1.327,5099.1,No,32,admin.,married,university.degree,No,Sí,Sí
CLI006829,telephone,jun,mon,1,999,0,nonexistent,1.4,94.465,-41.8,4.961,5228.1,No,32,blue-collar,married,basic.9y,Desconocido,No,No
CLI006830,cellular,may,fri,9,999,1,failure,-1.8,92.893,-46.2,1.25,5099.1,No,26,services,married,high.school,No,Sí,No
CLI006831,telephone,jun,tue,2,999,0,nonexistent,1.4,94.465,-41.8,4.961,5228.1,No,40,technician,married,basic.9y,Desconocido,Sí,No
CLI006832,telephone,may,tue,3,999,0,nonexistent,1.1,93.994,-36.4,4.857,5191.0,No,30,self-employed,married,basic.9y,No,No,No
CLI006833,telephone,may,mon,3,999,0,nonexistent,1.1,93.994,-36.4,4.857,5191.0,No,48,blue-collar,married,basic.6y,Desconocido,No,No
CLI006834,telephone,jun,mon,4,999,0,nonexistent,1.4,94.465,-41.8,4.865,5228.1,No,32,admin.,married,high.school,No,No,No
CLI006835,cellular,jul,fri,1,999,0,nonexistent,1.4,93.918,-42.7,4.962,5228.1,No,47,admin.,married,basic.6y,No,Sí,No
CLI006836,cellular,nov,mon,3,999,0,nonexistent,-0.1,93.2,-42.0,4.191,5195.8,No,43,admin.,divorced,high.school,No,No,No
CLI006837,cellular,may,thu,3,999,1,failure,-1.8,92.893,-46.2,1.327,5099.1,No,49,admin.,divorced,high.school,No,Sí,No
CLI006838,cellular,may,wed,1,999,1,failure,-1.8,92.893,-46.2,1.281,5099.1,No,29,admin.,single,university.degree,No,Sí,No
CLI006839,cellular,nov,mon,2,999,0,nonexistent,-0.1,93.2,-42.0,4.191,5195.8,No,43,management,divorced,,No,Sí,No
CLI006840,cellular,may,thu,3,999,1,failure,-1.8,92.893,-46.2,1.266,5099.1,No,30,blue-collar,single,basic.9y,No,Sí,No
CLI006841,cellular,apr,mon,4,999,0,nonexistent,-1.8,93.075,-47.1,1.405,5099.1,No,37,technician,single,professional.course,No,Sí,No
CLI006842,cellular,jul,fri,2,999,0,nonexistent,1.4,93.918,-42.7,4.963,5228.1,No,38,blue-collar,divorced,basic.9y,No,No,Sí
CLI006843,telephone,oct,tue,1,999,0,nonexistent,-0.1,93.798,-40.4,4.968,5195.8,Sí,32,admin.,married,high.school,No,No,No
CLI006844,cellular,jul,mon,1,999,0,nonexistent,1.4,93.918,-42.7,4.96,5228.1,Sí,36,technician,married,basic.4y,No,No,No
CLI006845,cellular,jul,wed,1,999,0,nonexistent,1.4,93.918,-42.7,4.962,5228.1,No,28,services,single,high.school,No,Sí,No
CLI006846,cellular,may,thu,4,999,0,nonexistent,-1.8,92.893,-46.2,1.266,5099.1,No,38,blue-collar,married,basic.4y,Desconocido,No,No
CLI006847,telephone,may,mon,1,999,0,nonexistent,1.1,93.994,-36.4,4.857,5191.0,No,41,services,married,high.school,No,No,No
CLI006848,telephone,may,thu,1,999,0,nonexistent,1.1,93.994,-36.4,4.855,5191.0,No,31,blue-collar,married,basic.9y,No,Sí,No
CLI006849,cellular,oct,tue,1,999,1,failure,-3.4,92.431,-26.9,0.744,5017.5,No,37,housemaid,single,university.degree,No,Sí,No
CLI006850,cellular,sep,wed,2,999,1,failure,-3.4,92.379,-29.8,0.781,5017.5,No,29,admin.,single,university.degree,No,Sí,No
CLI006851,cellular,jun,fri,6,12,2,failure,-1.7,94.055,-39.8,0.748,4991.6,Sí,69,retired,divorced,professional.course,No,No,No
CLI006852,telephone,may,tue,1,999,0,nonexistent,1.1,93.994,-36.4,4.857,5191.0,No,53,housemaid,married,basic.4y,No,Sí,No
CLI006853,cellular,may,tue,1,999,0,nonexistent,-1.8,92.893,-46.2,1.291,5099.1,No,27,student,single,high.school,No,Sí,No
CLI006854,telephone,jun,mon,2,999,0,nonexistent,-2.9,92.963,-40.8,1.26,5076.2,No,25,admin.,single,university.degree,No,No,No
CLI006855,telephone,jun,wed,2,999,0,nonexistent,1.4,94.465,-41.8,4.962,5228.1,No,25,blue-collar,married,basic.9y,No,Sí,No
CLI006856,cellular,nov,thu,6,999,0,nonexistent,-0.1,93.2,-42.0,4.076,5195.8,No,40,admin.,married,university.degree,No,Sí,No
CLI006857,cellular,apr,mon,1,6,1,success,-1.8,93.075,-47.1,1.405,5099.1,No,73,retired,married,basic.4y,No,Sí,No
CLI006858,cellular,may,tue,2,999,1,failure,-1.8,92.893,-46.2,1.344,5099.1,No,47,management,married,university.degree,No,Sí,No
CLI006859,telephone,jul,thu,1,999,0,nonexistent,-1.7,94.215,-40.3,0.884,4991.6,No,29,self-employed,single,university.degree,No,No,No
CLI006860,cellular,jul,tue,1,999,0,nonexistent,1.4,93.918,-42.7,4.961,5228.1,No,32,services,married,high.school,No,No,No
CLI006861,cellular,jul,wed,1,999,0,nonexistent,1.4,93.918,-42.7,4.963,5228.1,No,34,technician,married,professional.course,No,No,No
CLI006862,telephone,jul,mon,2,999,0,nonexistent,1.4,93.918,-42.7,4.962,5228.1,No,40,self-employed,married,Desconocido,Desconocido,Sí,No
CLI006863,telephone,may,fri,1,999,0,nonexistent,1.1,93.994,-36.4,4.857,5191.0,No,46,admin.,married,high.school,Desconocido,Sí,No
CLI006864,telephone,may,mon,3,999,0,nonexistent,1.1,93.994,-36.4,4.857,5191.0,No,52,services,divorced,high.school,No,No,No
CLI006865,telephone,may,tue,2,999,0,nonexistent,1.1,93.994,-36.4,4.856,5191.0,No,53,blue-collar,married,basic.4y,No,No,No
CLI006866,cellular,may,thu,1,999,0,nonexistent,-1.8,92.893,-46.2,1.327,5099.1,No,34,admin.,married,university.degree,No,Sí,No
CLI006867,telephone,may,thu,1,999,0,nonexistent,1.1,93.994,-36.4,4.86,5191.0,No,37,admin.,married,high.school,No,No,Sí
CLI006868,telephone,may,fri,3,999,0,nonexistent,1.1,93.994,-36.4,4.857,5191.0,No,50,blue-collar,married,high.school,Desconocido,Sí,No
CLI006869,cellular,may,fri,1,999,1,failure,-1.8,92.893,-46.2,1.25,5099.1,No,53,services,married,university.degree,No,No,
CLI006870,cellular,apr,thu,1,999,1,failure,-1.8,93.075,-47.1,1.435,5099.1,No,37,technician,divorced,professional.course,No,Sí,No
CLI006871,telephone,may,tue,1,999,0,nonexistent,1.1,93.994,-36.4,4.857,5191.0,No,42,technician,single,professional.course,Desconocido,Desconocido,
CLI006872,telephone,jun,fri,9,999,0,nonexistent,1.4,94.465,-41.8,4.959,5228.1,No,39,services,married,high.school,Desconocido,No,No
CLI006873,telephone,jun,mon,1,999,0,nonexistent,1.4,94.465,-41.8,4.865,5228.1,No,47,entrepreneur,single,university.degree,Desconocido,Sí,No
CLI006874,cellular,apr,fri,1,999,0,nonexistent,-1.8,93.075,-47.1,1.405,5099.1,No,35,services,married,high.school,No,Sí,No
CLI006875,telephone,jun,wed,1,999,0,nonexistent,1.4,94.465,-41.8,4.864,5228.1,No,32,admin.,single,university.degree,No,Sí,Sí
CLI006876,cellular,jul,tue,1,999,0,nonexistent,1.4,93.918,-42.7,4.961,5228.1,No,37,services,single,high.school,No,No,No
CLI006877,cellular,may,wed,1,999,0,nonexistent,-1.8,92.893,-46.2,1.334,5099.1,No,51,entrepreneur,single,basic.9y,No,No,No
CLI006878,cellular,aug,thu,1,3,3,success,-1.7,94.027,-38.3,0.904,4991.6,Sí,26,unemployed,single,university.degree,No,Sí,No
CLI006879,telephone,may,mon,1,999,0,nonexistent,1.1,93.994,-36.4,4.857,5191.0,No,40,admin.,married,university.degree,Desconocido,Sí,No
CLI006880,telephone,may,wed,2,999,0,nonexistent,1.1,93.994,-36.4,4.856,5191.0,No,26,admin.,single,university.degree,No,Sí,No
CLI006881,telephone,may,tue,1,999,0,nonexistent,1.1,93.994,-36.4,4.857,5191.0,No,40,technician,married,professional.course,Desconocido,Sí,No
CLI006882,cellular,jul,tue,5,999,0,nonexistent,1.4,93.918,-42.7,4.961,5228.1,No,42,management,married,high.school,Desconocido,No,No
CLI006883,telephone,jul,wed,2,999,0,nonexistent,-1.7,94.215,-40.3,0.802,4991.6,Sí,36,services,married,high.school,No,No,No
CLI006884,cellular,may,mon,2,999,0,nonexistent,-1.8,92.893,-46.2,1.264,5099.1,No,55,self-employed,married,university.degree,No,Sí,No
CLI006885,cellular,jul,wed,1,999,0,nonexistent,1.4,93.918,-42.7,4.963,5228.1,Sí,35,admin.,married,high.school,No,No,No
CLI006886,cellular,oct,thu,2,13,2,success,-1.1,94.601,-49.5,1.025,4963.6,Sí,37,housemaid,married,university.degree,No,No,No
CLI006887,cellular,jul,tue,1,999,1,failure,-1.7,94.215,-40.3,0.835,4991.6,Sí,22,services,single,professional.course,No,No,No
CLI006888,telephone,jun,mon,2,999,0,nonexistent,1.4,94.465,-41.8,4.961,5228.1,No,39,admin.,single,Desconocido,No,No,Sí
CLI006889,telephone,jun,wed,1,999,0,nonexistent,1.4,94.465,-41.8,4.864,5228.1,No,52,technician,married,high.school,Desconocido,Sí,No
CLI006890,telephone,may,tue,4,999,0,nonexistent,1.1,93.994,-36.4,4.856,5191.0,No,43,admin.,married,university.degree,No,No,No
CLI006891,cellular,may,thu,1,999,1,failure,-1.8,92.893,-46.2,1.266,5099.1,No,24,services,single,high.school,No,No,No
CLI006892,cellular,aug,mon,1,4,1,success,-2.9,92.201,-31.4,0.884,5076.2,No,40,blue-collar,married,high.school,No,Sí,No
CLI006893,cellular,apr,mon,1,999,0,nonexistent,-1.8,93.075,-47.1,1.405,5099.1,No,42,services,married,high.school,No,Sí,No
CLI006894,telephone,may,wed,2,999,0,nonexistent,1.1,93.994,-36.4,4.858,5191.0,No,40,services,single,university.degree,No,No,No
CLI006895,telephone,may,thu,1,999,0,nonexistent,1.1,93.994,-36.4,4.855,5191.0,No,40,admin.,single,high.school,No,No,Sí
CLI006896,telephone,apr,thu,3,999,0,nonexistent,-1.8,93.075,-47.1,1.365,5099.1,No,27,admin.,single,professional.course,No,Sí,Sí
CLI006897,telephone,may,mon,2,999,0,nonexistent,1.1,93.994,-36.4,4.857,5191.0,No,49,services,married,high.school,Desconocido,Desconocido,Desconocido
CLI006898,cellular,jul,mon,4,999,0,nonexistent,1.4,93.918,-42.7,4.96,5228.1,No,26,admin.,married,high.school,No,No,No
CLI006899,telephone,may,thu,2,999,0,nonexistent,-1.8,92.893,-46.2,1.327,5099.1,No,28,services,married,basic.9y,Desconocido,No,No
CLI006900,cellular,apr,thu,2,999,1,failure,-1.8,93.075,-47.1,1.365,5099.1,No,40,services,married,basic.9y,No,Sí,No
CLI006901,cellular,may,mon,1,999,0,nonexistent,-1.8,92.893,-46.2,1.264,5099.1,No,36,admin.,married,university.degree,No,No,Sí
CLI006902,cellular,aug,thu,1,999,0,nonexistent,1.4,93.444,-36.1,4.968,5228.1,No,47,blue-collar,married,basic.4y,No,Sí,No
CLI006903,telephone,jun,tue,3,999,0,nonexistent,1.4,94.465,-41.8,4.864,5228.1,No,55,blue-collar,divorced,basic.4y,Desconocido,No,Sí
CLI006904,cellular,mar,mon,2,999,1,failure,-1.8,93.369,-34.8,0.652,5008.7,No,29,management,single,university.degree,No,Sí,No
CLI006905,cellular,aug,wed,1,999,0,nonexistent,1.4,93.444,-36.1,4.964,5228.1,No,40,technician,single,professional.course,No,Sí,No
CLI006906,telephone,jun,thu,1,999,0,nonexistent,1.4,94.465,-41.8,4.961,5228.1,No,38,admin.,married,high.school,No,Sí,No
CLI006907,cellular,jul,thu,2,999,0,nonexistent,1.4,93.918,-42.7,4.958,5228.1,No,32,entrepreneur,married,basic.9y,No,Sí,No
CLI006908,cellular,nov,fri,2,999,0,nonexistent,-0.1,93.2,-42.0,4.021,5195.8,No,30,technician,single,university.degree,No,No,No
CLI006909,telephone,nov,fri,2,999,0,nonexistent,-0.1,93.2,-42.0,4.021,5195.8,No,29,student,single,professional.course,No,No,No
CLI006910,telephone,may,tue,1,999,0,nonexistent,1.1,93.994,-36.4,4.856,5191.0,No,46,entrepreneur,married,university.degree,No,Sí,No
CLI006911,cellular,nov,thu,1,999,0,nonexistent,-0.1,93.2,-42.0,4.076,5195.8,No,29,technician,single,professional.course,Desconocido,Sí,No
CLI006912,cellular,aug,tue,5,999,0,nonexistent,1.4,93.444,-36.1,4.966,5228.1,No,51,housemaid,married,basic.4y,Desconocido,No,No
CLI006913,cellular,jul,wed,1,999,0,nonexistent,1.4,93.918,-42.7,4.957,5228.1,No,42,technician,married,high.school,Desconocido,Sí,No
CLI006914,cellular,aug,fri,1,999,0,nonexistent,1.4,93.444,-36.1,4.966,5228.1,No,47,services,married,high.school,No,No,No
CLI006915,cellular,apr,thu,1,999,0,nonexistent,-1.8,93.749,-34.6,0.644,5008.7,Sí,37,admin.,married,university.degree,No,Sí,Sí
CLI006916,cellular,nov,mon,1,6,1,success,-3.4,92.649,-30.1,0.722,5017.5,No,30,admin.,single,university.degree,No,Sí,No
CLI006917,cellular,nov,thu,1,999,0,nonexistent,-0.1,93.2,-42.0,4.076,5195.8,No,36,management,married,high.school,Desconocido,Sí,No
CLI006918,cellular,nov,thu,4,999,0,nonexistent,-0.1,93.2,-42.0,4.076,5195.8,No,29,services,married,high.school,No,Sí,No
CLI006919,telephone,may,fri,1,999,0,nonexistent,1.1,93.994,-36.4,4.864,5191.0,No,44,admin.,divorced,university.degree,Desconocido,Sí,No
CLI006920,cellular,jul,mon,2,999,0,nonexistent,1.4,93.918,-42.7,4.962,5228.1,No,35,admin.,single,university.degree,No,Sí,No
CLI006921,cellular,may,wed,1,999,1,failure,-1.8,92.893,-46.2,1.281,5099.1,No,58,retired,married,university.degree,No,No,No
CLI006922,cellular,may,tue,1,999,0,nonexistent,-1.8,92.893,-46.2,1.291,5099.1,No,32,services,single,university.degree,No,Sí,No
CLI006923,cellular,apr,thu,1,999,2,failure,-1.8,93.075,-47.1,1.483,5099.1,No,28,technician,single,professional.course,No,Sí,No
CLI006924,cellular,nov,tue,1,999,1,failure,-0.1,93.2,-42.0,4.153,5195.8,No,39,management,single,high.school,Desconocido,No,
CLI006925,telephone,may,tue,6,999,0,nonexistent,1.1,93.994,-36.4,4.856,5191.0,No,33,technician,divorced,professional.course,No,No,No
CLI006926,cellular,mar,mon,2,999,0,nonexistent,-1.8,93.369,-34.8,0.646,5008.7,No,29,admin.,single,university.degree,No,No,No
CLI006927,cellular,nov,fri,3,999,0,nonexistent,-0.1,93.2,-42.0,4.021,5195.8,No,53,management,married,university.degree,No,Sí,No
CLI006928,cellular,aug,thu,2,999,0,nonexistent,1.4,93.444,-36.1,4.962,5228.1,No,31,admin.,married,university.degree,No,No,No
CLI006929,cellular,aug,thu,2,16,1,success,-1.7,94.027,-38.3,0.904,4991.6,Sí,47,admin.,married,high.school,No,No,No
CLI006930,telephone,may,mon,1,999,0,nonexistent,1.1,93.994,-36.4,4.857,5191.0,No,52,management,married,university.degree,No,No,No
CLI006931,cellular,may,mon,2,3,2,success,-1.8,93.876,-40.0,0.682,5008.7,Sí,22,student,single,Desconocido,No,Sí,No
CLI006932,cellular,aug,mon,5,999,0,nonexistent,1.4,93.444,-36.1,4.963,5228.1,No,38,technician,divorced,university.degree,Desconocido,No,No
CLI006933,cellular,nov,wed,1,999,0,nonexistent,-0.1,93.2,-42.0,4.12,5195.8,No,36,admin.,single,university.degree,No,No,No
CLI006934,cellular,jul,thu,1,999,0,nonexistent,1.4,93.918,-42.7,4.963,5228.1,No,39,admin.,married,,No,Sí,No
CLI006935,cellular,may,thu,1,999,1,failure,-1.8,92.893,-46.2,1.266,5099.1,Sí,42,services,divorced,high.school,No,Sí,Sí
CLI006937,telephone,jun,mon,3,999,0,nonexistent,1.4,94.465,-41.8,4.96,5228.1,No,52,blue-collar,married,basic.4y,No,No,No
CLI006938,cellular,nov,mon,1,999,0,nonexistent,-0.1,93.2,-42.0,4.191,5195.8,No,40,blue-collar,married,basic.9y,No,Sí,No
CLI006939,cellular,jun,wed,2,999,0,nonexistent,-2.9,92.963,-40.8,1.26,5076.2,Sí,24,blue-collar,single,basic.9y,No,Sí,No
CLI006940,telephone,may,thu,1,999,0,nonexistent,-1.8,92.893,-46.2,1.266,5099.1,No,33,admin.,divorced,university.degree,No,Desconocido,Desconocido
CLI006941,cellular,nov,wed,1,999,0,nonexistent,-0.1,93.2,-42.0,4.12,5195.8,No,47,services,married,high.school,No,Sí,No
CLI006942,cellular,jul,fri,2,999,0,nonexistent,1.4,93.918,-42.7,4.963,5228.1,No,35,admin.,single,university.degree,No,No,No
CLI006943,cellular,apr,wed,3,999,0,nonexistent,-1.8,93.075,-47.1,1.415,5099.1,No,49,admin.,married,Desconocido,No,Sí,Sí
CLI006944,cellular,jul,fri,4,999,0,nonexistent,1.4,93.918,-42.7,4.957,5228.1,Sí,34,blue-collar,married,basic.9y,Desconocido,Sí,No
CLI006945,cellular,jul,thu,5,999,0,nonexistent,1.4,93.918,-42.7,4.958,5228.1,No,25,technician,single,professional.course,No,Sí,No
CLI006946,cellular,jul,fri,4,999,0,nonexistent,1.4,93.918,-42.7,4.957,5228.1,No,30,blue-collar,married,basic.6y,Desconocido,Sí,No
CLI006947,cellular,may,tue,1,999,1,failure,-1.8,92.893,-46.2,1.344,5099.1,No,38,entrepreneur,married,professional.course,No,No,Sí
CLI006948,cellular,may,tue,2,999,0,nonexistent,-1.8,92.893,-46.2,1.344,5099.1,No,32,technician,married,professional.course,No,Sí,No
CLI006949,telephone,may,tue,1,999,0,nonexistent,1.1,93.994,-36.4,4.857,5191.0,No,34,services,married,high.school,No,No,No
CLI006950,cellular,mar,thu,4,999,1,failure,-1.8,93.369,-34.8,0.65,5008.7,No,27,technician,single,university.degree,No,Sí,No
CLI006951,telephone,jun,mon,1,999,0,nonexistent,1.4,94.465,-41.8,4.96,5228.1,No,32,blue-collar,married,basic.9y,No,Sí,No
CLI006952,telephone,nov,fri,1,999,0,nonexistent,-3.4,92.649,-30.1,0.714,5017.5,No,26,blue-collar,single,high.school,No,No,No
CLI006953,cellular,apr,fri,3,999,0,nonexistent,-1.8,93.075,-47.1,1.405,5099.1,No,33,blue-collar,married,basic.4y,No,No,No
CLI006954,telephone,may,mon,2,999,0,nonexistent,1.1,93.994,-36.4,4.857,5191.0,No,35,admin.,single,university.degree,No,No,Sí
CLI006955,cellular,may,thu,2,999,1,failure,-1.8,92.893,-46.2,1.327,5099.1,No,41,blue-collar,married,Desconocido,No,No,Sí
CLI006956,cellular,aug,thu,13,999,0,nonexistent,1.4,93.444,-36.1,4.962,5228.1,No,41,admin.,married,university.degree,No,No,No
CLI006957,telephone,may,mon,1,999,0,nonexistent,1.1,93.994,-36.4,4.858,5191.0,No,32,admin.,married,university.degree,No,Sí,No
CLI006958,telephone,nov,mon,1,999,0,nonexistent,-0.1,93.2,-42.0,4.191,5195.8,No,44,admin.,single,university.degree,No,Sí,No
CLI006959,telephone,may,wed,1,999,0,nonexistent,1.1,93.994,-36.4,4.859,5191.0,No,31,services,married,high.school,No,No,No
CLI006960,cellular,nov,wed,1,999,1,failure,-0.1,93.2,-42.0,4.12,5195.8,No,44,admin.,single,high.school,No,Sí,No
CLI006961,cellular,aug,tue,2,999,0,nonexistent,1.4,93.444,-36.1,4.963,5228.1,No,36,management,married,university.degree,Desconocido,No,No
CLI006962,cellular,may,mon,8,999,0,nonexistent,-1.8,92.893,-46.2,1.244,5099.1,No,39,self-employed,married,high.school,No,No,No
CLI006963,cellular,jul,tue,3,999,0,nonexistent,1.4,93.918,-42.7,4.962,5228.1,No,28,blue-collar,married,basic.9y,Desconocido,Sí,No
CLI006964,cellular,apr,wed,5,999,0,nonexistent,-1.8,93.075,-47.1,1.405,5099.1,Sí,52,blue-collar,married,basic.4y,No,Sí,No
CLI006965,cellular,apr,fri,2,999,0,nonexistent,-1.8,93.075,-47.1,1.405,5099.1,No,43,blue-collar,married,basic.6y,Desconocido,No,No
CLI006966,cellular,may,tue,3,999,1,failure,-1.8,92.893,-46.2,1.291,5099.1,No,57,retired,divorced,basic.9y,No,Sí,No
CLI006967,cellular,jul,mon,2,999,0,nonexistent,1.4,93.918,-42.7,4.962,5228.1,No,31,entrepreneur,married,university.degree,Desconocido,Sí,No
CLI006968,cellular,jul,mon,5,999,0,nonexistent,1.4,93.918,-42.7,4.962,5228.1,No,39,admin.,divorced,high.school,No,Sí,No
CLI006969,cellular,apr,fri,2,999,0,nonexistent,-1.8,93.075,-47.1,1.405,5099.1,No,51,housemaid,divorced,high.school,Desconocido,No,No
CLI006970,telephone,may,tue,6,999,0,nonexistent,1.1,93.994,-36.4,4.856,5191.0,No,43,admin.,married,high.school,No,Sí,No
CLI006971,telephone,may,wed,1,999,0,nonexistent,1.1,93.994,-36.4,4.858,5191.0,No,32,technician,married,professional.course,No,Sí,No
CLI006972,cellular,may,thu,3,999,0,nonexistent,-1.8,92.893,-46.2,1.266,5099.1,No,46,blue-collar,married,basic.9y,Desconocido,Sí,No
CLI006973,telephone,may,tue,1,999,0,nonexistent,1.1,93.994,-36.4,4.857,5191.0,No,44,blue-collar,married,basic.9y,Desconocido,No,No
CLI006974,telephone,may,wed,1,999,0,nonexistent,1.1,93.994,-36.4,4.856,5191.0,No,33,blue-collar,single,basic.9y,Desconocido,Desconocido,Desconocido
CLI006975,cellular,aug,mon,2,999,0,nonexistent,1.4,93.444,-36.1,4.97,5228.1,No,30,Desconocido,married,university.degree,No,Sí,No
CLI006976,cellular,may,tue,4,999,0,nonexistent,-1.8,92.893,-46.2,1.291,5099.1,No,33,technician,divorced,professional.course,No,Sí,Sí
CLI006977,cellular,aug,thu,1,999,0,nonexistent,1.4,93.444,-36.1,4.963,5228.1,No,35,technician,married,university.degree,Desconocido,No,No
CLI006978,cellular,jul,thu,8,999,0,nonexistent,1.4,93.918,-42.7,4.968,5228.1,No,29,self-employed,single,university.degree,No,Sí,Sí
CLI006979,cellular,aug,mon,1,999,0,nonexistent,1.4,93.444,-36.1,4.97,5228.1,No,35,technician,single,professional.course,No,Sí,No
CLI006980,cellular,aug,wed,1,999,0,nonexistent,1.4,93.444,-36.1,4.967,5228.1,No,41,technician,married,high.school,No,Sí,No
CLI006981,telephone,jun,fri,12,999,0,nonexistent,1.4,94.465,-41.8,4.959,5228.1,No,52,retired,married,university.degree,No,Sí,No
CLI006982,cellular,jul,thu,1,999,0,nonexistent,1.4,93.918,-42.7,4.958,5228.1,No,58,blue-collar,divorced,basic.4y,No,Sí,No
CLI006983,telephone,jun,wed,2,999,0,nonexistent,1.4,94.465,-41.8,4.959,5228.1,No,34,blue-collar,married,high.school,No,Sí,No
CLI006984,cellular,jul,tue,3,999,0,nonexistent,1.4,93.918,-42.7,4.961,5228.1,No,41,services,divorced,high.school,No,Sí,No
CLI006985,cellular,apr,tue,1,999,0,nonexistent,-1.8,93.075,-47.1,1.453,5099.1,No,43,admin.,single,high.school,No,No,No
CLI006986,cellular,may,mon,2,999,0,nonexistent,-1.8,92.893,-46.2,1.244,5099.1,No,34,admin.,married,university.degree,No,No,Sí
CLI006987,cellular,jul,fri,2,999,0,nonexistent,1.4,93.918,-42.7,4.963,5228.1,No,30,admin.,single,high.school,No,,No
CLI006988,telephone,jun,thu,1,999,0,nonexistent,1.4,94.465,-41.8,4.866,5228.1,No,54,admin.,divorced,university.degree,No,No,No
CLI006989,telephone,may,tue,1,999,0,nonexistent,1.1,93.994,-36.4,4.856,5191.0,No,48,management,married,university.degree,Desconocido,Sí,No
CLI006990,cellular,oct,fri,2,999,0,nonexistent,-3.4,92.431,-26.9,0.739,5017.5,No,25,admin.,single,university.degree,No,Desconocido,Desconocido
CLI006991,cellular,jul,tue,1,999,0,nonexistent,1.4,93.918,-42.7,4.962,5228.1,No,25,services,married,high.school,No,Sí,No
CLI006992,cellular,jul,wed,13,999,0,nonexistent,1.4,93.918,-42.7,4.963,5228.1,No,59,technician,divorced,basic.9y,No,Sí,
CLI006993,cellular,may,mon,4,3,1,success,-1.8,92.893,-46.2,1.354,5099.1,No,66,management,married,university.degree,No,No,No
CLI006994,cellular,aug,wed,3,999,0,nonexistent,1.4,93.444,-36.1,4.964,5228.1,No,42,technician,divorced,high.school,No,,No
CLI006995,cellular,may,mon,3,999,0,nonexistent,-1.8,92.893,-46.2,1.354,5099.1,No,34,services,married,professional.course,No,Sí,Sí
CLI006996,telephone,may,wed,1,999,0,nonexistent,1.1,93.994,-36.4,4.856,5191.0,No,42,blue-collar,married,basic.6y,No,No,No
CLI006997,telephone,may,thu,3,999,0,nonexistent,1.1,93.994,-36.4,4.86,5191.0,No,35,blue-collar,single,Desconocido,No,No,No
CLI006998,cellular,aug,fri,1,999,0,nonexistent,1.4,93.444,-36.1,4.964,5228.1,No,39,housemaid,married,,No,No,No
CLI006999,cellular,jul,wed,1,999,0,nonexistent,1.4,93.918,-42.7,4.957,5228.1,No,47,technician,divorced,professional.course,No,Sí,No
CLI007000,cellular,may,wed,3,3,1,success,-1.8,92.893,-46.2,1.27,5099.1,Sí,56,technician,married,basic.4y,No,No,No
CLI007001,cellular,may,fri,3,999,0,nonexistent,-1.8,93.876,-40.0,0.699,5008.7,Sí,32,services,single,university.degree,No,No,Sí
CLI007002,cellular,aug,wed,2,999,0,nonexistent,1.4,93.444,-36.1,4.965,5228.1,No,55,technician,married,university.degree,Desconocido,Sí,No
CLI007003,telephone,may,thu,2,999,0,nonexistent,1.1,93.994,-36.4,4.855,5191.0,No,35,admin.,single,basic.6y,No,Sí,No
CLI007004,cellular,aug,mon,1,999,0,nonexistent,1.4,93.444,-36.1,4.965,5228.1,No,43,management,divorced,university.degree,No,Sí,No
CLI007005,telephone,jun,wed,2,999,0,nonexistent,1.4,94.465,-41.8,4.959,5228.1,No,49,admin.,divorced,university.degree,No,No,No
CLI007006,cellular,mar,tue,3,999,0,nonexistent,-1.8,92.843,-50.0,1.556,5099.1,Sí,46,admin.,married,university.degree,No,No,No
CLI007007,cellular,jul,wed,1,13,1,success,-2.9,92.469,-33.6,1.085,5076.2,No,51,retired,married,basic.4y,No,No,No
CLI007008,telephone,may,mon,1,999,0,nonexistent,1.1,93.994,-36.4,4.857,5191.0,No,49,housemaid,married,basic.9y,Desconocido,No,No
CLI007009,cellular,jul,fri,2,999,0,nonexistent,1.4,93.918,-42.7,4.963,5228.1,Sí,33,admin.,single,university.degree,No,Sí,No
CLI007010,cellular,oct,mon,1,3,1,success,-1.1,94.601,-49.5,0.977,4963.6,Sí,65,retired,married,basic.4y,No,Sí,Sí
CLI007011,cellular,jul,tue,7,999,0,nonexistent,1.4,93.918,-42.7,4.961,5228.1,No,43,services,divorced,Desconocido,Desconocido,Sí,Sí
CLI007012,telephone,may,thu,3,999,0,nonexistent,1.1,93.994,-36.4,4.86,5191.0,No,37,unemployed,married,,Desconocido,No,No
CLI007013,telephone,may,thu,1,999,0,nonexistent,1.1,93.994,-36.4,4.86,5191.0,No,41,admin.,single,university.degree,Desconocido,Sí,No
CLI007014,cellular,jul,mon,7,999,0,nonexistent,1.4,93.918,-42.7,4.962,5228.1,No,48,admin.,single,university.degree,No,Sí,Sí
CLI007015,cellular,may,thu,10,999,0,nonexistent,-1.8,92.893,-46.2,1.266,5099.1,No,29,services,single,high.school,No,Sí,Sí
CLI007016,cellular,aug,thu,3,999,0,nonexistent,1.4,93.444,-36.1,4.968,5228.1,No,38,housemaid,married,basic.6y,No,Sí,No
CLI007017,cellular,nov,fri,7,999,0,nonexistent,-0.1,93.2,-42.0,4.021,5195.8,No,36,self-employed,married,basic.9y,No,,Sí
CLI007018,cellular,aug,fri,2,999,0,nonexistent,1.4,93.444,-36.1,4.963,5228.1,No,38,technician,divorced,professional.course,No,Sí,No
CLI007019,cellular,nov,fri,1,999,0,nonexistent,-0.1,93.2,-42.0,4.021,5195.8,No,35,management,married,university.degree,No,No,No
CLI007020,cellular,apr,thu,1,999,2,failure,-1.8,93.075,-47.1,1.483,5099.1,No,41,blue-collar,married,basic.4y,Desconocido,Sí,Sí
CLI007021,telephone,jul,fri,1,999,0,nonexistent,1.4,93.918,-42.7,4.959,5228.1,Sí,27,services,married,high.school,Desconocido,No,No
CLI007022,cellular,aug,thu,4,999,0,nonexistent,1.4,93.444,-36.1,4.968,5228.1,No,50,blue-collar,married,basic.4y,No,Sí,
CLI007023,telephone,may,thu,1,999,0,nonexistent,1.1,93.994,-36.4,4.86,5191.0,No,48,entrepreneur,divorced,basic.4y,No,No,No
CLI007024,cellular,jul,tue,5,999,0,nonexistent,1.4,93.918,-42.7,4.961,5228.1,No,45,technician,married,high.school,No,Sí,No
CLI007025,cellular,aug,thu,3,999,0,nonexistent,1.4,93.444,-36.1,4.964,5228.1,No,54,self-employed,married,,No,Sí,No
CLI007026,telephone,may,mon,4,999,0,nonexistent,1.1,93.994,-36.4,4.857,5191.0,No,47,admin.,divorced,university.degree,No,Sí,No
CLI007027,telephone,may,thu,1,999,0,nonexistent,1.1,93.994,-36.4,4.86,5191.0,No,56,admin.,divorced,Desconocido,Desconocido,Sí,No
CLI007028,cellular,aug,fri,3,999,0,nonexistent,-2.9,92.201,-31.4,0.825,5076.2,No,34,technician,married,university.degree,No,Sí,No
CLI007029,cellular,apr,fri,2,999,0,nonexistent,-1.8,93.075,-47.1,1.405,5099.1,No,41,admin.,single,Desconocido,Desconocido,Sí,No
CLI007030,cellular,jul,mon,3,999,0,nonexistent,1.4,93.918,-42.7,4.962,5228.1,No,31,technician,married,high.school,No,No,No
CLI007031,telephone,may,tue,1,999,0,nonexistent,1.1,93.994,-36.4,4.857,5191.0,No,43,management,married,professional.course,No,Sí,No
CLI007032,cellular,aug,fri,1,999,0,nonexistent,1.4,93.444,-36.1,4.966,5228.1,No,37,technician,married,professional.course,No,No,No
CLI007033,cellular,aug,thu,1,999,0,nonexistent,1.4,93.444,-36.1,4.968,5228.1,No,45,blue-collar,married,professional.course,No,Sí,No
CLI007034,cellular,nov,mon,2,999,0,nonexistent,-0.1,93.2,-42.0,4.191,5195.8,No,30,services,single,high.school,No,No,No
CLI007035,telephone,may,tue,4,999,0,nonexistent,1.1,93.994,-36.4,4.856,5191.0,No,43,housemaid,married,basic.4y,Desconocido,No,No
CLI007036,cellular,nov,thu,1,999,0,nonexistent,-0.1,93.2,-42.0,4.076,5195.8,No,29,services,married,basic.9y,No,Sí,Sí
CLI007037,telephone,may,fri,1,999,0,nonexistent,1.1,93.994,-36.4,4.855,5191.0,No,46,services,married,professional.course,No,No,No
CLI007038,cellular,may,mon,1,999,0,nonexistent,-1.8,92.893,-46.2,1.264,5099.1,No,58,housemaid,married,basic.4y,No,No,No
CLI007039,cellular,nov,thu,2,999,0,nonexistent,-0.1,93.2,-42.0,4.076,5195.8,No,29,self-employed,married,university.degree,No,No,No
CLI007040,telephone,jun,fri,8,999,0,nonexistent,1.4,94.465,-41.8,4.959,5228.1,No,27,blue-collar,married,basic.6y,Desconocido,Sí,No
CLI007041,cellular,apr,mon,2,999,0,nonexistent,-1.8,93.075,-47.1,1.405,5099.1,Sí,40,services,single,high.school,No,No,No
CLI007042,cellular,sep,thu,1,999,1,failure,-1.1,94.199,-37.5,0.884,4963.6,Sí,55,management,divorced,university.degree,No,,No
CLI007043,telephone,jun,fri,2,999,0,nonexistent,1.4,94.465,-41.8,4.967,5228.1,No,35,admin.,married,university.degree,No,No,No
CLI007044,telephone,may,thu,2,999,0,nonexistent,1.1,93.994,-36.4,4.86,5191.0,No,59,blue-collar,married,basic.9y,Desconocido,,No
CLI007045,cellular,jul,wed,2,999,0,nonexistent,1.4,93.918,-42.7,4.957,5228.1,No,24,blue-collar,married,basic.9y,No,No,No
CLI007046,cellular,jul,thu,2,999,0,nonexistent,1.4,93.918,-42.7,4.958,5228.1,No,28,blue-collar,single,Desconocido,No,No,No
CLI007047,telephone,may,fri,10,999,2,failure,-1.8,92.893,-46.2,1.25,5099.1,No,26,entrepreneur,married,professional.course,No,No,No
CLI007048,telephone,may,thu,4,999,0,nonexistent,1.1,93.994,-36.4,4.855,5191.0,No,25,services,divorced,high.school,No,No,No
CLI007049,cellular,jul,mon,4,999,0,nonexistent,1.4,93.918,-42.7,4.962,5228.1,No,35,blue-collar,married,high.school,No,No,Sí
CLI007050,cellular,nov,wed,3,999,1,failure,-0.1,93.2,-42.0,4.12,5195.8,No,30,services,married,professional.course,No,Sí,No
CLI007051,cellular,aug,thu,17,999,0,nonexistent,1.4,93.444,-36.1,4.962,5228.1,No,35,technician,single,university.degree,No,No,No
CLI007052,telephone,may,wed,2,999,0,nonexistent,1.1,93.994,-36.4,4.859,5191.0,No,26,blue-collar,single,basic.9y,No,No,No
CLI007053,cellular,may,thu,4,999,0,nonexistent,-1.8,92.893,-46.2,1.266,5099.1,No,28,admin.,married,high.school,No,No,Sí
CLI007054,cellular,may,tue,3,999,0,nonexistent,-1.8,92.893,-46.2,1.291,5099.1,No,36,services,divorced,basic.9y,No,No,No
CLI007055,cellular,may,mon,2,999,0,nonexistent,-1.8,92.893,-46.2,1.244,5099.1,No,31,services,married,high.school,No,Sí,
CLI007056,cellular,may,mon,4,999,0,nonexistent,-1.8,92.893,-46.2,1.354,5099.1,No,35,services,married,high.school,No,No,No
CLI007057,telephone,may,fri,2,999,0,nonexistent,1.1,93.994,-36.4,4.855,5191.0,No,43,entrepreneur,married,high.school,Desconocido,Sí,No
CLI007058,cellular,may,mon,4,999,0,nonexistent,-1.8,92.893,-46.2,1.244,5099.1,Sí,44,services,divorced,high.school,No,No,No
CLI007059,telephone,may,wed,2,999,0,nonexistent,1.1,93.994,-36.4,4.857,5191.0,No,35,services,married,high.school,No,No,No
CLI007060,telephone,nov,thu,2,999,0,nonexistent,-0.1,93.2,-42.0,4.076,5195.8,No,42,technician,married,university.degree,No,No,No
CLI007061,telephone,jul,mon,3,999,0,nonexistent,1.4,93.918,-42.7,4.962,5228.1,No,44,blue-collar,married,basic.9y,No,No,No
CLI007063,telephone,jun,tue,2,999,0,nonexistent,1.4,94.465,-41.8,4.961,5228.1,No,47,technician,married,professional.course,No,No,No
CLI007064,telephone,jul,tue,2,999,0,nonexistent,1.4,93.918,-42.7,4.962,5228.1,No,30,admin.,divorced,high.school,No,Sí,No
CLI007065,telephone,apr,mon,1,999,0,nonexistent,-1.8,93.075,-47.1,1.405,5099.1,No,43,management,married,university.degree,No,No,No
CLI007066,cellular,apr,tue,1,5,2,success,-1.8,93.749,-34.6,0.638,5008.7,Sí,46,technician,married,professional.course,No,No,Sí
CLI007067,cellular,may,thu,1,999,1,failure,-1.8,92.893,-46.2,1.327,5099.1,No,35,blue-collar,married,basic.9y,Desconocido,No,No
CLI007068,cellular,mar,wed,1,999,0,nonexistent,-1.8,93.369,-34.8,0.634,5008.7,Sí,56,unemployed,divorced,basic.4y,No,No,No
CLI007069,telephone,may,fri,2,999,0,nonexistent,1.1,93.994,-36.4,4.855,5191.0,No,31,services,married,high.school,No,Sí,No
CLI007070,telephone,oct,mon,3,999,1,failure,-3.4,92.431,-26.9,0.739,5017.5,No,65,retired,married,Desconocido,No,Desconocido,Desconocido
CLI007071,telephone,may,wed,1,999,0,nonexistent,1.1,93.994,-36.4,4.859,5191.0,No,35,services,married,high.school,No,No,No
CLI007072,cellular,jul,tue,1,999,0,nonexistent,1.4,93.918,-42.7,4.962,5228.1,No,33,services,married,high.school,No,No,No
CLI007073,cellular,nov,wed,1,3,1,success,-3.4,92.649,-30.1,0.715,5017.5,Sí,29,admin.,single,university.degree,No,No,Sí
CLI007074,cellular,jul,tue,2,999,0,nonexistent,1.4,93.918,-42.7,4.962,5228.1,No,49,management,married,university.degree,Desconocido,No,Sí
CLI007075,cellular,may,thu,2,999,0,nonexistent,-1.8,92.893,-46.2,1.266,5099.1,No,40,management,married,university.degree,Desconocido,No,No
CLI007076,cellular,jul,thu,6,999,0,nonexistent,1.4,93.918,-42.7,4.968,5228.1,No,40,admin.,married,professional.course,No,Sí,Sí
CLI007077,telephone,jun,mon,8,999,0,nonexistent,1.4,94.465,-41.8,4.865,5228.1,No,47,services,married,high.school,No,No,No
CLI007078,cellular,aug,tue,4,999,0,nonexistent,1.4,93.444,-36.1,4.963,5228.1,No,27,admin.,married,university.degree,No,No,No
CLI007079,telephone,jun,fri,1,999,0,nonexistent,1.4,94.465,-41.8,4.967,5228.1,No,30,services,married,high.school,Desconocido,No,Sí
CLI007080,telephone,sep,mon,1,999,0,nonexistent,-3.4,92.379,-29.8,0.797,5017.5,No,54,technician,married,professional.course,No,Sí,No
CLI007081,cellular,jul,thu,1,999,0,nonexistent,1.4,93.918,-42.7,4.962,5228.1,No,41,blue-collar,single,basic.6y,Desconocido,No,No
CLI007082,cellular,jul,mon,11,999,0,nonexistent,1.4,93.918,-42.7,4.96,5228.1,No,27,technician,single,high.school,No,Sí,No
CLI007083,cellular,jul,mon,3,999,0,nonexistent,1.4,93.918,-42.7,4.962,5228.1,No,57,admin.,married,university.degree,No,No,Sí
CLI007084,cellular,nov,mon,2,999,1,failure,-0.1,93.2,-42.0,4.191,5195.8,No,43,blue-collar,single,basic.4y,No,Sí,No
CLI007085,cellular,aug,mon,3,999,0,nonexistent,1.4,93.444,-36.1,4.965,5228.1,No,32,admin.,single,university.degree,No,Sí,Sí
CLI007086,telephone,nov,tue,2,999,1,failure,-0.1,93.2,-42.0,4.153,5195.8,No,52,technician,married,professional.course,No,Sí,Sí
CLI007087,cellular,apr,fri,1,999,1,failure,-1.8,93.075,-47.1,1.405,5099.1,No,47,management,married,high.school,No,Desconocido,Desconocido
CLI007088,telephone,may,tue,2,999,0,nonexistent,1.1,93.994,-36.4,4.857,5191.0,No,41,services,married,high.school,No,No,No
CLI007089,telephone,may,wed,1,999,0,nonexistent,1.1,93.994,-36.4,4.857,5191.0,No,49,housemaid,married,basic.4y,Desconocido,No,No
CLI007090,telephone,may,wed,1,999,0,nonexistent,1.1,93.994,-36.4,4.857,5191.0,No,41,entrepreneur,single,basic.4y,No,No,No
CLI007091,telephone,jun,mon,3,999,0,nonexistent,1.4,94.465,-41.8,4.96,5228.1,No,52,technician,divorced,university.degree,No,No,No
CLI007092,telephone,may,mon,5,999,0,nonexistent,-1.8,92.893,-46.2,1.354,5099.1,No,53,admin.,married,basic.9y,No,No,No
CLI007093,cellular,aug,mon,2,999,0,nonexistent,1.4,93.444,-36.1,4.965,5228.1,No,32,admin.,single,university.degree,No,Sí,No
CLI007094,telephone,jul,mon,5,999,0,nonexistent,1.4,93.918,-42.7,4.962,5228.1,Sí,37,admin.,married,university.degree,No,No,No
CLI007095,cellular,jun,mon,1,999,0,nonexistent,-2.9,92.963,-40.8,1.26,5076.2,No,32,technician,married,university.degree,No,No,No
CLI007096,telephone,may,tue,1,999,0,nonexistent,1.1,93.994,-36.4,4.856,5191.0,No,42,admin.,single,high.school,No,No,No
CLI007097,telephone,jun,mon,3,999,0,nonexistent,1.4,94.465,-41.8,4.865,5228.1,No,44,unemployed,married,professional.course,No,No,No
CLI007098,telephone,may,tue,1,999,0,nonexistent,1.1,93.994,-36.4,4.857,5191.0,No,56,retired,married,basic.4y,No,Sí,Sí
CLI007099,cellular,aug,thu,4,999,0,nonexistent,1.4,93.444,-36.1,4.962,5228.1,No,39,technician,single,professional.course,Desconocido,No,No
CLI007100,cellular,may,wed,3,999,0,nonexistent,-1.8,92.893,-46.2,1.281,5099.1,No,51,blue-collar,divorced,basic.9y,No,Sí,No
CLI007101,cellular,jul,wed,1,999,0,nonexistent,1.4,93.918,-42.7,4.963,5228.1,No,35,admin.,married,high.school,No,No,No
CLI007102,cellular,nov,fri,9,999,0,nonexistent,-0.1,93.2,-42.0,4.021,5195.8,No,43,technician,married,professional.course,No,No,No
CLI007103,cellular,jul,thu,1,999,0,nonexistent,-2.9,92.469,-33.6,1.072,5076.2,Sí,45,admin.,married,university.degree,No,No,No
CLI007104,telephone,may,fri,3,999,0,nonexistent,1.1,93.994,-36.4,4.864,5191.0,No,41,services,married,high.school,Desconocido,Sí,No
CLI007105,cellular,jul,mon,2,999,0,nonexistent,1.4,93.918,-42.7,4.962,5228.1,Sí,44,blue-collar,single,high.school,Desconocido,No,No
CLI007106,cellular,jul,thu,1,999,0,nonexistent,1.4,93.918,-42.7,4.962,5228.1,No,46,blue-collar,married,Desconocido,No,No,Sí
CLI007107,telephone,aug,wed,1,999,0,nonexistent,-2.9,92.201,-31.4,0.854,5076.2,No,26,admin.,single,high.school,No,Sí,No
CLI007108,telephone,may,fri,6,999,0,nonexistent,1.1,93.994,-36.4,4.857,5191.0,No,49,technician,married,professional.course,No,No,No
CLI007109,telephone,may,mon,4,999,0,nonexistent,1.1,93.994,-36.4,4.858,5191.0,No,46,management,married,basic.9y,Desconocido,No,No
CLI007110,cellular,jul,wed,1,999,0,nonexistent,1.4,93.918,-42.7,4.962,5228.1,No,34,blue-collar,married,basic.9y,No,Sí,No
CLI007111,cellular,jul,mon,11,999,0,nonexistent,1.4,93.918,-42.7,4.96,5228.1,Sí,30,blue-collar,single,basic.9y,No,No,Sí
CLI007112,telephone,may,fri,1,999,0,nonexistent,1.1,93.994,-36.4,4.864,5191.0,No,33,admin.,married,Desconocido,No,Desconocido,Desconocido
CLI007113,telephone,may,mon,1,999,0,nonexistent,1.1,93.994,-36.4,4.857,5191.0,No,46,self-employed,married,basic.9y,Desconocido,Sí,Sí
CLI007114,cellular,aug,wed,1,999,0,nonexistent,1.4,93.444,-36.1,4.965,5228.1,No,35,management,married,university.degree,No,Sí,Sí
CLI007115,telephone,aug,thu,1,999,0,nonexistent,1.4,93.444,-36.1,4.964,5228.1,No,34,technician,married,university.degree,No,No,No
CLI007116,cellular,jun,wed,1,999,1,failure,-2.9,92.963,-40.8,1.26,5076.2,No,29,admin.,married,high.school,No,Sí,No
CLI007117,cellular,oct,tue,1,999,0,nonexistent,-3.4,92.431,-26.9,0.742,5017.5,No,71,retired,single,university.degree,No,Desconocido,Desconocido
CLI007118,telephone,jun,tue,1,999,0,nonexistent,1.4,94.465,-41.8,4.864,5228.1,No,51,self-employed,married,university.degree,Desconocido,No,No
CLI007119,cellular,aug,thu,2,999,0,nonexistent,1.4,93.444,-36.1,4.962,5228.1,No,41,technician,divorced,professional.course,No,Sí,Sí
CLI007120,cellular,jul,fri,6,999,0,nonexistent,1.4,93.918,-42.7,4.962,5228.1,No,58,unemployed,divorced,high.school,Desconocido,No,No
CLI007121,cellular,jul,fri,11,999,0,nonexistent,1.4,93.918,-42.7,4.962,5228.1,No,52,blue-collar,single,Desconocido,Desconocido,No,Sí
CLI007122,telephone,may,fri,2,999,0,nonexistent,1.1,93.994,-36.4,4.857,5191.0,No,24,services,single,basic.9y,No,Sí,Sí
CLI007123,telephone,may,wed,2,999,0,nonexistent,1.1,93.994,-36.4,4.859,5191.0,No,41,technician,married,basic.9y,No,,No
CLI007124,cellular,oct,thu,2,999,0,nonexistent,-1.1,94.601,-49.5,0.987,4963.6,No,41,admin.,single,high.school,No,No,No
CLI007125,cellular,may,fri,2,999,0,nonexistent,-1.8,92.893,-46.2,1.313,5099.1,No,60,management,married,basic.4y,Desconocido,No,No
CLI007126,cellular,dec,mon,2,999,1,failure,-3.0,92.713,-33.0,0.709,5023.5,No,29,admin.,married,university.degree,No,Sí,No
CLI007127,telephone,may,mon,3,999,0,nonexistent,1.1,93.994,-36.4,4.857,5191.0,No,38,services,married,high.school,No,Sí,No
CLI007128,telephone,jun,wed,1,999,0,nonexistent,1.4,94.465,-41.8,4.864,5228.1,No,28,blue-collar,married,basic.6y,Desconocido,Sí,No
CLI007129,cellular,nov,fri,1,999,0,nonexistent,-0.1,93.2,-42.0,4.021,5195.8,No,31,admin.,single,high.school,No,Sí,No
CLI007130,telephone,nov,tue,3,999,0,nonexistent,-0.1,93.2,-42.0,4.153,5195.8,No,31,admin.,married,university.degree,No,Sí,No
CLI007131,cellular,nov,fri,7,999,0,nonexistent,-0.1,93.2,-42.0,4.021,5195.8,No,58,admin.,married,basic.4y,No,No,No
CLI007132,cellular,aug,thu,1,999,0,nonexistent,1.4,93.444,-36.1,4.962,5228.1,No,53,self-employed,married,university.degree,No,No,No
CLI007133,cellular,aug,mon,1,999,0,nonexistent,-2.9,92.201,-31.4,0.861,5076.2,No,60,admin.,married,university.degree,No,No,No
CLI007134,telephone,may,mon,1,999,0,nonexistent,1.1,93.994,-36.4,4.858,5191.0,No,33,admin.,married,professional.course,No,No,No
CLI007135,telephone,may,thu,2,999,0,nonexistent,1.1,93.994,-36.4,4.855,5191.0,No,40,blue-collar,single,basic.6y,Desconocido,No,No
CLI007136,cellular,aug,wed,1,999,0,nonexistent,1.4,93.444,-36.1,4.965,5228.1,No,31,technician,married,professional.course,No,No,No
CLI007137,cellular,apr,mon,2,999,0,nonexistent,-1.8,93.075,-47.1,1.405,5099.1,No,34,admin.,single,basic.6y,No,No,No
CLI007138,cellular,jul,fri,3,999,0,nonexistent,1.4,93.918,-42.7,4.957,5228.1,No,30,unemployed,divorced,high.school,No,No,No
CLI007139,telephone,may,tue,1,999,0,nonexistent,1.1,93.994,-36.4,4.856,5191.0,No,42,technician,divorced,university.degree,No,No,No
CLI007140,cellular,aug,mon,1,999,0,nonexistent,1.4,93.444,-36.1,4.965,5228.1,No,31,admin.,married,university.degree,Desconocido,Sí,No
CLI007141,cellular,may,tue,1,999,1,failure,-1.8,92.893,-46.2,1.344,5099.1,No,38,entrepreneur,married,basic.4y,No,Sí,No
CLI007142,cellular,aug,mon,2,999,0,nonexistent,-2.9,92.201,-31.4,0.821,5076.2,Sí,31,management,married,university.degree,No,Sí,Sí
CLI007143,cellular,jul,mon,3,999,0,nonexistent,1.4,93.918,-42.7,4.962,5228.1,No,33,entrepreneur,married,university.degree,No,Sí,Sí
CLI007144,telephone,jul,thu,5,999,0,nonexistent,1.4,93.918,-42.7,4.968,5228.1,No,54,management,married,university.degree,Desconocido,Sí,No
CLI007145,cellular,nov,tue,2,999,0,nonexistent,-0.1,93.2,-42.0,4.153,5195.8,No,51,admin.,married,university.degree,No,Sí,No
CLI007146,cellular,apr,wed,11,999,0,nonexistent,-1.8,93.075,-47.1,1.415,5099.1,Sí,66,retired,married,basic.4y,No,Sí,No
CLI007147,cellular,jul,mon,2,999,0,nonexistent,1.4,93.918,-42.7,4.96,5228.1,No,35,services,divorced,high.school,Desconocido,No,Sí
CLI007148,cellular,jul,wed,3,999,0,nonexistent,1.4,93.918,-42.7,4.963,5228.1,No,32,admin.,married,,No,Sí,No
CLI007149,cellular,nov,tue,1,999,1,failure,-0.1,93.2,-42.0,4.153,5195.8,No,29,management,single,university.degree,No,No,No
CLI007150,cellular,oct,thu,2,2,2,success,-3.4,92.431,-26.9,0.722,5017.5,Sí,67,admin.,married,basic.4y,Desconocido,No,No
CLI007151,telephone,jun,tue,2,999,0,nonexistent,-2.9,92.963,-40.8,1.262,5076.2,No,34,services,single,high.school,No,No,No
CLI007152,cellular,jul,mon,2,999,0,nonexistent,1.4,93.918,-42.7,4.96,5228.1,No,50,blue-collar,married,basic.4y,Desconocido,Sí,No
CLI007153,cellular,nov,wed,1,999,0,nonexistent,-3.4,92.649,-30.1,0.716,5017.5,No,22,student,single,Desconocido,No,No,No
CLI007154,cellular,may,wed,3,999,0,nonexistent,-1.8,92.893,-46.2,1.281,5099.1,No,33,admin.,single,university.degree,No,Sí,No
CLI007155,cellular,aug,tue,4,999,0,nonexistent,1.4,93.444,-36.1,4.968,5228.1,No,36,admin.,married,university.degree,No,Sí,No
CLI007156,telephone,jul,wed,2,999,0,nonexistent,1.4,93.918,-42.7,4.963,5228.1,No,30,technician,married,university.degree,No,Sí,No
CLI007157,telephone,jun,thu,1,999,0,nonexistent,1.4,94.465,-41.8,4.958,5228.1,No,52,blue-collar,single,basic.4y,No,Sí,No
CLI007158,cellular,aug,mon,1,999,1,failure,-2.9,92.201,-31.4,0.884,5076.2,Sí,38,technician,married,professional.course,No,No,No
CLI007159,telephone,may,tue,1,999,0,nonexistent,1.1,93.994,-36.4,4.857,5191.0,No,57,blue-collar,married,basic.4y,Desconocido,No,No
CLI007160,cellular,aug,tue,1,999,1,failure,-2.9,92.201,-31.4,0.838,5076.2,Sí,63,housemaid,married,basic.4y,No,No,No
CLI007161,telephone,may,fri,7,999,0,nonexistent,-1.8,92.893,-46.2,1.25,5099.1,No,29,blue-collar,married,basic.6y,No,Desconocido,Desconocido
CLI007162,telephone,may,wed,5,999,0,nonexistent,1.1,93.994,-36.4,4.859,5191.0,No,37,services,married,high.school,Desconocido,Sí,No
CLI007163,telephone,may,wed,1,999,0,nonexistent,1.1,93.994,-36.4,4.858,5191.0,No,33,services,married,high.school,No,No,Sí
CLI007164,cellular,nov,tue,1,999,0,nonexistent,-0.1,93.2,-42.0,4.153,5195.8,No,41,self-employed,divorced,university.degree,No,No,No
CLI007165,cellular,may,tue,2,999,0,nonexistent,-1.8,92.893,-46.2,1.266,5099.1,No,36,services,married,high.school,No,Sí,No
CLI007166,cellular,aug,thu,1,999,0,nonexistent,1.4,93.444,-36.1,4.968,5228.1,No,33,admin.,married,university.degree,Desconocido,Sí,No
CLI007167,telephone,jun,tue,8,999,0,nonexistent,1.4,94.465,-41.8,4.864,5228.1,No,34,technician,married,university.degree,No,No,No
CLI007168,cellular,nov,thu,2,999,0,nonexistent,-0.1,93.2,-42.0,4.076,5195.8,No,37,management,married,basic.9y,No,Sí,No
CLI007169,cellular,jul,thu,1,999,0,nonexistent,1.4,93.918,-42.7,4.958,5228.1,No,29,admin.,single,basic.9y,No,No,No
CLI007170,cellular,jul,mon,2,999,0,nonexistent,1.4,93.918,-42.7,4.96,5228.1,No,25,technician,single,professional.course,No,Sí,No
CLI007171,telephone,may,fri,4,999,0,nonexistent,1.1,93.994,-36.4,4.859,5191.0,No,29,admin.,single,university.degree,No,Sí,No
CLI007172,cellular,jun,mon,1,999,0,nonexistent,-2.9,92.963,-40.8,1.266,5076.2,No,35,blue-collar,single,professional.course,No,No,No
CLI007173,cellular,mar,fri,2,10,1,success,-1.8,92.843,-50.0,1.726,5099.1,Sí,38,technician,married,professional.course,No,Sí,No
CLI007174,telephone,may,tue,5,999,0,nonexistent,1.1,93.994,-36.4,4.856,5191.0,No,42,blue-collar,single,basic.9y,No,Desconocido,Desconocido
CLI007175,cellular,aug,mon,5,999,0,nonexistent,1.4,93.444,-36.1,4.965,5228.1,No,49,management,married,university.degree,No,No,No
CLI007176,cellular,aug,tue,1,999,0,nonexistent,-2.9,92.201,-31.4,0.859,5076.2,No,34,admin.,married,university.degree,No,Sí,No
CLI007177,cellular,may,fri,1,999,1,failure,-1.8,92.893,-46.2,1.313,5099.1,No,43,blue-collar,married,basic.9y,No,Sí,No
CLI007178,telephone,may,tue,2,999,0,nonexistent,1.1,93.994,-36.4,4.856,5191.0,No,31,unemployed,single,professional.course,No,No,No
CLI007179,cellular,jul,tue,3,999,0,nonexistent,1.4,93.918,-42.7,4.961,5228.1,No,56,admin.,divorced,university.degree,No,Sí,No
CLI007180,cellular,nov,thu,2,999,1,failure,-0.1,93.2,-42.0,4.076,5195.8,No,49,services,married,basic.4y,No,No,No
CLI007181,telephone,may,thu,1,999,0,nonexistent,1.1,93.994,-36.4,4.855,5191.0,No,39,blue-collar,married,basic.6y,No,No,No
CLI007182,cellular,aug,thu,3,999,0,nonexistent,1.4,93.444,-36.1,4.963,5228.1,No,54,blue-collar,married,basic.4y,No,No,No
CLI007183,telephone,may,wed,1,999,0,nonexistent,1.1,93.994,-36.4,4.858,5191.0,No,32,blue-collar,married,basic.9y,Desconocido,Sí,No
CLI007184,telephone,may,tue,1,999,0,nonexistent,1.1,93.994,-36.4,4.856,5191.0,No,33,blue-collar,married,basic.4y,Desconocido,No,No
CLI007185,cellular,jul,wed,1,999,1,failure,-1.7,94.215,-40.3,0.896,4991.6,No,66,retired,divorced,high.school,No,No,No
CLI007186,cellular,dec,wed,7,6,2,success,-3.0,92.713,-33.0,0.715,5023.5,Sí,54,admin.,divorced,university.degree,No,,No
CLI007187,cellular,may,tue,3,999,1,failure,-1.8,92.893,-46.2,1.291,5099.1,No,49,admin.,married,high.school,No,No,No
CLI007188,cellular,jul,fri,1,999,0,nonexistent,1.4,93.918,-42.7,4.957,5228.1,Sí,33,admin.,single,high.school,No,Sí,No
CLI007189,telephone,may,fri,1,999,0,nonexistent,1.1,93.994,-36.4,4.857,5191.0,No,46,admin.,single,university.degree,No,Sí,No
CLI007190,telephone,jun,tue,1,999,0,nonexistent,1.4,94.465,-41.8,4.864,5228.1,No,35,self-employed,married,basic.9y,No,No,Sí
CLI007191,telephone,may,wed,4,999,1,failure,-1.8,92.893,-46.2,1.334,5099.1,No,30,admin.,divorced,high.school,No,Sí,No
CLI007192,cellular,may,mon,1,999,0,nonexistent,-1.8,92.893,-46.2,1.264,5099.1,No,41,admin.,married,high.school,No,Sí,Sí
CLI007193,cellular,jul,wed,1,999,0,nonexistent,1.4,93.918,-42.7,4.957,5228.1,No,47,blue-collar,single,basic.9y,Desconocido,Sí,No
CLI007194,telephone,may,fri,1,999,0,nonexistent,1.1,93.994,-36.4,4.855,5191.0,No,31,blue-collar,married,basic.4y,No,No,No
CLI007195,cellular,jun,wed,2,999,1,failure,-2.9,92.963,-40.8,1.26,5076.2,No,26,student,single,university.degree,Desconocido,No,No
CLI007196,telephone,may,tue,3,999,0,nonexistent,1.1,93.994,-36.4,4.857,5191.0,No,37,blue-collar,married,basic.9y,No,No,No
CLI007197,cellular,may,mon,2,999,1,failure,-1.8,92.893,-46.2,1.354,5099.1,No,27,student,single,high.school,No,No,No
CLI007198,cellular,may,thu,7,999,0,nonexistent,-1.8,92.893,-46.2,1.266,5099.1,No,20,blue-collar,single,basic.9y,Desconocido,Sí,No
CLI007199,cellular,apr,thu,2,999,1,failure,-1.8,93.075,-47.1,1.365,5099.1,No,33,admin.,married,high.school,No,No,No
CLI007200,cellular,jul,tue,4,999,0,nonexistent,1.4,93.918,-42.7,4.961,5228.1,No,49,blue-collar,married,basic.4y,Desconocido,Sí,No
CLI007201,cellular,aug,tue,2,999,1,failure,-2.9,92.201,-31.4,0.884,5076.2,No,26,technician,single,university.degree,No,Sí,No
CLI007202,telephone,may,tue,2,999,0,nonexistent,1.1,93.994,-36.4,4.857,5191.0,No,55,management,married,university.degree,Desconocido,,No
CLI007203,cellular,apr,fri,1,999,1,failure,-1.8,93.075,-47.1,1.405,5099.1,No,30,technician,single,high.school,No,Sí,No
CLI007204,cellular,oct,mon,2,999,0,nonexistent,-1.1,94.601,-49.5,0.977,4963.6,No,33,services,single,university.degree,No,No,No
CLI007205,telephone,jun,thu,2,999,0,nonexistent,1.4,94.465,-41.8,4.958,5228.1,No,33,entrepreneur,married,university.degree,No,No,Sí
CLI007206,cellular,apr,fri,1,999,1,failure,-1.8,93.075,-47.1,1.405,5099.1,No,59,admin.,divorced,university.degree,No,Sí,No
CLI007207,cellular,aug,mon,1,999,0,nonexistent,1.4,93.444,-36.1,4.965,5228.1,No,34,technician,single,professional.course,No,No,No
CLI007208,cellular,may,tue,2,3,1,success,-1.8,92.893,-46.2,1.266,5099.1,No,27,services,married,university.degree,No,No,No
CLI007209,cellular,nov,tue,1,999,2,failure,-3.4,92.649,-30.1,0.715,5017.5,No,36,blue-collar,married,basic.9y,No,Sí,No
CLI007210,telephone,may,thu,2,999,0,nonexistent,1.1,93.994,-36.4,4.855,5191.0,No,39,blue-collar,married,basic.6y,No,Sí,No
CLI007211,cellular,nov,wed,3,999,0,nonexistent,-0.1,93.2,-42.0,4.12,5195.8,No,31,blue-collar,single,high.school,No,Sí,No
CLI007212,cellular,nov,mon,4,999,0,nonexistent,-3.4,92.649,-30.1,0.722,5017.5,No,37,admin.,married,high.school,No,No,No
CLI007213,cellular,oct,mon,2,12,2,failure,-1.1,94.601,-49.5,0.977,4963.6,No,29,admin.,single,university.degree,No,No,No
CLI007214,telephone,jun,mon,2,999,0,nonexistent,1.4,94.465,-41.8,4.865,5228.1,No,51,management,married,university.degree,No,Sí,Sí
CLI007215,cellular,jul,thu,2,999,0,nonexistent,1.4,93.918,-42.7,4.962,5228.1,No,48,blue-collar,married,basic.4y,Desconocido,No,No
CLI007216,telephone,jun,mon,2,999,0,nonexistent,1.4,94.465,-41.8,4.865,5228.1,No,32,blue-collar,married,basic.9y,No,No,No
CLI007217,telephone,jul,wed,1,999,0,nonexistent,1.4,93.918,-42.7,4.962,5228.1,No,56,blue-collar,married,basic.4y,Desconocido,No,No
CLI007218,cellular,aug,fri,1,999,0,nonexistent,1.4,93.444,-36.1,4.964,5228.1,No,45,blue-collar,married,basic.6y,No,No,No
CLI007219,cellular,may,thu,3,6,1,success,-1.8,93.876,-40.0,0.699,5008.7,Sí,60,retired,married,high.school,No,No,No
CLI007220,cellular,jul,thu,6,999,0,nonexistent,1.4,93.918,-42.7,4.958,5228.1,No,41,blue-collar,divorced,high.school,No,Sí,No
CLI007221,cellular,apr,fri,2,999,0,nonexistent,-1.8,93.075,-47.1,1.479,5099.1,No,51,technician,divorced,professional.course,No,No,No
CLI007223,cellular,may,thu,2,999,0,nonexistent,-1.8,92.893,-46.2,1.266,5099.1,No,28,blue-collar,single,basic.9y,No,Sí,No
CLI007224,cellular,oct,mon,1,999,0,nonexistent,-3.4,92.431,-26.9,0.731,5017.5,No,30,unemployed,single,high.school,No,,No
CLI007225,cellular,may,wed,5,999,0,nonexistent,-1.8,92.893,-46.2,1.281,5099.1,No,51,blue-collar,divorced,basic.9y,No,No,No
CLI007226,cellular,sep,mon,2,999,0,nonexistent,-3.4,92.379,-29.8,0.797,5017.5,No,39,admin.,married,university.degree,No,No,No
CLI007227,cellular,oct,thu,1,999,0,nonexistent,-3.4,92.431,-26.9,0.74,5017.5,No,44,admin.,divorced,high.school,No,No,No
CLI007228,cellular,nov,mon,2,999,0,nonexistent,-0.1,93.2,-42.0,4.191,5195.8,No,32,management,married,high.school,No,No,Sí
CLI007229,cellular,may,mon,5,999,0,nonexistent,-1.8,92.893,-46.2,1.244,5099.1,No,23,admin.,single,high.school,No,No,No
CLI007230,telephone,may,thu,2,999,0,nonexistent,1.1,93.994,-36.4,4.855,5191.0,No,38,blue-collar,married,basic.4y,No,Sí,No
CLI007231,cellular,jul,thu,1,999,0,nonexistent,1.4,93.918,-42.7,4.958,5228.1,No,32,management,single,university.degree,No,No,No
CLI007232,cellular,may,tue,2,999,1,failure,-1.8,92.893,-46.2,1.291,5099.1,No,41,technician,single,professional.course,No,Sí,No
CLI007233,cellular,jul,thu,4,999,0,nonexistent,1.4,93.918,-42.7,4.968,5228.1,No,33,technician,married,university.degree,No,Sí,No
CLI007234,cellular,nov,fri,2,999,1,failure,-0.1,93.2,-42.0,4.021,5195.8,No,54,admin.,divorced,high.school,No,No,No
CLI007235,telephone,may,thu,2,999,0,nonexistent,-1.8,92.893,-46.2,1.266,5099.1,No,45,entrepreneur,divorced,university.degree,No,Sí,Sí
CLI007236,cellular,may,thu,1,999,0,nonexistent,-1.8,92.893,-46.2,1.327,5099.1,No,40,blue-collar,married,basic.9y,No,Sí,Sí
CLI007237,telephone,may,tue,1,999,0,nonexistent,1.1,93.994,-36.4,4.856,5191.0,No,35,student,single,university.degree,Desconocido,Sí,No
CLI007238,telephone,jun,mon,4,999,0,nonexistent,1.4,94.465,-41.8,4.96,5228.1,No,35,student,single,university.degree,Desconocido,Sí,No
CLI007239,telephone,jul,tue,11,999,0,nonexistent,1.4,93.918,-42.7,4.961,5228.1,No,26,services,married,high.school,No,Sí,No
CLI007240,cellular,aug,wed,2,999,0,nonexistent,1.4,93.444,-36.1,4.964,5228.1,No,29,admin.,single,university.degree,No,No,No
CLI007241,cellular,nov,mon,2,999,0,nonexistent,-0.1,93.2,-42.0,4.191,5195.8,Sí,48,admin.,single,university.degree,No,Sí,No
CLI007242,cellular,jul,mon,9,999,0,nonexistent,1.4,93.918,-42.7,4.96,5228.1,No,42,housemaid,divorced,basic.4y,No,Sí,No
CLI007243,telephone,may,wed,1,999,0,nonexistent,1.1,93.994,-36.4,4.856,5191.0,No,51,management,married,university.degree,No,No,No
CLI007244,cellular,apr,mon,6,999,0,nonexistent,-1.8,93.075,-47.1,1.405,5099.1,No,33,blue-collar,divorced,basic.9y,No,No,No
CLI007245,cellular,aug,fri,1,999,0,nonexistent,1.4,93.444,-36.1,4.964,5228.1,No,47,technician,married,university.degree,Desconocido,No,No
CLI007246,telephone,jun,thu,3,999,0,nonexistent,1.4,94.465,-41.8,4.866,5228.1,Sí,31,blue-collar,single,basic.4y,No,No,No
CLI007247,cellular,may,mon,2,999,0,nonexistent,-1.8,92.893,-46.2,1.244,5099.1,No,40,admin.,single,high.school,No,Sí,Sí
CLI007248,cellular,aug,tue,3,999,0,nonexistent,1.4,93.444,-36.1,4.966,5228.1,No,46,blue-collar,married,basic.4y,Desconocido,Sí,No
CLI007249,cellular,jul,wed,4,999,0,nonexistent,1.4,93.918,-42.7,4.963,5228.1,No,45,admin.,married,university.degree,No,Sí,No
CLI007250,cellular,jul,wed,1,999,0,nonexistent,1.4,93.918,-42.7,4.962,5228.1,No,28,technician,divorced,university.degree,No,No,No
CLI007251,cellular,aug,wed,1,999,0,nonexistent,1.4,93.444,-36.1,4.965,5228.1,No,58,admin.,married,university.degree,No,Sí,No
CLI007252,cellular,aug,mon,5,999,0,nonexistent,1.4,93.444,-36.1,4.965,5228.1,Sí,39,technician,divorced,professional.course,Desconocido,Sí,No
CLI007253,cellular,aug,mon,4,999,0,nonexistent,1.4,93.444,-36.1,4.963,5228.1,No,30,admin.,single,university.degree,No,No,No
CLI007254,telephone,may,fri,2,999,0,nonexistent,1.1,93.994,-36.4,4.864,5191.0,No,29,services,married,high.school,No,No,No
CLI007255,cellular,nov,thu,4,999,0,nonexistent,-0.1,93.2,-42.0,4.076,5195.8,No,32,blue-collar,married,basic.6y,No,No,No
CLI007256,cellular,may,fri,1,999,0,nonexistent,-1.8,92.893,-46.2,1.25,5099.1,No,56,services,married,high.school,Desconocido,Sí,No
CLI007257,cellular,nov,tue,2,999,0,nonexistent,-0.1,93.2,-42.0,4.153,5195.8,No,38,admin.,married,high.school,Desconocido,Sí,Sí
CLI007258,cellular,may,mon,1,999,0,nonexistent,-1.8,92.893,-46.2,1.264,5099.1,No,32,admin.,married,university.degree,No,No,No
CLI007259,telephone,may,fri,2,999,0,nonexistent,1.1,93.994,-36.4,4.857,5191.0,No,48,technician,divorced,professional.course,No,Sí,Sí
CLI007260,cellular,nov,fri,2,999,0,nonexistent,-0.1,93.2,-42.0,4.021,5195.8,No,34,technician,married,professional.course,No,Sí,No
CLI007261,cellular,aug,fri,1,3,1,success,-2.9,92.201,-31.4,0.869,5076.2,Sí,55,retired,married,basic.4y,No,Sí,No
CLI007262,cellular,may,tue,5,999,0,nonexistent,-1.8,92.893,-46.2,1.344,5099.1,No,36,blue-collar,married,basic.6y,No,Sí,No
CLI007263,telephone,may,fri,2,999,0,nonexistent,1.1,93.994,-36.4,4.864,5191.0,No,52,self-employed,married,university.degree,No,Sí,No
CLI007264,cellular,nov,tue,1,999,0,nonexistent,-0.1,93.2,-42.0,4.153,5195.8,No,48,management,married,basic.9y,No,Desconocido,Desconocido
CLI007265,telephone,jun,wed,2,999,0,nonexistent,1.4,94.465,-41.8,4.864,5228.1,No,29,services,married,high.school,No,No,No
CLI007266,telephone,may,fri,1,999,0,nonexistent,1.1,93.994,-36.4,4.864,5191.0,No,55,Desconocido,married,Desconocido,Desconocido,No,No
CLI007267,cellular,nov,wed,2,999,0,nonexistent,-0.1,93.2,-42.0,4.12,5195.8,No,36,admin.,single,university.degree,No,No,No
CLI007268,telephone,jul,mon,3,999,0,nonexistent,1.4,93.918,-42.7,4.962,5228.1,No,42,housemaid,married,basic.4y,Desconocido,Sí,No
CLI007269,telephone,jun,wed,3,999,0,nonexistent,1.4,94.465,-41.8,4.962,5228.1,No,38,unemployed,married,basic.9y,Desconocido,Sí,No
CLI007270,cellular,apr,fri,5,999,0,nonexistent,-1.8,93.075,-47.1,1.405,5099.1,No,19,student,single,Desconocido,No,No,No
CLI007271,cellular,oct,wed,2,999,1,failure,-1.1,94.601,-49.5,1.043,4963.6,No,60,retired,married,professional.course,No,No,Sí
CLI007272,telephone,jun,fri,1,999,0,nonexistent,1.4,94.465,-41.8,4.959,5228.1,No,40,technician,married,basic.9y,No,Sí,No
CLI007273,telephone,jun,wed,1,999,0,nonexistent,1.4,94.465,-41.8,4.864,5228.1,No,28,blue-collar,single,high.school,No,Sí,Sí
CLI007274,cellular,aug,wed,1,999,0,nonexistent,1.4,93.444,-36.1,4.964,5228.1,No,31,technician,married,university.degree,No,No,No
CLI007275,cellular,may,thu,2,999,1,failure,-1.8,92.893,-46.2,1.327,5099.1,No,37,blue-collar,single,university.degree,Desconocido,No,No
CLI007276,cellular,aug,tue,1,999,0,nonexistent,1.4,93.444,-36.1,4.963,5228.1,No,48,technician,married,professional.course,Sí,No,No
CLI007277,cellular,aug,wed,4,999,0,nonexistent,1.4,93.444,-36.1,4.964,5228.1,No,54,admin.,married,professional.course,No,Sí,No
CLI007278,telephone,jun,fri,4,999,0,nonexistent,1.4,94.465,-41.8,4.959,5228.1,No,31,management,single,university.degree,Desconocido,Sí,No
CLI007279,telephone,may,wed,2,999,0,nonexistent,1.1,93.994,-36.4,4.858,5191.0,No,42,self-employed,married,university.degree,No,No,No
CLI007280,telephone,aug,fri,1,999,0,nonexistent,1.4,93.444,-36.1,4.963,5228.1,No,35,technician,divorced,high.school,Desconocido,Sí,No
CLI007281,cellular,nov,wed,2,999,0,nonexistent,-0.1,93.2,-42.0,4.12,5195.8,No,30,blue-collar,married,basic.4y,No,Sí,No
CLI007282,cellular,apr,mon,2,999,1,failure,-1.8,93.075,-47.1,1.405,5099.1,No,45,technician,married,high.school,No,Sí,No
CLI007283,cellular,may,thu,7,999,0,nonexistent,-1.8,92.893,-46.2,1.327,5099.1,No,46,blue-collar,Desconocido,Desconocido,No,No,No
CLI007284,telephone,jun,mon,3,999,0,nonexistent,1.4,94.465,-41.8,4.865,5228.1,No,47,blue-collar,divorced,basic.4y,No,No,No
CLI007285,cellular,jul,tue,3,999,0,nonexistent,1.4,93.918,-42.7,4.962,5228.1,No,34,technician,single,university.degree,No,No,No
CLI007286,cellular,aug,tue,4,999,0,nonexistent,1.4,93.444,-36.1,4.965,5228.1,No,57,admin.,married,university.degree,Desconocido,Sí,Sí
CLI007287,cellular,jul,tue,1,999,1,failure,-1.7,94.215,-40.3,0.893,4991.6,No,26,student,single,high.school,No,No,No
CLI007288,telephone,may,wed,7,999,0,nonexistent,1.1,93.994,-36.4,4.859,5191.0,No,44,management,married,university.degree,Desconocido,No,Sí
CLI007289,cellular,nov,wed,2,3,3,success,-3.4,92.649,-30.1,0.716,5017.5,Sí,24,student,single,Desconocido,No,Sí,No
CLI007290,cellular,may,thu,3,999,1,failure,-1.8,92.893,-46.2,1.327,5099.1,No,28,services,married,basic.9y,Desconocido,Sí,Sí
CLI007291,telephone,may,fri,3,999,0,nonexistent,1.1,93.994,-36.4,4.855,5191.0,No,52,blue-collar,single,basic.9y,Desconocido,Sí,No
CLI007292,cellular,aug,fri,2,999,0,nonexistent,1.4,93.444,-36.1,4.966,5228.1,No,37,admin.,single,university.degree,No,No,No
CLI007293,cellular,jun,wed,2,999,0,nonexistent,-2.9,92.963,-40.8,1.26,5076.2,Sí,30,admin.,single,university.degree,No,Sí,No
CLI007294,cellular,apr,tue,1,999,1,failure,-1.8,93.075,-47.1,1.423,5099.1,Sí,34,admin.,single,university.degree,No,No,No
CLI007295,telephone,may,tue,3,999,0,nonexistent,1.1,93.994,-36.4,4.857,5191.0,No,45,technician,married,university.degree,No,No,No
CLI007296,telephone,may,tue,1,999,0,nonexistent,1.1,93.994,-36.4,4.857,5191.0,No,42,blue-collar,married,basic.6y,Desconocido,No,No
CLI007297,cellular,jul,mon,1,999,0,nonexistent,1.4,93.918,-42.7,4.96,5228.1,No,24,blue-collar,married,basic.9y,No,Sí,No
CLI007298,cellular,apr,mon,1,999,0,nonexistent,-1.8,93.075,-47.1,1.405,5099.1,Sí,26,admin.,single,high.school,No,Sí,No
CLI007299,cellular,may,fri,1,999,0,nonexistent,-1.8,92.893,-46.2,1.25,5099.1,No,36,management,divorced,university.degree,No,Desconocido,Desconocido
CLI007300,telephone,may,thu,5,999,0,nonexistent,1.1,93.994,-36.4,4.855,5191.0,No,41,blue-collar,married,basic.9y,No,No,Sí
CLI007301,telephone,nov,fri,1,999,0,nonexistent,-0.1,93.2,-42.0,4.474,5195.8,Sí,29,admin.,married,basic.9y,No,Sí,No
CLI007302,cellular,may,fri,1,999,0,nonexistent,-1.8,92.893,-46.2,1.259,5099.1,Sí,81,retired,divorced,Desconocido,Desconocido,Sí,Sí
CLI007303,cellular,jul,mon,1,999,0,nonexistent,1.4,93.918,-42.7,4.96,5228.1,Sí,36,blue-collar,married,high.school,No,No,No
CLI007304,cellular,apr,thu,2,999,1,failure,-1.8,93.075,-47.1,1.41,5099.1,No,59,blue-collar,married,basic.9y,No,No,No
CLI007305,cellular,jul,fri,2,999,0,nonexistent,1.4,93.918,-42.7,4.963,5228.1,No,43,blue-collar,divorced,basic.4y,No,Sí,No
CLI007306,cellular,may,wed,2,999,0,nonexistent,-1.8,92.893,-46.2,1.281,5099.1,No,34,services,divorced,basic.6y,Desconocido,Desconocido,Desconocido
CLI007307,telephone,may,tue,1,999,0,nonexistent,1.1,93.994,-36.4,4.856,5191.0,No,57,retired,married,university.degree,No,Sí,No
CLI007308,telephone,may,wed,1,999,0,nonexistent,1.1,93.994,-36.4,4.859,5191.0,No,26,student,single,university.degree,No,Sí,No
CLI007309,telephone,jul,wed,2,999,0,nonexistent,1.4,93.918,-42.7,4.956,5228.1,No,28,management,married,university.degree,No,Sí,No
CLI007310,telephone,may,tue,2,999,0,nonexistent,1.1,93.994,-36.4,4.857,5191.0,No,36,services,married,high.school,No,Sí,No
CLI007311,cellular,apr,thu,2,999,1,failure,-1.8,93.749,-34.6,0.644,5008.7,No,59,retired,divorced,high.school,No,Sí,No
CLI007312,cellular,nov,tue,2,999,0,nonexistent,-0.1,93.2,-42.0,4.153,5195.8,No,45,management,married,university.degree,No,No,No
CLI007313,cellular,may,fri,1,999,0,nonexistent,-1.8,92.893,-46.2,1.259,5099.1,Sí,19,student,single,basic.9y,No,Sí,No
CLI007314,cellular,aug,thu,1,999,0,nonexistent,1.4,93.444,-36.1,4.968,5228.1,No,30,technician,single,university.degree,Desconocido,No,No
CLI007315,cellular,aug,thu,1,999,0,nonexistent,1.4,93.444,-36.1,4.968,5228.1,No,45,blue-collar,married,professional.course,No,No,No
CLI007316,telephone,may,mon,2,999,0,nonexistent,1.1,93.994,-36.4,4.857,5191.0,No,36,technician,single,high.school,No,Sí,No
CLI007317,telephone,may,fri,1,999,0,nonexistent,1.1,93.994,-36.4,4.859,5191.0,No,39,technician,married,professional.course,No,Sí,No
CLI007318,telephone,jun,tue,2,999,0,nonexistent,1.4,94.465,-41.8,4.961,5228.1,No,36,unemployed,married,high.school,No,Sí,No
CLI007319,cellular,aug,thu,1,999,0,nonexistent,1.4,93.444,-36.1,4.964,5228.1,No,51,blue-collar,married,basic.9y,Desconocido,Sí,Sí
CLI007320,telephone,may,tue,12,999,0,nonexistent,-1.8,92.893,-46.2,1.291,5099.1,No,39,services,married,high.school,No,Sí,No
CLI007321,telephone,may,fri,2,999,0,nonexistent,1.1,93.994,-36.4,4.855,5191.0,No,59,admin.,married,university.degree,No,Sí,
CLI007322,telephone,may,tue,4,999,0,nonexistent,1.1,93.994,-36.4,4.857,5191.0,No,30,entrepreneur,single,high.school,No,No,No
CLI007323,cellular,may,fri,2,999,1,failure,-1.8,92.893,-46.2,1.313,5099.1,No,57,management,married,high.school,No,Sí,No
CLI007324,cellular,jun,mon,1,999,1,failure,-2.9,92.963,-40.8,1.266,5076.2,No,53,admin.,divorced,high.school,No,Sí,No
CLI007325,telephone,may,wed,3,999,0,nonexistent,1.1,93.994,-36.4,4.856,5191.0,No,45,blue-collar,married,basic.9y,Desconocido,Sí,No
CLI007326,telephone,may,fri,4,999,0,nonexistent,1.1,93.994,-36.4,4.857,5191.0,No,46,admin.,married,high.school,No,Sí,No
CLI007327,telephone,jun,tue,1,999,0,nonexistent,1.4,94.465,-41.8,4.864,5228.1,No,52,management,divorced,university.degree,Desconocido,No,No
CLI007328,cellular,aug,mon,16,999,1,failure,-1.7,94.027,-38.3,0.891,4991.6,No,72,retired,divorced,university.degree,No,No,No
CLI007329,telephone,aug,fri,1,999,0,nonexistent,-1.7,94.027,-38.3,0.89,4991.6,No,33,admin.,divorced,high.school,No,No,No
CLI007330,cellular,may,thu,4,999,0,nonexistent,-1.8,92.893,-46.2,1.266,5099.1,No,29,blue-collar,married,basic.6y,No,Sí,No
CLI007331,telephone,jul,tue,3,999,0,nonexistent,1.4,93.918,-42.7,4.962,5228.1,No,32,admin.,married,basic.9y,No,No,No
CLI007332,cellular,may,fri,1,999,1,failure,-1.8,92.893,-46.2,1.313,5099.1,No,39,blue-collar,married,high.school,No,No,Sí
CLI007333,telephone,may,mon,2,999,0,nonexistent,1.1,93.994,-36.4,4.857,5191.0,No,32,services,married,high.school,No,Desconocido,Desconocido
CLI007334,cellular,may,fri,11,999,0,nonexistent,-1.8,92.893,-46.2,1.25,5099.1,No,33,admin.,single,high.school,No,No,No
CLI007335,cellular,nov,thu,1,999,0,nonexistent,-0.1,93.2,-42.0,4.076,5195.8,No,32,entrepreneur,married,high.school,No,Sí,No
CLI007336,cellular,nov,mon,1,999,0,nonexistent,-0.1,93.2,-42.0,4.191,5195.8,No,39,management,single,basic.9y,No,Sí,No
CLI007337,cellular,apr,thu,1,2,2,success,-1.8,93.075,-47.1,1.365,5099.1,Sí,36,technician,single,professional.course,No,Sí,No
CLI007338,cellular,jul,mon,1,999,0,nonexistent,1.4,93.918,-42.7,4.96,5228.1,No,39,housemaid,married,,No,Sí,No
CLI007340,telephone,jun,wed,2,999,0,nonexistent,1.4,94.465,-41.8,4.959,5228.1,Sí,57,blue-collar,married,Desconocido,Desconocido,No,No
CLI007341,telephone,may,thu,2,999,0,nonexistent,1.1,93.994,-36.4,4.855,5191.0,No,48,management,married,university.degree,Desconocido,Sí,No
CLI007342,telephone,may,wed,1,999,0,nonexistent,1.1,93.994,-36.4,4.858,5191.0,No,26,admin.,married,university.degree,No,Sí,Sí
CLI007343,cellular,jul,fri,2,999,0,nonexistent,1.4,93.918,-42.7,4.963,5228.1,No,52,housemaid,married,basic.4y,No,No,Sí
CLI007344,cellular,apr,wed,3,999,2,failure,-1.8,93.075,-47.1,1.445,5099.1,Sí,48,blue-collar,married,basic.9y,No,Sí,No
CLI007345,telephone,nov,thu,1,999,0,nonexistent,-0.1,93.2,-42.0,4.245,5195.8,No,33,admin.,single,,No,No,No
CLI007346,cellular,aug,tue,1,999,0,nonexistent,1.4,93.444,-36.1,4.966,5228.1,No,51,blue-collar,married,basic.9y,Desconocido,Sí,No
CLI007347,cellular,may,mon,1,999,0,nonexistent,-1.8,92.893,-46.2,1.299,5099.1,No,31,technician,married,university.degree,No,Sí,No
CLI007348,cellular,jul,mon,3,999,0,nonexistent,1.4,93.918,-42.7,4.96,5228.1,No,35,services,divorced,high.school,Desconocido,Sí,No
CLI007349,cellular,nov,wed,1,999,0,nonexistent,-0.1,93.2,-42.0,4.12,5195.8,No,34,admin.,single,,No,No,No
CLI007350,cellular,jul,wed,1,999,0,nonexistent,1.4,93.918,-42.7,4.963,5228.1,No,25,admin.,single,university.degree,No,Sí,No
CLI007351,telephone,aug,fri,1,999,0,nonexistent,1.4,93.444,-36.1,4.963,5228.1,No,35,technician,married,high.school,No,Sí,No
CLI007352,cellular,aug,fri,3,999,0,nonexistent,1.4,93.444,-36.1,4.966,5228.1,No,43,admin.,married,university.degree,Desconocido,No,No
CLI007353,cellular,jul,wed,1,999,0,nonexistent,1.4,93.918,-42.7,4.963,5228.1,No,44,admin.,single,university.degree,No,Sí,No
CLI007354,cellular,apr,thu,3,999,1,failure,-1.8,93.075,-47.1,1.41,5099.1,No,41,blue-collar,divorced,basic.4y,No,Sí,No
CLI007356,cellular,nov,thu,1,999,0,nonexistent,-0.1,93.2,-42.0,4.076,5195.8,No,33,admin.,single,university.degree,No,Sí,No
CLI007357,cellular,aug,mon,1,999,0,nonexistent,1.4,93.444,-36.1,4.965,5228.1,No,33,technician,married,professional.course,Desconocido,Sí,No
CLI007358,telephone,may,mon,7,999,0,nonexistent,1.1,93.994,-36.4,4.857,5191.0,No,31,technician,single,professional.course,Desconocido,Sí,No
CLI007359,cellular,aug,tue,5,999,0,nonexistent,1.4,93.444,-36.1,4.963,5228.1,No,52,admin.,divorced,Desconocido,No,No,
CLI007360,cellular,aug,thu,1,999,1,failure,-2.9,92.201,-31.4,0.883,5076.2,No,28,student,single,Desconocido,No,Sí,No
CLI007361,cellular,aug,tue,2,999,0,nonexistent,1.4,93.444,-36.1,4.963,5228.1,No,36,admin.,married,university.degree,Desconocido,Sí,No
CLI007362,cellular,jul,tue,6,999,0,nonexistent,1.4,93.918,-42.7,4.961,5228.1,No,40,admin.,divorced,high.school,No,Sí,No
CLI007363,telephone,jun,fri,1,999,0,nonexistent,1.4,94.465,-41.8,4.959,5228.1,No,36,self-employed,divorced,basic.4y,No,No,No
CLI007364,telephone,jun,mon,1,999,0,nonexistent,1.4,94.465,-41.8,4.947,5228.1,No,32,self-employed,divorced,professional.course,No,Sí,No
CLI007365,telephone,jul,mon,2,999,0,nonexistent,1.4,93.918,-42.7,4.96,5228.1,No,30,technician,single,,No,Sí,No
CLI007366,telephone,may,fri,1,999,0,nonexistent,1.1,93.994,-36.4,4.855,5191.0,No,28,services,single,,No,Sí,Sí
CLI007367,cellular,apr,tue,2,999,0,nonexistent,-1.8,93.075,-47.1,1.453,5099.1,No,44,blue-collar,single,basic.9y,No,Sí,No
CLI007368,telephone,jun,mon,2,999,0,nonexistent,1.4,94.465,-41.8,4.865,5228.1,No,41,blue-collar,married,Desconocido,No,No,No
CLI007369,cellular,jul,thu,3,999,0,nonexistent,1.4,93.918,-42.7,4.958,5228.1,No,48,unemployed,married,basic.4y,Desconocido,Sí,No
CLI007370,telephone,jun,wed,7,999,0,nonexistent,1.4,94.465,-41.8,4.864,5228.1,No,53,blue-collar,married,basic.4y,Desconocido,Sí,No
CLI007371,telephone,may,fri,14,999,0,nonexistent,1.1,93.994,-36.4,4.859,5191.0,No,35,admin.,married,high.school,Desconocido,Sí,No
CLI007372,cellular,apr,fri,2,999,0,nonexistent,-1.8,93.075,-47.1,1.405,5099.1,No,31,admin.,married,high.school,No,Sí,No
CLI007373,cellular,apr,thu,1,999,0,nonexistent,-1.8,93.075,-47.1,1.41,5099.1,No,27,blue-collar,single,basic.4y,No,Sí,
CLI007374,cellular,aug,tue,2,999,0,nonexistent,1.4,93.444,-36.1,4.963,5228.1,No,29,management,single,university.degree,No,Sí,No
CLI007375,cellular,may,thu,7,999,0,nonexistent,-1.8,92.893,-46.2,1.266,5099.1,No,34,admin.,single,university.degree,No,Sí,Sí
CLI007376,telephone,may,mon,2,999,0,nonexistent,1.1,93.994,-36.4,4.857,5191.0,No,47,blue-collar,married,basic.6y,No,No,No
CLI007377,cellular,jul,thu,4,999,0,nonexistent,1.4,93.918,-42.7,4.968,5228.1,No,47,technician,married,professional.course,No,Sí,Sí
CLI007378,cellular,jul,mon,2,999,0,nonexistent,1.4,93.918,-42.7,4.962,5228.1,No,27,technician,single,professional.course,No,No,No
CLI007379,cellular,jul,mon,8,999,0,nonexistent,1.4,93.918,-42.7,4.962,5228.1,No,46,housemaid,married,basic.4y,Desconocido,Sí,No
CLI007380,cellular,nov,mon,2,999,0,nonexistent,-0.1,93.2,-42.0,4.191,5195.8,No,37,admin.,married,university.degree,No,Sí,No
CLI007381,telephone,nov,fri,3,999,1,failure,-3.4,92.649,-30.1,0.714,5017.5,No,31,admin.,single,high.school,No,No,No
CLI007382,cellular,jul,mon,1,999,0,nonexistent,1.4,93.918,-42.7,4.96,5228.1,No,33,blue-collar,married,basic.6y,Desconocido,,No
CLI007383,cellular,apr,fri,2,999,0,nonexistent,-1.8,93.075,-47.1,1.405,5099.1,No,33,blue-collar,married,basic.4y,No,No,Sí
CLI007384,telephone,jun,wed,1,999,0,nonexistent,1.4,94.465,-41.8,4.962,5228.1,No,41,blue-collar,divorced,basic.4y,No,Sí,No
CLI007385,telephone,apr,mon,12,999,0,nonexistent,-1.8,93.075,-47.1,1.405,5099.1,No,31,technician,single,professional.course,No,Sí,No
CLI007386,telephone,may,mon,2,999,0,nonexistent,1.1,93.994,-36.4,4.857,5191.0,No,57,blue-collar,married,basic.4y,Desconocido,No,No
CLI007387,cellular,aug,mon,4,999,0,nonexistent,1.4,93.444,-36.1,4.965,5228.1,No,43,technician,married,professional.course,No,No,Sí
CLI007388,cellular,apr,thu,2,999,0,nonexistent,-1.8,93.075,-47.1,1.365,5099.1,No,43,admin.,married,university.degree,No,Sí,No
CLI007389,telephone,jul,mon,1,999,0,nonexistent,1.4,93.918,-42.7,4.96,5228.1,No,49,admin.,married,university.degree,Desconocido,Sí,No
CLI007390,cellular,nov,tue,1,999,0,nonexistent,-0.1,93.2,-42.0,4.153,5195.8,No,33,services,married,high.school,No,No,No
CLI007391,cellular,jul,wed,1,999,0,nonexistent,1.4,93.918,-42.7,4.962,5228.1,No,33,admin.,single,university.degree,No,Sí,Sí
CLI007392,cellular,jul,mon,2,999,0,nonexistent,1.4,93.918,-42.7,4.96,5228.1,No,28,technician,married,basic.9y,No,Sí,No
CLI007393,telephone,may,fri,1,999,0,nonexistent,1.1,93.994,-36.4,4.855,5191.0,No,41,admin.,single,university.degree,No,No,No
CLI007394,cellular,may,wed,2,999,1,failure,-1.8,92.893,-46.2,1.281,5099.1,Sí,38,blue-collar,single,basic.9y,No,No,No
CLI007395,telephone,may,wed,12,999,0,nonexistent,1.1,93.994,-36.4,4.858,5191.0,No,50,unemployed,married,high.school,No,No,Sí
CLI007396,telephone,jul,wed,8,999,0,nonexistent,1.4,93.918,-42.7,4.957,5228.1,No,37,blue-collar,married,basic.6y,No,Sí,No
CLI007397,cellular,jul,fri,1,999,1,failure,-2.9,92.469,-33.6,1.059,5076.2,No,36,admin.,married,high.school,No,Sí,No
CLI007398,telephone,jun,tue,1,999,0,nonexistent,1.4,94.465,-41.8,4.864,5228.1,No,50,services,married,high.school,Desconocido,Sí,No
CLI007399,cellular,may,tue,1,999,0,nonexistent,-1.8,92.893,-46.2,1.344,5099.1,No,39,blue-collar,married,basic.9y,No,No,No
CLI007400,telephone,may,fri,1,999,0,nonexistent,1.1,93.994,-36.4,4.857,5191.0,No,26,blue-collar,single,basic.9y,Desconocido,No,Sí
CLI007401,cellular,nov,tue,1,999,0,nonexistent,-0.1,93.2,-42.0,4.153,5195.8,No,50,technician,divorced,professional.course,No,No,No
CLI007402,telephone,may,mon,5,999,0,nonexistent,1.1,93.994,-36.4,4.857,5191.0,No,42,blue-collar,married,basic.4y,Desconocido,Sí,No
CLI007403,cellular,sep,thu,3,22,1,success,-1.1,94.199,-37.5,0.879,4963.6,Sí,38,technician,single,professional.course,No,,No
CLI007404,telephone,jun,fri,1,999,0,nonexistent,1.4,94.465,-41.8,4.967,5228.1,No,30,services,married,high.school,No,Sí,No
CLI007405,telephone,jun,wed,2,999,0,nonexistent,1.4,94.465,-41.8,4.864,5228.1,No,53,technician,married,,Desconocido,Sí,No
CLI007406,cellular,sep,mon,3,3,4,success,-1.1,94.199,-37.5,0.879,4963.6,No,82,retired,married,university.degree,Desconocido,No,No
CLI007407,cellular,nov,mon,1,999,0,nonexistent,-0.1,93.2,-42.0,4.191,5195.8,Sí,48,blue-collar,divorced,professional.course,No,No,No
CLI007408,cellular,may,thu,1,999,1,failure,-1.8,92.893,-46.2,1.327,5099.1,No,31,services,divorced,high.school,Desconocido,No,No
CLI007409,telephone,jun,mon,1,999,0,nonexistent,1.4,94.465,-41.8,4.96,5228.1,No,59,blue-collar,married,,Desconocido,Sí,No
CLI007410,cellular,nov,wed,1,999,0,nonexistent,-0.1,93.2,-42.0,4.12,5195.8,No,37,blue-collar,married,basic.9y,No,Sí,No
CLI007411,cellular,apr,thu,2,999,0,nonexistent,-1.8,93.075,-47.1,1.365,5099.1,No,20,student,single,high.school,No,Sí,No
CLI007412,telephone,may,wed,4,999,0,nonexistent,1.1,93.994,-36.4,4.857,5191.0,No,29,blue-collar,married,basic.4y,Desconocido,Sí,Sí
CLI007413,telephone,may,thu,3,999,0,nonexistent,1.1,93.994,-36.4,4.86,5191.0,No,49,management,married,basic.4y,No,Sí,No
CLI007414,cellular,sep,thu,3,999,0,nonexistent,-1.1,94.199,-37.5,0.879,4963.6,No,29,admin.,married,high.school,No,Sí,No
CLI007415,cellular,aug,mon,2,999,0,nonexistent,1.4,93.444,-36.1,4.963,5228.1,No,52,housemaid,married,basic.4y,Desconocido,No,No
CLI007416,cellular,nov,thu,2,6,3,success,-1.1,94.767,-50.8,1.031,4963.6,Sí,62,retired,married,university.degree,No,No,No
CLI007417,cellular,may,thu,2,999,0,nonexistent,-1.8,93.876,-40.0,0.692,5008.7,Sí,58,management,married,university.degree,No,Sí,No
CLI007418,telephone,may,mon,1,999,0,nonexistent,1.1,93.994,-36.4,4.857,5191.0,No,46,blue-collar,married,basic.6y,Desconocido,Sí,Sí
CLI007419,cellular,nov,tue,1,999,1,failure,-0.1,93.2,-42.0,4.153,5195.8,No,31,technician,single,university.degree,No,No,No
CLI007420,telephone,jun,tue,3,999,0,nonexistent,1.4,94.465,-41.8,4.961,5228.1,No,34,services,married,high.school,No,No,Sí
CLI007421,cellular,may,mon,4,999,1,failure,-1.8,92.893,-46.2,1.244,5099.1,No,49,technician,married,high.school,Desconocido,No,No
CLI007422,telephone,may,wed,3,999,0,nonexistent,1.1,93.994,-36.4,4.859,5191.0,No,52,blue-collar,married,basic.4y,Desconocido,Sí,Sí
CLI007423,cellular,jul,thu,1,999,0,nonexistent,1.4,93.918,-42.7,4.963,5228.1,Sí,31,admin.,married,high.school,No,No,No
CLI007424,cellular,may,mon,1,3,1,success,-1.8,92.893,-46.2,1.354,5099.1,Sí,30,unemployed,married,high.school,No,No,No
CLI007425,cellular,apr,mon,1,999,1,failure,-1.8,93.075,-47.1,1.405,5099.1,No,45,blue-collar,married,basic.9y,No,Sí,No
CLI007426,telephone,jul,thu,2,999,0,nonexistent,1.4,93.918,-42.7,4.966,5228.1,No,28,management,single,,No,No,No
CLI007427,cellular,may,wed,1,999,0,nonexistent,-1.8,92.893,-46.2,1.334,5099.1,No,38,technician,married,university.degree,No,Sí,No
CLI007428,cellular,jul,wed,4,999,0,nonexistent,1.4,93.918,-42.7,4.957,5228.1,No,33,admin.,single,Desconocido,No,No,Sí
CLI007429,cellular,oct,mon,1,999,0,nonexistent,-3.4,92.431,-26.9,0.739,5017.5,Sí,70,retired,married,basic.4y,No,Sí,No
CLI007430,cellular,jul,thu,2,999,0,nonexistent,1.4,93.918,-42.7,4.962,5228.1,No,44,blue-collar,married,basic.9y,Desconocido,No,No
CLI007431,cellular,may,wed,4,999,1,failure,-1.8,92.893,-46.2,1.334,5099.1,No,33,admin.,married,high.school,No,No,No
CLI007432,cellular,aug,tue,8,999,0,nonexistent,1.4,93.444,-36.1,4.965,5228.1,No,60,technician,married,university.degree,No,Sí,No
CLI007433,cellular,apr,mon,2,999,1,failure,-1.8,93.075,-47.1,1.405,5099.1,No,46,services,divorced,high.school,Desconocido,Sí,No
CLI007434,cellular,may,tue,1,999,0,nonexistent,-1.8,92.893,-46.2,1.266,5099.1,No,39,admin.,married,high.school,No,No,No
CLI007435,cellular,aug,mon,3,999,0,nonexistent,1.4,93.444,-36.1,4.965,5228.1,No,60,retired,married,basic.4y,Desconocido,Sí,Sí
CLI007436,cellular,may,mon,9,999,0,nonexistent,-1.8,92.893,-46.2,1.244,5099.1,No,38,technician,single,professional.course,No,Sí,Sí
CLI007437,cellular,apr,thu,1,999,0,nonexistent,-1.8,93.075,-47.1,1.41,5099.1,No,54,management,married,university.degree,No,No,No
CLI007438,cellular,may,tue,1,999,1,failure,-1.8,92.893,-46.2,1.291,5099.1,No,23,blue-collar,single,basic.9y,No,Sí,No
CLI007439,cellular,oct,fri,2,999,0,nonexistent,-3.4,92.431,-26.9,0.739,5017.5,Sí,33,technician,married,professional.course,No,Sí,No
CLI007440,telephone,apr,mon,3,999,1,failure,-1.8,93.075,-47.1,1.466,5099.1,No,46,blue-collar,married,basic.9y,Desconocido,Sí,No
CLI007441,cellular,nov,thu,1,999,0,nonexistent,-0.1,93.2,-42.0,4.076,5195.8,No,33,admin.,single,university.degree,No,Sí,No
CLI007442,cellular,may,tue,3,999,0,nonexistent,-1.8,92.893,-46.2,1.344,5099.1,No,34,blue-collar,married,basic.9y,No,No,No
CLI007443,cellular,apr,mon,3,999,0,nonexistent,-1.8,93.075,-47.1,1.405,5099.1,Sí,19,student,single,Desconocido,No,Desconocido,Desconocido
CLI007444,cellular,may,mon,2,999,0,nonexistent,-1.8,92.893,-46.2,1.299,5099.1,No,29,admin.,single,basic.9y,No,No,No
CLI007445,cellular,aug,thu,10,999,0,nonexistent,1.4,93.444,-36.1,4.962,5228.1,No,43,admin.,married,university.degree,No,Sí,No
CLI007446,cellular,nov,fri,1,999,0,nonexistent,-0.1,93.2,-42.0,4.021,5195.8,No,57,unemployed,married,university.degree,No,Sí,No
CLI007447,cellular,may,thu,1,999,1,failure,-1.8,92.893,-46.2,1.327,5099.1,No,35,blue-collar,married,Desconocido,No,No,No
CLI007448,cellular,jul,thu,1,999,0,nonexistent,1.4,93.918,-42.7,4.963,5228.1,No,40,blue-collar,married,basic.4y,Desconocido,Sí,Sí
CLI007449,cellular,nov,wed,7,999,0,nonexistent,-0.1,93.2,-42.0,4.12,5195.8,No,33,admin.,married,university.degree,No,Sí,Sí
CLI007450,cellular,may,thu,2,10,1,success,-1.8,92.893,-46.2,1.327,5099.1,No,24,services,single,high.school,Desconocido,Sí,No
CLI007451,cellular,may,tue,1,999,1,failure,-1.8,92.893,-46.2,1.344,5099.1,No,30,blue-collar,single,basic.9y,No,No,Sí
CLI007452,cellular,aug,thu,3,999,0,nonexistent,1.4,93.444,-36.1,4.964,5228.1,No,35,management,married,high.school,No,Sí,
CLI007453,cellular,may,thu,2,999,0,nonexistent,-1.8,92.893,-46.2,1.327,5099.1,No,40,blue-collar,married,basic.9y,No,Sí,Sí
CLI007454,telephone,jun,tue,2,999,0,nonexistent,1.4,94.465,-41.8,4.961,5228.1,No,36,blue-collar,married,university.degree,Desconocido,No,No
CLI007455,telephone,may,fri,1,999,0,nonexistent,1.1,93.994,-36.4,4.859,5191.0,No,30,admin.,single,,No,No,No
CLI007456,telephone,jun,wed,3,999,0,nonexistent,1.4,94.465,-41.8,4.962,5228.1,No,58,blue-collar,married,basic.4y,Desconocido,Sí,No
CLI007457,cellular,aug,fri,11,999,0,nonexistent,1.4,93.444,-36.1,4.964,5228.1,No,36,admin.,married,high.school,No,Sí,No
CLI007458,telephone,may,tue,3,999,0,nonexistent,1.1,93.994,-36.4,4.856,5191.0,No,28,blue-collar,married,basic.9y,No,Sí,No
CLI007459,cellular,jul,thu,1,999,0,nonexistent,1.4,93.918,-42.7,4.963,5228.1,No,36,blue-collar,married,basic.9y,Desconocido,Sí,No
CLI007460,cellular,aug,fri,1,999,0,nonexistent,1.4,93.444,-36.1,4.963,5228.1,No,38,admin.,married,university.degree,No,Sí,Sí
CLI007461,telephone,may,wed,6,999,0,nonexistent,-1.8,92.893,-46.2,1.281,5099.1,No,53,services,married,high.school,No,Sí,No
CLI007462,cellular,jul,wed,5,999,0,nonexistent,1.4,93.918,-42.7,4.957,5228.1,No,29,admin.,married,university.degree,No,No,No
CLI007463,cellular,oct,tue,2,999,0,nonexistent,-3.4,92.431,-26.9,0.728,5017.5,Sí,68,retired,divorced,professional.course,No,Sí,No
CLI007464,telephone,jun,tue,5,999,0,nonexistent,1.4,94.465,-41.8,4.864,5228.1,No,39,self-employed,married,university.degree,Desconocido,Sí,No
CLI007465,cellular,apr,fri,2,999,0,nonexistent,-1.8,93.075,-47.1,1.479,5099.1,No,39,blue-collar,married,basic.6y,No,No,No
CLI007466,telephone,oct,tue,1,999,0,nonexistent,-3.4,92.431,-26.9,0.742,5017.5,No,71,retired,single,university.degree,No,No,No
CLI007467,telephone,oct,tue,1,999,0,nonexistent,-0.1,93.798,-40.4,4.968,5195.8,Sí,59,admin.,married,university.degree,No,No,No
CLI007468,telephone,may,fri,1,999,0,nonexistent,1.1,93.994,-36.4,4.855,5191.0,No,51,technician,married,professional.course,No,No,No
CLI007469,telephone,apr,wed,2,999,0,nonexistent,-1.8,93.075,-47.1,1.415,5099.1,No,31,admin.,single,university.degree,No,No,No
CLI007470,telephone,jun,thu,1,999,0,nonexistent,1.4,94.465,-41.8,4.866,5228.1,No,38,services,married,basic.4y,No,No,Sí
CLI007471,telephone,may,fri,1,999,0,nonexistent,1.1,93.994,-36.4,4.859,5191.0,No,51,admin.,married,basic.6y,Desconocido,Sí,No
CLI007472,telephone,may,wed,2,999,0,nonexistent,1.1,93.994,-36.4,4.856,5191.0,No,29,technician,married,,No,No,No
CLI007473,cellular,nov,fri,1,999,0,nonexistent,-0.1,93.2,-42.0,4.021,5195.8,No,57,housemaid,married,basic.4y,No,Sí,No
CLI007474,cellular,aug,wed,1,999,0,nonexistent,1.4,93.444,-36.1,4.965,5228.1,No,41,admin.,married,university.degree,No,Sí,No
CLI007475,telephone,aug,fri,1,999,0,nonexistent,-1.7,94.027,-38.3,0.888,4991.6,No,58,blue-collar,married,high.school,No,Sí,No
CLI007476,cellular,jun,wed,1,2,1,success,-2.9,92.963,-40.8,1.26,5076.2,No,31,admin.,married,high.school,No,No,No
CLI007477,cellular,jul,fri,2,999,0,nonexistent,-1.7,94.215,-40.3,0.861,4991.6,No,21,housemaid,single,high.school,No,No,No
CLI007478,cellular,jul,mon,2,999,0,nonexistent,1.4,93.918,-42.7,4.962,5228.1,No,43,services,divorced,high.school,No,Sí,No
CLI007479,cellular,jul,mon,4,999,0,nonexistent,1.4,93.918,-42.7,4.96,5228.1,No,30,blue-collar,single,basic.9y,No,Sí,No
CLI007480,cellular,may,thu,2,999,0,nonexistent,-1.8,92.893,-46.2,1.266,5099.1,No,48,services,single,basic.4y,Desconocido,Sí,Sí
CLI007481,telephone,may,tue,1,999,0,nonexistent,1.1,93.994,-36.4,4.856,5191.0,No,33,technician,married,high.school,No,No,No
CLI007482,cellular,jul,tue,1,999,0,nonexistent,1.4,93.918,-42.7,4.962,5228.1,No,32,technician,married,professional.course,No,No,No
CLI007483,telephone,jun,wed,1,999,0,nonexistent,1.4,94.465,-41.8,4.864,5228.1,No,31,services,single,high.school,No,Sí,No
CLI007484,telephone,jun,mon,1,999,0,nonexistent,1.4,94.465,-41.8,4.865,5228.1,No,51,blue-collar,married,basic.4y,No,Sí,Sí
CLI007485,telephone,jul,fri,1,999,0,nonexistent,1.4,93.918,-42.7,4.959,5228.1,No,41,entrepreneur,married,basic.4y,No,No,No
CLI007486,cellular,jul,tue,14,999,0,nonexistent,1.4,93.918,-42.7,4.961,5228.1,No,50,admin.,married,professional.course,No,No,No
CLI007487,cellular,may,fri,1,999,1,failure,-1.8,92.893,-46.2,1.25,5099.1,No,46,services,married,high.school,Desconocido,Sí,No
CLI007488,cellular,sep,fri,1,1,3,success,-3.4,92.379,-29.8,0.773,5017.5,Sí,28,admin.,single,university.degree,No,Sí,No
CLI007489,cellular,may,fri,1,999,1,failure,-1.8,92.893,-46.2,1.313,5099.1,No,49,blue-collar,married,basic.9y,No,Sí,No
CLI007490,cellular,apr,mon,5,999,0,nonexistent,-1.8,93.075,-47.1,1.405,5099.1,No,59,self-employed,married,,No,Sí,No
CLI007491,telephone,may,wed,2,999,0,nonexistent,1.1,93.994,-36.4,4.859,5191.0,No,29,blue-collar,married,professional.course,No,Sí,No
CLI007492,cellular,aug,wed,3,999,0,nonexistent,1.4,93.444,-36.1,4.964,5228.1,No,37,technician,single,university.degree,No,Sí,No
CLI007493,cellular,apr,thu,2,999,0,nonexistent,-1.8,93.075,-47.1,1.365,5099.1,Sí,32,blue-collar,married,professional.course,No,Sí,No
CLI007494,cellular,aug,mon,1,999,0,nonexistent,1.4,93.444,-36.1,4.963,5228.1,No,30,admin.,married,university.degree,No,No,No
CLI007495,cellular,aug,thu,18,999,0,nonexistent,1.4,93.444,-36.1,4.962,5228.1,No,46,technician,divorced,university.degree,Desconocido,No,No
CLI007496,telephone,jun,wed,2,999,0,nonexistent,1.4,94.465,-41.8,4.864,5228.1,No,37,admin.,divorced,university.degree,No,No,No
CLI007497,cellular,jul,fri,3,999,0,nonexistent,-2.9,92.469,-33.6,1.059,5076.2,No,53,technician,married,high.school,No,Sí,No
CLI007498,cellular,may,tue,6,999,0,nonexistent,-1.8,92.893,-46.2,1.291,5099.1,No,33,services,married,basic.6y,No,No,No
CLI007499,cellular,jul,mon,1,999,0,nonexistent,1.4,93.918,-42.7,4.962,5228.1,No,43,services,married,basic.6y,Desconocido,No,No
CLI007500,telephone,jun,fri,1,999,0,nonexistent,-2.9,92.963,-40.8,1.268,5076.2,No,37,admin.,married,university.degree,No,Sí,No
CLI007501,cellular,jun,wed,2,999,0,nonexistent,-2.9,92.963,-40.8,1.26,5076.2,Sí,52,admin.,married,university.degree,No,Sí,Sí
CLI007502,cellular,apr,fri,3,999,2,failure,-1.8,93.075,-47.1,1.405,5099.1,No,44,blue-collar,single,basic.9y,Desconocido,Sí,No
CLI007503,telephone,jun,fri,14,999,0,nonexistent,1.4,94.465,-41.8,4.959,5228.1,No,43,admin.,single,professional.course,No,No,Sí
CLI007504,telephone,may,mon,1,999,0,nonexistent,1.1,93.994,-36.4,4.857,5191.0,No,45,management,married,basic.9y,No,No,Sí
CLI007505,cellular,nov,tue,1,3,1,success,-3.4,92.649,-30.1,0.715,5017.5,Sí,79,retired,married,basic.4y,No,Sí,No
CLI007506,telephone,jun,mon,2,999,0,nonexistent,1.4,94.465,-41.8,4.961,5228.1,No,47,management,married,basic.4y,No,No,Sí
CLI007507,telephone,jun,wed,2,999,0,nonexistent,1.4,94.465,-41.8,4.962,5228.1,No,42,entrepreneur,married,professional.course,No,No,No
CLI007508,telephone,jun,fri,1,999,0,nonexistent,1.4,94.465,-41.8,4.959,5228.1,No,37,admin.,married,high.school,Desconocido,Sí,No
CLI007509,cellular,aug,mon,3,999,0,nonexistent,1.4,93.444,-36.1,4.965,5228.1,No,50,blue-collar,married,basic.4y,No,No,No
CLI007510,cellular,may,tue,1,999,0,nonexistent,-1.8,92.893,-46.2,1.266,5099.1,No,45,admin.,divorced,university.degree,No,Sí,No
CLI007511,cellular,aug,wed,2,999,0,nonexistent,1.4,93.444,-36.1,4.967,5228.1,No,36,technician,married,high.school,No,Sí,No
CLI007512,cellular,nov,fri,2,999,0,nonexistent,-0.1,93.2,-42.0,4.021,5195.8,No,42,technician,single,professional.course,No,Sí,No
CLI007513,cellular,nov,thu,1,999,1,failure,-3.4,92.649,-30.1,0.714,5017.5,No,56,blue-collar,divorced,basic.4y,No,No,No
CLI007514,telephone,jun,wed,10,999,0,nonexistent,1.4,94.465,-41.8,4.959,5228.1,No,30,services,married,Desconocido,No,Sí,No
CLI007515,telephone,may,thu,3,999,0,nonexistent,1.1,93.994,-36.4,4.86,5191.0,No,52,services,married,basic.9y,Desconocido,No,No
CLI007516,cellular,aug,wed,9,999,0,nonexistent,1.4,93.444,-36.1,4.964,5228.1,Sí,31,unemployed,married,university.degree,No,Sí,No
CLI007517,telephone,jun,fri,1,999,0,nonexistent,1.4,94.465,-41.8,4.967,5228.1,No,52,technician,married,basic.9y,No,No,No
CLI007518,cellular,jul,mon,2,999,0,nonexistent,1.4,93.918,-42.7,4.962,5228.1,No,51,admin.,divorced,university.degree,No,Sí,No
CLI007519,telephone,may,fri,2,999,0,nonexistent,1.1,93.994,-36.4,4.855,5191.0,No,59,admin.,married,university.degree,No,No,No
CLI007520,telephone,jul,wed,3,999,0,nonexistent,1.4,93.918,-42.7,4.963,5228.1,No,29,technician,single,university.degree,No,No,Sí
CLI007521,cellular,may,wed,1,10,1,success,-1.8,93.876,-40.0,0.697,5008.7,Sí,69,retired,married,high.school,No,No,No
CLI007522,cellular,aug,thu,2,999,0,nonexistent,1.4,93.444,-36.1,4.963,5228.1,No,58,management,married,university.degree,Desconocido,Sí,Sí
CLI007523,cellular,apr,mon,5,999,0,nonexistent,-1.8,93.075,-47.1,1.405,5099.1,No,57,self-employed,married,basic.4y,No,Sí,No
CLI007524,telephone,jun,mon,21,999,0,nonexistent,1.4,94.465,-41.8,4.865,5228.1,No,35,management,single,university.degree,No,Sí,No
CLI007525,cellular,jul,mon,2,999,0,nonexistent,1.4,93.918,-42.7,4.962,5228.1,No,51,technician,married,basic.9y,Desconocido,Sí,Sí
CLI007526,cellular,aug,thu,6,999,0,nonexistent,1.4,93.444,-36.1,4.963,5228.1,No,40,management,married,university.degree,No,Sí,No
CLI007527,telephone,may,thu,3,999,0,nonexistent,1.1,93.994,-36.4,4.86,5191.0,No,31,services,single,high.school,Desconocido,Sí,No
CLI007528,telephone,may,thu,6,999,0,nonexistent,1.1,93.994,-36.4,4.86,5191.0,No,50,services,married,high.school,No,No,No
CLI007529,cellular,jul,fri,2,999,0,nonexistent,-2.9,92.469,-33.6,1.059,5076.2,Sí,56,retired,married,high.school,No,Sí,
CLI007530,cellular,nov,fri,2,999,0,nonexistent,-0.1,93.2,-42.0,4.021,5195.8,No,57,blue-collar,married,basic.9y,Desconocido,No,Sí
CLI007531,cellular,sep,thu,4,999,3,failure,-1.1,94.199,-37.5,0.878,4963.6,No,50,management,married,university.degree,No,No,No
CLI007532,cellular,apr,thu,1,999,0,nonexistent,-1.8,93.075,-47.1,1.365,5099.1,Sí,27,student,single,Desconocido,Desconocido,Sí,No
CLI007533,cellular,apr,fri,2,999,1,failure,-1.8,93.075,-47.1,1.405,5099.1,No,31,entrepreneur,married,university.degree,Desconocido,Sí,No
CLI007534,cellular,mar,tue,1,999,0,nonexistent,-1.8,92.843,-50.0,1.614,5099.1,Sí,21,student,single,high.school,No,No,No
CLI007535,telephone,aug,fri,1,999,0,nonexistent,-1.7,94.027,-38.3,0.898,4991.6,No,32,admin.,married,university.degree,No,No,No
CLI007536,cellular,mar,wed,2,4,2,success,-1.8,93.369,-34.8,0.655,5008.7,Sí,37,admin.,single,high.school,No,No,No
CLI007537,telephone,may,mon,2,999,0,nonexistent,1.1,93.994,-36.4,4.857,5191.0,No,42,blue-collar,divorced,basic.9y,No,Sí,No
CLI007538,cellular,mar,tue,2,999,0,nonexistent,-1.8,92.843,-50.0,1.614,5099.1,No,46,technician,married,professional.course,No,No,No
CLI007539,telephone,may,wed,1,999,0,nonexistent,1.1,93.994,-36.4,4.858,5191.0,No,43,admin.,married,university.degree,No,No,No
CLI007540,cellular,nov,mon,2,999,0,nonexistent,-0.1,93.2,-42.0,4.191,5195.8,No,47,admin.,divorced,university.degree,Desconocido,No,No
CLI007541,cellular,nov,thu,4,999,0,nonexistent,-0.1,93.2,-42.0,4.076,5195.8,No,36,technician,divorced,professional.course,No,Desconocido,Desconocido
CLI007542,cellular,jul,thu,10,999,0,nonexistent,1.4,93.918,-42.7,4.968,5228.1,No,35,admin.,married,university.degree,No,No,No
CLI007543,cellular,apr,thu,2,999,0,nonexistent,-1.8,93.075,-47.1,1.365,5099.1,No,55,admin.,married,Desconocido,No,Sí,No
CLI007544,cellular,apr,mon,3,999,0,nonexistent,-1.8,93.075,-47.1,1.405,5099.1,No,37,services,married,high.school,No,No,No
CLI007545,telephone,jun,mon,5,999,0,nonexistent,1.4,94.465,-41.8,4.96,5228.1,No,54,technician,married,high.school,No,No,No
CLI007546,cellular,jul,fri,4,999,0,nonexistent,1.4,93.918,-42.7,4.963,5228.1,No,22,blue-collar,married,professional.course,No,Sí,No
CLI007547,cellular,nov,wed,1,999,1,failure,-0.1,93.2,-42.0,4.12,5195.8,No,47,technician,married,university.degree,No,No,No
CLI007548,cellular,jul,tue,14,999,0,nonexistent,1.4,93.918,-42.7,4.961,5228.1,No,54,technician,divorced,professional.course,No,Sí,Sí
CLI007549,cellular,jul,wed,1,999,0,nonexistent,1.4,93.918,-42.7,4.963,5228.1,No,21,blue-collar,married,basic.9y,No,No,No
CLI007550,cellular,jun,tue,3,5,1,success,-1.7,94.055,-39.8,0.702,4991.6,Sí,29,admin.,married,university.degree,No,No,Sí
CLI007551,cellular,apr,mon,2,999,1,failure,-1.8,93.075,-47.1,1.405,5099.1,No,37,blue-collar,married,high.school,No,Sí,No
CLI007552,cellular,may,mon,4,999,0,nonexistent,-1.8,92.893,-46.2,1.244,5099.1,No,42,blue-collar,divorced,basic.4y,No,Sí,No
CLI007553,cellular,may,mon,6,999,1,failure,-1.8,92.893,-46.2,1.299,5099.1,No,36,services,married,basic.6y,Desconocido,Sí,No
CLI007554,telephone,may,mon,6,999,0,nonexistent,1.1,93.994,-36.4,4.858,5191.0,No,35,Desconocido,single,basic.4y,Desconocido,Sí,Sí
CLI007555,cellular,jul,mon,2,999,0,nonexistent,1.4,93.918,-42.7,4.96,5228.1,Sí,42,admin.,single,university.degree,Desconocido,Sí,No
CLI007556,telephone,may,wed,1,999,0,nonexistent,1.1,93.994,-36.4,4.858,5191.0,No,45,blue-collar,married,basic.9y,No,No,No
CLI007557,telephone,may,mon,2,999,0,nonexistent,1.1,93.994,-36.4,4.857,5191.0,No,30,admin.,married,university.degree,No,No,No
CLI007558,cellular,apr,thu,2,999,1,failure,-1.8,93.075,-47.1,1.41,5099.1,No,37,admin.,married,professional.course,No,Sí,No
CLI007559,telephone,jul,wed,2,999,0,nonexistent,1.4,93.918,-42.7,4.956,5228.1,No,39,blue-collar,married,basic.9y,Desconocido,Sí,No
CLI007560,telephone,jun,thu,2,999,0,nonexistent,1.4,94.465,-41.8,4.866,5228.1,No,41,blue-collar,married,basic.9y,Desconocido,No,No
CLI007561,cellular,jul,thu,1,999,0,nonexistent,1.4,93.918,-42.7,4.958,5228.1,No,42,housemaid,married,basic.9y,No,Sí,No
CLI007562,telephone,may,wed,1,999,0,nonexistent,1.1,93.994,-36.4,4.858,5191.0,No,49,admin.,married,high.school,Desconocido,No,No
CLI007563,cellular,may,fri,3,999,1,failure,-1.8,92.893,-46.2,1.313,5099.1,No,28,blue-collar,single,basic.9y,No,No,No
CLI007564,cellular,jul,tue,2,15,2,failure,-1.7,94.215,-40.3,0.876,4991.6,Sí,29,technician,single,professional.course,No,No,Sí
CLI007565,cellular,aug,fri,1,999,0,nonexistent,1.4,93.444,-36.1,4.966,5228.1,No,33,self-employed,married,basic.9y,Desconocido,No,No
CLI007566,cellular,nov,thu,1,999,0,nonexistent,-0.1,93.2,-42.0,4.076,5195.8,No,30,services,married,high.school,Desconocido,Sí,No
CLI007567,cellular,jul,wed,1,999,0,nonexistent,1.4,93.918,-42.7,4.962,5228.1,No,53,services,divorced,basic.4y,Desconocido,Sí,No
CLI007568,cellular,oct,thu,5,999,0,nonexistent,-3.4,92.431,-26.9,0.74,5017.5,No,37,blue-collar,married,,No,No,No
CLI007569,telephone,may,fri,1,999,0,nonexistent,1.1,93.994,-36.4,4.859,5191.0,Sí,26,blue-collar,single,basic.9y,No,No,No
CLI007570,cellular,aug,tue,2,999,0,nonexistent,1.4,93.444,-36.1,4.963,5228.1,No,34,technician,married,high.school,Desconocido,No,No
CLI007571,cellular,nov,tue,1,999,0,nonexistent,-0.1,93.2,-42.0,4.153,5195.8,No,36,blue-collar,married,basic.9y,No,Sí,Sí
CLI007572,telephone,may,wed,2,999,0,nonexistent,1.1,93.994,-36.4,4.859,5191.0,No,44,management,married,university.degree,No,No,No
CLI007573,telephone,jun,wed,1,999,0,nonexistent,1.4,94.465,-41.8,4.962,5228.1,No,57,housemaid,married,basic.4y,No,No,No
CLI007574,telephone,jul,wed,1,999,0,nonexistent,1.4,93.918,-42.7,4.962,5228.1,No,47,admin.,married,university.degree,No,No,No
CLI007575,cellular,jul,fri,2,999,0,nonexistent,1.4,93.918,-42.7,4.963,5228.1,No,36,admin.,married,university.degree,Desconocido,No,No
CLI007576,cellular,jul,wed,1,999,0,nonexistent,1.4,93.918,-42.7,4.957,5228.1,No,49,blue-collar,divorced,Desconocido,Desconocido,No,No
CLI007577,cellular,nov,fri,1,999,0,nonexistent,-0.1,93.2,-42.0,4.021,5195.8,No,55,entrepreneur,married,university.degree,No,No,No
CLI007578,telephone,may,tue,1,999,0,nonexistent,1.1,93.994,-36.4,4.856,5191.0,No,45,admin.,single,university.degree,No,No,Sí
CLI007579,cellular,may,thu,3,999,0,nonexistent,-1.8,92.893,-46.2,1.266,5099.1,No,29,services,single,high.school,No,Sí,No
CLI007581,cellular,jul,fri,1,999,0,nonexistent,1.4,93.918,-42.7,4.963,5228.1,No,24,student,single,basic.4y,No,No,No
CLI007582,cellular,nov,wed,2,999,0,nonexistent,-0.1,93.2,-42.0,4.12,5195.8,No,34,services,single,high.school,No,No,No
CLI007583,telephone,may,wed,1,999,1,failure,-1.8,92.893,-46.2,1.281,5099.1,No,31,admin.,single,basic.9y,No,No,No
CLI007584,telephone,jun,wed,1,999,0,nonexistent,1.4,94.465,-41.8,4.958,5228.1,No,39,services,married,basic.6y,Desconocido,Sí,No
CLI007585,telephone,may,wed,2,999,0,nonexistent,1.1,93.994,-36.4,4.857,5191.0,No,35,management,married,basic.9y,No,Sí,Sí
CLI007586,telephone,jun,thu,1,999,0,nonexistent,1.4,94.465,-41.8,4.958,5228.1,No,34,technician,married,professional.course,No,No,No
CLI007587,cellular,may,mon,2,999,0,nonexistent,-1.8,92.893,-46.2,1.244,5099.1,No,41,management,married,high.school,No,Sí,No
CLI007588,telephone,may,fri,3,999,0,nonexistent,1.1,93.994,-36.4,4.855,5191.0,No,37,housemaid,single,basic.9y,Desconocido,Sí,Sí
CLI007589,cellular,may,thu,1,999,1,failure,-1.8,92.893,-46.2,1.266,5099.1,No,30,admin.,married,basic.6y,No,No,No
CLI007590,telephone,may,mon,4,999,0,nonexistent,1.1,93.994,-36.4,4.857,5191.0,No,43,unemployed,single,university.degree,No,No,No
CLI007591,telephone,may,tue,3,999,0,nonexistent,1.1,93.994,-36.4,4.857,5191.0,No,59,retired,divorced,basic.4y,No,No,No
CLI007592,telephone,may,thu,3,999,0,nonexistent,1.1,93.994,-36.4,4.86,5191.0,No,54,admin.,married,university.degree,No,Desconocido,Desconocido
CLI007593,cellular,jul,mon,2,999,0,nonexistent,1.4,93.918,-42.7,4.962,5228.1,No,26,blue-collar,single,high.school,No,Sí,Sí
CLI007594,cellular,may,fri,1,999,0,nonexistent,-1.8,92.893,-46.2,1.313,5099.1,No,45,technician,single,university.degree,No,No,No
CLI007595,cellular,jun,tue,1,999,0,nonexistent,-2.9,92.963,-40.8,1.262,5076.2,Sí,27,student,single,basic.9y,No,Sí,Sí
CLI007596,cellular,mar,wed,1,999,0,nonexistent,-1.8,92.843,-50.0,1.663,5099.1,No,88,retired,divorced,basic.4y,No,Sí,No
CLI007597,cellular,nov,wed,1,999,1,failure,-0.1,93.2,-42.0,4.12,5195.8,No,38,blue-collar,married,basic.9y,No,No,No
CLI007598,cellular,nov,thu,2,999,0,nonexistent,-0.1,93.2,-42.0,4.076,5195.8,No,51,self-employed,married,university.degree,No,Sí,No
CLI007599,cellular,aug,tue,1,999,0,nonexistent,1.4,93.444,-36.1,4.963,5228.1,No,30,technician,married,professional.course,No,Sí,No
CLI007600,cellular,jun,mon,1,999,0,nonexistent,-2.9,92.963,-40.8,1.266,5076.2,No,39,admin.,married,university.degree,No,No,No
CLI007601,telephone,may,wed,1,999,0,nonexistent,1.1,93.994,-36.4,4.857,5191.0,No,36,services,married,high.school,Desconocido,No,No
CLI007602,cellular,may,fri,1,999,0,nonexistent,-1.8,92.893,-46.2,1.25,5099.1,No,30,admin.,single,university.degree,No,Sí,Sí
CLI007603,telephone,may,thu,1,999,0,nonexistent,1.1,93.994,-36.4,4.855,5191.0,No,28,self-employed,single,university.degree,No,Sí,No
CLI007604,telephone,may,wed,2,999,0,nonexistent,1.1,93.994,-36.4,4.856,5191.0,No,35,technician,married,basic.6y,No,No,No
CLI007605,telephone,may,tue,1,999,0,nonexistent,1.1,93.994,-36.4,4.857,5191.0,No,41,blue-collar,married,basic.4y,No,Sí,Sí
CLI007606,cellular,nov,wed,1,999,0,nonexistent,-0.1,93.2,-42.0,4.12,5195.8,No,34,admin.,single,high.school,No,No,No
CLI007607,cellular,may,tue,4,999,0,nonexistent,-1.8,92.893,-46.2,1.291,5099.1,No,28,admin.,single,high.school,No,Sí,No
CLI007608,cellular,aug,mon,3,999,0,nonexistent,1.4,93.444,-36.1,4.965,5228.1,No,60,retired,married,basic.4y,Desconocido,No,No
CLI007609,cellular,nov,wed,1,999,0,nonexistent,-0.1,93.2,-42.0,4.12,5195.8,Sí,40,blue-collar,married,basic.6y,No,,No
CLI007610,cellular,aug,fri,1,999,0,nonexistent,1.4,93.444,-36.1,4.964,5228.1,No,51,blue-collar,married,basic.6y,No,No,No
CLI007611,telephone,may,thu,1,999,0,nonexistent,1.1,93.994,-36.4,4.86,5191.0,No,34,management,single,basic.9y,No,Sí,No
CLI007612,cellular,jul,tue,3,999,0,nonexistent,1.4,93.918,-42.7,4.962,5228.1,No,33,blue-collar,single,basic.9y,No,Sí,No
CLI007613,telephone,jun,mon,1,999,0,nonexistent,1.4,94.465,-41.8,4.96,5228.1,No,26,blue-collar,single,basic.4y,No,Sí,Sí
CLI007614,telephone,aug,wed,2,7,1,success,-1.7,94.027,-38.3,0.9,4991.6,Sí,61,retired,married,university.degree,No,No,No
CLI007615,cellular,jul,fri,3,999,2,failure,-1.7,94.215,-40.3,0.896,4991.6,No,34,self-employed,married,university.degree,No,Desconocido,
CLI007616,telephone,may,wed,1,999,0,nonexistent,1.1,93.994,-36.4,4.859,5191.0,No,44,blue-collar,divorced,basic.4y,Desconocido,Sí,No
CLI007617,cellular,oct,wed,2,999,1,failure,-3.4,92.431,-26.9,0.74,5017.5,No,38,admin.,married,university.degree,No,No,No
CLI007618,telephone,jun,tue,2,999,0,nonexistent,1.4,94.465,-41.8,4.961,5228.1,No,32,admin.,single,university.degree,No,Sí,No
CLI007619,telephone,jun,fri,1,999,0,nonexistent,1.4,94.465,-41.8,4.959,5228.1,No,42,unemployed,married,high.school,Desconocido,No,No
CLI007620,cellular,aug,wed,1,999,0,nonexistent,1.4,93.444,-36.1,4.964,5228.1,No,40,technician,single,professional.course,No,No,No
CLI007621,cellular,aug,wed,3,999,0,nonexistent,1.4,93.444,-36.1,4.964,5228.1,No,29,technician,single,professional.course,No,Sí,Sí
CLI007622,telephone,may,fri,1,999,0,nonexistent,1.1,93.994,-36.4,4.864,5191.0,No,56,technician,married,basic.4y,Desconocido,No,No
CLI007623,cellular,jul,fri,1,999,0,nonexistent,1.4,93.918,-42.7,4.963,5228.1,No,35,blue-collar,married,basic.9y,Desconocido,Sí,Sí
CLI007624,cellular,aug,tue,2,999,0,nonexistent,1.4,93.444,-36.1,4.968,5228.1,No,30,Desconocido,married,university.degree,No,Sí,No
CLI007625,cellular,aug,mon,1,999,0,nonexistent,1.4,93.444,-36.1,4.965,5228.1,No,35,housemaid,married,basic.4y,No,Sí,No
CLI007626,telephone,may,thu,4,999,0,nonexistent,1.1,93.994,-36.4,4.86,5191.0,No,41,technician,married,professional.course,Desconocido,Sí,No
CLI007627,cellular,may,wed,13,999,1,failure,-1.8,92.893,-46.2,1.281,5099.1,No,53,management,married,university.degree,No,Sí,No
CLI007628,cellular,apr,mon,1,999,0,nonexistent,-1.8,93.075,-47.1,1.405,5099.1,No,37,management,married,university.degree,No,No,No
CLI007629,telephone,may,tue,1,999,0,nonexistent,1.1,93.994,-36.4,4.857,5191.0,No,41,technician,married,basic.6y,No,Sí,No
CLI007630,telephone,may,wed,1,999,0,nonexistent,1.1,93.994,-36.4,4.859,5191.0,No,45,blue-collar,divorced,basic.4y,Desconocido,No,No
CLI007631,cellular,jul,tue,3,999,0,nonexistent,1.4,93.918,-42.7,4.961,5228.1,No,41,admin.,divorced,high.school,No,No,No
CLI007632,cellular,jul,wed,3,999,0,nonexistent,1.4,93.918,-42.7,4.957,5228.1,No,45,management,married,high.school,Desconocido,No,No
CLI007633,cellular,may,thu,2,999,0,nonexistent,-1.8,92.893,-46.2,1.266,5099.1,No,44,technician,single,professional.course,Desconocido,Sí,Sí
CLI007634,cellular,apr,thu,1,999,1,failure,-1.8,93.075,-47.1,1.41,5099.1,No,37,technician,divorced,professional.course,No,,No
CLI007635,cellular,nov,fri,2,999,0,nonexistent,-0.1,93.2,-42.0,4.021,5195.8,No,46,housemaid,married,university.degree,Desconocido,Sí,No
CLI007636,telephone,may,fri,3,999,0,nonexistent,1.1,93.994,-36.4,4.855,5191.0,No,52,blue-collar,married,basic.9y,Desconocido,Sí,No
CLI007637,cellular,jul,mon,4,999,0,nonexistent,1.4,93.918,-42.7,4.962,5228.1,No,47,blue-collar,married,professional.course,No,Sí,Sí
CLI007638,telephone,jul,mon,2,999,0,nonexistent,1.4,93.918,-42.7,4.962,5228.1,No,44,blue-collar,single,high.school,Desconocido,No,No
CLI007639,cellular,aug,thu,1,999,0,nonexistent,1.4,93.444,-36.1,4.963,5228.1,No,53,admin.,married,university.degree,No,Sí,No
CLI007640,cellular,aug,tue,1,999,0,nonexistent,1.4,93.444,-36.1,4.966,5228.1,No,41,technician,married,professional.course,No,Sí,No
CLI007641,cellular,may,mon,1,999,0,nonexistent,-1.8,92.893,-46.2,1.299,5099.1,No,33,blue-collar,married,basic.9y,No,Sí,No
CLI007642,cellular,may,tue,3,999,1,failure,-1.8,92.893,-46.2,1.291,5099.1,No,27,services,married,high.school,No,Sí,No
CLI007643,telephone,may,wed,1,999,0,nonexistent,1.1,93.994,-36.4,4.857,5191.0,No,37,blue-collar,single,high.school,No,No,No
CLI007644,cellular,jul,fri,1,999,0,nonexistent,1.4,93.918,-42.7,4.962,5228.1,No,35,unemployed,single,basic.9y,No,No,No
CLI007645,cellular,aug,wed,3,999,0,nonexistent,1.4,93.444,-36.1,4.964,5228.1,No,37,self-employed,married,professional.course,No,Sí,No
CLI007646,cellular,aug,mon,5,999,0,nonexistent,1.4,93.444,-36.1,4.963,5228.1,No,34,technician,married,high.school,Desconocido,Sí,No
CLI007647,telephone,may,mon,56,999,0,nonexistent,1.1,93.994,-36.4,4.858,5191.0,No,32,admin.,married,university.degree,Desconocido,Desconocido,Desconocido
CLI007648,cellular,nov,thu,2,999,0,nonexistent,-0.1,93.2,-42.0,4.076,5195.8,Sí,35,entrepreneur,married,high.school,No,Sí,No
CLI007649,cellular,aug,mon,1,999,0,nonexistent,1.4,93.444,-36.1,4.963,5228.1,No,41,technician,married,professional.course,No,Sí,No
CLI007650,telephone,may,mon,1,999,0,nonexistent,1.1,93.994,-36.4,4.857,5191.0,No,41,blue-collar,married,Desconocido,Desconocido,No,No
CLI007651,cellular,jul,thu,2,999,0,nonexistent,1.4,93.918,-42.7,4.963,5228.1,No,24,admin.,single,high.school,No,,No
CLI007652,cellular,sep,thu,1,999,0,nonexistent,-1.1,94.199,-37.5,0.879,4963.6,Sí,56,admin.,married,basic.9y,No,Sí,
CLI007653,telephone,may,wed,1,999,0,nonexistent,1.1,93.994,-36.4,4.858,5191.0,No,55,retired,divorced,high.school,Desconocido,Sí,No
CLI007654,cellular,jul,mon,3,999,0,nonexistent,1.4,93.918,-42.7,4.962,5228.1,No,46,blue-collar,married,basic.9y,Desconocido,Sí,Sí
CLI007655,telephone,jun,fri,1,999,0,nonexistent,1.4,94.465,-41.8,4.959,5228.1,No,29,admin.,married,,No,No,No
CLI007656,cellular,aug,wed,4,999,0,nonexistent,1.4,93.444,-36.1,4.964,5228.1,No,40,admin.,married,high.school,No,Sí,Sí
CLI007657,telephone,apr,mon,8,999,0,nonexistent,-1.8,93.749,-34.6,0.645,5008.7,No,71,retired,married,basic.4y,No,No,No
CLI007659,cellular,aug,tue,1,999,0,nonexistent,1.4,93.444,-36.1,4.963,5228.1,No,47,housemaid,married,basic.4y,Desconocido,No,Sí
CLI007660,cellular,nov,mon,1,999,0,nonexistent,-0.1,93.2,-42.0,4.191,5195.8,No,37,admin.,single,university.degree,No,Sí,No
CLI007661,cellular,may,thu,7,999,1,failure,-1.8,92.893,-46.2,1.266,5099.1,No,52,blue-collar,divorced,basic.6y,Desconocido,Sí,No
CLI007662,cellular,jul,wed,10,999,0,nonexistent,1.4,93.918,-42.7,4.957,5228.1,No,37,blue-collar,married,basic.6y,Desconocido,Sí,No
CLI007663,telephone,jun,fri,5,999,0,nonexistent,1.4,94.465,-41.8,4.967,5228.1,No,31,management,married,university.degree,No,Sí,No
CLI007664,cellular,may,wed,3,999,0,nonexistent,-1.8,92.893,-46.2,1.281,5099.1,No,38,self-employed,married,basic.9y,No,Sí,Sí
CLI007665,telephone,may,thu,6,999,0,nonexistent,1.1,93.994,-36.4,4.86,5191.0,No,55,blue-collar,divorced,basic.9y,No,Sí,No
CLI007666,telephone,jun,mon,2,999,0,nonexistent,1.4,94.465,-41.8,4.865,5228.1,No,55,retired,divorced,basic.6y,Desconocido,No,No
CLI007667,cellular,nov,mon,2,999,0,nonexistent,-0.1,93.2,-42.0,4.191,5195.8,No,52,self-employed,married,university.degree,Desconocido,No,No
CLI007668,cellular,dec,wed,1,999,0,nonexistent,-3.0,92.713,-33.0,0.721,5023.5,Sí,38,technician,married,university.degree,No,Sí,Sí
CLI007669,cellular,may,thu,1,999,1,failure,-1.8,92.893,-46.2,1.327,5099.1,No,37,admin.,married,high.school,No,Sí,No
CLI007670,cellular,may,mon,2,999,0,nonexistent,-1.8,92.893,-46.2,1.299,5099.1,No,35,technician,single,professional.course,No,Desconocido,Desconocido
CLI007671,telephone,may,tue,2,999,0,nonexistent,1.1,93.994,-36.4,4.857,5191.0,No,32,admin.,single,university.degree,No,No,No
CLI007672,cellular,aug,tue,3,999,0,nonexistent,1.4,93.444,-36.1,4.963,5228.1,No,33,technician,married,professional.course,No,No,No
CLI007673,cellular,jun,mon,4,4,3,success,-1.7,94.055,-39.8,0.754,4991.6,Sí,62,blue-collar,married,high.school,No,Sí,No
CLI007674,telephone,jun,mon,2,999,0,nonexistent,1.4,94.465,-41.8,4.961,5228.1,No,33,blue-collar,married,basic.9y,No,No,Sí
CLI007675,telephone,may,tue,2,999,0,nonexistent,1.1,93.994,-36.4,4.857,5191.0,No,36,entrepreneur,married,university.degree,Desconocido,No,No
CLI007676,cellular,jul,wed,1,999,0,nonexistent,1.4,93.918,-42.7,4.962,5228.1,No,38,blue-collar,married,Desconocido,No,Sí,No
CLI007677,cellular,jul,thu,1,999,0,nonexistent,1.4,93.918,-42.7,4.963,5228.1,No,33,self-employed,married,basic.9y,Desconocido,Sí,No
CLI007678,cellular,aug,mon,11,999,0,nonexistent,1.4,93.444,-36.1,4.963,5228.1,No,31,management,married,university.degree,No,No,No
CLI007679,telephone,jun,wed,3,999,0,nonexistent,1.4,94.465,-41.8,4.962,5228.1,No,55,management,single,basic.4y,No,Sí,No
CLI007680,cellular,may,tue,4,999,0,nonexistent,-1.8,92.893,-46.2,1.291,5099.1,No,27,blue-collar,single,high.school,No,No,No
CLI007681,telephone,aug,tue,2,3,1,success,-2.9,92.201,-31.4,0.859,5076.2,Sí,61,retired,married,university.degree,No,No,No
CLI007682,cellular,apr,fri,1,999,1,failure,-1.8,93.075,-47.1,1.405,5099.1,No,27,admin.,single,university.degree,No,Sí,No
CLI007683,cellular,may,wed,1,999,0,nonexistent,-1.8,92.893,-46.2,1.281,5099.1,No,47,blue-collar,single,basic.6y,Desconocido,No,No
CLI007684,cellular,nov,fri,4,999,1,failure,-0.1,93.2,-42.0,4.021,5195.8,No,37,admin.,married,professional.course,No,No,No
CLI007685,cellular,may,mon,5,999,2,failure,-1.8,92.893,-46.2,1.299,5099.1,No,42,services,single,high.school,No,Sí,No
CLI007686,telephone,jun,wed,1,999,0,nonexistent,1.4,94.465,-41.8,4.864,5228.1,No,50,admin.,married,university.degree,No,Sí,No
CLI007687,cellular,apr,fri,1,999,0,nonexistent,-1.8,93.075,-47.1,1.405,5099.1,No,34,technician,divorced,professional.course,No,Sí,No
CLI007688,telephone,may,wed,1,999,0,nonexistent,1.1,93.994,-36.4,4.857,5191.0,No,58,Desconocido,married,basic.4y,No,Sí,No
CLI007689,cellular,jun,mon,3,3,2,success,-1.7,94.055,-39.8,0.754,4991.6,Sí,37,unemployed,married,university.degree,Desconocido,Sí,No
CLI007690,telephone,may,fri,14,999,0,nonexistent,1.1,93.994,-36.4,4.864,5191.0,No,29,blue-collar,single,basic.9y,No,No,No
CLI007691,telephone,may,thu,4,999,0,nonexistent,1.1,93.994,-36.4,4.86,5191.0,No,30,technician,single,professional.course,No,Sí,No
CLI007692,cellular,aug,tue,1,999,0,nonexistent,1.4,93.444,-36.1,4.966,5228.1,No,52,management,married,university.degree,No,Sí,No
CLI007693,cellular,aug,tue,2,999,0,nonexistent,1.4,93.444,-36.1,4.968,5228.1,No,38,admin.,divorced,university.degree,No,Sí,No
CLI007694,telephone,may,wed,2,999,0,nonexistent,1.1,93.994,-36.4,4.858,5191.0,No,29,blue-collar,married,high.school,No,Sí,
CLI007695,cellular,apr,thu,1,2,1,success,-1.8,93.075,-47.1,1.365,5099.1,Sí,60,admin.,married,high.school,No,Desconocido,Desconocido
CLI007696,cellular,aug,tue,2,999,0,nonexistent,1.4,93.444,-36.1,4.963,5228.1,No,30,self-employed,single,university.degree,No,Sí,No
CLI007697,cellular,may,wed,3,999,0,nonexistent,-1.8,92.893,-46.2,1.281,5099.1,No,33,services,single,basic.6y,Desconocido,No,No
CLI007698,cellular,jul,mon,3,999,0,nonexistent,1.4,93.918,-42.7,4.96,5228.1,No,26,admin.,single,Desconocido,No,No,Sí
CLI007699,cellular,may,wed,2,999,0,nonexistent,-1.8,92.893,-46.2,1.281,5099.1,Sí,41,services,married,high.school,No,Sí,No
CLI007700,cellular,nov,thu,1,999,0,nonexistent,-0.1,93.2,-42.0,4.076,5195.8,No,52,admin.,divorced,university.degree,No,Sí,No
CLI007701,telephone,nov,wed,3,999,0,nonexistent,-0.1,93.2,-42.0,4.12,5195.8,No,53,blue-collar,divorced,,No,Sí,No
CLI007702,cellular,may,tue,1,999,0,nonexistent,-1.8,92.893,-46.2,1.291,5099.1,No,28,admin.,single,high.school,No,Sí,Sí
CLI007703,cellular,aug,thu,1,999,0,nonexistent,-2.9,92.201,-31.4,0.883,5076.2,Sí,76,retired,married,basic.4y,No,Sí,No
CLI007704,cellular,may,fri,4,999,0,nonexistent,-1.8,92.893,-46.2,1.313,5099.1,No,57,services,divorced,Desconocido,No,No,No
CLI007705,telephone,may,fri,1,999,0,nonexistent,1.1,93.994,-36.4,4.857,5191.0,No,55,technician,married,university.degree,No,No,
CLI007706,cellular,apr,mon,1,999,0,nonexistent,-1.8,93.075,-47.1,1.405,5099.1,No,41,blue-collar,married,high.school,No,No,No
CLI007707,telephone,jun,thu,1,999,0,nonexistent,1.4,94.465,-41.8,4.958,5228.1,No,44,technician,married,professional.course,No,No,No
CLI007708,cellular,aug,thu,4,999,0,nonexistent,1.4,93.444,-36.1,4.963,5228.1,No,32,technician,married,university.degree,No,Sí,No
CLI007709,telephone,may,wed,6,999,0,nonexistent,1.1,93.994,-36.4,4.859,5191.0,No,42,admin.,married,basic.9y,No,Sí,No
CLI007710,cellular,aug,mon,4,999,0,nonexistent,1.4,93.444,-36.1,4.963,5228.1,No,33,admin.,single,university.degree,No,Sí,Sí
CLI007711,cellular,jul,fri,1,999,0,nonexistent,-1.7,94.215,-40.3,0.861,4991.6,No,31,admin.,married,university.degree,No,No,No
CLI007712,cellular,apr,mon,1,999,0,nonexistent,-1.8,93.075,-47.1,1.405,5099.1,No,34,blue-collar,married,basic.9y,No,Sí,No
CLI007713,telephone,jun,fri,5,999,0,nonexistent,1.4,94.465,-41.8,4.959,5228.1,No,56,blue-collar,married,basic.4y,No,No,No
CLI007714,cellular,apr,tue,7,999,0,nonexistent,-1.8,93.075,-47.1,1.453,5099.1,No,36,entrepreneur,married,high.school,No,Sí,No
CLI007715,telephone,jun,tue,10,999,0,nonexistent,1.4,94.465,-41.8,4.961,5228.1,No,36,admin.,single,university.degree,No,No,No
CLI007716,cellular,jun,tue,2,999,1,failure,-2.9,92.963,-40.8,1.262,5076.2,No,24,technician,single,professional.course,No,No,No
CLI007717,telephone,may,tue,2,999,0,nonexistent,1.1,93.994,-36.4,4.857,5191.0,No,26,technician,married,professional.course,No,,No
CLI007718,cellular,nov,wed,1,999,0,nonexistent,-0.1,93.2,-42.0,4.12,5195.8,No,31,blue-collar,single,high.school,No,Sí,No
CLI007719,cellular,apr,thu,1,999,0,nonexistent,-1.8,93.075,-47.1,1.365,5099.1,Sí,41,technician,divorced,professional.course,No,Desconocido,Desconocido
CLI007720,telephone,may,wed,1,999,0,nonexistent,1.1,93.994,-36.4,4.857,5191.0,No,31,blue-collar,married,basic.6y,No,No,No
CLI007721,telephone,may,tue,4,999,0,nonexistent,1.1,93.994,-36.4,4.856,5191.0,No,25,admin.,married,high.school,No,No,Sí
CLI007722,cellular,aug,mon,2,999,0,nonexistent,-2.9,92.201,-31.4,0.884,5076.2,No,36,management,married,university.degree,No,No,No
CLI007723,telephone,jul,wed,3,999,0,nonexistent,1.4,93.918,-42.7,4.956,5228.1,No,43,blue-collar,single,basic.4y,No,No,No
CLI007724,cellular,aug,wed,5,999,0,nonexistent,1.4,93.444,-36.1,4.964,5228.1,No,47,admin.,married,university.degree,No,Sí,No
CLI007725,cellular,jul,thu,2,999,0,nonexistent,1.4,93.918,-42.7,4.962,5228.1,Sí,51,management,married,university.degree,Desconocido,No,No
CLI007726,telephone,jun,wed,1,999,0,nonexistent,1.4,94.465,-41.8,4.864,5228.1,No,36,entrepreneur,married,university.degree,No,Sí,Sí
CLI007727,telephone,may,fri,1,999,0,nonexistent,1.1,93.994,-36.4,4.857,5191.0,No,41,blue-collar,divorced,basic.6y,No,Sí,No
CLI007728,telephone,jul,fri,9,999,0,nonexistent,1.4,93.918,-42.7,4.957,5228.1,No,47,admin.,single,university.degree,No,No,Sí
CLI007729,telephone,may,thu,1,999,0,nonexistent,1.1,93.994,-36.4,4.86,5191.0,No,59,admin.,married,high.school,No,Sí,No
CLI007730,cellular,may,wed,1,999,0,nonexistent,-1.8,92.893,-46.2,1.281,5099.1,No,27,self-employed,married,basic.9y,No,Sí,No
CLI007731,cellular,aug,thu,1,999,0,nonexistent,1.4,93.444,-36.1,4.964,5228.1,No,32,admin.,single,university.degree,No,Sí,No
CLI007732,cellular,aug,tue,2,999,1,failure,-2.9,92.201,-31.4,0.859,5076.2,No,59,management,married,,No,Sí,No
CLI007733,telephone,may,tue,1,999,0,nonexistent,1.1,93.994,-36.4,4.856,5191.0,No,37,blue-collar,married,professional.course,No,No,Sí
CLI007734,cellular,jul,mon,2,999,0,nonexistent,1.4,93.918,-42.7,4.962,5228.1,No,40,services,married,basic.6y,No,No,No
CLI007735,cellular,may,wed,1,999,0,nonexistent,-1.8,92.893,-46.2,1.334,5099.1,No,28,admin.,single,university.degree,No,No,Sí
CLI007736,cellular,aug,wed,3,999,0,nonexistent,1.4,93.444,-36.1,4.964,5228.1,No,54,technician,married,professional.course,Desconocido,Sí,No
CLI007737,telephone,nov,mon,1,999,0,nonexistent,-0.1,93.2,-42.0,4.191,5195.8,No,42,housemaid,married,university.degree,No,Sí,No
CLI007738,cellular,may,tue,1,999,1,failure,-1.8,92.893,-46.2,1.291,5099.1,No,29,admin.,married,high.school,No,Sí,No
CLI007739,telephone,may,fri,3,999,0,nonexistent,1.1,93.994,-36.4,4.864,5191.0,No,33,admin.,married,high.school,No,No,Sí
CLI007740,cellular,jul,mon,20,999,0,nonexistent,1.4,93.918,-42.7,4.96,5228.1,No,46,housemaid,married,basic.4y,Desconocido,Sí,No
CLI007741,telephone,may,fri,1,999,0,nonexistent,1.1,93.994,-36.4,4.855,5191.0,No,39,management,single,university.degree,No,No,No
CLI007742,cellular,aug,thu,3,999,0,nonexistent,1.4,93.444,-36.1,4.968,5228.1,No,45,technician,divorced,professional.course,No,No,No
CLI007743,cellular,apr,mon,1,999,0,nonexistent,-1.8,93.075,-47.1,1.405,5099.1,No,37,management,married,university.degree,No,No,No
CLI007744,cellular,jul,thu,1,999,0,nonexistent,1.4,93.918,-42.7,4.963,5228.1,No,36,services,married,high.school,No,Desconocido,Desconocido
CLI007745,cellular,jul,tue,1,999,0,nonexistent,1.4,93.918,-42.7,4.961,5228.1,No,23,blue-collar,single,basic.9y,No,No,No
CLI007746,cellular,nov,fri,1,999,0,nonexistent,-0.1,93.2,-42.0,4.021,5195.8,No,45,services,single,high.school,Desconocido,Sí,No
CLI007747,cellular,may,wed,4,999,1,failure,-1.8,92.893,-46.2,1.27,5099.1,Sí,29,management,married,university.degree,No,Sí,No
CLI007748,telephone,may,fri,6,999,0,nonexistent,1.1,93.994,-36.4,4.864,5191.0,No,37,housemaid,married,high.school,No,Sí,
CLI007749,cellular,nov,thu,3,999,1,failure,-0.1,93.2,-42.0,4.076,5195.8,No,38,entrepreneur,married,university.degree,No,Sí,No
CLI007750,telephone,jun,mon,3,999,0,nonexistent,1.4,94.465,-41.8,4.865,5228.1,No,34,blue-collar,married,high.school,No,Sí,No
CLI007751,cellular,may,fri,2,999,0,nonexistent,-1.8,92.893,-46.2,1.313,5099.1,No,28,services,married,high.school,No,No,No
CLI007752,cellular,aug,tue,2,999,0,nonexistent,1.4,93.444,-36.1,4.966,5228.1,No,46,blue-collar,married,basic.4y,Desconocido,No,No
CLI007753,telephone,jun,fri,2,999,0,nonexistent,1.4,94.465,-41.8,4.967,5228.1,No,31,blue-collar,single,high.school,No,No,No
CLI007754,cellular,may,mon,2,999,0,nonexistent,-1.8,92.893,-46.2,1.354,5099.1,No,27,management,single,university.degree,No,Sí,No
CLI007755,telephone,jun,wed,1,999,0,nonexistent,1.4,94.465,-41.8,4.962,5228.1,No,43,blue-collar,married,basic.4y,Desconocido,Sí,No
CLI007756,cellular,may,thu,3,999,0,nonexistent,-1.8,92.893,-46.2,1.266,5099.1,Sí,32,self-employed,single,professional.course,Desconocido,No,No
CLI007757,cellular,nov,thu,1,999,1,failure,-0.1,93.2,-42.0,4.076,5195.8,No,30,admin.,single,university.degree,No,Sí,No
CLI007758,cellular,aug,fri,1,999,0,nonexistent,1.4,93.444,-36.1,4.964,5228.1,No,36,admin.,divorced,high.school,No,No,Sí
CLI007759,telephone,may,tue,1,999,0,nonexistent,1.1,93.994,-36.4,4.857,5191.0,No,48,blue-collar,married,basic.4y,Desconocido,No,No
CLI007760,cellular,may,mon,1,999,1,failure,-1.8,92.893,-46.2,1.299,5099.1,No,28,technician,single,professional.course,No,Sí,No
CLI007761,cellular,may,thu,2,999,0,nonexistent,-1.8,92.893,-46.2,1.327,5099.1,No,30,blue-collar,married,basic.4y,No,Sí,No
CLI007762,telephone,jun,mon,4,999,0,nonexistent,1.4,94.465,-41.8,4.96,5228.1,No,50,blue-collar,single,basic.9y,Desconocido,No,No
CLI007763,cellular,apr,fri,4,999,0,nonexistent,-1.8,93.075,-47.1,1.405,5099.1,No,50,management,married,basic.6y,No,No,No
CLI007764,cellular,aug,thu,1,999,0,nonexistent,1.4,93.444,-36.1,4.963,5228.1,No,44,housemaid,married,basic.4y,No,Sí,No
CLI007765,telephone,jun,thu,2,999,0,nonexistent,1.4,94.465,-41.8,4.961,5228.1,No,30,technician,married,university.degree,Desconocido,Sí,No
CLI007766,telephone,jul,wed,4,999,0,nonexistent,1.4,93.918,-42.7,4.963,5228.1,No,37,technician,married,professional.course,No,Sí,No
CLI007767,telephone,jun,wed,1,999,0,nonexistent,1.4,94.465,-41.8,4.962,5228.1,No,32,admin.,married,high.school,No,Sí,No
CLI007768,telephone,may,wed,1,999,0,nonexistent,1.1,93.994,-36.4,4.856,5191.0,No,41,services,single,high.school,No,Sí,Sí
CLI007769,telephone,may,thu,1,999,0,nonexistent,1.1,93.994,-36.4,4.855,5191.0,No,42,entrepreneur,single,university.degree,No,Sí,No
CLI007770,cellular,may,fri,1,999,0,nonexistent,-1.8,92.893,-46.2,1.25,5099.1,No,35,blue-collar,married,basic.4y,Desconocido,Sí,No
CLI007771,telephone,may,mon,2,999,0,nonexistent,1.1,93.994,-36.4,4.857,5191.0,No,45,blue-collar,married,basic.4y,No,Sí,No
CLI007772,cellular,jul,tue,5,999,0,nonexistent,1.4,93.918,-42.7,4.961,5228.1,No,48,blue-collar,married,basic.9y,No,Sí,No
CLI007773,telephone,may,mon,1,999,0,nonexistent,1.1,93.994,-36.4,4.857,5191.0,No,58,management,Desconocido,university.degree,No,Sí,No
CLI007774,telephone,jun,wed,1,999,0,nonexistent,1.4,94.465,-41.8,4.959,5228.1,No,56,blue-collar,married,basic.4y,Desconocido,Sí,No
CLI007775,cellular,aug,mon,2,999,0,nonexistent,1.4,93.444,-36.1,4.963,5228.1,No,41,self-employed,married,university.degree,No,No,No
CLI007776,telephone,may,fri,1,999,0,nonexistent,1.1,93.994,-36.4,4.859,5191.0,No,46,services,married,basic.4y,Desconocido,No,No
CLI007777,cellular,aug,wed,2,999,0,nonexistent,1.4,93.444,-36.1,4.964,5228.1,No,43,management,married,university.degree,No,No,No
CLI007778,telephone,nov,fri,9,999,0,nonexistent,-0.1,93.2,-42.0,4.021,5195.8,No,37,self-employed,married,university.degree,No,No,No
CLI007779,cellular,apr,mon,1,999,0,nonexistent,-1.8,93.075,-47.1,1.405,5099.1,No,51,services,married,high.school,No,Sí,No
CLI007780,cellular,nov,fri,3,999,0,nonexistent,-0.1,93.2,-42.0,4.021,5195.8,No,29,technician,single,professional.course,No,No,No
CLI007781,telephone,may,wed,1,999,0,nonexistent,1.1,93.994,-36.4,4.857,5191.0,No,43,blue-collar,married,basic.4y,Desconocido,No,No
CLI007782,cellular,aug,wed,3,999,0,nonexistent,1.4,93.444,-36.1,4.964,5228.1,No,33,admin.,married,university.degree,No,Sí,No
CLI007783,cellular,aug,mon,1,999,0,nonexistent,1.4,93.444,-36.1,4.97,5228.1,No,58,blue-collar,married,basic.9y,No,No,No
CLI007784,telephone,may,thu,3,999,0,nonexistent,1.1,93.994,-36.4,4.855,5191.0,No,38,management,married,university.degree,Desconocido,No,No
CLI007785,telephone,may,tue,4,999,0,nonexistent,1.1,93.994,-36.4,4.856,5191.0,No,37,technician,married,professional.course,No,No,No
CLI007786,cellular,nov,wed,1,999,0,nonexistent,-0.1,93.2,-42.0,4.12,5195.8,No,52,entrepreneur,married,Desconocido,No,Sí,No
CLI007787,cellular,may,mon,1,999,1,failure,-1.8,92.893,-46.2,1.244,5099.1,No,41,blue-collar,married,basic.9y,No,Sí,Sí
CLI007788,cellular,aug,mon,14,999,0,nonexistent,1.4,93.444,-36.1,4.965,5228.1,No,45,housemaid,married,basic.4y,Desconocido,No,No
CLI007789,cellular,may,tue,5,999,1,failure,-1.8,92.893,-46.2,1.291,5099.1,No,32,admin.,single,university.degree,No,No,No
CLI007790,cellular,aug,wed,1,999,0,nonexistent,1.4,93.444,-36.1,4.965,5228.1,No,56,admin.,married,professional.course,No,Sí,No
CLI007791,telephone,sep,thu,1,999,0,nonexistent,-3.4,92.379,-29.8,0.809,5017.5,No,71,retired,married,basic.4y,No,Sí,No
CLI007792,cellular,apr,thu,2,999,0,nonexistent,-1.8,93.075,-47.1,1.365,5099.1,No,81,retired,married,professional.course,No,Sí,No
CLI007793,cellular,aug,tue,1,999,0,nonexistent,1.4,93.444,-36.1,4.963,5228.1,No,36,admin.,single,university.degree,No,Sí,No
CLI007794,cellular,jul,thu,1,999,0,nonexistent,1.4,93.918,-42.7,4.968,5228.1,No,56,management,married,university.degree,No,Sí,No
CLI007795,cellular,may,tue,1,999,0,nonexistent,-1.8,92.893,-46.2,1.291,5099.1,No,37,technician,single,university.degree,No,No,Sí
CLI007796,cellular,aug,tue,1,999,0,nonexistent,1.4,93.444,-36.1,4.963,5228.1,No,35,admin.,single,university.degree,No,Sí,Sí
CLI007797,telephone,may,tue,1,999,0,nonexistent,1.1,93.994,-36.4,4.856,5191.0,No,41,technician,married,professional.course,No,Desconocido,Desconocido
CLI007798,cellular,jul,tue,1,999,0,nonexistent,1.4,93.918,-42.7,4.962,5228.1,No,41,blue-collar,married,Desconocido,No,No,Sí
CLI007799,cellular,oct,thu,1,999,2,failure,-3.4,92.431,-26.9,0.722,5017.5,No,55,retired,married,basic.4y,No,No,No
CLI007800,cellular,may,thu,2,999,0,nonexistent,-1.8,92.893,-46.2,1.327,5099.1,No,43,blue-collar,married,basic.9y,No,No,
CLI007801,cellular,may,tue,1,999,0,nonexistent,-1.8,92.893,-46.2,1.291,5099.1,No,45,blue-collar,married,basic.4y,No,Sí,No
CLI007802,cellular,apr,thu,3,999,0,nonexistent,-1.8,93.075,-47.1,1.365,5099.1,No,49,admin.,divorced,university.degree,No,Sí,No
CLI007803,cellular,apr,tue,5,999,0,nonexistent,-1.8,93.075,-47.1,1.423,5099.1,No,34,self-employed,single,university.degree,No,No,No
CLI007804,cellular,nov,wed,1,999,0,nonexistent,-3.4,92.649,-30.1,0.716,5017.5,No,32,admin.,single,high.school,No,No,No
CLI007805,cellular,nov,tue,1,999,0,nonexistent,-0.1,93.2,-42.0,4.153,5195.8,No,52,admin.,divorced,university.degree,No,Sí,Sí
CLI007806,cellular,oct,mon,1,999,0,nonexistent,-3.4,92.431,-26.9,0.739,5017.5,Sí,60,retired,married,basic.4y,No,No,No
CLI007807,telephone,jun,wed,1,999,0,nonexistent,1.4,94.465,-41.8,4.959,5228.1,No,49,self-employed,married,professional.course,No,No,Sí
CLI007808,cellular,jul,tue,2,999,0,nonexistent,1.4,93.918,-42.7,4.961,5228.1,No,33,blue-collar,married,basic.6y,No,Sí,No
CLI007809,cellular,apr,tue,3,999,0,nonexistent,-1.8,93.075,-47.1,1.405,5099.1,Sí,31,technician,single,university.degree,No,No,Sí
CLI007810,cellular,sep,mon,2,999,0,nonexistent,-1.1,94.199,-37.5,0.879,4963.6,No,32,admin.,married,high.school,No,No,No
CLI007811,cellular,may,fri,1,999,0,nonexistent,-1.8,92.893,-46.2,1.313,5099.1,No,38,admin.,married,high.school,No,Sí,Sí
CLI007812,cellular,jul,tue,1,999,0,nonexistent,1.4,93.918,-42.7,4.961,5228.1,No,27,admin.,single,university.degree,Desconocido,Sí,No
CLI007813,telephone,may,mon,2,999,0,nonexistent,1.1,93.994,-36.4,4.857,5191.0,No,58,blue-collar,married,basic.9y,Desconocido,Sí,No
CLI007814,telephone,apr,fri,1,999,0,nonexistent,-1.8,93.075,-47.1,1.405,5099.1,No,39,services,married,high.school,No,Sí,No
CLI007815,cellular,aug,tue,1,999,0,nonexistent,1.4,93.444,-36.1,4.966,5228.1,No,31,technician,single,high.school,No,Sí,No
CLI007816,cellular,aug,wed,4,999,0,nonexistent,1.4,93.444,-36.1,4.965,5228.1,Sí,57,admin.,married,university.degree,Desconocido,No,
CLI007817,cellular,nov,wed,1,999,0,nonexistent,-0.1,93.2,-42.0,4.12,5195.8,No,48,admin.,single,university.degree,No,Sí,No
CLI007818,telephone,may,tue,3,999,0,nonexistent,1.1,93.994,-36.4,4.856,5191.0,No,54,management,divorced,university.degree,No,Sí,No
CLI007819,cellular,aug,wed,2,999,0,nonexistent,1.4,93.444,-36.1,4.967,5228.1,Sí,31,management,married,university.degree,No,Sí,Sí
CLI007820,cellular,nov,wed,1,999,0,nonexistent,-0.1,93.2,-42.0,4.12,5195.8,No,32,unemployed,divorced,high.school,No,No,No
CLI007821,cellular,nov,wed,3,999,0,nonexistent,-0.1,93.2,-42.0,4.12,5195.8,No,35,technician,married,professional.course,No,No,No
CLI007822,cellular,oct,fri,2,999,0,nonexistent,-3.4,92.431,-26.9,0.73,5017.5,Sí,98,retired,married,basic.4y,Desconocido,Sí,No
CLI007823,telephone,may,mon,3,999,0,nonexistent,1.1,93.994,-36.4,4.857,5191.0,No,33,technician,divorced,professional.course,No,No,No
CLI007824,cellular,apr,wed,2,999,0,nonexistent,-1.8,93.075,-47.1,1.445,5099.1,No,46,services,married,high.school,No,Sí,No
CLI007825,cellular,aug,thu,2,999,0,nonexistent,-2.9,92.201,-31.4,0.883,5076.2,No,60,entrepreneur,married,Desconocido,No,No,No
CLI007826,cellular,aug,fri,1,999,0,nonexistent,1.4,93.444,-36.1,4.964,5228.1,No,48,technician,married,university.degree,No,No,No
CLI007827,cellular,may,tue,2,999,0,nonexistent,-1.8,92.893,-46.2,1.344,5099.1,No,36,blue-collar,married,basic.6y,No,Sí,Sí
CLI007828,telephone,nov,thu,8,999,0,nonexistent,-3.4,92.649,-30.1,0.716,5017.5,No,32,blue-collar,married,basic.4y,No,Sí,No
CLI007829,cellular,dec,thu,1,6,1,success,-3.0,92.713,-33.0,0.714,5023.5,No,64,housemaid,married,basic.4y,No,,Sí
CLI007830,telephone,jun,tue,1,999,0,nonexistent,-2.9,92.963,-40.8,1.099,5076.2,No,38,admin.,single,university.degree,No,Sí,No
CLI007831,cellular,apr,mon,1,999,0,nonexistent,-1.8,93.075,-47.1,1.405,5099.1,No,37,technician,single,university.degree,No,No,No
CLI007832,cellular,mar,mon,3,7,2,success,-1.8,93.369,-34.8,0.652,5008.7,No,49,blue-collar,married,basic.9y,Desconocido,No,No
CLI007833,cellular,nov,wed,2,999,0,nonexistent,-0.1,93.2,-42.0,4.12,5195.8,No,49,services,married,basic.6y,No,Sí,No
CLI007834,cellular,aug,fri,4,999,0,nonexistent,1.4,93.444,-36.1,4.963,5228.1,No,48,blue-collar,married,basic.6y,No,No,No
CLI007835,cellular,apr,tue,3,999,0,nonexistent,-1.8,93.075,-47.1,1.405,5099.1,Sí,19,student,single,Desconocido,No,Sí,Sí
CLI007836,cellular,nov,wed,1,999,0,nonexistent,-0.1,93.2,-42.0,4.12,5195.8,No,33,admin.,single,high.school,No,No,No
CLI007837,cellular,jul,mon,3,999,0,nonexistent,1.4,93.918,-42.7,4.962,5228.1,No,43,admin.,married,high.school,No,No,No
CLI007838,cellular,nov,tue,1,999,0,nonexistent,-0.1,93.2,-42.0,4.153,5195.8,No,40,blue-collar,married,basic.9y,No,No,No
CLI007839,telephone,aug,fri,2,999,0,nonexistent,-2.9,92.201,-31.4,0.849,5076.2,No,39,student,single,Desconocido,No,Sí,No
CLI007840,telephone,may,thu,1,999,0,nonexistent,1.1,93.994,-36.4,4.86,5191.0,No,43,blue-collar,married,basic.4y,No,No,No
CLI007841,cellular,may,fri,2,999,1,failure,-1.8,92.893,-46.2,1.25,5099.1,No,32,technician,single,Desconocido,No,Sí,Sí
CLI007842,cellular,nov,tue,3,999,0,nonexistent,-0.1,93.2,-42.0,4.153,5195.8,No,47,management,married,university.degree,No,No,No
CLI007843,telephone,jun,mon,1,999,0,nonexistent,1.4,94.465,-41.8,4.961,5228.1,No,46,entrepreneur,married,professional.course,Desconocido,No,No
CLI007844,cellular,nov,fri,1,999,1,failure,-0.1,93.2,-42.0,4.021,5195.8,No,29,services,single,high.school,No,Sí,No
CLI007845,cellular,nov,fri,1,999,0,nonexistent,-1.1,94.767,-50.8,1.028,4963.6,Sí,37,admin.,married,university.degree,No,Sí,No
CLI007846,telephone,jun,wed,1,999,0,nonexistent,1.4,94.465,-41.8,4.864,5228.1,No,42,technician,single,high.school,No,Sí,No
CLI007847,cellular,jul,fri,1,999,0,nonexistent,-2.9,92.469,-33.6,1.059,5076.2,No,29,technician,single,university.degree,No,Sí,No
CLI007848,cellular,nov,tue,1,999,0,nonexistent,-0.1,93.2,-42.0,4.153,5195.8,No,30,unemployed,married,high.school,No,No,Sí
CLI007849,telephone,jun,mon,2,999,0,nonexistent,1.4,94.465,-41.8,4.865,5228.1,No,52,entrepreneur,married,university.degree,Desconocido,Sí,No
CLI007850,cellular,jul,wed,1,999,0,nonexistent,1.4,93.918,-42.7,4.962,5228.1,No,26,management,single,university.degree,Desconocido,Sí,No
CLI007851,cellular,may,mon,5,999,0,nonexistent,-1.8,92.893,-46.2,1.244,5099.1,No,44,technician,married,university.degree,No,No,No
CLI007852,cellular,nov,fri,4,999,0,nonexistent,-0.1,93.2,-42.0,4.021,5195.8,No,44,technician,single,professional.course,No,Sí,No
CLI007853,cellular,jul,fri,1,999,0,nonexistent,1.4,93.918,-42.7,4.957,5228.1,No,56,admin.,married,university.degree,No,Desconocido,Desconocido
CLI007854,cellular,may,fri,1,999,0,nonexistent,-1.8,92.893,-46.2,1.313,5099.1,No,38,management,married,university.degree,No,No,No
CLI007855,telephone,may,thu,3,999,0,nonexistent,1.1,93.994,-36.4,4.86,5191.0,No,56,technician,married,professional.course,Desconocido,Sí,
CLI007856,telephone,may,thu,1,999,0,nonexistent,1.1,93.994,-36.4,4.855,5191.0,No,45,services,married,basic.9y,No,No,No
CLI007857,cellular,sep,mon,5,6,3,success,-1.1,94.199,-37.5,0.879,4963.6,Sí,31,admin.,single,high.school,No,No,No
CLI007858,cellular,may,mon,1,999,0,nonexistent,-1.8,92.893,-46.2,1.299,5099.1,No,25,blue-collar,single,high.school,Desconocido,Sí,No
CLI007859,telephone,may,mon,1,999,0,nonexistent,-1.8,92.893,-46.2,1.299,5099.1,No,37,admin.,married,high.school,No,No,No
CLI007860,cellular,jul,thu,5,999,0,nonexistent,1.4,93.918,-42.7,4.962,5228.1,No,44,admin.,married,university.degree,No,,Sí
CLI007861,telephone,jun,tue,1,999,0,nonexistent,1.4,94.465,-41.8,4.864,5228.1,No,31,blue-collar,single,high.school,No,Sí,Sí
CLI007862,cellular,may,thu,8,999,1,failure,-1.8,92.893,-46.2,1.266,5099.1,No,36,admin.,single,university.degree,No,Sí,No
CLI007863,cellular,may,thu,2,999,1,failure,-1.8,92.893,-46.2,1.327,5099.1,No,35,services,single,high.school,No,No,Sí
CLI007864,telephone,may,wed,2,999,0,nonexistent,1.1,93.994,-36.4,4.856,5191.0,No,42,blue-collar,married,basic.4y,Desconocido,Desconocido,Desconocido
CLI007865,cellular,may,thu,1,999,0,nonexistent,-1.8,92.893,-46.2,1.327,5099.1,No,28,technician,married,university.degree,No,Sí,No
CLI007866,cellular,may,tue,1,999,0,nonexistent,-1.8,92.893,-46.2,1.291,5099.1,No,44,admin.,divorced,high.school,No,No,No
CLI007867,cellular,aug,tue,1,999,0,nonexistent,1.4,93.444,-36.1,4.963,5228.1,No,36,technician,married,university.degree,No,Sí,No
CLI007868,cellular,apr,mon,1,999,0,nonexistent,-1.8,93.075,-47.1,1.392,5099.1,Sí,38,admin.,divorced,university.degree,No,No,No
CLI007869,cellular,jul,mon,1,999,0,nonexistent,1.4,93.918,-42.7,4.962,5228.1,No,36,blue-collar,married,basic.9y,No,No,No
CLI007870,cellular,jul,mon,3,999,0,nonexistent,1.4,93.918,-42.7,4.96,5228.1,No,46,management,married,university.degree,No,No,No
CLI007871,cellular,jul,thu,2,999,0,nonexistent,1.4,93.918,-42.7,4.958,5228.1,No,23,services,single,high.school,No,No,No
CLI007872,cellular,jul,thu,1,999,0,nonexistent,1.4,93.918,-42.7,4.963,5228.1,No,60,management,married,university.degree,Desconocido,No,Sí
CLI007873,telephone,jun,wed,4,999,0,nonexistent,1.4,94.465,-41.8,4.959,5228.1,Sí,29,admin.,married,professional.course,No,Sí,No
CLI007874,cellular,sep,thu,2,999,0,nonexistent,-1.1,94.199,-37.5,0.884,4963.6,Sí,60,retired,married,university.degree,No,No,No
CLI007875,telephone,may,mon,4,999,0,nonexistent,1.1,93.994,-36.4,4.858,5191.0,No,57,housemaid,married,basic.6y,No,No,Sí
CLI007876,cellular,may,thu,2,999,0,nonexistent,-1.8,92.893,-46.2,1.327,5099.1,No,37,admin.,married,high.school,Desconocido,Sí,No
CLI007877,cellular,may,mon,3,999,1,failure,-1.8,92.893,-46.2,1.244,5099.1,No,44,management,divorced,university.degree,No,No,No
CLI007878,cellular,may,wed,2,999,0,nonexistent,-1.8,92.893,-46.2,1.27,5099.1,No,35,unemployed,married,university.degree,No,No,No
CLI007879,telephone,jun,fri,5,999,0,nonexistent,1.4,94.465,-41.8,4.947,5228.1,No,51,services,married,high.school,No,Desconocido,Desconocido
CLI007880,telephone,jun,mon,1,999,0,nonexistent,1.4,94.465,-41.8,4.96,5228.1,No,45,management,married,Desconocido,Desconocido,No,Sí
CLI007881,cellular,aug,mon,2,999,0,nonexistent,1.4,93.444,-36.1,4.965,5228.1,Sí,35,unemployed,single,university.degree,No,No,No
CLI007882,cellular,apr,thu,1,999,0,nonexistent,-1.8,93.075,-47.1,1.365,5099.1,Sí,49,management,married,university.degree,No,Sí,No
CLI007883,cellular,nov,fri,3,999,0,nonexistent,-0.1,93.2,-42.0,4.021,5195.8,No,42,admin.,married,university.degree,No,No,No
CLI007884,cellular,aug,mon,1,999,0,nonexistent,1.4,93.444,-36.1,4.965,5228.1,No,31,admin.,single,university.degree,No,Sí,No
CLI007885,telephone,may,wed,2,999,0,nonexistent,1.1,93.994,-36.4,4.856,5191.0,No,30,services,married,high.school,No,No,Sí
CLI007886,cellular,aug,tue,2,999,0,nonexistent,1.4,93.444,-36.1,4.965,5228.1,No,52,unemployed,divorced,high.school,No,No,No
CLI007887,telephone,jun,wed,1,999,0,nonexistent,-1.7,94.055,-39.8,0.727,4991.6,No,39,entrepreneur,single,university.degree,No,Sí,No
CLI007888,cellular,jul,thu,1,999,0,nonexistent,1.4,93.918,-42.7,4.962,5228.1,No,38,technician,single,,No,Sí,No
CLI007889,telephone,may,mon,1,999,0,nonexistent,1.1,93.994,-36.4,4.857,5191.0,No,39,admin.,married,,No,No,No
CLI007890,cellular,aug,fri,2,999,0,nonexistent,1.4,93.444,-36.1,4.964,5228.1,No,42,admin.,single,university.degree,No,No,No
CLI007891,telephone,jun,fri,1,999,0,nonexistent,1.4,94.465,-41.8,4.967,5228.1,No,38,services,married,basic.9y,No,No,No
CLI007892,cellular,may,tue,1,999,1,failure,-1.8,92.893,-46.2,1.291,5099.1,No,51,blue-collar,married,basic.6y,Desconocido,Sí,No
CLI007893,cellular,nov,wed,1,999,0,nonexistent,-0.1,93.2,-42.0,4.12,5195.8,No,35,technician,divorced,professional.course,No,No,Sí
CLI007894,telephone,may,fri,3,999,0,nonexistent,1.1,93.994,-36.4,4.857,5191.0,No,39,blue-collar,divorced,basic.9y,No,No,No
CLI007895,cellular,jul,wed,1,999,0,nonexistent,1.4,93.918,-42.7,4.957,5228.1,No,28,services,married,high.school,No,Sí,No
CLI007896,telephone,jun,thu,2,999,0,nonexistent,1.4,94.465,-41.8,4.866,5228.1,No,40,admin.,married,high.school,No,,No
CLI007897,cellular,aug,thu,2,6,3,success,-1.7,94.027,-38.3,0.899,4991.6,Sí,76,retired,married,university.degree,No,Sí,No
CLI007898,telephone,may,thu,1,999,0,nonexistent,1.1,93.994,-36.4,4.86,5191.0,No,30,blue-collar,single,high.school,No,Sí,No
CLI007899,telephone,may,wed,1,999,0,nonexistent,1.1,93.994,-36.4,4.856,5191.0,No,55,blue-collar,married,basic.4y,No,Sí,Sí
CLI007900,telephone,may,fri,2,999,0,nonexistent,1.1,93.994,-36.4,4.857,5191.0,No,39,blue-collar,single,professional.course,No,No,No
CLI007901,cellular,may,fri,5,999,0,nonexistent,-1.8,92.893,-46.2,1.313,5099.1,No,35,technician,married,professional.course,No,Sí,No
CLI007902,cellular,nov,thu,2,999,1,failure,-0.1,93.2,-42.0,4.076,5195.8,No,34,unemployed,married,high.school,No,Desconocido,Desconocido
CLI007903,telephone,may,tue,1,999,0,nonexistent,1.1,93.994,-36.4,4.856,5191.0,No,41,technician,married,,No,No,No
CLI007904,cellular,jul,tue,2,999,0,nonexistent,1.4,93.918,-42.7,4.962,5228.1,No,40,services,divorced,high.school,No,Sí,No
CLI007905,telephone,may,mon,1,999,0,nonexistent,1.1,93.994,-36.4,4.857,5191.0,No,54,retired,married,basic.9y,No,No,Sí
CLI007906,telephone,jun,thu,1,999,0,nonexistent,1.4,94.465,-41.8,4.866,5228.1,No,45,blue-collar,married,basic.4y,Desconocido,Sí,
CLI007907,telephone,may,wed,4,999,0,nonexistent,-1.8,92.893,-46.2,1.281,5099.1,No,40,blue-collar,single,basic.9y,No,Sí,Sí
CLI007908,cellular,aug,thu,5,999,0,nonexistent,1.4,93.444,-36.1,4.962,5228.1,No,30,technician,married,professional.course,No,Sí,Sí
CLI007909,cellular,nov,wed,3,999,0,nonexistent,-0.1,93.2,-42.0,4.12,5195.8,No,33,services,married,high.school,No,Sí,Sí
CLI007910,cellular,jul,thu,1,999,0,nonexistent,1.4,93.918,-42.7,4.968,5228.1,No,39,management,divorced,basic.9y,Desconocido,Sí,No
CLI007911,telephone,jun,tue,3,999,0,nonexistent,1.4,94.465,-41.8,4.961,5228.1,No,27,self-employed,single,university.degree,No,No,No
CLI007912,cellular,may,wed,1,999,1,failure,-1.8,92.893,-46.2,1.281,5099.1,No,29,admin.,single,high.school,No,Sí,No
CLI007913,cellular,nov,thu,1,999,0,nonexistent,-0.1,93.2,-42.0,4.076,5195.8,No,44,blue-collar,single,basic.6y,Desconocido,Sí,No
CLI007914,cellular,may,mon,1,999,0,nonexistent,-1.8,92.893,-46.2,1.244,5099.1,No,43,services,divorced,high.school,No,Sí,No
CLI007915,cellular,may,fri,1,999,1,failure,-1.8,92.893,-46.2,1.25,5099.1,Sí,51,blue-collar,married,basic.9y,Desconocido,,No
CLI007916,cellular,may,fri,4,999,0,nonexistent,-1.8,92.893,-46.2,1.313,5099.1,No,40,admin.,married,high.school,Desconocido,No,Sí
CLI007917,cellular,jun,tue,1,999,0,nonexistent,-2.9,92.963,-40.8,1.262,5076.2,Sí,59,admin.,married,Desconocido,No,No,No
CLI007918,cellular,jun,fri,5,999,0,nonexistent,-2.9,92.963,-40.8,1.268,5076.2,No,25,self-employed,single,university.degree,No,Sí,No
CLI007919,cellular,sep,wed,1,1,1,success,-3.4,92.379,-29.8,0.753,5017.5,No,37,Desconocido,single,university.degree,No,No,No
CLI007920,cellular,may,mon,2,999,0,nonexistent,-1.8,92.893,-46.2,1.244,5099.1,No,45,admin.,divorced,university.degree,No,Sí,No
CLI007921,cellular,aug,thu,2,999,1,failure,-2.9,92.201,-31.4,0.851,5076.2,No,40,admin.,divorced,high.school,No,Sí,No
CLI007922,telephone,may,wed,2,999,0,nonexistent,1.1,93.994,-36.4,4.856,5191.0,No,56,entrepreneur,married,university.degree,Desconocido,Sí,No
CLI007923,cellular,may,thu,1,999,0,nonexistent,-1.8,92.893,-46.2,1.266,5099.1,No,28,blue-collar,married,basic.9y,Desconocido,Sí,No
CLI007924,cellular,apr,mon,2,999,0,nonexistent,-1.8,93.075,-47.1,1.405,5099.1,No,45,blue-collar,married,basic.6y,No,Sí,No
CLI007925,cellular,aug,thu,1,999,0,nonexistent,1.4,93.444,-36.1,4.962,5228.1,No,35,technician,married,high.school,No,Sí,Sí
CLI007926,cellular,nov,tue,2,4,1,success,-1.1,94.767,-50.8,1.035,4963.6,No,60,blue-collar,married,basic.4y,No,Sí,No
CLI007927,cellular,jun,mon,1,999,0,nonexistent,-2.9,92.963,-40.8,1.215,5076.2,No,32,technician,single,professional.course,No,No,No
CLI007928,cellular,may,wed,1,999,0,nonexistent,-1.8,92.893,-46.2,1.281,5099.1,No,29,blue-collar,single,high.school,No,Sí,Sí
CLI007929,telephone,jun,wed,10,999,0,nonexistent,1.4,94.465,-41.8,4.962,5228.1,No,35,admin.,divorced,basic.9y,Desconocido,Sí,No
CLI007930,cellular,sep,wed,1,6,4,failure,-1.1,94.199,-37.5,0.876,4963.6,Sí,36,management,married,university.degree,No,Desconocido,Desconocido
CLI007931,cellular,sep,fri,2,999,1,failure,-3.4,92.379,-29.8,0.741,5017.5,No,53,admin.,divorced,university.degree,No,Sí,Sí
CLI007932,cellular,dec,thu,6,999,1,failure,-3.0,92.713,-33.0,0.712,5023.5,No,76,retired,married,university.degree,No,Desconocido,Desconocido
CLI007933,cellular,aug,wed,1,999,0,nonexistent,1.4,93.444,-36.1,4.965,5228.1,Sí,45,blue-collar,married,high.school,Desconocido,Sí,No
CLI007934,telephone,may,thu,1,999,0,nonexistent,1.1,93.994,-36.4,4.86,5191.0,No,33,admin.,married,high.school,No,Sí,No
CLI007935,cellular,apr,thu,2,999,1,failure,-1.8,93.075,-47.1,1.435,5099.1,No,46,technician,single,basic.9y,No,No,No
CLI007936,cellular,may,mon,2,999,4,failure,-1.8,93.876,-40.0,0.697,5008.7,No,51,management,married,university.degree,No,Sí,No
CLI007937,telephone,may,mon,2,999,0,nonexistent,1.1,93.994,-36.4,4.857,5191.0,No,39,blue-collar,married,high.school,No,Sí,No
CLI007938,cellular,sep,wed,2,999,0,nonexistent,-1.1,94.199,-37.5,0.886,4963.6,No,29,self-employed,single,university.degree,No,Sí,Sí
CLI007939,cellular,may,mon,3,999,0,nonexistent,-1.8,92.893,-46.2,1.354,5099.1,Sí,51,blue-collar,married,basic.4y,No,Sí,No
CLI007940,cellular,may,fri,2,999,1,failure,-1.8,92.893,-46.2,1.313,5099.1,No,33,blue-collar,single,high.school,No,Sí,No
CLI007941,cellular,jul,wed,2,999,0,nonexistent,1.4,93.918,-42.7,4.957,5228.1,No,49,blue-collar,divorced,Desconocido,Desconocido,Sí,No
CLI007942,telephone,may,wed,2,999,0,nonexistent,1.1,93.994,-36.4,4.858,5191.0,No,53,retired,married,high.school,Desconocido,No,No
CLI007943,cellular,may,thu,1,999,0,nonexistent,-1.8,92.893,-46.2,1.327,5099.1,No,26,services,single,university.degree,No,Sí,
CLI007944,cellular,may,wed,7,1,2,success,-1.8,92.893,-46.2,1.281,5099.1,No,57,services,married,high.school,Desconocido,Sí,No
CLI007945,telephone,may,thu,1,999,0,nonexistent,1.1,93.994,-36.4,4.86,5191.0,No,32,housemaid,married,basic.4y,No,No,No
CLI007946,telephone,nov,fri,1,999,0,nonexistent,-0.1,93.2,-42.0,3.853,5195.8,No,27,admin.,single,high.school,No,Sí,No
CLI007947,cellular,nov,fri,2,999,0,nonexistent,-0.1,93.2,-42.0,4.021,5195.8,No,47,management,married,university.degree,No,No,No
CLI007948,telephone,may,wed,2,999,0,nonexistent,1.1,93.994,-36.4,4.859,5191.0,No,39,admin.,married,basic.4y,No,Sí,No
CLI007949,telephone,jun,tue,1,999,0,nonexistent,1.4,94.465,-41.8,4.961,5228.1,No,54,management,divorced,university.degree,No,Sí,No
CLI007950,telephone,may,mon,8,999,0,nonexistent,1.1,93.994,-36.4,4.857,5191.0,No,47,blue-collar,married,basic.4y,Desconocido,No,No
CLI007951,telephone,may,mon,2,999,0,nonexistent,1.1,93.994,-36.4,4.857,5191.0,No,31,admin.,single,basic.9y,No,Sí,No
CLI007952,cellular,jul,wed,3,999,0,nonexistent,-2.9,92.469,-33.6,1.029,5076.2,Sí,32,admin.,single,university.degree,No,Sí,No
CLI007953,telephone,may,wed,2,999,0,nonexistent,1.1,93.994,-36.4,4.857,5191.0,No,30,services,married,basic.9y,No,Sí,No
CLI007954,cellular,aug,mon,3,999,0,nonexistent,1.4,93.444,-36.1,4.965,5228.1,No,29,admin.,single,university.degree,Desconocido,Sí,No
CLI007955,cellular,nov,fri,2,999,0,nonexistent,-0.1,93.2,-42.0,4.021,5195.8,No,38,blue-collar,married,basic.9y,No,Sí,Sí
CLI007956,cellular,may,tue,5,999,1,failure,-1.8,92.893,-46.2,1.266,5099.1,No,39,admin.,married,high.school,No,Sí,No
CLI007957,telephone,may,mon,1,999,0,nonexistent,1.1,93.994,-36.4,4.857,5191.0,No,33,admin.,married,basic.9y,No,No,No
CLI007958,telephone,jun,thu,1,999,0,nonexistent,1.4,94.465,-41.8,4.961,5228.1,No,28,technician,married,basic.9y,No,Sí,No
CLI007959,telephone,jun,thu,1,999,0,nonexistent,1.4,94.465,-41.8,4.961,5228.1,No,37,technician,married,professional.course,No,No,No
CLI007960,cellular,aug,thu,3,999,0,nonexistent,1.4,93.444,-36.1,4.963,5228.1,No,31,admin.,single,university.degree,No,No,No
CLI007961,cellular,aug,fri,2,999,1,failure,-2.9,92.201,-31.4,0.825,5076.2,Sí,62,retired,married,professional.course,No,Sí,Sí
CLI007962,telephone,may,wed,2,999,0,nonexistent,1.1,93.994,-36.4,4.856,5191.0,No,32,services,single,high.school,No,Sí,No
CLI007963,telephone,jun,thu,2,999,0,nonexistent,1.4,94.465,-41.8,4.866,5228.1,No,45,self-employed,married,university.degree,Desconocido,No,No
CLI007964,cellular,apr,thu,1,2,1,success,-1.8,93.075,-47.1,1.365,5099.1,No,28,admin.,single,university.degree,No,Sí,Sí
CLI007965,telephone,may,fri,2,999,0,nonexistent,1.1,93.994,-36.4,4.864,5191.0,No,50,blue-collar,married,Desconocido,Desconocido,Sí,No
CLI007966,cellular,aug,tue,4,999,0,nonexistent,1.4,93.444,-36.1,4.965,5228.1,No,55,blue-collar,married,basic.9y,No,Sí,No
CLI007967,cellular,nov,tue,1,999,0,nonexistent,-0.1,93.2,-42.0,4.153,5195.8,No,32,technician,divorced,professional.course,No,No,No
CLI007968,cellular,nov,tue,1,999,0,nonexistent,-0.1,93.2,-42.0,4.153,5195.8,No,45,technician,married,high.school,No,Sí,No
CLI007969,telephone,may,thu,1,999,0,nonexistent,1.1,93.994,-36.4,4.86,5191.0,No,30,technician,divorced,professional.course,No,Sí,No
CLI007970,cellular,jul,thu,16,999,0,nonexistent,1.4,93.918,-42.7,4.968,5228.1,No,36,admin.,single,university.degree,No,No,No
CLI007971,cellular,nov,fri,11,999,0,nonexistent,-0.1,93.2,-42.0,4.021,5195.8,No,50,management,divorced,university.degree,No,Sí,No
CLI007972,telephone,may,mon,8,999,0,nonexistent,1.1,93.994,-36.4,4.857,5191.0,No,29,student,single,high.school,Desconocido,No,No
CLI007973,telephone,may,thu,7,999,0,nonexistent,1.1,93.994,-36.4,4.855,5191.0,No,33,services,single,basic.6y,Desconocido,No,No
CLI007974,telephone,aug,wed,4,999,0,nonexistent,1.4,93.444,-36.1,4.964,5228.1,No,57,retired,married,professional.course,No,Sí,No
CLI007975,telephone,may,mon,6,999,0,nonexistent,1.1,93.994,-36.4,4.857,5191.0,No,48,unemployed,married,high.school,Desconocido,Sí,Sí
CLI007976,telephone,may,wed,2,999,0,nonexistent,1.1,93.994,-36.4,4.857,5191.0,No,35,blue-collar,single,professional.course,No,No,Sí
CLI007977,cellular,may,tue,5,999,0,nonexistent,-1.8,92.893,-46.2,1.291,5099.1,No,36,admin.,single,university.degree,No,No,No
CLI007978,telephone,may,wed,1,999,0,nonexistent,1.1,93.994,-36.4,4.857,5191.0,Sí,33,blue-collar,married,basic.6y,No,No,No
CLI007979,cellular,may,thu,1,999,0,nonexistent,-1.8,92.893,-46.2,1.327,5099.1,No,47,management,married,university.degree,Desconocido,,No
CLI007980,telephone,may,mon,4,999,0,nonexistent,-1.8,92.893,-46.2,1.264,5099.1,No,46,admin.,married,university.degree,No,Sí,No
CLI007981,cellular,jul,tue,1,999,0,nonexistent,1.4,93.918,-42.7,4.961,5228.1,Sí,33,blue-collar,married,basic.6y,No,No,No
CLI007982,telephone,may,tue,1,999,0,nonexistent,1.1,93.994,-36.4,4.856,5191.0,No,50,blue-collar,married,basic.6y,Desconocido,No,No
CLI007983,cellular,nov,tue,1,999,1,failure,-0.1,93.2,-42.0,4.153,5195.8,No,47,unemployed,married,high.school,No,Sí,No
CLI007984,telephone,may,fri,4,999,0,nonexistent,1.1,93.994,-36.4,4.859,5191.0,No,39,admin.,married,professional.course,No,No,No
CLI007985,telephone,may,mon,1,999,0,nonexistent,1.1,93.994,-36.4,4.857,5191.0,No,51,blue-collar,married,basic.9y,No,No,No
CLI007986,telephone,may,tue,5,999,0,nonexistent,1.1,93.994,-36.4,4.857,5191.0,No,55,management,divorced,university.degree,No,Sí,No
CLI007987,cellular,mar,mon,2,999,0,nonexistent,-1.8,92.843,-50.0,1.52,5099.1,No,21,student,single,basic.4y,No,No,No
CLI007988,telephone,may,fri,9,999,0,nonexistent,1.1,93.994,-36.4,4.864,5191.0,No,59,technician,married,basic.9y,No,No,No
CLI007989,cellular,jul,fri,9,999,0,nonexistent,1.4,93.918,-42.7,4.962,5228.1,No,46,technician,married,professional.course,No,Sí,No
CLI007990,cellular,apr,thu,1,6,2,success,-1.8,93.749,-34.6,0.644,5008.7,Sí,48,admin.,married,university.degree,No,Sí,Sí
CLI007991,telephone,jun,wed,13,999,0,nonexistent,1.4,94.465,-41.8,4.959,5228.1,No,45,blue-collar,married,basic.9y,No,,No
CLI007992,cellular,apr,mon,1,999,0,nonexistent,-1.8,93.075,-47.1,1.405,5099.1,No,47,self-employed,married,university.degree,No,No,No
CLI007993,telephone,jun,wed,1,999,0,nonexistent,1.4,94.465,-41.8,4.864,5228.1,No,50,admin.,married,high.school,Desconocido,No,No
CLI007994,cellular,mar,fri,2,999,0,nonexistent,-1.8,92.843,-50.0,1.531,5099.1,No,43,admin.,married,university.degree,No,Sí,No
CLI007995,telephone,jun,mon,2,999,0,nonexistent,1.4,94.465,-41.8,4.961,5228.1,No,26,blue-collar,single,high.school,Desconocido,,No
CLI007996,cellular,jun,wed,2,999,0,nonexistent,-2.9,92.963,-40.8,1.26,5076.2,No,54,admin.,married,university.degree,No,No,No
CLI007997,cellular,jul,thu,5,999,0,nonexistent,1.4,93.918,-42.7,4.962,5228.1,No,45,admin.,divorced,high.school,No,No,No
CLI007998,cellular,jul,thu,5,999,0,nonexistent,1.4,93.918,-42.7,4.958,5228.1,Sí,31,technician,married,basic.9y,No,,Sí
CLI007999,cellular,aug,wed,1,999,0,nonexistent,1.4,93.444,-36.1,4.967,5228.1,No,40,admin.,divorced,university.degree,No,No,Sí
CLI008000,cellular,jul,thu,15,999,0,nonexistent,1.4,93.918,-42.7,4.968,5228.1,No,57,admin.,married,university.degree,Desconocido,No,No
