id_cliente,particion,acepta_deposito,edad,contactos_campana,contactos_previos,contacto_celular,resultado_previo_exitoso
CLI000001,Entrenamiento,No,43,3,0,1,0
CLI000002,Entrenamiento,No,38,1,0,1,0
CLI000003,Entrenamiento,No,44,2,0,0,0
CLI000004,Prueba,No,49,1,0,1,0
CLI000006,Entrenamiento,No,46,5,1,1,1
CLI000007,Entrenamiento,No,38,2,0,1,0
CLI000008,Prueba,No,47,2,0,1,0
CLI000009,Entrenamiento,No,28,5,0,0,0
CLI000011,Entrenamiento,No,30,1,0,1,0
CLI000012,Prueba,No,26,9,1,1,0
CLI000013,Entrenamiento,No,45,1,0,1,0
CLI000014,Entrenamiento,No,28,2,0,0,0
CLI000015,Entrenamiento,No,42,1,0,0,0
CLI000016,Prueba,No,25,1,0,1,0
CLI000018,Entrenamiento,No,41,1,0,0,0
CLI000019,Entrenamiento,No,29,2,0,1,0
CLI000020,Prueba,No,48,1,0,1,0
CLI000021,Entrenamiento,No,37,3,2,0,1
CLI000022,Entrenamiento,No,50,1,0,1,0
CLI000023,Entrenamiento,No,57,2,0,1,0
CLI000024,Prueba,No,49,5,0,1,0
CLI000025,Entrenamiento,Sí,70,2,2,0,1
CLI000026,Entrenamiento,No,36,1,0,1,0
CLI000027,Entrenamiento,No,25,1,0,1,0
CLI000028,Prueba,No,35,2,0,1,0
CLI000029,Entrenamiento,Sí,55,2,0,1,0
CLI000030,Entrenamiento,No,53,6,0,1,0
CLI000031,Entrenamiento,Sí,33,2,0,1,0
CLI000032,Prueba,No,41,10,0,0,0
CLI000033,Entrenamiento,No,34,1,0,1,0
CLI000034,Entrenamiento,No,30,9,0,0,0
CLI000035,Entrenamiento,No,43,1,0,1,0
CLI000036,Prueba,No,55,2,1,1,0
CLI000037,Entrenamiento,No,25,1,1,1,0
CLI000039,Entrenamiento,Sí,28,2,0,1,0
CLI000040,Prueba,No,46,3,0,1,0
CLI000041,Entrenamiento,No,29,1,0,1,0
CLI000042,Entrenamiento,No,40,1,0,0,0
CLI000043,Entrenamiento,No,48,2,0,1,0
CLI000044,Prueba,No,53,1,0,1,0
CLI000045,Entrenamiento,No,23,3,0,1,0
CLI000046,Entrenamiento,No,24,1,0,1,0
CLI000047,Entrenamiento,No,46,6,0,1,0
CLI000048,Prueba,No,50,2,0,0,0
CLI000049,Entrenamiento,No,33,3,0,0,0
CLI000050,Entrenamiento,No,50,3,0,0,0
CLI000051,Entrenamiento,No,46,4,0,1,0
CLI000052,Prueba,No,59,2,0,1,0
CLI000053,Entrenamiento,No,34,1,0,1,0
CLI000054,Entrenamiento,No,51,1,0,1,0
CLI000055,Entrenamiento,No,44,1,1,1,0
CLI000056,Prueba,No,36,1,1,1,0
CLI000057,Entrenamiento,No,37,6,0,0,0
CLI000058,Entrenamiento,No,38,1,0,1,0
CLI000059,Entrenamiento,No,54,1,0,1,0
CLI000061,Entrenamiento,No,28,3,0,1,0
CLI000062,Entrenamiento,No,33,1,0,0,0
CLI000063,Entrenamiento,Sí,59,1,0,1,0
CLI000064,Prueba,No,28,1,0,0,0
CLI000065,Entrenamiento,No,59,2,0,1,0
CLI000066,Entrenamiento,No,42,1,0,0,0
CLI000067,Entrenamiento,No,39,5,0,0,0
CLI000068,Prueba,No,43,1,0,0,0
CLI000069,Entrenamiento,No,35,1,0,1,0
CLI000070,Entrenamiento,No,38,2,0,1,0
CLI000072,Prueba,Sí,29,2,0,1,0
CLI000073,Entrenamiento,No,28,3,0,0,0
CLI000074,Entrenamiento,No,54,2,0,0,0
CLI000075,Entrenamiento,No,37,1,0,0,0
CLI000076,Prueba,No,23,2,0,0,0
CLI000077,Entrenamiento,No,39,1,0,1,0
CLI000078,Entrenamiento,No,32,1,0,0,0
CLI000079,Entrenamiento,No,43,2,0,0,0
CLI000080,Prueba,No,45,7,0,0,0
CLI000081,Entrenamiento,No,34,1,0,0,0
CLI000082,Entrenamiento,No,35,1,0,1,0
CLI000083,Entrenamiento,Sí,25,3,0,1,0
CLI000084,Prueba,No,36,5,0,0,0
CLI000085,Entrenamiento,No,30,3,0,1,0
CLI000086,Entrenamiento,No,41,1,0,0,0
CLI000087,Entrenamiento,No,38,3,0,1,0
CLI000088,Prueba,No,51,10,0,0,0
CLI000089,Entrenamiento,No,20,1,0,1,0
CLI000090,Entrenamiento,Sí,26,5,0,1,0
CLI000091,Entrenamiento,No,33,1,2,1,0
CLI000092,Prueba,No,59,1,0,1,0
CLI000093,Entrenamiento,Sí,22,1,1,1,1
CLI000094,Entrenamiento,No,34,2,0,1,0
CLI000095,Entrenamiento,No,45,11,0,0,0
CLI000096,Prueba,Sí,51,1,1,1,0
CLI000097,Entrenamiento,No,36,1,0,0,0
CLI000098,Entrenamiento,No,48,3,0,1,0
CLI000099,Entrenamiento,No,30,5,0,0,0
CLI000100,Prueba,No,35,2,1,1,0
CLI000101,Entrenamiento,No,52,2,0,1,0
CLI000102,Entrenamiento,No,52,2,0,1,0
CLI000103,Entrenamiento,No,40,6,0,0,0
CLI000104,Prueba,No,26,1,0,1,0
CLI000105,Entrenamiento,No,35,1,0,1,0
CLI000106,Entrenamiento,No,42,1,0,0,0
CLI000107,Entrenamiento,No,40,1,0,0,0
CLI000108,Prueba,No,50,1,0,0,0
CLI000109,Entrenamiento,No,56,2,1,1,0
CLI000111,Entrenamiento,No,48,1,0,1,0
CLI000112,Prueba,No,25,8,0,1,0
CLI000113,Entrenamiento,No,41,2,0,0,0
CLI000114,Entrenamiento,Sí,52,2,1,1,0
CLI000115,Entrenamiento,No,39,1,0,1,0
CLI000116,Prueba,No,37,1,0,1,0
CLI000117,Entrenamiento,No,53,31,0,1,0
CLI000120,Prueba,No,28,3,0,1,0
CLI000121,Entrenamiento,No,32,1,0,1,0
CLI000122,Entrenamiento,No,27,2,0,0,0
CLI000123,Entrenamiento,No,54,2,0,0,0
CLI000124,Prueba,No,56,20,0,0,0
CLI000125,Entrenamiento,No,51,1,0,0,0
CLI000126,Entrenamiento,No,34,2,0,0,0
CLI000127,Entrenamiento,No,42,3,0,1,0
CLI000128,Prueba,No,57,3,0,0,0
CLI000130,Entrenamiento,No,45,1,0,1,0
CLI000132,Prueba,Sí,29,1,0,1,0
CLI000133,Entrenamiento,No,27,1,0,1,0
CLI000134,Entrenamiento,No,53,2,0,1,0
CLI000136,Prueba,No,39,4,0,0,0
CLI000137,Entrenamiento,No,32,3,0,1,0
CLI000138,Entrenamiento,No,30,7,0,1,0
CLI000139,Entrenamiento,No,37,1,0,0,0
CLI000140,Prueba,No,33,1,0,0,0
CLI000141,Entrenamiento,No,40,2,0,1,0
CLI000142,Entrenamiento,No,35,10,0,0,0
CLI000144,Prueba,No,36,2,0,1,0
CLI000145,Entrenamiento,No,42,1,0,0,0
CLI000147,Entrenamiento,Sí,45,2,0,1,0
CLI000148,Prueba,No,22,3,0,0,0
CLI000149,Entrenamiento,No,33,9,1,1,0
CLI000151,Entrenamiento,No,50,2,0,1,0
CLI000152,Prueba,No,29,1,2,0,1
CLI000153,Entrenamiento,No,45,1,3,1,0
CLI000154,Entrenamiento,No,28,1,0,0,0
CLI000155,Entrenamiento,No,44,2,0,1,0
CLI000156,Prueba,No,51,1,0,0,0
CLI000157,Entrenamiento,No,39,1,0,1,0
CLI000158,Entrenamiento,No,55,1,0,0,0
CLI000160,Prueba,Sí,40,2,0,0,0
CLI000161,Entrenamiento,No,37,3,0,1,0
CLI000164,Prueba,No,40,4,0,1,0
CLI000165,Entrenamiento,No,39,3,0,0,0
CLI000167,Entrenamiento,No,39,1,0,1,0
CLI000168,Prueba,No,34,1,1,1,0
CLI000169,Entrenamiento,No,36,2,0,1,0
CLI000170,Entrenamiento,No,48,2,0,1,0
CLI000171,Entrenamiento,No,38,1,0,0,0
CLI000172,Prueba,No,48,1,0,1,0
CLI000173,Entrenamiento,Sí,51,1,0,0,0
CLI000174,Entrenamiento,No,48,2,0,0,0
CLI000176,Prueba,No,31,4,0,1,0
CLI000177,Entrenamiento,No,36,2,0,1,0
CLI000178,Entrenamiento,No,55,2,0,0,0
CLI000179,Entrenamiento,No,29,3,0,1,0
CLI000180,Prueba,No,35,2,0,1,0
CLI000183,Entrenamiento,Sí,30,1,1,1,0
CLI000184,Prueba,No,32,1,0,0,0
CLI000185,Entrenamiento,No,39,1,0,1,0
CLI000186,Entrenamiento,No,31,4,0,1,0
CLI000187,Entrenamiento,No,44,2,1,1,0
CLI000188,Prueba,No,26,2,0,1,0
CLI000189,Entrenamiento,No,36,1,0,1,0
CLI000190,Entrenamiento,No,32,2,0,0,0
CLI000191,Entrenamiento,No,46,2,0,0,0
CLI000192,Prueba,No,38,4,0,1,0
CLI000193,Entrenamiento,Sí,37,1,1,1,1
CLI000194,Entrenamiento,No,28,1,0,0,0
CLI000195,Entrenamiento,No,32,1,0,1,0
CLI000196,Prueba,No,37,1,0,1,0
CLI000197,Entrenamiento,No,42,1,0,0,0
CLI000198,Entrenamiento,No,41,1,1,1,0
CLI000199,Entrenamiento,No,58,5,0,0,0
CLI000200,Prueba,No,54,3,0,1,0
CLI000201,Entrenamiento,No,33,13,0,1,0
CLI000202,Entrenamiento,No,54,2,0,1,0
CLI000203,Entrenamiento,No,41,1,0,0,0
CLI000204,Prueba,No,47,1,0,1,0
CLI000205,Entrenamiento,No,34,2,1,1,0
CLI000206,Entrenamiento,No,52,3,0,1,0
CLI000207,Entrenamiento,No,27,4,0,0,0
CLI000208,Prueba,No,37,1,0,1,0
CLI000209,Entrenamiento,No,41,3,0,0,0
CLI000210,Entrenamiento,Sí,34,1,1,0,0
CLI000211,Entrenamiento,No,42,4,0,1,0
CLI000212,Prueba,No,38,1,0,0,0
CLI000215,Entrenamiento,Sí,30,2,1,1,1
CLI000216,Prueba,Sí,33,1,1,1,1
CLI000217,Entrenamiento,No,34,1,0,0,0
CLI000218,Entrenamiento,No,35,6,0,0,0
CLI000220,Prueba,Sí,31,2,0,0,0
CLI000221,Entrenamiento,No,61,1,0,0,0
CLI000222,Entrenamiento,No,54,2,0,1,0
CLI000223,Entrenamiento,No,70,6,1,1,0
CLI000224,Prueba,No,37,7,0,1,0
CLI000226,Entrenamiento,No,36,2,0,1,0
CLI000227,Entrenamiento,No,36,2,0,0,0
CLI000229,Entrenamiento,No,40,1,0,1,0
CLI000231,Entrenamiento,Sí,36,1,0,1,0
CLI000232,Prueba,No,53,9,0,1,0
CLI000233,Entrenamiento,No,49,2,0,0,0
CLI000234,Entrenamiento,Sí,27,4,0,1,0
CLI000235,Entrenamiento,No,54,1,1,0,0
CLI000237,Entrenamiento,No,56,3,0,0,0
CLI000238,Entrenamiento,Sí,39,2,0,1,0
CLI000239,Entrenamiento,No,46,1,0,1,0
CLI000240,Prueba,No,24,3,2,1,0
CLI000241,Entrenamiento,No,37,3,0,1,0
CLI000242,Entrenamiento,No,60,2,0,0,0
CLI000243,Entrenamiento,Sí,29,1,1,1,0
CLI000244,Prueba,No,39,1,1,1,0
CLI000245,Entrenamiento,No,24,8,0,0,0
CLI000246,Entrenamiento,No,28,4,0,1,0
CLI000247,Entrenamiento,No,35,2,0,0,0
CLI000248,Prueba,No,58,2,0,1,0
CLI000249,Entrenamiento,No,40,5,0,0,0
CLI000250,Entrenamiento,No,56,15,0,0,0
CLI000251,Entrenamiento,Sí,46,3,2,1,0
CLI000252,Prueba,No,46,1,0,0,0
CLI000253,Entrenamiento,No,57,1,0,0,0
CLI000254,Entrenamiento,No,38,3,0,0,0
CLI000255,Entrenamiento,Sí,34,1,1,1,0
CLI000256,Prueba,No,32,3,1,1,0
CLI000258,Entrenamiento,Sí,30,3,0,1,0
CLI000259,Entrenamiento,No,45,4,0,1,0
CLI000261,Entrenamiento,No,48,6,0,0,0
CLI000262,Entrenamiento,No,55,1,0,0,0
CLI000263,Entrenamiento,No,48,1,0,1,0
CLI000264,Prueba,Sí,27,3,0,1,0
CLI000265,Entrenamiento,No,41,8,0,1,0
CLI000266,Entrenamiento,No,30,1,0,1,0
CLI000267,Entrenamiento,No,37,8,0,0,0
CLI000268,Prueba,No,46,1,0,1,0
CLI000269,Entrenamiento,Sí,32,4,0,1,0
CLI000270,Entrenamiento,No,47,2,0,1,0
CLI000271,Entrenamiento,No,43,1,0,0,0
CLI000272,Prueba,No,35,2,0,0,0
CLI000273,Entrenamiento,No,60,1,0,0,0
CLI000274,Entrenamiento,No,42,5,0,1,0
CLI000275,Entrenamiento,No,57,2,0,1,0
CLI000276,Prueba,No,44,1,0,1,0
CLI000277,Entrenamiento,No,38,3,0,1,0
CLI000278,Entrenamiento,Sí,33,2,1,1,0
CLI000280,Prueba,No,28,1,0,0,0
CLI000281,Entrenamiento,No,43,2,0,1,0
CLI000282,Entrenamiento,Sí,51,1,0,1,0
CLI000283,Entrenamiento,No,33,3,0,1,0
CLI000284,Prueba,No,30,3,0,0,0
CLI000285,Entrenamiento,No,52,2,0,1,0
CLI000286,Entrenamiento,No,29,1,0,0,0
CLI000287,Entrenamiento,No,33,1,0,1,0
CLI000290,Entrenamiento,Sí,53,2,1,1,1
CLI000291,Entrenamiento,No,43,4,0,0,0
CLI000292,Prueba,No,57,1,0,1,0
CLI000293,Entrenamiento,No,24,5,0,1,0
CLI000295,Entrenamiento,No,30,1,0,1,0
CLI000297,Entrenamiento,No,33,2,0,1,0
CLI000298,Entrenamiento,No,57,1,0,1,0
CLI000299,Entrenamiento,No,33,2,0,0,0
CLI000300,Prueba,No,31,1,0,0,0
CLI000301,Entrenamiento,No,37,1,0,0,0
CLI000303,Entrenamiento,No,32,2,0,1,0
CLI000305,Entrenamiento,No,35,2,0,1,0
CLI000306,Entrenamiento,No,56,1,1,1,0
CLI000307,Entrenamiento,Sí,35,1,0,1,0
CLI000308,Prueba,No,43,3,0,0,0
CLI000309,Entrenamiento,Sí,33,2,0,1,0
CLI000311,Entrenamiento,No,47,7,0,1,0
CLI000312,Prueba,No,42,1,0,0,0
CLI000313,Entrenamiento,No,31,1,0,1,0
CLI000314,Entrenamiento,No,31,2,0,1,0
CLI000315,Entrenamiento,Sí,26,1,1,1,0
CLI000316,Prueba,No,32,5,0,0,0
CLI000317,Entrenamiento,No,51,3,0,1,0
CLI000318,Entrenamiento,No,36,2,1,1,0
CLI000319,Entrenamiento,Sí,38,1,0,1,0
CLI000320,Prueba,Sí,42,1,0,0,0
CLI000321,Entrenamiento,No,56,1,0,1,0
CLI000322,Entrenamiento,No,26,2,0,0,0
CLI000323,Entrenamiento,No,33,2,0,1,0
CLI000324,Prueba,No,42,2,0,0,0
CLI000325,Entrenamiento,No,33,1,1,1,0
CLI000326,Entrenamiento,No,34,1,0,1,0
CLI000327,Entrenamiento,No,25,1,0,0,0
CLI000328,Prueba,No,59,5,0,0,0
CLI000329,Entrenamiento,No,43,2,0,1,0
CLI000330,Entrenamiento,No,32,1,0,1,0
CLI000331,Entrenamiento,No,50,1,0,0,0
CLI000332,Prueba,No,45,2,0,1,0
CLI000334,Entrenamiento,No,32,7,0,1,0
CLI000335,Entrenamiento,No,28,7,0,0,0
CLI000336,Prueba,No,37,2,0,0,0
CLI000337,Entrenamiento,No,57,1,2,1,1
CLI000338,Entrenamiento,No,39,3,1,1,0
CLI000339,Entrenamiento,No,46,2,1,1,0
CLI000340,Prueba,No,59,16,0,0,0
CLI000341,Entrenamiento,No,48,1,0,1,0
CLI000342,Entrenamiento,No,37,2,0,0,0
CLI000343,Entrenamiento,No,49,1,0,1,0
CLI000344,Prueba,No,33,1,0,1,0
CLI000345,Entrenamiento,No,31,1,0,1,0
CLI000346,Entrenamiento,No,48,2,0,0,0
CLI000347,Entrenamiento,No,31,1,0,1,0
CLI000348,Prueba,No,46,3,0,0,0
CLI000349,Entrenamiento,No,43,1,0,1,0
CLI000351,Entrenamiento,No,35,1,0,0,0
CLI000352,Prueba,No,33,5,0,0,0
CLI000353,Entrenamiento,No,34,1,0,1,0
CLI000354,Entrenamiento,Sí,41,2,1,1,1
CLI000355,Entrenamiento,No,36,1,0,1,0
CLI000356,Prueba,No,57,1,1,1,0
CLI000357,Entrenamiento,No,46,1,0,1,0
CLI000358,Entrenamiento,No,46,2,0,1,0
CLI000359,Entrenamiento,No,38,1,0,0,0
CLI000360,Prueba,No,35,4,1,1,0
CLI000361,Entrenamiento,No,28,1,1,1,1
CLI000362,Entrenamiento,No,45,4,0,1,0
CLI000363,Entrenamiento,No,47,1,0,0,0
CLI000364,Prueba,No,41,2,0,0,0
CLI000365,Entrenamiento,No,30,1,0,1,0
CLI000366,Entrenamiento,No,21,1,0,1,0
CLI000367,Entrenamiento,No,30,1,1,1,0
CLI000368,Prueba,No,43,1,0,1,0
CLI000369,Entrenamiento,No,49,1,1,1,0
CLI000370,Entrenamiento,No,34,2,0,0,0
CLI000371,Entrenamiento,No,35,2,1,1,0
CLI000372,Prueba,No,28,6,0,1,0
CLI000373,Entrenamiento,No,32,1,0,0,0
CLI000374,Entrenamiento,No,46,5,0,1,0
CLI000375,Entrenamiento,No,47,1,0,0,0
CLI000376,Prueba,No,26,7,0,1,0
CLI000377,Entrenamiento,No,23,4,0,0,0
CLI000378,Entrenamiento,No,46,1,0,1,0
CLI000379,Entrenamiento,No,53,3,0,0,0
CLI000380,Prueba,No,44,1,0,0,0
CLI000381,Entrenamiento,No,29,1,0,1,0
CLI000382,Entrenamiento,No,59,4,0,1,0
CLI000383,Entrenamiento,No,55,2,0,1,0
CLI000384,Prueba,No,76,1,1,1,0
CLI000386,Entrenamiento,No,59,1,0,0,0
CLI000388,Prueba,No,32,2,0,1,0
CLI000389,Entrenamiento,No,34,1,0,1,0
CLI000390,Entrenamiento,No,30,3,0,1,0
CLI000391,Entrenamiento,No,50,5,0,0,0
CLI000392,Prueba,No,49,1,0,1,0
CLI000393,Entrenamiento,No,25,4,0,1,0
CLI000394,Entrenamiento,No,23,1,1,1,0
CLI000395,Entrenamiento,No,31,1,0,1,0
CLI000396,Prueba,No,27,1,0,0,0
CLI000397,Entrenamiento,No,42,1,0,0,0
CLI000398,Entrenamiento,No,32,3,1,1,0
CLI000399,Entrenamiento,No,33,4,0,1,0
CLI000400,Prueba,No,36,2,0,1,0
CLI000401,Entrenamiento,Sí,51,1,0,0,0
CLI000402,Entrenamiento,Sí,39,1,0,1,0
CLI000403,Entrenamiento,Sí,37,2,2,1,1
CLI000404,Prueba,No,60,2,0,0,0
CLI000405,Entrenamiento,No,29,3,0,1,0
CLI000406,Entrenamiento,Sí,31,1,0,1,0
CLI000407,Entrenamiento,No,45,1,0,1,0
CLI000408,Prueba,No,35,1,0,1,0
CLI000409,Entrenamiento,No,31,2,1,1,0
CLI000410,Entrenamiento,Sí,33,1,1,0,1
CLI000411,Entrenamiento,No,40,1,0,1,0
CLI000413,Entrenamiento,No,29,1,0,1,0
CLI000414,Entrenamiento,No,27,3,0,0,0
CLI000415,Entrenamiento,No,43,2,0,1,0
CLI000416,Prueba,No,56,4,0,1,0
CLI000417,Entrenamiento,No,33,2,0,1,0
CLI000418,Entrenamiento,No,31,1,0,0,0
CLI000419,Entrenamiento,No,40,2,0,1,0
CLI000420,Prueba,No,37,2,1,1,0
CLI000421,Entrenamiento,Sí,38,2,0,1,0
CLI000422,Entrenamiento,No,39,3,0,1,0
CLI000423,Entrenamiento,No,29,1,1,1,0
CLI000424,Prueba,No,58,4,0,0,0
CLI000425,Entrenamiento,No,45,2,0,0,0
CLI000426,Entrenamiento,No,58,2,0,1,0
CLI000427,Entrenamiento,Sí,31,2,2,0,1
CLI000428,Prueba,No,49,9,0,0,0
CLI000429,Entrenamiento,No,37,2,0,1,0
CLI000430,Entrenamiento,No,48,1,0,1,0
CLI000431,Entrenamiento,No,29,1,1,1,0
CLI000432,Prueba,No,41,3,0,1,0
CLI000433,Entrenamiento,No,35,1,0,1,0
CLI000434,Entrenamiento,No,56,8,0,1,0
CLI000435,Entrenamiento,Sí,57,1,5,1,1
CLI000436,Prueba,No,33,1,0,1,0
CLI000438,Entrenamiento,No,49,1,0,1,0
CLI000439,Entrenamiento,No,49,3,0,1,0
CLI000440,Prueba,No,34,8,0,0,0
CLI000441,Entrenamiento,No,34,1,0,0,0
CLI000443,Entrenamiento,No,41,1,0,0,0
CLI000445,Entrenamiento,No,31,9,0,1,0
CLI000446,Entrenamiento,No,40,3,0,1,0
CLI000448,Prueba,No,27,2,0,0,0
CLI000449,Entrenamiento,No,57,1,0,0,0
CLI000450,Entrenamiento,No,55,2,0,1,0
CLI000452,Prueba,No,42,1,0,0,0
CLI000453,Entrenamiento,No,36,9,0,0,0
CLI000454,Entrenamiento,No,33,2,0,1,0
CLI000456,Prueba,No,26,7,0,1,0
CLI000457,Entrenamiento,No,55,5,0,1,0
CLI000458,Entrenamiento,No,41,1,0,1,0
CLI000459,Entrenamiento,No,38,1,1,1,0
CLI000460,Prueba,No,38,3,0,1,0
CLI000461,Entrenamiento,No,38,3,0,1,0
CLI000462,Entrenamiento,No,26,1,0,0,0
CLI000463,Entrenamiento,No,45,2,0,0,0
CLI000465,Entrenamiento,Sí,32,1,0,0,0
CLI000466,Entrenamiento,No,27,2,0,0,0
CLI000467,Entrenamiento,No,54,1,1,1,1
CLI000468,Prueba,No,54,1,1,1,0
CLI000469,Entrenamiento,No,37,1,0,0,0
CLI000470,Entrenamiento,No,57,2,0,0,0
CLI000471,Entrenamiento,No,49,1,0,0,0
CLI000472,Prueba,No,58,2,0,1,0
CLI000474,Entrenamiento,No,39,1,0,1,0
CLI000475,Entrenamiento,No,40,1,0,0,0
CLI000476,Prueba,No,36,1,1,1,0
CLI000477,Entrenamiento,No,33,2,0,0,0
CLI000479,Entrenamiento,No,47,2,1,1,0
CLI000480,Prueba,No,37,2,1,1,0
CLI000481,Entrenamiento,No,47,1,0,1,0
CLI000482,Entrenamiento,No,21,1,0,1,0
CLI000483,Entrenamiento,No,35,1,0,0,0
CLI000484,Prueba,No,43,2,0,0,0
CLI000485,Entrenamiento,No,37,1,0,1,0
CLI000486,Entrenamiento,No,37,1,1,1,0
CLI000487,Entrenamiento,No,44,11,0,1,0
CLI000488,Prueba,No,35,1,0,0,0
CLI000489,Entrenamiento,No,36,2,0,0,0
CLI000490,Entrenamiento,No,31,3,0,1,0
CLI000491,Entrenamiento,Sí,35,2,0,1,0
CLI000492,Prueba,No,41,1,0,0,0
CLI000493,Entrenamiento,No,31,1,0,0,0
CLI000494,Entrenamiento,No,25,1,1,1,0
CLI000495,Entrenamiento,No,34,3,0,0,0
CLI000496,Prueba,No,50,1,0,1,0
CLI000497,Entrenamiento,No,31,1,1,1,0
CLI000498,Entrenamiento,No,47,3,0,1,0
CLI000500,Prueba,No,26,4,0,1,0
CLI000501,Entrenamiento,No,51,2,0,1,0
CLI000502,Entrenamiento,No,53,4,0,1,0
CLI000503,Entrenamiento,No,37,2,0,1,0
CLI000504,Prueba,No,49,3,0,1,0
CLI000505,Entrenamiento,No,56,1,0,0,0
CLI000506,Entrenamiento,No,60,2,1,1,0
CLI000507,Entrenamiento,No,39,10,0,0,0
CLI000508,Prueba,No,29,1,0,1,0
CLI000509,Entrenamiento,No,50,2,0,1,0
CLI000510,Entrenamiento,No,57,1,0,0,0
CLI000511,Entrenamiento,Sí,44,1,0,1,0
CLI000512,Prueba,Sí,29,3,1,1,0
CLI000513,Entrenamiento,No,35,2,1,1,0
CLI000514,Entrenamiento,No,55,2,0,0,0
CLI000515,Entrenamiento,No,45,1,0,1,0
CLI000516,Prueba,No,28,1,0,0,0
CLI000517,Entrenamiento,No,48,2,0,1,0
CLI000518,Entrenamiento,No,29,3,0,0,0
CLI000519,Entrenamiento,No,41,3,0,0,0
CLI000521,Entrenamiento,No,47,1,0,1,0
CLI000522,Entrenamiento,No,33,10,0,0,0
CLI000523,Entrenamiento,No,38,3,0,0,0
CLI000524,Prueba,Sí,50,1,1,1,0
CLI000525,Entrenamiento,No,34,4,0,0,0
CLI000526,Entrenamiento,No,29,2,0,1,0
CLI000527,Entrenamiento,No,30,2,1,1,0
CLI000528,Prueba,No,44,1,0,1,0
CLI000529,Entrenamiento,No,52,1,0,1,0
CLI000530,Entrenamiento,No,33,1,0,1,0
CLI000531,Entrenamiento,No,35,2,0,1,0
CLI000534,Entrenamiento,Sí,30,2,4,1,0
CLI000535,Entrenamiento,No,26,3,1,1,0
CLI000536,Prueba,No,48,1,1,1,1
CLI000537,Entrenamiento,No,34,1,0,1,0
CLI000539,Entrenamiento,No,46,2,1,1,0
CLI000540,Prueba,No,29,4,0,1,0
CLI000541,Entrenamiento,No,39,5,0,0,0
CLI000543,Entrenamiento,No,45,16,0,0,0
CLI000544,Prueba,No,34,1,0,0,0
CLI000545,Entrenamiento,No,47,2,0,0,0
CLI000546,Entrenamiento,No,31,1,0,1,0
CLI000547,Entrenamiento,No,38,4,0,1,0
CLI000548,Prueba,No,31,3,0,1,0
CLI000549,Entrenamiento,No,35,1,0,0,0
CLI000550,Entrenamiento,No,27,1,1,1,0
CLI000551,Entrenamiento,No,30,1,0,1,0
CLI000552,Prueba,No,60,3,0,1,0
CLI000553,Entrenamiento,No,48,1,1,1,0
CLI000554,Entrenamiento,No,51,4,0,1,0
CLI000555,Entrenamiento,No,42,1,0,1,0
CLI000557,Entrenamiento,No,43,4,0,1,0
CLI000558,Entrenamiento,No,32,1,0,1,0
CLI000559,Entrenamiento,No,35,2,0,0,0
CLI000561,Entrenamiento,No,53,2,0,1,0
CLI000562,Entrenamiento,Sí,57,1,0,1,0
CLI000563,Entrenamiento,No,49,1,0,1,0
CLI000564,Prueba,No,34,4,0,1,0
CLI000565,Entrenamiento,No,62,2,1,1,0
CLI000566,Entrenamiento,No,36,3,0,1,0
CLI000567,Entrenamiento,No,28,2,0,0,0
CLI000569,Entrenamiento,No,41,7,0,1,0
CLI000570,Entrenamiento,No,25,1,0,0,0
CLI000572,Prueba,No,32,32,0,0,0
CLI000574,Entrenamiento,No,34,1,0,1,0
CLI000576,Prueba,No,30,5,0,0,0
CLI000577,Entrenamiento,No,28,2,3,1,1
CLI000578,Entrenamiento,Sí,37,1,4,1,1
CLI000579,Entrenamiento,No,55,8,0,1,0
CLI000580,Prueba,No,33,2,0,0,0
CLI000582,Entrenamiento,No,28,3,2,1,0
CLI000584,Prueba,No,31,1,1,1,0
CLI000585,Entrenamiento,Sí,33,1,2,0,1
CLI000586,Entrenamiento,No,34,2,0,0,0
CLI000587,Entrenamiento,No,49,3,1,1,0
CLI000588,Prueba,No,81,2,2,1,1
CLI000589,Entrenamiento,No,40,1,0,0,0
CLI000590,Entrenamiento,No,51,1,0,0,0
CLI000591,Entrenamiento,No,34,2,0,1,0
CLI000592,Prueba,No,40,3,0,1,0
CLI000593,Entrenamiento,Sí,64,2,0,1,0
CLI000594,Entrenamiento,No,27,6,0,0,0
CLI000595,Entrenamiento,No,43,2,0,0,0
CLI000596,Prueba,No,41,2,0,0,0
CLI000598,Entrenamiento,No,49,1,0,1,0
CLI000599,Entrenamiento,No,26,1,0,1,0
CLI000600,Prueba,No,40,2,0,1,0
CLI000601,Entrenamiento,No,58,2,0,0,0
CLI000602,Entrenamiento,No,26,4,0,1,0
CLI000603,Entrenamiento,No,30,1,0,0,0
CLI000604,Prueba,No,41,2,0,0,0
CLI000605,Entrenamiento,No,26,1,0,0,0
CLI000606,Entrenamiento,No,33,1,0,1,0
CLI000607,Entrenamiento,No,37,1,1,1,0
CLI000608,Prueba,No,57,2,0,1,0
CLI000609,Entrenamiento,No,40,2,0,1,0
CLI000611,Entrenamiento,No,34,3,0,1,0
CLI000613,Entrenamiento,Sí,69,3,0,1,0
CLI000614,Entrenamiento,No,49,3,0,0,0
CLI000615,Entrenamiento,No,49,1,0,1,0
CLI000616,Prueba,No,36,1,0,0,0
CLI000617,Entrenamiento,No,37,3,0,1,0
CLI000618,Entrenamiento,No,51,2,0,1,0
CLI000619,Entrenamiento,No,42,2,1,1,1
CLI000621,Entrenamiento,No,30,4,0,1,0
CLI000622,Entrenamiento,No,33,1,0,1,0
CLI000623,Entrenamiento,No,50,1,0,1,0
CLI000624,Prueba,No,40,2,0,0,0
CLI000625,Entrenamiento,No,42,3,0,0,0
CLI000626,Entrenamiento,No,56,3,0,1,0
CLI000627,Entrenamiento,Sí,36,1,0,1,0
CLI000628,Prueba,No,35,4,0,1,0
CLI000629,Entrenamiento,No,28,2,0,1,0
CLI000630,Entrenamiento,No,31,1,0,1,0
CLI000631,Entrenamiento,No,60,2,0,0,0
CLI000632,Prueba,Sí,42,2,0,1,0
CLI000633,Entrenamiento,Sí,53,1,0,1,0
CLI000634,Entrenamiento,No,41,3,0,1,0
CLI000635,Entrenamiento,No,38,3,0,1,0
CLI000636,Prueba,No,38,1,0,1,0
CLI000638,Entrenamiento,No,30,3,0,1,0
CLI000640,Prueba,No,33,4,0,1,0
CLI000642,Entrenamiento,Sí,24,1,0,1,0
CLI000644,Prueba,No,33,2,3,1,0
CLI000645,Entrenamiento,No,31,1,0,1,0
CLI000646,Entrenamiento,No,39,3,0,0,0
CLI000647,Entrenamiento,No,32,1,0,1,0
CLI000648,Prueba,No,41,3,2,1,0
CLI000650,Entrenamiento,Sí,24,2,1,1,1
CLI000651,Entrenamiento,No,36,1,0,1,0
CLI000652,Prueba,No,57,2,0,0,0
CLI000653,Entrenamiento,No,27,6,0,1,0
CLI000654,Entrenamiento,No,28,2,0,0,0
CLI000656,Prueba,Sí,38,3,0,1,0
CLI000657,Entrenamiento,No,34,1,1,0,0
CLI000658,Entrenamiento,No,48,3,0,1,0
CLI000659,Entrenamiento,No,26,1,0,0,0
CLI000660,Prueba,No,42,1,0,0,0
CLI000661,Entrenamiento,No,33,3,0,1,0
CLI000662,Entrenamiento,Sí,25,1,0,1,0
CLI000664,Prueba,No,59,16,0,0,0
CLI000665,Entrenamiento,No,37,1,0,0,0
CLI000666,Entrenamiento,No,59,1,0,1,0
CLI000667,Entrenamiento,No,29,3,0,1,0
CLI000668,Prueba,No,51,4,0,0,0
CLI000669,Entrenamiento,No,58,1,1,1,0
CLI000670,Entrenamiento,No,24,2,0,0,0
CLI000671,Entrenamiento,No,24,1,0,1,0
CLI000672,Prueba,Sí,33,5,0,1,0
CLI000673,Entrenamiento,Sí,40,1,0,1,0
CLI000674,Entrenamiento,Sí,30,1,0,1,0
CLI000675,Entrenamiento,No,32,8,1,1,0
CLI000676,Prueba,No,56,3,0,1,0
CLI000677,Entrenamiento,No,54,2,0,1,0
CLI000678,Entrenamiento,No,43,4,1,1,1
CLI000679,Entrenamiento,No,38,2,0,1,0
CLI000680,Prueba,No,43,1,0,0,0
CLI000682,Entrenamiento,No,36,1,0,1,0
CLI000683,Entrenamiento,No,29,1,0,0,0
CLI000684,Prueba,No,30,3,0,0,0
CLI000685,Entrenamiento,Sí,34,2,0,1,0
CLI000686,Entrenamiento,No,35,1,0,0,0
CLI000688,Prueba,No,55,1,0,1,0
CLI000689,Entrenamiento,Sí,45,2,0,1,0
CLI000690,Entrenamiento,No,31,1,0,0,0
CLI000691,Entrenamiento,No,55,2,0,1,0
CLI000692,Prueba,No,51,2,0,0,0
CLI000693,Entrenamiento,No,45,2,0,0,0
CLI000695,Entrenamiento,No,33,2,0,1,0
CLI000697,Entrenamiento,Sí,41,2,1,1,0
CLI000698,Entrenamiento,No,38,1,0,0,0
CLI000699,Entrenamiento,No,67,4,0,0,0
CLI000700,Prueba,No,39,9,0,1,0
CLI000701,Entrenamiento,No,50,4,1,1,0
CLI000702,Entrenamiento,Sí,39,4,0,0,0
CLI000703,Entrenamiento,No,42,1,0,0,0
CLI000704,Prueba,No,34,1,0,1,0
CLI000705,Entrenamiento,No,35,23,0,1,0
CLI000707,Entrenamiento,Sí,44,11,0,0,0
CLI000708,Prueba,No,23,1,1,1,0
CLI000709,Entrenamiento,No,42,4,0,0,0
CLI000710,Entrenamiento,No,50,3,0,0,0
CLI000711,Entrenamiento,Sí,38,1,0,1,0
CLI000712,Prueba,No,32,2,0,0,0
CLI000713,Entrenamiento,Sí,58,1,2,1,0
CLI000714,Entrenamiento,No,36,11,0,1,0
CLI000715,Entrenamiento,No,42,1,0,1,0
CLI000717,Entrenamiento,No,27,1,0,1,0
CLI000718,Entrenamiento,No,31,1,0,1,0
CLI000719,Entrenamiento,No,29,1,0,0,0
CLI000720,Prueba,No,43,2,0,1,0
CLI000721,Entrenamiento,No,34,3,0,0,0
CLI000722,Entrenamiento,No,47,3,0,1,0
CLI000723,Entrenamiento,No,42,1,0,0,0
CLI000724,Prueba,No,35,3,0,0,0
CLI000725,Entrenamiento,No,36,3,0,1,0
CLI000726,Entrenamiento,Sí,76,1,1,1,1
CLI000727,Entrenamiento,No,29,1,0,0,0
CLI000728,Prueba,Sí,60,2,1,1,1
CLI000729,Entrenamiento,No,60,6,2,1,0
CLI000731,Entrenamiento,No,40,2,0,1,0
CLI000732,Prueba,No,33,1,0,1,0
CLI000733,Entrenamiento,No,54,2,0,0,0
CLI000734,Entrenamiento,No,45,3,0,1,0
CLI000735,Entrenamiento,No,49,1,0,0,0
CLI000736,Prueba,No,47,5,0,1,0
CLI000737,Entrenamiento,No,57,1,0,1,0
CLI000738,Entrenamiento,No,42,3,0,0,0
CLI000739,Entrenamiento,No,31,4,0,0,0
CLI000740,Prueba,No,41,1,0,1,0
CLI000742,Entrenamiento,No,42,1,0,0,0
CLI000743,Entrenamiento,No,27,2,0,0,0
CLI000744,Prueba,No,34,1,0,1,0
CLI000745,Entrenamiento,Sí,33,1,0,1,0
CLI000746,Entrenamiento,No,51,1,0,0,0
CLI000747,Entrenamiento,No,32,2,0,1,0
CLI000748,Prueba,No,49,1,0,0,0
CLI000749,Entrenamiento,No,63,1,0,1,0
CLI000750,Entrenamiento,No,44,4,0,1,0
CLI000751,Entrenamiento,No,33,1,0,1,0
CLI000752,Prueba,No,43,1,0,0,0
CLI000753,Entrenamiento,No,37,1,0,1,0
CLI000754,Entrenamiento,No,34,2,2,1,0
CLI000756,Prueba,No,41,4,0,1,0
CLI000757,Entrenamiento,No,32,2,0,0,0
CLI000758,Entrenamiento,No,45,2,0,0,0
CLI000760,Prueba,No,41,8,0,1,0
CLI000761,Entrenamiento,No,36,2,0,1,0
CLI000763,Entrenamiento,No,54,1,0,0,0
CLI000765,Entrenamiento,No,29,3,0,0,0
CLI000766,Entrenamiento,No,35,6,0,1,0
CLI000767,Entrenamiento,No,35,2,0,0,0
CLI000768,Prueba,No,31,1,0,1,0
CLI000769,Entrenamiento,No,30,4,0,1,0
CLI000771,Entrenamiento,No,48,1,0,0,0
CLI000773,Entrenamiento,No,36,1,0,0,0
CLI000774,Entrenamiento,No,48,1,1,1,0
CLI000775,Entrenamiento,No,52,1,0,1,0
CLI000776,Prueba,No,29,3,0,1,0
CLI000777,Entrenamiento,No,55,2,0,1,0
CLI000778,Entrenamiento,No,81,2,1,1,1
CLI000779,Entrenamiento,No,36,2,0,0,0
CLI000780,Prueba,No,37,1,0,0,0
CLI000781,Entrenamiento,No,28,1,0,0,0
CLI000783,Entrenamiento,No,25,2,0,1,0
CLI000784,Prueba,No,44,2,0,0,0
CLI000785,Entrenamiento,No,45,7,0,0,0
CLI000786,Entrenamiento,No,32,4,0,0,0
CLI000787,Entrenamiento,Sí,26,1,0,1,0
CLI000788,Prueba,No,35,1,1,1,0
CLI000790,Entrenamiento,Sí,24,1,0,1,0
CLI000791,Entrenamiento,No,44,1,0,0,0
CLI000792,Prueba,Sí,43,7,0,1,0
CLI000793,Entrenamiento,No,54,2,0,1,0
CLI000794,Entrenamiento,Sí,65,2,0,1,0
CLI000795,Entrenamiento,No,52,2,0,0,0
CLI000796,Prueba,No,33,3,0,1,0
CLI000797,Entrenamiento,No,34,2,0,1,0
CLI000798,Entrenamiento,No,40,1,0,0,0
CLI000799,Entrenamiento,No,33,1,0,0,0
CLI000800,Prueba,No,31,11,0,1,0
CLI000803,Entrenamiento,No,53,2,0,0,0
CLI000804,Prueba,No,43,1,0,1,0
CLI000805,Entrenamiento,No,32,1,0,1,0
CLI000806,Entrenamiento,No,58,2,0,0,0
CLI000807,Entrenamiento,No,27,2,0,0,0
CLI000808,Prueba,Sí,29,1,0,1,0
CLI000809,Entrenamiento,No,52,1,0,1,0
CLI000810,Entrenamiento,No,38,2,0,0,0
CLI000811,Entrenamiento,No,41,2,0,1,0
CLI000812,Prueba,No,34,1,0,1,0
CLI000814,Entrenamiento,No,31,3,0,1,0
CLI000815,Entrenamiento,No,44,2,0,1,0
CLI000816,Prueba,No,28,6,0,0,0
CLI000818,Entrenamiento,No,31,1,0,1,0
CLI000819,Entrenamiento,No,32,8,0,0,0
CLI000822,Entrenamiento,No,48,4,0,0,0
CLI000823,Entrenamiento,No,35,5,0,1,0
CLI000824,Prueba,No,34,2,1,1,0
CLI000825,Entrenamiento,No,34,8,0,0,0
CLI000826,Entrenamiento,No,50,1,0,1,0
CLI000827,Entrenamiento,No,29,1,2,1,0
CLI000828,Prueba,No,54,2,0,0,0
CLI000829,Entrenamiento,No,31,2,0,1,0
CLI000830,Entrenamiento,No,36,2,0,1,0
CLI000831,Entrenamiento,No,28,1,0,0,0
CLI000833,Entrenamiento,No,57,1,0,0,0
CLI000834,Entrenamiento,No,48,5,0,1,0
CLI000835,Entrenamiento,No,43,1,0,1,0
CLI000837,Entrenamiento,No,49,4,0,1,0
CLI000838,Entrenamiento,No,41,1,0,1,0
CLI000839,Entrenamiento,No,43,1,0,1,0
CLI000840,Prueba,No,56,1,0,1,0
CLI000841,Entrenamiento,No,40,2,0,1,0
CLI000842,Entrenamiento,No,33,1,0,0,0
CLI000843,Entrenamiento,No,24,2,0,1,0
CLI000845,Entrenamiento,No,34,1,0,1,0
CLI000846,Entrenamiento,No,53,1,0,1,0
CLI000847,Entrenamiento,Sí,43,4,0,1,0
CLI000848,Prueba,No,43,3,0,0,0
CLI000849,Entrenamiento,No,31,2,0,1,0
CLI000850,Entrenamiento,No,46,5,0,0,0
CLI000851,Entrenamiento,No,31,2,0,1,0
CLI000852,Prueba,No,28,1,0,0,0
CLI000853,Entrenamiento,No,35,4,0,0,0
CLI000854,Entrenamiento,No,45,6,0,0,0
CLI000855,Entrenamiento,Sí,42,4,2,1,1
CLI000856,Prueba,No,45,9,0,1,0
CLI000857,Entrenamiento,No,30,1,0,1,0
CLI000858,Entrenamiento,No,34,2,0,1,0
CLI000860,Prueba,No,47,1,0,1,0
CLI000861,Entrenamiento,No,28,2,0,1,0
CLI000862,Entrenamiento,No,31,1,0,1,0
CLI000863,Entrenamiento,No,44,4,0,1,0
CLI000864,Prueba,No,45,1,0,1,0
CLI000865,Entrenamiento,No,40,1,1,1,0
CLI000866,Entrenamiento,Sí,23,3,0,1,0
CLI000867,Entrenamiento,No,32,2,0,0,0
CLI000868,Prueba,Sí,52,2,0,1,0
CLI000869,Entrenamiento,No,35,2,0,1,0
CLI000870,Entrenamiento,No,44,2,0,1,0
CLI000871,Entrenamiento,No,46,7,0,1,0
CLI000872,Prueba,No,29,3,0,0,0
CLI000873,Entrenamiento,No,34,1,0,0,0
CLI000875,Entrenamiento,No,48,1,0,1,0
CLI000876,Prueba,No,46,5,0,1,0
CLI000879,Entrenamiento,No,42,2,1,1,0
CLI000880,Prueba,No,49,2,0,0,0
CLI000881,Entrenamiento,No,44,1,1,1,0
CLI000882,Entrenamiento,No,41,2,0,0,0
CLI000884,Prueba,No,40,6,1,1,0
CLI000885,Entrenamiento,No,37,3,0,1,0
CLI000886,Entrenamiento,No,55,3,0,0,0
CLI000887,Entrenamiento,No,32,1,0,1,0
CLI000888,Prueba,No,23,1,0,0,0
CLI000889,Entrenamiento,Sí,30,1,0,1,0
CLI000890,Entrenamiento,Sí,58,1,0,1,0
CLI000891,Entrenamiento,No,45,4,0,1,0
CLI000892,Prueba,No,32,2,0,1,0
CLI000893,Entrenamiento,Sí,28,1,0,0,0
CLI000894,Entrenamiento,No,47,4,1,1,0
CLI000895,Entrenamiento,Sí,45,3,0,0,0
CLI000897,Entrenamiento,No,45,1,0,0,0
CLI000898,Entrenamiento,Sí,46,4,0,1,0
CLI000899,Entrenamiento,No,33,1,0,1,0
CLI000900,Prueba,No,32,1,0,1,0
CLI000901,Entrenamiento,Sí,52,1,0,1,0
CLI000902,Entrenamiento,No,29,2,0,1,0
CLI000903,Entrenamiento,No,37,1,0,1,0
CLI000904,Prueba,No,34,2,0,1,0
CLI000905,Entrenamiento,No,34,3,0,1,0
CLI000906,Entrenamiento,No,43,1,0,1,0
CLI000907,Entrenamiento,No,47,3,0,0,0
CLI000908,Prueba,No,43,3,0,1,0
CLI000909,Entrenamiento,Sí,34,1,0,0,0
CLI000910,Entrenamiento,No,45,1,0,1,0
CLI000911,Entrenamiento,No,38,6,0,1,0
CLI000913,Entrenamiento,No,31,6,0,1,0
CLI000914,Entrenamiento,No,57,1,0,0,0
CLI000915,Entrenamiento,No,35,4,0,1,0
CLI000916,Prueba,Sí,24,1,2,1,1
CLI000917,Entrenamiento,No,27,5,0,1,0
CLI000918,Entrenamiento,No,34,3,0,1,0
CLI000919,Entrenamiento,No,44,2,0,0,0
CLI000921,Entrenamiento,No,26,3,0,1,0
CLI000922,Entrenamiento,No,34,1,1,1,0
CLI000923,Entrenamiento,No,45,3,0,0,0
CLI000924,Prueba,Sí,42,4,0,1,0
CLI000926,Entrenamiento,No,26,1,0,1,0
CLI000927,Entrenamiento,No,52,1,0,0,0
CLI000928,Prueba,No,49,1,1,1,0
CLI000929,Entrenamiento,No,38,4,1,0,0
CLI000931,Entrenamiento,No,29,1,0,0,0
CLI000932,Prueba,No,29,5,0,1,0
CLI000933,Entrenamiento,No,46,2,0,1,0
CLI000935,Entrenamiento,No,49,3,0,1,0
CLI000936,Prueba,No,41,4,0,0,0
CLI000937,Entrenamiento,No,27,6,0,1,0
CLI000938,Entrenamiento,No,29,7,0,1,0
CLI000939,Entrenamiento,No,32,1,0,1,0
CLI000940,Prueba,No,34,1,0,0,0
CLI000941,Entrenamiento,No,59,1,1,0,0
CLI000943,Entrenamiento,No,58,1,0,1,0
CLI000945,Entrenamiento,No,42,25,0,1,0
CLI000946,Entrenamiento,No,36,1,0,0,0
CLI000947,Entrenamiento,No,45,3,0,1,0
CLI000948,Prueba,No,41,2,0,1,0
CLI000949,Entrenamiento,Sí,50,8,0,1,0
CLI000951,Entrenamiento,No,31,3,0,1,0
CLI000952,Prueba,No,53,3,0,1,0
CLI000953,Entrenamiento,No,35,2,0,1,0
CLI000955,Entrenamiento,Sí,68,1,0,1,0
CLI000957,Entrenamiento,No,33,1,0,0,0
CLI000958,Entrenamiento,No,30,1,0,1,0
CLI000959,Entrenamiento,No,53,2,0,0,0
CLI000960,Prueba,No,38,1,0,1,0
CLI000961,Entrenamiento,Sí,29,1,0,1,0
CLI000962,Entrenamiento,No,59,3,0,1,0
CLI000963,Entrenamiento,No,38,1,0,0,0
CLI000964,Prueba,No,43,1,0,1,0
CLI000965,Entrenamiento,No,47,1,0,1,0
CLI000966,Entrenamiento,No,29,1,0,1,0
CLI000967,Entrenamiento,No,34,4,0,0,0
CLI000968,Prueba,No,41,4,0,0,0
CLI000969,Entrenamiento,No,48,1,0,1,0
CLI000970,Entrenamiento,No,35,3,0,0,0
CLI000971,Entrenamiento,No,43,1,1,1,0
CLI000972,Prueba,No,30,3,0,1,0
CLI000973,Entrenamiento,No,42,6,0,1,0
CLI000974,Entrenamiento,No,33,1,0,0,0
CLI000976,Prueba,No,31,2,0,1,0
CLI000979,Entrenamiento,No,38,1,0,0,0
CLI000980,Prueba,No,38,1,0,1,0
CLI000981,Entrenamiento,No,30,3,0,1,0
CLI000982,Entrenamiento,No,45,1,0,1,0
CLI000983,Entrenamiento,No,38,4,0,0,0
CLI000985,Entrenamiento,No,37,1,0,1,0
CLI000986,Entrenamiento,No,55,2,0,1,0
CLI000988,Prueba,Sí,31,2,0,1,0
CLI000989,Entrenamiento,Sí,31,4,1,1,0
CLI000990,Entrenamiento,No,37,5,0,0,0
CLI000991,Entrenamiento,No,50,2,0,1,0
CLI000992,Prueba,No,48,1,0,1,0
CLI000993,Entrenamiento,No,50,7,0,1,0
CLI000994,Entrenamiento,No,30,1,0,0,0
CLI000995,Entrenamiento,No,41,3,0,1,0
CLI000997,Entrenamiento,No,37,2,0,0,0
CLI000998,Entrenamiento,No,46,2,0,0,0
CLI000999,Entrenamiento,No,34,1,0,0,0
CLI001000,Prueba,No,41,2,0,1,0
CLI001001,Entrenamiento,No,52,1,0,1,0
CLI001003,Entrenamiento,No,40,1,0,1,0
CLI001005,Entrenamiento,No,48,1,0,0,0
CLI001006,Entrenamiento,No,36,1,0,0,0
CLI001007,Entrenamiento,No,47,3,0,1,0
CLI001008,Prueba,No,51,3,0,0,0
CLI001009,Entrenamiento,No,46,5,0,0,0
CLI001010,Entrenamiento,No,47,3,0,0,0
CLI001011,Entrenamiento,No,47,1,0,0,0
CLI001012,Prueba,No,33,1,0,1,0
CLI001013,Entrenamiento,No,40,1,1,1,0
CLI001014,Entrenamiento,No,64,2,1,1,1
CLI001015,Entrenamiento,No,45,3,0,1,0
CLI001016,Prueba,No,44,1,0,1,0
CLI001017,Entrenamiento,No,51,1,0,0,0
CLI001018,Entrenamiento,No,38,1,0,1,0
CLI001019,Entrenamiento,No,46,1,0,0,0
CLI001021,Entrenamiento,Sí,62,1,1,1,0
CLI001024,Prueba,No,41,3,0,1,0
CLI001025,Entrenamiento,No,34,1,0,1,0
CLI001026,Entrenamiento,No,32,1,0,0,0
CLI001027,Entrenamiento,No,30,2,0,1,0
CLI001028,Prueba,No,88,6,0,1,0
CLI001029,Entrenamiento,No,34,1,0,1,0
CLI001030,Entrenamiento,No,41,2,0,0,0
CLI001031,Entrenamiento,No,34,1,0,1,0
CLI001032,Prueba,No,40,1,0,0,0
CLI001033,Entrenamiento,No,24,3,0,0,0
CLI001034,Entrenamiento,No,23,1,0,1,0
CLI001035,Entrenamiento,No,40,1,0,1,0
CLI001036,Prueba,Sí,39,6,0,1,0
CLI001037,Entrenamiento,No,57,3,0,0,0
CLI001038,Entrenamiento,No,32,2,0,1,0
CLI001039,Entrenamiento,No,26,1,4,1,1
CLI001040,Prueba,Sí,23,1,1,1,0
CLI001041,Entrenamiento,No,35,1,0,1,0
CLI001042,Entrenamiento,No,36,1,0,0,0
CLI001043,Entrenamiento,No,33,2,0,1,0
CLI001044,Prueba,No,30,1,0,1,0
CLI001045,Entrenamiento,No,34,1,0,0,0
CLI001046,Entrenamiento,No,47,7,1,1,0
CLI001047,Entrenamiento,No,29,12,0,0,0
CLI001048,Prueba,No,29,1,0,1,0
CLI001049,Entrenamiento,No,41,8,0,1,0
CLI001050,Entrenamiento,No,35,2,0,0,0
CLI001051,Entrenamiento,No,36,2,0,1,0
CLI001052,Prueba,No,40,1,0,0,0
CLI001053,Entrenamiento,No,51,1,0,1,0
CLI001055,Entrenamiento,Sí,28,1,1,1,1
CLI001056,Prueba,No,29,1,0,1,0
CLI001057,Entrenamiento,No,36,2,0,1,0
CLI001058,Entrenamiento,No,36,1,0,1,0
CLI001060,Prueba,No,50,1,0,0,0
CLI001061,Entrenamiento,No,31,1,0,1,0
CLI001062,Entrenamiento,Sí,41,5,3,1,1
CLI001063,Entrenamiento,No,37,1,0,1,0
CLI001064,Prueba,Sí,37,1,1,1,0
CLI001065,Entrenamiento,No,36,1,0,0,0
CLI001066,Entrenamiento,No,31,6,0,0,0
CLI001067,Entrenamiento,No,25,1,0,1,0
CLI001068,Prueba,No,36,2,0,1,0
CLI001069,Entrenamiento,No,35,1,0,1,0
CLI001070,Entrenamiento,No,39,3,0,1,0
CLI001071,Entrenamiento,No,28,4,0,0,0
CLI001072,Prueba,No,31,5,1,1,0
CLI001073,Entrenamiento,No,27,4,0,1,0
CLI001074,Entrenamiento,No,48,1,1,1,1
CLI001075,Entrenamiento,No,36,5,0,1,0
CLI001076,Prueba,No,37,1,3,1,0
CLI001077,Entrenamiento,No,52,2,0,0,0
CLI001078,Entrenamiento,No,29,9,0,1,0
CLI001079,Entrenamiento,No,57,2,1,1,0
CLI001080,Prueba,No,48,2,0,0,0
CLI001081,Entrenamiento,No,39,1,0,1,0
CLI001082,Entrenamiento,No,45,2,0,1,0
CLI001083,Entrenamiento,No,42,2,0,1,0
CLI001084,Prueba,Sí,68,2,1,1,1
CLI001085,Entrenamiento,No,32,5,0,1,0
CLI001086,Entrenamiento,Sí,62,1,2,1,0
CLI001087,Entrenamiento,No,29,2,0,0,0
CLI001090,Entrenamiento,No,48,1,0,0,0
CLI001092,Prueba,No,27,2,0,0,0
CLI001093,Entrenamiento,Sí,27,1,0,1,0
CLI001094,Entrenamiento,No,32,2,1,1,0
CLI001096,Prueba,No,38,2,0,1,0
CLI001097,Entrenamiento,No,31,1,0,1,0
CLI001098,Entrenamiento,No,35,1,0,1,0
CLI001099,Entrenamiento,No,36,1,0,1,0
CLI001100,Prueba,Sí,60,2,1,1,1
CLI001101,Entrenamiento,No,33,1,0,1,0
CLI001102,Entrenamiento,No,27,2,0,0,0
CLI001103,Entrenamiento,No,44,2,0,0,0
CLI001104,Prueba,No,36,2,0,1,0
CLI001105,Entrenamiento,No,38,1,1,1,0
CLI001106,Entrenamiento,Sí,29,1,1,1,1
CLI001107,Entrenamiento,No,41,1,0,1,0
CLI001108,Prueba,No,29,1,0,1,0
CLI001109,Entrenamiento,Sí,43,4,0,1,0
CLI001111,Entrenamiento,No,58,1,0,0,0
CLI001112,Prueba,No,57,1,1,1,0
CLI001113,Entrenamiento,No,38,5,0,1,0
CLI001115,Entrenamiento,No,25,5,0,1,0
CLI001116,Prueba,No,35,1,0,0,0
CLI001117,Entrenamiento,No,53,1,0,1,0
CLI001118,Entrenamiento,Sí,50,1,1,1,1
CLI001119,Entrenamiento,No,30,3,0,1,0
CLI001121,Entrenamiento,No,48,1,0,1,0
CLI001122,Entrenamiento,No,47,1,0,0,0
CLI001123,Entrenamiento,Sí,31,3,0,1,0
CLI001124,Prueba,No,31,7,0,1,0
CLI001125,Entrenamiento,No,31,2,0,1,0
CLI001126,Entrenamiento,No,34,4,0,1,0
CLI001127,Entrenamiento,No,29,3,0,0,0
CLI001128,Prueba,No,26,1,0,1,0
CLI001129,Entrenamiento,No,30,4,1,1,0
CLI001130,Entrenamiento,Sí,46,1,0,0,0
CLI001131,Entrenamiento,No,30,1,0,1,0
CLI001132,Prueba,No,56,1,1,1,0
CLI001133,Entrenamiento,Sí,39,4,0,1,0
CLI001135,Entrenamiento,No,35,3,0,1,0
CLI001136,Prueba,No,41,1,0,0,0
CLI001137,Entrenamiento,No,59,1,0,0,0
CLI001138,Entrenamiento,Sí,27,2,0,0,0
CLI001140,Prueba,No,55,2,2,1,0
CLI001141,Entrenamiento,Sí,24,1,1,1,0
CLI001142,Entrenamiento,No,38,3,0,0,0
CLI001143,Entrenamiento,No,52,1,0,0,0
CLI001144,Prueba,Sí,41,1,2,1,1
CLI001145,Entrenamiento,Sí,31,2,1,1,1
CLI001146,Entrenamiento,No,39,8,0,1,0
CLI001147,Entrenamiento,No,42,1,0,1,0
CLI001148,Prueba,No,49,2,0,0,0
CLI001149,Entrenamiento,No,31,1,0,0,0
CLI001150,Entrenamiento,No,39,1,0,1,0
CLI001151,Entrenamiento,Sí,30,1,0,1,0
CLI001152,Prueba,No,41,1,0,1,0
CLI001153,Entrenamiento,No,59,1,0,0,0
CLI001154,Entrenamiento,No,26,4,0,0,0
CLI001155,Entrenamiento,Sí,29,1,0,1,0
CLI001156,Prueba,No,36,2,0,0,0
CLI001157,Entrenamiento,No,80,4,0,0,0
CLI001158,Entrenamiento,Sí,39,1,0,1,0
CLI001159,Entrenamiento,No,38,2,0,0,0
CLI001160,Prueba,No,38,20,0,1,0
CLI001161,Entrenamiento,No,74,2,1,1,0
CLI001163,Entrenamiento,No,31,2,0,1,0
CLI001164,Prueba,No,55,1,0,0,0
CLI001167,Entrenamiento,No,29,2,0,0,0
CLI001168,Prueba,No,33,3,0,0,0
CLI001169,Entrenamiento,No,24,1,0,1,0
CLI001170,Entrenamiento,No,31,2,0,0,0
CLI001173,Entrenamiento,No,29,1,0,0,0
CLI001174,Entrenamiento,No,30,2,0,1,0
CLI001175,Entrenamiento,No,45,4,0,0,0
CLI001176,Prueba,No,29,1,0,1,0
CLI001177,Entrenamiento,No,41,1,0,0,0
CLI001179,Entrenamiento,No,48,1,0,0,0
CLI001181,Entrenamiento,No,38,1,1,1,0
CLI001182,Entrenamiento,No,41,3,0,1,0
CLI001184,Prueba,No,37,3,0,0,0
CLI001185,Entrenamiento,Sí,52,3,0,1,0
CLI001186,Entrenamiento,No,33,1,0,1,0
CLI001187,Entrenamiento,No,47,3,0,0,0
CLI001188,Prueba,Sí,42,1,1,1,1
CLI001189,Entrenamiento,No,33,5,0,0,0
CLI001190,Entrenamiento,No,54,11,0,1,0
CLI001191,Entrenamiento,No,41,2,0,0,0
CLI001192,Prueba,No,29,1,0,1,0
CLI001193,Entrenamiento,Sí,34,1,0,1,0
CLI001194,Entrenamiento,No,50,1,0,0,0
CLI001195,Entrenamiento,No,37,1,0,1,0
CLI001196,Prueba,No,41,2,0,1,0
CLI001197,Entrenamiento,Sí,80,1,3,1,1
CLI001198,Entrenamiento,No,29,1,0,1,0
CLI001199,Entrenamiento,No,34,2,0,1,0
CLI001200,Prueba,No,32,17,0,1,0
CLI001201,Entrenamiento,No,32,6,0,1,0
CLI001203,Entrenamiento,No,37,1,0,1,0
CLI001204,Prueba,Sí,50,1,0,1,0
CLI001205,Entrenamiento,No,48,2,0,0,0
CLI001206,Entrenamiento,Sí,34,1,0,1,0
CLI001207,Entrenamiento,No,50,2,0,1,0
CLI001208,Prueba,No,44,2,0,0,0
CLI001209,Entrenamiento,No,43,1,1,1,0
CLI001210,Entrenamiento,No,37,2,0,0,0
CLI001211,Entrenamiento,No,34,1,0,1,0
CLI001212,Prueba,Sí,50,7,1,1,0
CLI001213,Entrenamiento,No,29,4,0,0,0
CLI001214,Entrenamiento,No,35,3,0,1,0
CLI001215,Entrenamiento,No,29,2,0,0,0
CLI001216,Prueba,No,29,3,0,1,0
CLI001217,Entrenamiento,No,35,1,0,1,0
CLI001218,Entrenamiento,No,34,4,0,0,0
CLI001221,Entrenamiento,No,27,2,0,0,0
CLI001223,Entrenamiento,No,56,1,0,0,0
CLI001224,Prueba,Sí,58,1,1,1,0
CLI001226,Entrenamiento,No,43,1,1,1,0
CLI001227,Entrenamiento,No,58,3,1,1,0
CLI001229,Entrenamiento,No,34,5,0,1,0
CLI001230,Entrenamiento,No,32,6,1,1,0
CLI001232,Prueba,No,43,1,0,0,0
CLI001233,Entrenamiento,No,37,2,0,1,0
CLI001234,Entrenamiento,Sí,42,1,0,1,0
CLI001235,Entrenamiento,Sí,28,1,0,1,0
CLI001236,Prueba,No,26,2,0,1,0
CLI001237,Entrenamiento,No,35,1,0,1,0
CLI001238,Entrenamiento,No,40,1,0,1,0
CLI001239,Entrenamiento,No,35,1,0,1,0
CLI001241,Entrenamiento,No,53,1,1,1,0
CLI001242,Entrenamiento,No,38,1,0,1,0
CLI001244,Prueba,No,27,2,0,1,0
CLI001245,Entrenamiento,No,42,2,0,0,0
CLI001248,Prueba,No,53,4,0,0,0
CLI001249,Entrenamiento,No,31,3,0,1,0
CLI001250,Entrenamiento,No,35,3,0,0,0
CLI001251,Entrenamiento,No,40,7,0,0,0
CLI001252,Prueba,No,37,3,0,0,0
CLI001253,Entrenamiento,Sí,32,1,0,1,0
CLI001254,Entrenamiento,No,43,2,0,0,0
CLI001255,Entrenamiento,No,44,2,0,1,0
CLI001256,Prueba,No,31,20,0,1,0
CLI001257,Entrenamiento,No,48,1,0,1,0
CLI001258,Entrenamiento,No,39,2,0,0,0
CLI001259,Entrenamiento,No,29,4,1,1,0
CLI001260,Prueba,No,31,2,0,1,0
CLI001261,Entrenamiento,No,42,1,0,0,0
CLI001262,Entrenamiento,No,47,1,1,1,0
CLI001263,Entrenamiento,No,35,1,0,0,0
CLI001264,Prueba,No,34,1,0,1,0
CLI001265,Entrenamiento,Sí,30,2,0,1,0
CLI001266,Entrenamiento,No,47,3,0,0,0
CLI001267,Entrenamiento,No,36,2,0,0,0
CLI001268,Prueba,No,32,2,1,1,0
CLI001269,Entrenamiento,No,30,2,0,0,0
CLI001270,Entrenamiento,No,28,1,1,1,0
CLI001271,Entrenamiento,No,29,1,1,1,0
CLI001272,Prueba,No,32,3,0,1,0
CLI001273,Entrenamiento,No,53,1,0,0,0
CLI001274,Entrenamiento,No,39,2,0,0,0
CLI001275,Entrenamiento,No,34,2,0,1,0
CLI001276,Prueba,No,34,1,0,1,0
CLI001277,Entrenamiento,Sí,63,1,1,1,1
CLI001278,Entrenamiento,No,39,1,1,1,0
CLI001279,Entrenamiento,No,40,2,0,0,0
CLI001280,Prueba,No,52,1,0,1,0
CLI001281,Entrenamiento,No,59,2,0,1,0
CLI001282,Entrenamiento,No,54,8,0,1,0
CLI001283,Entrenamiento,No,36,7,0,1,0
CLI001284,Prueba,No,32,2,0,0,0
CLI001285,Entrenamiento,No,54,5,0,1,0
CLI001286,Entrenamiento,No,57,2,0,0,0
CLI001287,Entrenamiento,No,33,1,2,1,0
CLI001288,Prueba,No,42,1,0,1,0
CLI001289,Entrenamiento,No,50,1,0,0,0
CLI001291,Entrenamiento,No,49,2,0,0,0
CLI001292,Prueba,No,46,2,0,1,0
CLI001293,Entrenamiento,No,42,6,0,0,0
CLI001294,Entrenamiento,No,43,2,0,0,0
CLI001295,Entrenamiento,No,39,3,0,1,0
CLI001296,Prueba,No,24,1,1,1,0
CLI001297,Entrenamiento,No,47,1,1,1,0
CLI001298,Entrenamiento,No,38,2,1,1,0
CLI001299,Entrenamiento,No,55,4,0,1,0
CLI001300,Prueba,No,42,3,0,0,0
CLI001301,Entrenamiento,No,39,2,0,1,0
CLI001302,Entrenamiento,No,46,6,0,0,0
CLI001303,Entrenamiento,No,27,1,0,1,0
CLI001304,Prueba,No,51,2,0,0,0
CLI001305,Entrenamiento,No,24,2,0,0,0
CLI001306,Entrenamiento,No,32,1,0,0,0
CLI001308,Prueba,No,49,3,0,1,0
CLI001309,Entrenamiento,No,41,3,0,0,0
CLI001310,Entrenamiento,Sí,48,1,1,1,0
CLI001311,Entrenamiento,No,59,3,0,1,0
CLI001312,Prueba,No,29,2,0,0,0
CLI001313,Entrenamiento,No,44,7,0,0,0
CLI001315,Entrenamiento,Sí,49,2,0,0,0
CLI001316,Prueba,No,51,6,0,1,0
CLI001319,Entrenamiento,No,37,1,0,1,0
CLI001321,Entrenamiento,No,43,1,0,1,0
CLI001322,Entrenamiento,No,36,3,0,0,0
CLI001323,Entrenamiento,No,32,1,0,0,0
CLI001327,Entrenamiento,No,35,1,0,0,0
CLI001328,Prueba,No,22,1,0,1,0
CLI001329,Entrenamiento,No,34,2,1,1,0
CLI001330,Entrenamiento,No,30,8,0,1,0
CLI001331,Entrenamiento,Sí,46,2,0,1,0
CLI001332,Prueba,No,35,1,0,1,0
CLI001333,Entrenamiento,No,36,7,0,0,0
CLI001334,Entrenamiento,No,28,1,0,0,0
CLI001335,Entrenamiento,Sí,46,2,1,1,0
CLI001336,Prueba,No,57,2,0,1,0
CLI001337,Entrenamiento,No,46,1,0,0,0
CLI001338,Entrenamiento,Sí,52,2,0,1,0
CLI001341,Entrenamiento,No,35,3,0,0,0
CLI001342,Entrenamiento,No,41,2,0,0,0
CLI001343,Entrenamiento,No,51,2,0,1,0
CLI001344,Prueba,No,45,1,0,1,0
CLI001345,Entrenamiento,No,32,3,0,1,0
CLI001346,Entrenamiento,No,40,1,0,0,0
CLI001347,Entrenamiento,No,27,1,1,0,0
CLI001348,Prueba,No,48,1,0,0,0
CLI001349,Entrenamiento,Sí,60,1,1,1,0
CLI001350,Entrenamiento,No,33,2,0,1,0
CLI001351,Entrenamiento,No,46,7,0,0,0
CLI001353,Entrenamiento,No,46,3,0,0,0
CLI001354,Entrenamiento,Sí,98,1,2,1,1
CLI001355,Entrenamiento,No,49,3,0,1,0
CLI001356,Prueba,Sí,35,2,0,1,0
CLI001358,Entrenamiento,Sí,33,1,0,1,0
CLI001359,Entrenamiento,No,31,1,0,1,0
CLI001360,Prueba,No,33,2,0,0,0
CLI001361,Entrenamiento,No,31,2,0,1,0
CLI001362,Entrenamiento,No,34,2,0,0,0
CLI001364,Prueba,No,55,6,0,1,0
CLI001365,Entrenamiento,No,35,3,0,1,0
CLI001366,Entrenamiento,Sí,33,4,0,1,0
CLI001367,Entrenamiento,No,34,1,0,1,0
CLI001368,Prueba,No,22,3,0,1,0
CLI001369,Entrenamiento,No,31,1,0,1,0
CLI001370,Entrenamiento,Sí,38,1,1,1,1
CLI001371,Entrenamiento,No,33,1,0,1,0
CLI001373,Entrenamiento,No,28,1,0,1,0
CLI001374,Entrenamiento,No,27,1,0,1,0
CLI001375,Entrenamiento,No,40,8,0,1,0
CLI001376,Prueba,No,32,1,0,1,0
CLI001377,Entrenamiento,No,34,2,0,0,0
CLI001378,Entrenamiento,No,49,1,0,1,0
CLI001379,Entrenamiento,No,25,1,0,0,0
CLI001380,Prueba,No,33,1,0,1,0
CLI001381,Entrenamiento,No,48,11,0,1,0
CLI001382,Entrenamiento,No,52,10,0,1,0
CLI001383,Entrenamiento,No,52,2,0,1,0
CLI001385,Entrenamiento,No,32,1,0,1,0
CLI001386,Entrenamiento,No,58,1,0,0,0
CLI001387,Entrenamiento,No,33,1,0,1,0
CLI001388,Prueba,No,45,4,0,0,0
CLI001389,Entrenamiento,No,43,5,0,0,0
CLI001390,Entrenamiento,No,27,8,0,0,0
CLI001391,Entrenamiento,No,33,1,0,1,0
CLI001392,Prueba,No,36,3,0,1,0
CLI001393,Entrenamiento,No,55,4,0,0,0
CLI001394,Entrenamiento,No,39,1,1,0,1
CLI001395,Entrenamiento,No,48,3,0,0,0
CLI001397,Entrenamiento,No,45,2,0,0,0
CLI001398,Entrenamiento,No,47,1,0,0,0
CLI001401,Entrenamiento,No,30,3,0,1,0
CLI001402,Entrenamiento,No,29,4,0,0,0
CLI001403,Entrenamiento,Sí,55,1,0,1,0
CLI001404,Prueba,No,26,1,0,0,0
CLI001405,Entrenamiento,No,28,1,0,1,0
CLI001406,Entrenamiento,No,39,1,0,1,0
CLI001407,Entrenamiento,No,48,4,0,1,0
CLI001408,Prueba,Sí,25,5,0,1,0
CLI001409,Entrenamiento,No,33,3,0,0,0
CLI001410,Entrenamiento,No,29,1,0,1,0
CLI001411,Entrenamiento,No,59,7,0,0,0
CLI001412,Prueba,No,56,2,0,0,0
CLI001413,Entrenamiento,No,48,2,0,1,0
CLI001414,Entrenamiento,No,38,2,0,1,0
CLI001415,Entrenamiento,No,28,1,0,0,0
CLI001416,Prueba,No,55,3,1,1,0
CLI001417,Entrenamiento,No,31,1,0,1,0
CLI001418,Entrenamiento,Sí,71,1,1,1,0
CLI001419,Entrenamiento,Sí,45,1,0,1,0
CLI001420,Prueba,No,34,1,1,1,0
CLI001421,Entrenamiento,No,31,2,0,1,0
CLI001422,Entrenamiento,No,56,5,0,0,0
CLI001423,Entrenamiento,No,59,1,0,0,0
CLI001424,Prueba,No,37,1,0,1,0
CLI001425,Entrenamiento,No,51,1,0,0,0
CLI001426,Entrenamiento,No,40,1,0,1,0
CLI001427,Entrenamiento,No,41,4,0,1,0
CLI001428,Prueba,No,48,2,0,0,0
CLI001430,Entrenamiento,No,31,2,0,0,0
CLI001431,Entrenamiento,No,47,3,0,1,0
CLI001432,Prueba,No,44,1,0,0,0
CLI001433,Entrenamiento,No,29,1,0,0,0
CLI001434,Entrenamiento,No,33,4,0,0,0
CLI001435,Entrenamiento,No,41,1,0,1,0
CLI001437,Entrenamiento,No,51,1,0,1,0
CLI001438,Entrenamiento,No,48,1,0,1,0
CLI001439,Entrenamiento,No,33,2,0,1,0
CLI001440,Prueba,No,50,9,0,1,0
CLI001441,Entrenamiento,No,42,5,1,1,1
CLI001443,Entrenamiento,No,42,2,1,1,0
CLI001444,Prueba,Sí,49,2,0,1,0
CLI001445,Entrenamiento,No,40,3,0,1,0
CLI001446,Entrenamiento,No,37,9,0,1,0
CLI001447,Entrenamiento,No,32,1,0,0,0
CLI001448,Prueba,No,38,5,0,0,0
CLI001449,Entrenamiento,No,32,7,0,1,0
CLI001450,Entrenamiento,No,32,9,0,1,0
CLI001451,Entrenamiento,No,28,1,0,1,0
CLI001452,Prueba,No,40,1,0,0,0
CLI001453,Entrenamiento,No,32,2,0,1,0
CLI001454,Entrenamiento,Sí,32,1,0,0,0
CLI001456,Prueba,No,38,2,0,0,0
CLI001457,Entrenamiento,Sí,74,2,1,1,1
CLI001458,Entrenamiento,No,38,6,0,0,0
CLI001459,Entrenamiento,Sí,26,1,1,1,1
CLI001460,Prueba,No,54,6,1,1,1
CLI001461,Entrenamiento,No,29,2,0,1,0
CLI001462,Entrenamiento,Sí,43,1,1,1,0
CLI001463,Entrenamiento,No,48,4,0,0,0
CLI001464,Prueba,No,30,2,0,1,0
CLI001465,Entrenamiento,No,35,4,0,0,0
CLI001467,Entrenamiento,No,40,1,0,1,0
CLI001469,Entrenamiento,No,45,1,1,1,0
CLI001470,Entrenamiento,No,58,1,0,1,0
CLI001471,Entrenamiento,No,39,1,0,0,0
CLI001472,Prueba,No,30,4,0,1,0
CLI001473,Entrenamiento,No,36,5,0,1,0
CLI001474,Entrenamiento,Sí,22,2,1,0,1
CLI001476,Prueba,No,49,1,0,1,0
CLI001477,Entrenamiento,No,40,2,0,0,0
CLI001478,Entrenamiento,No,33,2,0,0,0
CLI001479,Entrenamiento,No,40,1,0,1,0
CLI001480,Prueba,Sí,62,1,3,1,1
CLI001481,Entrenamiento,No,41,2,0,1,0
CLI001482,Entrenamiento,No,35,4,0,0,0
CLI001483,Entrenamiento,No,30,2,0,0,0
CLI001484,Prueba,No,39,2,0,0,0
CLI001487,Entrenamiento,No,47,8,0,0,0
CLI001488,Prueba,No,32,1,0,0,0
CLI001489,Entrenamiento,No,30,2,0,0,0
CLI001490,Entrenamiento,No,29,1,0,0,0
CLI001491,Entrenamiento,No,42,5,0,0,0
CLI001492,Prueba,No,43,3,0,0,0
CLI001493,Entrenamiento,No,38,2,0,0,0
CLI001494,Entrenamiento,No,45,2,0,1,0
CLI001496,Prueba,No,25,2,4,1,0
CLI001497,Entrenamiento,No,43,1,0,1,0
CLI001498,Entrenamiento,No,36,3,0,0,0
CLI001499,Entrenamiento,No,36,1,0,0,0
CLI001500,Prueba,No,39,1,0,0,0
CLI001502,Entrenamiento,No,49,1,0,0,0
CLI001503,Entrenamiento,No,29,4,0,0,0
CLI001504,Prueba,No,33,1,0,0,0
CLI001505,Entrenamiento,No,39,1,0,0,0
CLI001506,Entrenamiento,No,46,3,0,1,0
CLI001507,Entrenamiento,No,43,3,0,0,0
CLI001508,Prueba,No,32,2,0,0,0
CLI001509,Entrenamiento,Sí,34,6,0,0,0
CLI001510,Entrenamiento,No,32,1,0,1,0
CLI001511,Entrenamiento,No,50,1,0,1,0
CLI001512,Prueba,No,34,1,0,0,0
CLI001513,Entrenamiento,No,31,1,0,1,0
CLI001514,Entrenamiento,No,30,2,0,0,0
CLI001515,Entrenamiento,No,53,1,0,1,0
CLI001517,Entrenamiento,No,43,2,0,1,0
CLI001518,Entrenamiento,No,55,1,1,1,0
CLI001519,Entrenamiento,No,33,1,0,0,0
CLI001520,Prueba,No,36,1,0,0,0
CLI001522,Entrenamiento,No,31,7,0,1,0
CLI001523,Entrenamiento,Sí,82,2,0,0,0
CLI001524,Prueba,No,56,5,0,1,0
CLI001525,Entrenamiento,No,34,5,1,1,0
CLI001526,Entrenamiento,No,29,6,0,1,0
CLI001527,Entrenamiento,No,33,1,0,0,0
CLI001528,Prueba,No,43,1,2,1,0
CLI001529,Entrenamiento,No,33,2,0,1,0
CLI001530,Entrenamiento,No,54,2,0,1,0
CLI001531,Entrenamiento,No,43,3,0,1,0
CLI001532,Prueba,No,38,2,0,1,0
CLI001533,Entrenamiento,No,60,5,0,0,0
CLI001534,Entrenamiento,No,57,1,0,1,0
CLI001535,Entrenamiento,No,73,2,0,0,0
CLI001536,Prueba,No,51,7,0,0,0
CLI001537,Entrenamiento,No,44,3,0,1,0
CLI001538,Entrenamiento,No,58,2,0,1,0
CLI001539,Entrenamiento,No,35,5,0,0,0
CLI001540,Prueba,No,52,2,0,0,0
CLI001541,Entrenamiento,No,33,3,1,1,0
CLI001542,Entrenamiento,No,50,1,0,0,0
CLI001543,Entrenamiento,No,34,2,0,1,0
CLI001544,Prueba,No,45,2,0,1,0
CLI001545,Entrenamiento,No,57,1,0,1,0
CLI001547,Entrenamiento,No,38,1,0,1,0
CLI001548,Prueba,No,59,5,0,1,0
CLI001549,Entrenamiento,No,37,2,0,1,0
CLI001550,Entrenamiento,No,35,2,0,0,0
CLI001551,Entrenamiento,Sí,25,1,1,1,1
CLI001553,Entrenamiento,No,27,3,0,0,0
CLI001554,Entrenamiento,No,60,2,0,0,0
CLI001555,Entrenamiento,No,27,2,0,0,0
CLI001556,Prueba,No,33,1,0,1,0
CLI001557,Entrenamiento,No,41,1,0,1,0
CLI001558,Entrenamiento,No,40,1,0,1,0
CLI001559,Entrenamiento,No,46,1,0,0,0
CLI001560,Prueba,No,56,1,0,0,0
CLI001561,Entrenamiento,No,36,14,0,1,0
CLI001563,Entrenamiento,No,47,1,0,0,0
CLI001565,Entrenamiento,No,50,1,0,1,0
CLI001566,Entrenamiento,No,34,2,0,0,0
CLI001567,Entrenamiento,Sí,25,1,0,1,0
CLI001568,Prueba,No,51,1,0,1,0
CLI001570,Entrenamiento,No,35,1,0,0,0
CLI001571,Entrenamiento,No,44,2,0,1,0
CLI001572,Prueba,No,34,2,0,1,0
CLI001573,Entrenamiento,No,30,4,0,0,0
CLI001574,Entrenamiento,No,54,1,0,0,0
CLI001575,Entrenamiento,No,48,3,0,1,0
CLI001576,Prueba,No,40,2,0,0,0
CLI001577,Entrenamiento,No,31,2,0,0,0
CLI001578,Entrenamiento,No,42,2,0,1,0
CLI001579,Entrenamiento,No,48,3,0,1,0
CLI001580,Prueba,No,49,2,0,1,0
CLI001581,Entrenamiento,No,34,3,1,1,0
CLI001582,Entrenamiento,No,25,1,0,0,0
CLI001584,Prueba,No,39,1,0,0,0
CLI001586,Entrenamiento,No,33,1,0,0,0
CLI001587,Entrenamiento,No,32,1,0,0,0
CLI001588,Prueba,No,25,3,0,1,0
CLI001590,Entrenamiento,No,35,2,0,0,0
CLI001591,Entrenamiento,No,30,3,0,1,0
CLI001592,Prueba,Sí,43,1,1,1,1
CLI001593,Entrenamiento,No,53,1,0,1,0
CLI001594,Entrenamiento,No,37,4,0,1,0
CLI001595,Entrenamiento,No,29,2,0,1,0
CLI001596,Prueba,No,40,4,0,0,0
CLI001597,Entrenamiento,No,31,4,0,1,0
CLI001599,Entrenamiento,No,26,2,0,0,0
CLI001600,Prueba,No,55,2,0,1,0
CLI001601,Entrenamiento,No,38,1,0,0,0
CLI001602,Entrenamiento,No,38,1,0,0,0
CLI001603,Entrenamiento,No,30,1,0,1,0
CLI001604,Prueba,No,35,1,0,0,0
CLI001605,Entrenamiento,No,73,1,1,1,0
CLI001606,Entrenamiento,No,38,2,0,0,0
CLI001607,Entrenamiento,No,29,4,0,1,0
CLI001608,Prueba,No,33,1,0,0,0
CLI001609,Entrenamiento,No,35,4,0,1,0
CLI001610,Entrenamiento,No,42,1,0,0,0
CLI001612,Prueba,No,37,3,0,1,0
CLI001613,Entrenamiento,No,48,7,0,1,0
CLI001614,Entrenamiento,No,34,3,0,0,0
CLI001615,Entrenamiento,No,34,1,0,1,0
CLI001616,Prueba,No,26,2,0,1,0
CLI001617,Entrenamiento,No,24,4,0,1,0
CLI001618,Entrenamiento,No,55,3,0,1,0
CLI001619,Entrenamiento,No,51,2,1,1,0
CLI001620,Prueba,No,35,9,0,1,0
CLI001621,Entrenamiento,No,35,1,0,1,0
CLI001622,Entrenamiento,No,27,2,0,0,0
CLI001623,Entrenamiento,No,25,2,1,1,0
CLI001624,Prueba,No,46,2,1,1,0
CLI001625,Entrenamiento,No,45,1,0,1,0
CLI001627,Entrenamiento,Sí,39,3,0,0,0
CLI001628,Prueba,No,46,3,0,1,0
CLI001629,Entrenamiento,No,43,1,0,1,0
CLI001630,Entrenamiento,No,31,1,0,1,0
CLI001631,Entrenamiento,No,46,1,0,1,0
CLI001632,Prueba,No,36,4,0,0,0
CLI001633,Entrenamiento,Sí,42,3,0,1,0
CLI001634,Entrenamiento,Sí,41,6,0,1,0
CLI001635,Entrenamiento,No,45,9,0,0,0
CLI001636,Prueba,No,35,1,1,1,0
CLI001637,Entrenamiento,No,46,1,0,0,0
CLI001638,Entrenamiento,No,55,1,0,1,0
CLI001639,Entrenamiento,Sí,40,2,0,0,0
CLI001640,Prueba,No,42,3,0,1,0
CLI001641,Entrenamiento,No,37,3,0,1,0
CLI001642,Entrenamiento,No,31,1,1,1,0
CLI001643,Entrenamiento,No,54,4,0,1,0
CLI001644,Prueba,No,28,3,0,0,0
CLI001645,Entrenamiento,No,40,5,0,1,0
CLI001646,Entrenamiento,No,35,1,0,0,0
CLI001647,Entrenamiento,No,33,3,0,0,0
CLI001648,Prueba,No,37,2,0,0,0
CLI001649,Entrenamiento,Sí,23,2,0,1,0
CLI001651,Entrenamiento,No,41,2,0,0,0
CLI001652,Prueba,No,53,20,0,0,0
CLI001653,Entrenamiento,No,38,2,0,0,0
CLI001655,Entrenamiento,No,46,2,0,1,0
CLI001656,Prueba,No,38,2,0,1,0
CLI001657,Entrenamiento,No,25,1,0,1,0
CLI001658,Entrenamiento,Sí,44,1,0,1,0
CLI001659,Entrenamiento,No,59,1,0,1,0
CLI001660,Prueba,No,30,4,0,1,0
CLI001661,Entrenamiento,No,43,1,0,1,0
CLI001662,Entrenamiento,No,30,1,0,1,0
CLI001663,Entrenamiento,No,43,1,0,0,0
CLI001664,Prueba,No,50,1,0,0,0
CLI001665,Entrenamiento,No,34,1,0,1,0
CLI001666,Entrenamiento,No,37,3,0,1,0
CLI001667,Entrenamiento,No,56,2,0,1,0
CLI001668,Prueba,No,33,2,0,0,0
CLI001669,Entrenamiento,No,37,3,0,0,0
CLI001670,Entrenamiento,Sí,32,1,0,1,0
CLI001672,Prueba,No,43,1,0,0,0
CLI001673,Entrenamiento,No,33,4,1,1,0
CLI001674,Entrenamiento,No,64,1,0,1,0
CLI001675,Entrenamiento,No,55,1,0,1,0
CLI001676,Prueba,No,30,2,0,1,0
CLI001677,Entrenamiento,Sí,33,4,4,1,1
CLI001678,Entrenamiento,No,34,2,0,1,0
CLI001679,Entrenamiento,No,59,1,0,1,0
CLI001680,Prueba,Sí,46,2,0,0,0
CLI001681,Entrenamiento,No,38,1,0,0,0
CLI001682,Entrenamiento,No,26,4,0,0,0
CLI001684,Prueba,Sí,42,2,0,1,0
CLI001685,Entrenamiento,No,27,2,0,0,0
CLI001686,Entrenamiento,No,53,5,0,0,0
CLI001687,Entrenamiento,No,49,1,1,1,0
CLI001688,Prueba,No,45,2,0,0,0
CLI001689,Entrenamiento,No,28,1,0,0,0
CLI001690,Entrenamiento,No,28,1,0,1,0
CLI001691,Entrenamiento,No,28,16,0,0,0
CLI001693,Entrenamiento,No,33,2,0,1,0
CLI001694,Entrenamiento,No,41,3,0,0,0
CLI001695,Entrenamiento,No,53,5,0,1,0
CLI001696,Prueba,No,33,2,0,1,0
CLI001697,Entrenamiento,No,49,1,0,0,0
CLI001699,Entrenamiento,No,29,1,0,1,0
CLI001700,Prueba,No,49,1,0,0,0
CLI001701,Entrenamiento,No,56,3,0,0,0
CLI001702,Entrenamiento,Sí,27,1,0,1,0
CLI001703,Entrenamiento,No,50,1,0,1,0
CLI001704,Prueba,Sí,31,1,1,0,1
CLI001705,Entrenamiento,No,34,5,0,1,0
CLI001706,Entrenamiento,No,46,1,0,0,0
CLI001707,Entrenamiento,No,32,3,0,0,0
CLI001708,Prueba,No,39,4,0,1,0
CLI001709,Entrenamiento,No,29,10,0,0,0
CLI001710,Entrenamiento,No,42,1,0,1,0
CLI001712,Prueba,No,30,2,0,0,0
CLI001713,Entrenamiento,No,32,3,0,0,0
CLI001714,Entrenamiento,No,57,1,0,1,0
CLI001715,Entrenamiento,No,53,1,0,0,0
CLI001717,Entrenamiento,No,55,1,0,1,0
CLI001718,Entrenamiento,No,53,2,0,0,0
CLI001719,Entrenamiento,No,39,1,0,1,0
CLI001720,Prueba,No,44,2,0,1,0
CLI001721,Entrenamiento,No,44,1,0,1,0
CLI001722,Entrenamiento,No,50,3,0,1,0
CLI001723,Entrenamiento,No,32,1,0,0,0
CLI001724,Prueba,No,29,1,0,0,0
CLI001725,Entrenamiento,No,40,1,0,0,0
CLI001726,Entrenamiento,No,43,5,0,0,0
CLI001727,Entrenamiento,No,26,4,0,1,0
CLI001728,Prueba,No,34,2,0,1,0
CLI001729,Entrenamiento,No,30,1,0,1,0
CLI001730,Entrenamiento,No,36,2,0,1,0
CLI001731,Entrenamiento,No,35,5,0,0,0
CLI001733,Entrenamiento,No,32,4,1,1,0
CLI001734,Entrenamiento,No,50,1,0,1,0
CLI001735,Entrenamiento,No,34,2,0,1,0
CLI001736,Prueba,No,47,1,0,1,0
CLI001737,Entrenamiento,No,37,1,0,1,0
CLI001739,Entrenamiento,No,41,2,0,1,0
CLI001740,Prueba,No,29,2,0,1,0
CLI001741,Entrenamiento,No,27,2,0,0,0
CLI001742,Entrenamiento,No,42,2,0,1,0
CLI001743,Entrenamiento,No,30,1,0,1,0
CLI001747,Entrenamiento,No,32,2,0,1,0
CLI001749,Entrenamiento,No,35,2,0,0,0
CLI001750,Entrenamiento,No,37,2,0,1,0
CLI001751,Entrenamiento,No,49,5,0,0,0
CLI001752,Prueba,No,26,2,0,1,0
CLI001753,Entrenamiento,No,35,1,0,0,0
CLI001754,Entrenamiento,No,45,1,0,1,0
CLI001755,Entrenamiento,No,47,1,1,1,0
CLI001756,Prueba,No,53,4,0,1,0
CLI001758,Entrenamiento,Sí,38,1,2,1,0
CLI001759,Entrenamiento,No,43,5,0,1,0
CLI001761,Entrenamiento,No,37,16,0,0,0
CLI001762,Entrenamiento,Sí,30,1,2,0,1
CLI001764,Prueba,Sí,42,2,1,1,0
CLI001765,Entrenamiento,No,39,2,0,0,0
CLI001766,Entrenamiento,No,34,4,0,1,0
CLI001767,Entrenamiento,No,49,1,0,1,0
CLI001768,Prueba,No,25,2,0,1,0
CLI001769,Entrenamiento,No,37,2,0,1,0
CLI001770,Entrenamiento,No,47,5,0,0,0
CLI001771,Entrenamiento,No,48,2,0,0,0
CLI001772,Prueba,No,41,3,0,1,0
CLI001773,Entrenamiento,No,44,2,0,0,0
CLI001774,Entrenamiento,Sí,48,3,0,0,0
CLI001775,Entrenamiento,No,41,1,0,1,0
CLI001776,Prueba,No,53,1,0,0,0
CLI001777,Entrenamiento,No,35,2,0,0,0
CLI001778,Entrenamiento,No,37,1,0,1,0
CLI001779,Entrenamiento,No,31,2,0,1,0
CLI001780,Prueba,No,52,1,0,1,0
CLI001781,Entrenamiento,No,36,1,0,1,0
CLI001782,Entrenamiento,No,40,3,0,1,0
CLI001783,Entrenamiento,No,28,3,0,0,0
CLI001784,Prueba,No,37,2,1,1,0
CLI001785,Entrenamiento,No,33,1,0,1,0
CLI001786,Entrenamiento,No,39,2,0,1,0
CLI001787,Entrenamiento,No,28,3,0,0,0
CLI001788,Prueba,Sí,38,1,4,1,1
CLI001789,Entrenamiento,No,53,1,0,0,0
CLI001790,Entrenamiento,No,48,7,0,0,0
CLI001792,Prueba,Sí,37,1,0,0,0
CLI001793,Entrenamiento,Sí,39,1,0,0,0
CLI001794,Entrenamiento,No,55,1,0,1,0
CLI001797,Entrenamiento,No,44,1,0,0,0
CLI001799,Entrenamiento,No,25,7,0,0,0
CLI001801,Entrenamiento,No,34,7,0,0,0
CLI001802,Entrenamiento,No,41,8,0,1,0
CLI001803,Entrenamiento,No,31,2,0,0,0
CLI001804,Prueba,No,45,1,0,0,0
CLI001806,Entrenamiento,Sí,40,2,2,0,1
CLI001807,Entrenamiento,No,48,1,0,0,0
CLI001808,Prueba,No,38,5,0,1,0
CLI001810,Entrenamiento,No,48,1,0,1,0
CLI001811,Entrenamiento,No,39,3,0,1,0
CLI001812,Prueba,No,39,2,0,0,0
CLI001814,Entrenamiento,No,39,1,0,0,0
CLI001815,Entrenamiento,No,30,2,0,0,0
CLI001816,Prueba,Sí,42,3,0,1,0
CLI001817,Entrenamiento,No,47,1,0,1,0
CLI001818,Entrenamiento,No,41,2,0,0,0
CLI001819,Entrenamiento,No,39,1,0,0,0
CLI001820,Prueba,No,31,1,0,1,0
CLI001821,Entrenamiento,No,31,3,0,1,0
CLI001822,Entrenamiento,No,54,3,0,0,0
CLI001823,Entrenamiento,No,34,1,0,1,0
CLI001824,Prueba,No,30,3,0,0,0
CLI001825,Entrenamiento,No,41,1,0,1,0
CLI001827,Entrenamiento,No,56,3,0,1,0
CLI001828,Prueba,No,32,2,0,1,0
CLI001829,Entrenamiento,No,27,2,0,1,0
CLI001830,Entrenamiento,No,26,3,0,0,0
CLI001831,Entrenamiento,No,39,1,0,1,0
CLI001833,Entrenamiento,No,46,1,0,1,0
CLI001834,Entrenamiento,No,42,1,0,0,0
CLI001835,Entrenamiento,Sí,32,1,0,1,0
CLI001836,Prueba,Sí,31,2,0,1,0
CLI001837,Entrenamiento,No,38,1,0,1,0
CLI001838,Entrenamiento,No,49,2,0,0,0
CLI001839,Entrenamiento,No,51,2,0,1,0
CLI001840,Prueba,No,29,1,0,1,0
CLI001841,Entrenamiento,No,38,1,0,1,0
CLI001842,Entrenamiento,Sí,21,2,0,1,0
CLI001843,Entrenamiento,No,34,1,0,1,0
CLI001844,Prueba,No,36,2,0,1,0
CLI001845,Entrenamiento,No,45,2,0,1,0
CLI001846,Entrenamiento,No,53,3,0,1,0
CLI001847,Entrenamiento,No,47,1,0,1,0
CLI001848,Prueba,No,59,4,0,0,0
CLI001849,Entrenamiento,No,34,1,0,1,0
CLI001850,Entrenamiento,No,41,2,0,1,0
CLI001851,Entrenamiento,No,23,6,0,1,0
CLI001852,Prueba,No,30,7,0,0,0
CLI001853,Entrenamiento,No,44,1,0,1,0
CLI001854,Entrenamiento,No,39,2,0,0,0
CLI001855,Entrenamiento,No,38,4,0,1,0
CLI001856,Prueba,No,56,1,0,1,0
CLI001857,Entrenamiento,Sí,59,7,0,1,0
CLI001858,Entrenamiento,No,25,1,0,0,0
CLI001861,Entrenamiento,No,32,2,0,0,0
CLI001862,Entrenamiento,No,29,3,0,1,0
CLI001863,Entrenamiento,No,29,1,0,0,0
CLI001864,Prueba,No,41,6,0,0,0
CLI001865,Entrenamiento,No,32,1,0,0,0
CLI001867,Entrenamiento,No,39,1,0,1,0
CLI001869,Entrenamiento,No,33,2,0,0,0
CLI001871,Entrenamiento,Sí,35,4,0,1,0
CLI001873,Entrenamiento,No,45,4,0,1,0
CLI001874,Entrenamiento,No,39,1,0,1,0
CLI001875,Entrenamiento,No,44,5,0,0,0
CLI001876,Prueba,No,31,1,0,1,0
CLI001877,Entrenamiento,No,33,2,0,1,0
CLI001878,Entrenamiento,No,32,3,0,0,0
CLI001879,Entrenamiento,No,31,2,0,1,0
CLI001880,Prueba,No,57,26,0,0,0
CLI001881,Entrenamiento,No,54,4,0,1,0
CLI001882,Entrenamiento,No,31,7,0,0,0
CLI001883,Entrenamiento,No,43,1,0,0,0
CLI001885,Entrenamiento,No,32,3,0,1,0
CLI001886,Entrenamiento,Sí,58,3,1,1,0
CLI001887,Entrenamiento,No,32,2,0,1,0
CLI001888,Prueba,No,51,4,0,0,0
CLI001889,Entrenamiento,No,32,1,0,1,0
CLI001890,Entrenamiento,No,33,3,0,1,0
CLI001891,Entrenamiento,Sí,30,1,0,1,0
CLI001892,Prueba,No,35,2,1,1,0
CLI001893,Entrenamiento,No,45,6,1,1,0
CLI001894,Entrenamiento,No,42,1,0,0,0
CLI001895,Entrenamiento,Sí,31,1,0,1,0
CLI001896,Prueba,No,57,1,0,0,0
CLI001897,Entrenamiento,Sí,25,1,0,1,0
CLI001898,Entrenamiento,No,31,3,0,1,0
CLI001899,Entrenamiento,No,51,1,0,0,0
CLI001900,Prueba,No,37,1,0,0,0
CLI001901,Entrenamiento,No,51,5,0,1,0
CLI001902,Entrenamiento,No,57,1,0,1,0
CLI001905,Entrenamiento,No,56,1,0,0,0
CLI001906,Entrenamiento,No,46,1,0,1,0
CLI001907,Entrenamiento,No,38,4,0,1,0
CLI001909,Entrenamiento,No,49,1,0,1,0
CLI001910,Entrenamiento,No,34,1,0,0,0
CLI001911,Entrenamiento,No,38,2,0,1,0
CLI001912,Prueba,No,41,2,0,0,0
CLI001913,Entrenamiento,No,43,2,0,1,0
CLI001914,Entrenamiento,No,48,4,0,1,0
CLI001915,Entrenamiento,No,40,1,0,0,0
CLI001916,Prueba,No,52,3,0,0,0
CLI001917,Entrenamiento,No,54,1,0,1,0
CLI001921,Entrenamiento,No,35,1,1,1,0
CLI001923,Entrenamiento,No,53,13,0,0,0
CLI001924,Prueba,No,33,2,0,0,0
CLI001925,Entrenamiento,Sí,65,1,2,1,0
CLI001927,Entrenamiento,Sí,31,2,2,1,1
CLI001931,Entrenamiento,Sí,71,4,0,1,0
CLI001932,Prueba,No,34,2,0,0,0
CLI001933,Entrenamiento,Sí,49,2,0,0,0
CLI001934,Entrenamiento,No,58,3,0,1,0
CLI001935,Entrenamiento,No,27,4,0,1,0
CLI001937,Entrenamiento,No,26,9,0,1,0
CLI001938,Entrenamiento,Sí,51,1,0,0,0
CLI001939,Entrenamiento,No,58,5,0,0,0
CLI001941,Entrenamiento,No,46,3,0,1,0
CLI001942,Entrenamiento,No,55,1,0,1,0
CLI001944,Prueba,No,46,2,0,0,0
CLI001945,Entrenamiento,No,52,2,0,0,0
CLI001946,Entrenamiento,No,59,3,0,1,0
CLI001947,Entrenamiento,No,41,1,1,1,0
CLI001948,Prueba,Sí,66,1,0,1,0
CLI001949,Entrenamiento,No,32,1,0,1,0
CLI001950,Entrenamiento,No,41,5,0,0,0
CLI001951,Entrenamiento,No,34,4,0,0,0
CLI001952,Prueba,No,34,2,0,1,0
CLI001954,Entrenamiento,No,41,2,0,1,0
CLI001955,Entrenamiento,No,50,1,0,0,0
CLI001957,Entrenamiento,Sí,38,2,1,1,1
CLI001958,Entrenamiento,Sí,46,5,0,0,0
CLI001959,Entrenamiento,No,32,2,0,1,0
CLI001960,Prueba,No,31,3,0,0,0
CLI001961,Entrenamiento,No,32,2,0,1,0
CLI001962,Entrenamiento,No,30,1,0,1,0
CLI001964,Prueba,Sí,47,1,0,0,0
CLI001965,Entrenamiento,No,28,4,0,0,0
CLI001966,Entrenamiento,No,36,1,0,0,0
CLI001967,Entrenamiento,No,32,2,0,0,0
CLI001969,Entrenamiento,No,45,1,0,1,0
CLI001970,Entrenamiento,No,53,1,0,1,0
CLI001971,Entrenamiento,No,43,3,0,1,0
CLI001972,Prueba,No,41,1,0,1,0
CLI001973,Entrenamiento,No,29,2,0,1,0
CLI001974,Entrenamiento,No,36,3,0,1,0
CLI001976,Prueba,No,34,19,0,0,0
CLI001977,Entrenamiento,No,45,1,0,0,0
CLI001978,Entrenamiento,No,37,1,0,0,0
CLI001979,Entrenamiento,No,35,3,0,0,0
CLI001980,Prueba,No,30,3,0,0,0
CLI001981,Entrenamiento,No,39,2,0,1,0
CLI001982,Entrenamiento,No,42,1,0,0,0
CLI001983,Entrenamiento,No,57,1,0,1,0
CLI001984,Prueba,No,41,6,0,1,0
CLI001985,Entrenamiento,No,44,1,0,1,0
CLI001988,Prueba,No,36,4,0,0,0
CLI001989,Entrenamiento,No,48,2,0,0,0
CLI001990,Entrenamiento,No,44,2,0,1,0
CLI001991,Entrenamiento,No,57,1,0,0,0
CLI001992,Prueba,Sí,24,1,0,1,0
CLI001993,Entrenamiento,No,30,1,0,1,0
CLI001994,Entrenamiento,No,30,1,0,0,0
CLI001995,Entrenamiento,No,33,1,0,0,0
CLI001996,Prueba,No,32,2,0,0,0
CLI001997,Entrenamiento,Sí,62,4,0,1,0
CLI001998,Entrenamiento,No,28,1,0,1,0
CLI001999,Entrenamiento,No,70,4,0,1,0
CLI002000,Prueba,No,37,6,0,1,0
CLI002001,Entrenamiento,No,38,1,0,1,0
CLI002002,Entrenamiento,No,28,2,0,0,0
CLI002003,Entrenamiento,No,51,1,0,0,0
CLI002004,Prueba,Sí,38,2,0,1,0
CLI002005,Entrenamiento,No,35,4,0,0,0
CLI002006,Entrenamiento,No,42,3,0,1,0
CLI002007,Entrenamiento,No,55,2,0,0,0
CLI002008,Prueba,No,26,35,0,0,0
CLI002009,Entrenamiento,No,42,2,0,0,0
CLI002010,Entrenamiento,Sí,45,4,1,1,0
CLI002011,Entrenamiento,No,58,1,0,0,0
CLI002012,Prueba,No,30,1,0,1,0
CLI002013,Entrenamiento,No,59,1,0,1,0
CLI002015,Entrenamiento,No,50,2,0,1,0
CLI002016,Prueba,No,32,2,0,0,0
CLI002017,Entrenamiento,Sí,30,1,0,1,0
CLI002018,Entrenamiento,No,44,1,0,0,0
CLI002019,Entrenamiento,No,59,4,0,1,0
CLI002020,Prueba,No,34,4,0,1,0
CLI002021,Entrenamiento,Sí,63,2,1,1,0
CLI002022,Entrenamiento,No,33,2,0,1,0
CLI002023,Entrenamiento,No,46,2,1,1,0
CLI002024,Prueba,No,34,1,1,1,0
CLI002025,Entrenamiento,No,45,2,0,1,0
CLI002026,Entrenamiento,No,54,3,0,1,0
CLI002027,Entrenamiento,No,46,1,0,1,0
CLI002028,Prueba,No,53,3,0,0,0
CLI002029,Entrenamiento,No,38,7,0,1,0
CLI002030,Entrenamiento,Sí,31,2,0,1,0
CLI002031,Entrenamiento,No,24,3,0,1,0
CLI002032,Prueba,No,33,1,0,1,0
CLI002033,Entrenamiento,No,34,2,0,0,0
CLI002034,Entrenamiento,Sí,27,1,0,1,0
CLI002035,Entrenamiento,No,35,1,0,1,0
CLI002036,Prueba,No,23,2,1,1,0
CLI002037,Entrenamiento,No,32,10,0,1,0
CLI002038,Entrenamiento,No,38,2,0,1,0
CLI002039,Entrenamiento,No,42,1,0,0,0
CLI002040,Prueba,No,36,2,0,0,0
CLI002041,Entrenamiento,No,29,1,0,0,0
CLI002042,Entrenamiento,No,59,16,0,1,0
CLI002043,Entrenamiento,No,38,1,0,0,0
CLI002044,Prueba,No,40,1,0,1,0
CLI002045,Entrenamiento,No,29,2,0,0,0
CLI002046,Entrenamiento,No,39,2,0,1,0
CLI002047,Entrenamiento,No,38,3,0,0,0
CLI002048,Prueba,No,51,1,0,1,0
CLI002049,Entrenamiento,No,41,7,0,0,0
CLI002050,Entrenamiento,Sí,37,1,0,1,0
CLI002051,Entrenamiento,No,56,1,0,0,0
CLI002052,Prueba,No,28,3,0,0,0
CLI002053,Entrenamiento,No,46,1,0,0,0
CLI002054,Entrenamiento,No,55,2,0,1,0
CLI002055,Entrenamiento,Sí,69,1,2,1,1
CLI002056,Prueba,No,32,5,0,0,0
CLI002058,Entrenamiento,No,50,1,0,0,0
CLI002059,Entrenamiento,No,31,2,0,1,0
CLI002060,Prueba,No,31,4,0,1,0
CLI002061,Entrenamiento,No,41,1,0,0,0
CLI002062,Entrenamiento,No,25,2,0,0,0
CLI002063,Entrenamiento,No,24,1,1,0,0
CLI002064,Prueba,No,38,2,0,0,0
CLI002066,Entrenamiento,No,36,1,0,0,0
CLI002067,Entrenamiento,No,31,2,0,1,0
CLI002068,Prueba,No,41,1,0,0,0
CLI002070,Entrenamiento,No,33,1,0,0,0
CLI002071,Entrenamiento,Sí,30,2,2,1,1
CLI002072,Prueba,Sí,53,3,0,1,0
CLI002073,Entrenamiento,Sí,36,6,0,1,0
CLI002074,Entrenamiento,No,45,1,0,1,0
CLI002075,Entrenamiento,No,40,2,0,1,0
CLI002077,Entrenamiento,No,30,19,0,1,0
CLI002078,Entrenamiento,Sí,56,4,0,0,0
CLI002079,Entrenamiento,No,45,1,0,1,0
CLI002080,Prueba,No,41,1,0,1,0
CLI002081,Entrenamiento,No,37,2,0,0,0
CLI002082,Entrenamiento,No,31,2,0,1,0
CLI002084,Prueba,No,35,1,0,0,0
CLI002085,Entrenamiento,No,37,14,0,0,0
CLI002087,Entrenamiento,No,33,1,0,1,0
CLI002088,Prueba,No,35,2,0,0,0
CLI002089,Entrenamiento,No,41,1,0,1,0
CLI002093,Entrenamiento,No,38,2,0,0,0
CLI002094,Entrenamiento,No,43,2,0,0,0
CLI002096,Prueba,No,37,1,0,0,0
CLI002097,Entrenamiento,No,55,2,0,1,0
CLI002098,Entrenamiento,No,33,1,1,0,0
CLI002099,Entrenamiento,No,29,5,1,1,0
CLI002100,Prueba,No,52,1,0,1,0
CLI002101,Entrenamiento,No,37,3,0,0,0
CLI002103,Entrenamiento,Sí,33,11,0,1,0
CLI002104,Prueba,Sí,48,1,0,1,0
CLI002105,Entrenamiento,No,55,1,0,1,0
CLI002106,Entrenamiento,No,49,1,0,0,0
CLI002107,Entrenamiento,No,39,1,0,1,0
CLI002108,Prueba,No,31,1,0,1,0
CLI002110,Entrenamiento,No,28,2,0,0,0
CLI002111,Entrenamiento,No,33,1,0,1,0
CLI002113,Entrenamiento,No,27,1,0,1,0
CLI002115,Entrenamiento,No,56,8,0,1,0
CLI002116,Prueba,No,30,1,0,1,0
CLI002117,Entrenamiento,No,46,24,0,0,0
CLI002119,Entrenamiento,No,34,4,0,1,0
CLI002120,Prueba,No,58,2,0,0,0
CLI002122,Entrenamiento,Sí,48,1,3,1,1
CLI002123,Entrenamiento,No,48,1,0,1,0
CLI002124,Prueba,No,27,2,0,1,0
CLI002125,Entrenamiento,No,53,1,0,1,0
CLI002128,Prueba,No,24,1,0,1,0
CLI002129,Entrenamiento,Sí,58,3,0,1,0
CLI002131,Entrenamiento,No,31,1,0,1,0
CLI002133,Entrenamiento,No,37,1,0,1,0
CLI002134,Entrenamiento,No,34,1,0,0,0
CLI002135,Entrenamiento,No,37,1,1,1,0
CLI002137,Entrenamiento,No,27,4,0,1,0
CLI002138,Entrenamiento,No,26,1,0,0,0
CLI002139,Entrenamiento,No,36,1,0,1,0
CLI002140,Prueba,No,48,2,0,0,0
CLI002141,Entrenamiento,No,46,3,1,1,0
CLI002142,Entrenamiento,No,42,6,0,1,0
CLI002143,Entrenamiento,No,43,4,0,1,0
CLI002145,Entrenamiento,Sí,29,4,0,1,0
CLI002146,Entrenamiento,No,31,2,0,1,0
CLI002147,Entrenamiento,No,57,3,0,0,0
CLI002148,Prueba,No,31,2,0,0,0
CLI002149,Entrenamiento,No,55,2,0,0,0
CLI002150,Entrenamiento,No,49,1,0,1,0
CLI002151,Entrenamiento,No,36,6,0,1,0
CLI002152,Prueba,No,30,1,0,1,0
CLI002153,Entrenamiento,No,38,1,0,0,0
CLI002154,Entrenamiento,No,51,1,0,0,0
CLI002155,Entrenamiento,No,48,2,0,0,0
CLI002156,Prueba,No,45,3,0,1,0
CLI002157,Entrenamiento,Sí,27,1,1,1,1
CLI002158,Entrenamiento,No,54,1,0,0,0
CLI002159,Entrenamiento,No,31,2,0,0,0
CLI002160,Prueba,No,37,1,0,0,0
CLI002161,Entrenamiento,No,36,5,0,1,0
CLI002162,Entrenamiento,No,41,2,1,1,0
CLI002163,Entrenamiento,No,40,4,0,0,0
CLI002164,Prueba,No,36,2,0,0,0
CLI002165,Entrenamiento,No,41,2,0,0,0
CLI002166,Entrenamiento,No,34,2,0,1,0
CLI002167,Entrenamiento,No,30,2,0,1,0
CLI002168,Prueba,No,41,1,0,0,0
CLI002169,Entrenamiento,No,30,1,0,1,0
CLI002170,Entrenamiento,No,41,1,0,1,0
CLI002171,Entrenamiento,No,27,3,0,1,0
CLI002172,Prueba,No,30,1,0,1,0
CLI002173,Entrenamiento,No,38,1,0,0,0
CLI002174,Entrenamiento,No,32,6,0,1,0
CLI002176,Prueba,No,45,1,0,0,0
CLI002177,Entrenamiento,No,48,1,0,0,0
CLI002178,Entrenamiento,No,39,2,0,0,0
CLI002180,Prueba,No,39,2,0,1,0
CLI002181,Entrenamiento,No,23,6,0,1,0
CLI002182,Entrenamiento,No,31,2,0,0,0
CLI002183,Entrenamiento,No,31,1,0,1,0
CLI002184,Prueba,No,39,1,0,1,0
CLI002185,Entrenamiento,No,45,6,0,0,0
CLI002186,Entrenamiento,No,39,1,0,1,0
CLI002187,Entrenamiento,Sí,37,3,2,1,1
CLI002188,Prueba,No,25,2,0,0,0
CLI002189,Entrenamiento,No,50,2,0,0,0
CLI002190,Entrenamiento,No,28,2,0,0,0
CLI002191,Entrenamiento,No,33,1,1,1,0
CLI002192,Prueba,No,41,2,0,1,0
CLI002193,Entrenamiento,No,30,7,0,1,0
CLI002194,Entrenamiento,No,41,1,0,1,0
CLI002195,Entrenamiento,No,59,4,0,0,0
CLI002196,Prueba,Sí,37,2,0,1,0
CLI002197,Entrenamiento,No,31,1,1,1,0
CLI002198,Entrenamiento,No,31,2,0,1,0
CLI002199,Entrenamiento,No,49,1,0,0,0
CLI002200,Prueba,No,46,1,0,0,0
CLI002201,Entrenamiento,No,33,3,0,1,0
CLI002202,Entrenamiento,No,40,4,1,1,0
CLI002203,Entrenamiento,Sí,18,1,0,1,0
CLI002204,Prueba,No,76,2,0,1,0
CLI002205,Entrenamiento,No,57,1,0,1,0
CLI002206,Entrenamiento,No,73,1,0,0,0
CLI002207,Entrenamiento,No,48,1,0,1,0
CLI002208,Prueba,No,56,2,0,1,0
CLI002209,Entrenamiento,No,37,2,0,1,0
CLI002210,Entrenamiento,No,45,1,0,1,0
CLI002211,Entrenamiento,No,28,8,0,1,0
CLI002212,Prueba,No,39,1,0,1,0
CLI002213,Entrenamiento,Sí,35,1,1,1,1
CLI002216,Prueba,No,50,1,0,0,0
CLI002217,Entrenamiento,Sí,42,5,0,1,0
CLI002218,Entrenamiento,No,41,1,0,0,0
CLI002219,Entrenamiento,No,32,4,0,0,0
CLI002220,Prueba,No,31,2,0,1,0
CLI002221,Entrenamiento,No,44,3,0,0,0
CLI002222,Entrenamiento,No,37,2,0,0,0
CLI002223,Entrenamiento,No,27,3,0,1,0
CLI002224,Prueba,No,37,1,0,0,0
CLI002225,Entrenamiento,No,45,7,0,1,0
CLI002226,Entrenamiento,No,41,1,0,0,0
CLI002227,Entrenamiento,No,32,5,0,1,0
CLI002228,Prueba,No,46,1,0,1,0
CLI002230,Entrenamiento,No,53,1,0,0,0
CLI002231,Entrenamiento,No,32,2,0,1,0
CLI002232,Prueba,No,31,6,0,0,0
CLI002233,Entrenamiento,No,33,1,0,0,0
CLI002234,Entrenamiento,No,40,2,0,1,0
CLI002235,Entrenamiento,Sí,34,1,0,1,0
CLI002236,Prueba,No,23,1,0,1,0
CLI002237,Entrenamiento,No,53,2,0,0,0
CLI002238,Entrenamiento,No,46,3,1,1,0
CLI002239,Entrenamiento,No,32,4,1,1,0
CLI002240,Prueba,No,30,2,0,0,0
CLI002242,Entrenamiento,No,39,1,0,1,0
CLI002244,Prueba,No,49,2,0,0,0
CLI002247,Entrenamiento,No,20,2,2,0,1
CLI002248,Prueba,No,33,2,0,0,0
CLI002249,Entrenamiento,No,23,1,0,1,0
CLI002250,Entrenamiento,No,58,2,0,1,0
CLI002251,Entrenamiento,Sí,36,2,1,1,0
CLI002252,Prueba,No,31,2,1,1,0
CLI002253,Entrenamiento,Sí,37,1,1,0,1
CLI002254,Entrenamiento,No,57,1,0,1,0
CLI002255,Entrenamiento,No,34,6,1,1,0
CLI002256,Prueba,No,29,1,0,1,0
CLI002257,Entrenamiento,No,54,1,2,1,0
CLI002258,Entrenamiento,No,49,2,2,1,0
CLI002259,Entrenamiento,No,32,9,0,1,0
CLI002260,Prueba,No,38,2,0,0,0
CLI002261,Entrenamiento,No,33,1,0,0,0
CLI002262,Entrenamiento,No,30,2,0,0,0
CLI002263,Entrenamiento,Sí,78,2,0,0,0
CLI002264,Prueba,Sí,35,1,0,0,0
CLI002265,Entrenamiento,No,51,1,0,0,0
CLI002266,Entrenamiento,No,47,1,0,0,0
CLI002267,Entrenamiento,No,44,2,0,1,0
CLI002268,Prueba,Sí,47,2,0,1,0
CLI002269,Entrenamiento,No,34,3,0,1,0
CLI002270,Entrenamiento,No,37,1,1,1,0
CLI002271,Entrenamiento,No,30,3,0,1,0
CLI002272,Prueba,No,30,4,0,1,0
CLI002275,Entrenamiento,No,37,3,0,0,0
CLI002276,Prueba,No,28,8,0,0,0
CLI002277,Entrenamiento,No,35,1,0,0,0
CLI002279,Entrenamiento,No,44,1,0,1,0
CLI002280,Prueba,No,29,4,0,1,0
CLI002281,Entrenamiento,No,51,4,0,0,0
CLI002282,Entrenamiento,No,33,1,0,0,0
CLI002283,Entrenamiento,No,44,2,0,0,0
CLI002284,Prueba,No,51,1,0,1,0
CLI002285,Entrenamiento,No,51,3,0,0,0
CLI002286,Entrenamiento,No,48,3,0,0,0
CLI002287,Entrenamiento,No,31,2,0,1,0
CLI002289,Entrenamiento,No,42,2,0,1,0
CLI002291,Entrenamiento,Sí,55,2,1,1,1
CLI002292,Prueba,No,35,1,1,1,0
CLI002294,Entrenamiento,No,56,2,0,1,0
CLI002295,Entrenamiento,Sí,59,2,1,1,1
CLI002296,Prueba,No,39,1,0,0,0
CLI002297,Entrenamiento,No,45,1,1,1,0
CLI002298,Entrenamiento,No,54,1,0,0,0
CLI002299,Entrenamiento,No,53,1,0,1,0
CLI002300,Prueba,No,50,2,0,1,0
CLI002301,Entrenamiento,No,39,1,1,1,0
CLI002302,Entrenamiento,No,26,1,0,0,0
CLI002303,Entrenamiento,No,29,1,0,1,0
CLI002305,Entrenamiento,No,56,1,0,0,0
CLI002306,Entrenamiento,No,47,1,0,0,0
CLI002307,Entrenamiento,No,27,1,0,1,0
CLI002308,Prueba,No,28,3,0,0,0
CLI002309,Entrenamiento,No,34,3,0,1,0
CLI002310,Entrenamiento,No,48,1,0,1,0
CLI002311,Entrenamiento,No,31,1,0,1,0
CLI002312,Prueba,No,29,2,0,1,0
CLI002313,Entrenamiento,No,38,3,0,1,0
CLI002314,Entrenamiento,No,43,3,0,1,0
CLI002315,Entrenamiento,Sí,28,9,0,1,0
CLI002316,Prueba,No,29,4,0,0,0
CLI002317,Entrenamiento,No,57,1,0,1,0
CLI002318,Entrenamiento,No,24,2,0,1,0
CLI002319,Entrenamiento,No,55,3,0,1,0
CLI002320,Prueba,Sí,36,1,0,1,0
CLI002321,Entrenamiento,Sí,34,1,0,1,0
CLI002322,Entrenamiento,No,38,2,0,1,0
CLI002323,Entrenamiento,No,44,1,0,1,0
CLI002324,Prueba,No,44,1,0,1,0
CLI002326,Entrenamiento,No,31,2,0,1,0
CLI002327,Entrenamiento,No,41,1,0,0,0
CLI002328,Prueba,No,35,1,0,1,0
CLI002329,Entrenamiento,No,43,1,1,1,0
CLI002330,Entrenamiento,No,24,4,0,0,0
CLI002331,Entrenamiento,No,56,5,0,1,0
CLI002332,Prueba,No,33,1,1,1,0
CLI002333,Entrenamiento,No,34,2,0,0,0
CLI002334,Entrenamiento,No,37,1,0,0,0
CLI002335,Entrenamiento,No,28,3,0,0,0
CLI002338,Entrenamiento,No,48,2,0,1,0
CLI002339,Entrenamiento,Sí,69,3,0,1,0
CLI002340,Prueba,No,37,1,0,1,0
CLI002342,Entrenamiento,No,36,24,0,1,0
CLI002343,Entrenamiento,No,30,2,0,1,0
CLI002344,Prueba,No,59,6,0,1,0
CLI002345,Entrenamiento,Sí,28,4,0,1,0
CLI002346,Entrenamiento,No,32,2,0,0,0
CLI002347,Entrenamiento,No,32,2,2,1,0
CLI002352,Prueba,No,33,2,1,1,0
CLI002354,Entrenamiento,No,31,3,1,1,0
CLI002355,Entrenamiento,No,44,2,0,1,0
CLI002356,Prueba,No,51,1,0,0,0
CLI002357,Entrenamiento,No,46,1,1,1,0
CLI002358,Entrenamiento,No,45,5,0,1,0
CLI002360,Prueba,No,47,1,0,0,0
CLI002361,Entrenamiento,No,40,1,0,0,0
CLI002362,Entrenamiento,No,33,2,0,1,0
CLI002363,Entrenamiento,No,45,5,0,0,0
CLI002366,Entrenamiento,No,41,1,0,1,0
CLI002367,Entrenamiento,Sí,30,1,0,1,0
CLI002368,Prueba,No,39,2,0,0,0
CLI002370,Entrenamiento,Sí,34,2,0,1,0
CLI002371,Entrenamiento,No,31,1,0,1,0
CLI002372,Prueba,No,59,2,0,0,0
CLI002373,Entrenamiento,Sí,59,2,0,1,0
CLI002374,Entrenamiento,No,33,1,1,1,0
CLI002375,Entrenamiento,No,38,2,0,0,0
CLI002376,Prueba,Sí,34,4,0,0,0
CLI002378,Entrenamiento,No,33,1,0,1,0
CLI002379,Entrenamiento,No,32,1,0,1,0
CLI002380,Prueba,No,34,1,0,1,0
CLI002381,Entrenamiento,No,31,2,0,1,0
CLI002382,Entrenamiento,No,30,2,0,0,0
CLI002383,Entrenamiento,No,45,1,0,0,0
CLI002384,Prueba,No,55,1,0,1,0
CLI002385,Entrenamiento,No,31,5,0,0,0
CLI002386,Entrenamiento,No,30,1,0,1,0
CLI002388,Prueba,No,44,1,0,1,0
CLI002390,Entrenamiento,Sí,35,2,2,1,1
CLI002392,Prueba,No,26,2,0,1,0
CLI002393,Entrenamiento,No,27,2,0,1,0
CLI002394,Entrenamiento,No,36,2,0,1,0
CLI002395,Entrenamiento,No,52,4,0,0,0
CLI002396,Prueba,No,56,3,0,1,0
CLI002397,Entrenamiento,No,40,4,0,1,0
CLI002398,Entrenamiento,No,60,2,0,1,0
CLI002399,Entrenamiento,No,33,2,0,0,0
CLI002400,Prueba,No,33,2,0,1,0
CLI002401,Entrenamiento,No,29,2,1,1,0
CLI002402,Entrenamiento,No,26,1,0,0,0
CLI002403,Entrenamiento,No,42,3,0,1,0
CLI002404,Prueba,No,42,2,0,0,0
CLI002405,Entrenamiento,No,43,5,0,0,0
CLI002406,Entrenamiento,No,48,1,0,1,0
CLI002407,Entrenamiento,No,31,1,0,0,0
CLI002408,Prueba,No,33,10,0,1,0
CLI002409,Entrenamiento,No,30,4,0,1,0
CLI002410,Entrenamiento,No,27,1,0,1,0
CLI002412,Prueba,Sí,64,1,0,1,0
CLI002413,Entrenamiento,No,31,2,0,0,0
CLI002414,Entrenamiento,No,59,1,0,0,0
CLI002415,Entrenamiento,No,34,2,0,1,0
CLI002417,Entrenamiento,No,34,1,0,0,0
CLI002418,Entrenamiento,Sí,25,3,0,1,0
CLI002419,Entrenamiento,No,48,3,2,1,0
CLI002420,Prueba,No,38,2,0,0,0
CLI002421,Entrenamiento,No,41,12,0,0,0
CLI002422,Entrenamiento,No,38,13,0,0,0
CLI002423,Entrenamiento,No,47,3,0,1,0
CLI002424,Prueba,No,54,2,1,1,0
CLI002425,Entrenamiento,No,41,4,0,1,0
CLI002426,Entrenamiento,No,83,3,0,1,0
CLI002427,Entrenamiento,No,48,2,0,1,0
CLI002428,Prueba,No,28,3,0,0,0
CLI002429,Entrenamiento,No,58,4,2,1,0
CLI002430,Entrenamiento,Sí,39,6,0,1,0
CLI002431,Entrenamiento,No,44,1,1,1,0
CLI002432,Prueba,No,38,1,0,1,0
CLI002433,Entrenamiento,No,39,3,0,1,0
CLI002434,Entrenamiento,No,37,6,0,1,0
CLI002435,Entrenamiento,No,36,3,0,1,0
CLI002436,Prueba,No,54,3,0,0,0
CLI002437,Entrenamiento,No,49,1,0,0,0
CLI002438,Entrenamiento,No,40,2,0,1,0
CLI002439,Entrenamiento,No,39,4,0,0,0
CLI002440,Prueba,No,30,3,0,0,0
CLI002441,Entrenamiento,No,57,4,0,1,0
CLI002442,Entrenamiento,No,35,2,0,1,0
CLI002443,Entrenamiento,No,54,1,0,1,0
CLI002444,Prueba,No,28,8,0,0,0
CLI002445,Entrenamiento,No,60,3,1,1,0
CLI002446,Entrenamiento,No,33,1,0,0,0
CLI002447,Entrenamiento,No,28,1,0,1,0
CLI002448,Prueba,No,32,1,0,1,0
CLI002449,Entrenamiento,No,47,3,0,0,0
CLI002450,Entrenamiento,No,43,2,0,0,0
CLI002451,Entrenamiento,Sí,26,3,2,1,1
CLI002452,Prueba,No,31,1,1,1,0
CLI002453,Entrenamiento,No,61,2,0,1,0
CLI002454,Entrenamiento,No,51,2,0,0,0
CLI002456,Prueba,No,53,2,0,1,0
CLI002458,Entrenamiento,No,32,6,0,1,0
CLI002459,Entrenamiento,No,30,2,0,1,0
CLI002460,Prueba,No,40,1,0,0,0
CLI002461,Entrenamiento,No,43,1,0,0,0
CLI002462,Entrenamiento,No,39,3,0,1,0
CLI002463,Entrenamiento,No,58,1,0,0,0
CLI002464,Prueba,No,35,1,0,1,0
CLI002465,Entrenamiento,No,30,5,0,0,0
CLI002467,Entrenamiento,No,54,1,0,1,0
CLI002468,Prueba,No,33,2,1,1,0
CLI002469,Entrenamiento,Sí,38,1,0,0,0
CLI002470,Entrenamiento,No,37,2,0,1,0
CLI002472,Prueba,No,57,3,0,1,0
CLI002473,Entrenamiento,No,32,1,0,1,0
CLI002474,Entrenamiento,No,45,1,0,1,0
CLI002476,Prueba,No,28,1,0,0,0
CLI002477,Entrenamiento,No,35,1,0,1,0
CLI002478,Entrenamiento,No,52,1,0,0,0
CLI002479,Entrenamiento,No,34,2,0,1,0
CLI002481,Entrenamiento,No,41,5,0,1,0
CLI002482,Entrenamiento,Sí,42,1,1,1,0
CLI002483,Entrenamiento,No,43,2,0,1,0
CLI002484,Prueba,No,25,29,0,1,0
CLI002485,Entrenamiento,No,30,1,0,1,0
CLI002486,Entrenamiento,No,27,1,0,1,0
CLI002487,Entrenamiento,No,30,1,0,1,0
CLI002488,Prueba,No,45,3,1,1,0
CLI002489,Entrenamiento,No,53,2,1,1,0
CLI002490,Entrenamiento,No,34,1,0,1,0
CLI002491,Entrenamiento,Sí,47,6,0,1,0
CLI002492,Prueba,No,46,1,0,1,0
CLI002493,Entrenamiento,No,39,2,0,1,0
CLI002494,Entrenamiento,No,43,1,0,1,0
CLI002495,Entrenamiento,No,40,1,0,1,0
CLI002496,Prueba,No,28,2,0,0,0
CLI002497,Entrenamiento,No,52,1,0,0,0
CLI002498,Entrenamiento,No,39,1,0,0,0
CLI002499,Entrenamiento,No,36,1,0,0,0
CLI002500,Prueba,No,40,2,0,0,0
CLI002501,Entrenamiento,No,31,3,0,1,0
CLI002502,Entrenamiento,No,37,2,0,1,0
CLI002503,Entrenamiento,No,28,3,0,0,0
CLI002504,Prueba,No,31,4,0,1,0
CLI002505,Entrenamiento,Sí,28,1,0,1,0
CLI002506,Entrenamiento,No,40,1,0,0,0
CLI002507,Entrenamiento,No,37,1,0,0,0
CLI002508,Prueba,No,35,1,0,1,0
CLI002510,Entrenamiento,No,36,1,0,0,0
CLI002512,Prueba,No,31,2,1,1,0
CLI002514,Entrenamiento,No,54,2,0,1,0
CLI002515,Entrenamiento,No,45,1,1,1,0
CLI002516,Prueba,No,39,3,0,1,0
CLI002517,Entrenamiento,No,36,3,0,0,0
CLI002518,Entrenamiento,No,40,1,0,1,0
CLI002519,Entrenamiento,No,56,1,0,0,0
CLI002521,Entrenamiento,No,55,1,0,0,0
CLI002522,Entrenamiento,No,56,2,0,1,0
CLI002523,Entrenamiento,No,36,2,0,1,0
CLI002524,Prueba,No,17,2,2,1,0
CLI002526,Entrenamiento,No,43,1,0,0,0
CLI002527,Entrenamiento,No,55,1,0,1,0
CLI002528,Prueba,No,26,2,0,0,0
CLI002529,Entrenamiento,No,55,4,0,1,0
CLI002530,Entrenamiento,No,39,2,0,0,0
CLI002531,Entrenamiento,No,34,1,1,1,0
CLI002532,Prueba,No,43,2,0,1,0
CLI002534,Entrenamiento,No,50,1,0,0,0
CLI002537,Entrenamiento,No,34,3,0,1,0
CLI002538,Entrenamiento,No,52,2,0,1,0
CLI002539,Entrenamiento,No,36,2,0,0,0
CLI002540,Prueba,No,34,30,0,0,0
CLI002541,Entrenamiento,No,46,1,0,1,0
CLI002542,Entrenamiento,No,52,1,0,0,0
CLI002543,Entrenamiento,No,30,9,0,0,0
CLI002544,Prueba,No,37,6,0,1,0
CLI002545,Entrenamiento,Sí,26,2,0,1,0
CLI002546,Entrenamiento,No,42,5,0,0,0
CLI002547,Entrenamiento,No,42,2,0,0,0
CLI002548,Prueba,No,23,1,0,0,0
CLI002549,Entrenamiento,No,28,1,0,1,0
CLI002550,Entrenamiento,Sí,66,1,0,1,0
CLI002551,Entrenamiento,No,38,4,0,1,0
CLI002552,Prueba,No,44,2,1,1,0
CLI002553,Entrenamiento,No,42,2,0,1,0
CLI002554,Entrenamiento,Sí,47,1,1,1,0
CLI002555,Entrenamiento,No,53,4,0,0,0
CLI002556,Prueba,Sí,30,1,0,1,0
CLI002557,Entrenamiento,No,47,1,0,1,0
CLI002558,Entrenamiento,No,48,6,0,1,0
CLI002559,Entrenamiento,No,52,4,0,1,0
CLI002560,Prueba,No,39,1,2,1,0
CLI002561,Entrenamiento,No,38,1,0,1,0
CLI002562,Entrenamiento,No,54,1,0,1,0
CLI002564,Prueba,No,38,2,0,0,0
CLI002565,Entrenamiento,No,36,1,1,1,0
CLI002566,Entrenamiento,No,49,2,0,1,0
CLI002567,Entrenamiento,No,45,1,0,0,0
CLI002568,Prueba,No,33,6,0,1,0
CLI002569,Entrenamiento,No,35,2,0,1,0
CLI002570,Entrenamiento,No,25,2,0,0,0
CLI002571,Entrenamiento,No,58,6,0,1,0
CLI002572,Prueba,No,56,1,0,1,0
CLI002573,Entrenamiento,Sí,57,2,0,0,0
CLI002574,Entrenamiento,No,34,1,0,1,0
CLI002575,Entrenamiento,No,47,1,0,0,0
CLI002576,Prueba,No,44,3,0,1,0
CLI002577,Entrenamiento,No,51,1,0,1,0
CLI002578,Entrenamiento,Sí,26,2,0,0,0
CLI002579,Entrenamiento,No,38,1,0,0,0
CLI002580,Prueba,No,38,1,0,0,0
CLI002581,Entrenamiento,No,42,2,0,1,0
CLI002582,Entrenamiento,No,21,7,1,0,0
CLI002584,Prueba,No,32,2,0,1,0
CLI002585,Entrenamiento,No,42,1,1,1,0
CLI002586,Entrenamiento,No,33,1,0,1,0
CLI002587,Entrenamiento,No,49,10,0,0,0
CLI002588,Prueba,No,38,2,0,1,0
CLI002589,Entrenamiento,No,53,1,0,0,0
CLI002590,Entrenamiento,No,36,4,0,1,0
CLI002591,Entrenamiento,No,51,2,0,1,0
CLI002592,Prueba,No,32,3,0,1,0
CLI002594,Entrenamiento,No,34,1,0,1,0
CLI002595,Entrenamiento,No,46,1,0,0,0
CLI002596,Prueba,No,42,1,0,0,0
CLI002597,Entrenamiento,Sí,56,2,0,1,0
CLI002598,Entrenamiento,No,30,1,0,1,0
CLI002599,Entrenamiento,No,32,3,0,1,0
CLI002600,Prueba,No,56,3,0,0,0
CLI002601,Entrenamiento,No,48,4,0,1,0
CLI002602,Entrenamiento,No,49,31,0,0,0
CLI002603,Entrenamiento,No,32,2,0,0,0
CLI002604,Prueba,No,42,1,0,0,0
CLI002605,Entrenamiento,No,36,4,0,1,0
CLI002606,Entrenamiento,No,57,2,0,1,0
CLI002608,Prueba,No,31,3,0,1,0
CLI002609,Entrenamiento,No,34,4,0,1,0
CLI002610,Entrenamiento,No,42,1,0,0,0
CLI002611,Entrenamiento,No,44,1,0,0,0
CLI002612,Prueba,No,36,7,0,0,0
CLI002613,Entrenamiento,No,34,3,0,1,0
CLI002614,Entrenamiento,No,37,1,0,1,0
CLI002615,Entrenamiento,No,37,1,0,1,0
CLI002616,Prueba,No,31,1,1,1,0
CLI002617,Entrenamiento,No,46,2,0,0,0
CLI002618,Entrenamiento,No,47,2,0,1,0
CLI002619,Entrenamiento,No,29,1,0,1,0
CLI002620,Prueba,No,35,1,0,1,0
CLI002621,Entrenamiento,No,34,1,0,1,0
CLI002622,Entrenamiento,No,52,5,0,1,0
CLI002624,Prueba,No,28,12,0,1,0
CLI002625,Entrenamiento,No,47,2,0,1,0
CLI002626,Entrenamiento,No,30,3,0,1,0
CLI002627,Entrenamiento,No,55,3,0,1,0
CLI002628,Prueba,No,46,2,0,1,0
CLI002629,Entrenamiento,Sí,25,1,2,1,0
CLI002631,Entrenamiento,No,36,1,1,1,0
CLI002632,Prueba,No,32,1,1,1,0
CLI002633,Entrenamiento,Sí,32,1,0,0,0
CLI002634,Entrenamiento,No,30,1,0,0,0
CLI002635,Entrenamiento,No,51,1,1,1,0
CLI002636,Prueba,Sí,36,1,0,0,0
CLI002637,Entrenamiento,No,45,4,0,0,0
CLI002638,Entrenamiento,No,37,1,0,1,0
CLI002639,Entrenamiento,No,46,2,0,1,0
CLI002640,Prueba,No,33,2,0,1,0
CLI002641,Entrenamiento,No,33,1,0,0,0
CLI002642,Entrenamiento,No,45,1,0,0,0
CLI002643,Entrenamiento,No,42,5,0,1,0
CLI002644,Prueba,No,27,1,0,0,0
CLI002646,Entrenamiento,No,35,1,0,1,0
CLI002647,Entrenamiento,No,47,1,0,1,0
CLI002648,Prueba,No,46,1,0,0,0
CLI002650,Entrenamiento,No,28,1,0,0,0
CLI002651,Entrenamiento,No,39,3,0,0,0
CLI002652,Prueba,No,39,1,1,1,0
CLI002653,Entrenamiento,No,42,2,0,1,0
CLI002654,Entrenamiento,No,31,1,1,1,0
CLI002655,Entrenamiento,No,34,7,0,1,0
CLI002656,Prueba,No,46,2,0,1,0
CLI002657,Entrenamiento,No,44,1,0,1,0
CLI002658,Entrenamiento,No,59,2,0,0,0
CLI002659,Entrenamiento,No,38,2,0,0,0
CLI002660,Prueba,Sí,31,4,0,0,0
CLI002663,Entrenamiento,No,43,1,0,1,0
CLI002664,Prueba,No,35,1,0,1,0
CLI002665,Entrenamiento,No,34,2,0,1,0
CLI002666,Entrenamiento,No,54,2,0,0,0
CLI002667,Entrenamiento,No,38,4,0,0,0
CLI002668,Prueba,Sí,29,6,0,1,0
CLI002669,Entrenamiento,No,28,2,0,0,0
CLI002670,Entrenamiento,No,31,2,0,1,0
CLI002671,Entrenamiento,No,50,7,0,1,0
CLI002673,Entrenamiento,No,41,2,1,1,0
CLI002674,Entrenamiento,No,29,3,0,1,0
CLI002675,Entrenamiento,Sí,50,1,0,1,0
CLI002676,Prueba,Sí,63,1,0,0,0
CLI002677,Entrenamiento,No,53,2,1,1,0
CLI002678,Entrenamiento,No,35,3,0,1,0
CLI002679,Entrenamiento,No,32,2,0,1,0
CLI002680,Prueba,Sí,48,1,1,1,1
CLI002681,Entrenamiento,No,41,1,0,0,0
CLI002682,Entrenamiento,No,41,2,0,1,0
CLI002683,Entrenamiento,No,34,3,0,0,0
CLI002684,Prueba,No,36,2,0,0,0
CLI002685,Entrenamiento,No,44,2,0,0,0
CLI002686,Entrenamiento,No,39,1,0,0,0
CLI002687,Entrenamiento,No,42,2,0,0,0
CLI002688,Prueba,No,52,2,0,0,0
CLI002689,Entrenamiento,No,43,5,0,0,0
CLI002690,Entrenamiento,No,41,3,0,1,0
CLI002691,Entrenamiento,No,59,2,0,1,0
CLI002692,Prueba,No,24,3,0,1,0
CLI002693,Entrenamiento,No,36,1,0,1,0
CLI002694,Entrenamiento,Sí,33,2,2,1,1
CLI002695,Entrenamiento,No,35,2,1,1,0
CLI002696,Prueba,No,46,2,0,1,0
CLI002697,Entrenamiento,No,48,7,0,1,0
CLI002698,Entrenamiento,No,37,2,0,1,0
CLI002699,Entrenamiento,No,35,2,0,1,0
CLI002700,Prueba,No,32,2,0,1,0
CLI002701,Entrenamiento,No,46,1,0,1,0
CLI002702,Entrenamiento,No,56,4,0,0,0
CLI002703,Entrenamiento,No,35,3,0,1,0
CLI002705,Entrenamiento,No,33,4,0,1,0
CLI002706,Entrenamiento,No,43,1,0,1,0
CLI002707,Entrenamiento,No,46,4,0,0,0
CLI002708,Prueba,No,41,1,1,1,1
CLI002710,Entrenamiento,No,26,2,0,1,0
CLI002711,Entrenamiento,No,48,9,0,1,0
CLI002712,Prueba,No,32,2,0,0,0
CLI002713,Entrenamiento,No,57,1,0,1,0
CLI002714,Entrenamiento,No,37,3,0,1,0
CLI002715,Entrenamiento,No,41,3,1,1,0
CLI002716,Prueba,No,56,1,0,0,0
CLI002717,Entrenamiento,No,41,1,0,0,0
CLI002718,Entrenamiento,No,44,2,0,1,0
CLI002719,Entrenamiento,No,39,1,1,1,0
CLI002720,Prueba,No,42,1,0,0,0
CLI002721,Entrenamiento,No,44,5,0,0,0
CLI002722,Entrenamiento,No,34,1,0,1,0
CLI002723,Entrenamiento,No,36,2,0,0,0
CLI002724,Prueba,Sí,28,4,0,1,0
CLI002725,Entrenamiento,No,27,1,0,0,0
CLI002726,Entrenamiento,No,38,1,1,1,0
CLI002729,Entrenamiento,No,46,1,0,1,0
CLI002730,Entrenamiento,No,42,3,0,1,0
CLI002731,Entrenamiento,No,40,1,0,0,0
CLI002732,Prueba,Sí,62,1,0,1,0
CLI002733,Entrenamiento,No,37,1,0,0,0
CLI002735,Entrenamiento,No,58,2,2,1,1
CLI002736,Prueba,No,38,1,0,1,0
CLI002737,Entrenamiento,Sí,62,3,1,1,0
CLI002738,Entrenamiento,No,42,1,0,0,0
CLI002739,Entrenamiento,No,32,1,0,1,0
CLI002740,Prueba,Sí,55,3,3,1,1
CLI002741,Entrenamiento,No,39,3,0,1,0
CLI002742,Entrenamiento,No,24,1,0,0,0
CLI002743,Entrenamiento,No,29,1,0,1,0
CLI002744,Prueba,No,35,1,2,1,0
CLI002745,Entrenamiento,Sí,19,2,3,1,1
CLI002746,Entrenamiento,No,24,1,2,1,0
CLI002747,Entrenamiento,No,35,1,0,0,0
CLI002748,Prueba,No,44,3,0,1,0
CLI002749,Entrenamiento,No,31,3,1,1,1
CLI002750,Entrenamiento,No,49,1,0,1,0
CLI002751,Entrenamiento,No,37,1,0,1,0
CLI002752,Prueba,No,32,4,0,0,0
CLI002753,Entrenamiento,No,48,12,0,0,0
CLI002754,Entrenamiento,No,35,1,0,1,0
CLI002755,Entrenamiento,No,35,3,0,0,0
CLI002756,Prueba,Sí,31,1,3,1,1
CLI002757,Entrenamiento,No,50,1,0,1,0
CLI002758,Entrenamiento,No,38,1,0,0,0
CLI002759,Entrenamiento,No,30,1,0,0,0
CLI002760,Prueba,No,31,10,0,1,0
CLI002761,Entrenamiento,No,30,2,0,0,0
CLI002762,Entrenamiento,No,31,2,0,0,0
CLI002763,Entrenamiento,No,34,1,0,0,0
CLI002764,Prueba,No,39,3,0,0,0
CLI002765,Entrenamiento,No,44,1,0,0,0
CLI002766,Entrenamiento,No,38,1,0,0,0
CLI002767,Entrenamiento,No,40,3,2,1,1
CLI002768,Prueba,No,32,3,0,1,0
CLI002769,Entrenamiento,No,30,5,0,1,0
CLI002770,Entrenamiento,No,46,2,0,0,0
CLI002771,Entrenamiento,No,41,1,0,0,0
CLI002772,Prueba,Sí,29,3,2,1,0
CLI002773,Entrenamiento,No,54,1,0,1,0
CLI002774,Entrenamiento,No,30,1,0,1,0
CLI002776,Prueba,No,42,2,0,1,0
CLI002777,Entrenamiento,No,35,1,0,1,0
CLI002778,Entrenamiento,Sí,30,1,1,1,1
CLI002779,Entrenamiento,No,39,1,0,1,0
CLI002780,Prueba,No,32,2,0,1,0
CLI002781,Entrenamiento,No,31,1,0,1,0
CLI002783,Entrenamiento,No,33,2,0,1,0
CLI002785,Entrenamiento,No,48,2,0,1,0
CLI002786,Entrenamiento,No,53,6,0,0,0
CLI002787,Entrenamiento,Sí,41,2,0,0,0
CLI002788,Prueba,No,42,1,0,1,0
CLI002789,Entrenamiento,No,33,3,0,0,0
CLI002790,Entrenamiento,No,28,1,0,1,0
CLI002791,Entrenamiento,No,35,8,0,0,0
CLI002792,Prueba,Sí,56,3,0,0,0
CLI002793,Entrenamiento,No,51,6,0,1,0
CLI002794,Entrenamiento,No,44,6,1,1,1
CLI002796,Prueba,Sí,37,3,0,0,0
CLI002797,Entrenamiento,No,43,11,0,1,0
CLI002798,Entrenamiento,No,29,1,0,0,0
CLI002799,Entrenamiento,No,51,1,0,1,0
CLI002800,Prueba,No,49,2,0,0,0
CLI002801,Entrenamiento,No,44,1,0,0,0
CLI002802,Entrenamiento,No,50,1,0,0,0
CLI002803,Entrenamiento,No,39,2,0,1,0
CLI002804,Prueba,No,39,2,1,1,0
CLI002805,Entrenamiento,No,31,1,0,1,0
CLI002809,Entrenamiento,No,39,1,0,0,0
CLI002810,Entrenamiento,No,36,1,0,0,0
CLI002811,Entrenamiento,No,48,1,0,0,0
CLI002812,Prueba,No,37,1,0,0,0
CLI002813,Entrenamiento,No,38,1,0,1,0
CLI002814,Entrenamiento,No,44,1,0,1,0
CLI002815,Entrenamiento,No,36,3,0,1,0
CLI002816,Prueba,No,34,5,0,0,0
CLI002817,Entrenamiento,No,34,6,0,0,0
CLI002818,Entrenamiento,No,51,1,0,0,0
CLI002819,Entrenamiento,No,29,1,0,1,0
CLI002820,Prueba,No,31,1,0,1,0
CLI002821,Entrenamiento,No,30,5,0,0,0
CLI002822,Entrenamiento,No,56,2,0,0,0
CLI002823,Entrenamiento,No,40,4,0,1,0
CLI002824,Prueba,No,53,1,0,0,0
CLI002825,Entrenamiento,No,29,3,0,1,0
CLI002826,Entrenamiento,No,44,1,0,0,0
CLI002827,Entrenamiento,No,47,1,0,0,0
CLI002828,Prueba,No,27,2,0,1,0
CLI002829,Entrenamiento,No,59,1,0,1,0
CLI002830,Entrenamiento,No,33,1,0,1,0
CLI002831,Entrenamiento,No,38,3,0,0,0
CLI002833,Entrenamiento,No,27,2,1,1,0
CLI002834,Entrenamiento,No,27,2,0,0,0
CLI002835,Entrenamiento,No,30,1,0,1,0
CLI002836,Prueba,No,29,1,0,1,0
CLI002837,Entrenamiento,No,43,2,2,1,0
CLI002838,Entrenamiento,Sí,82,1,0,1,0
CLI002840,Prueba,No,26,3,1,1,0
CLI002841,Entrenamiento,No,54,2,0,0,0
CLI002842,Entrenamiento,No,32,8,0,0,0
CLI002844,Prueba,No,60,1,0,0,0
CLI002846,Entrenamiento,No,73,2,0,1,0
CLI002847,Entrenamiento,No,32,8,0,0,0
CLI002848,Prueba,No,52,3,0,1,0
CLI002849,Entrenamiento,No,37,2,1,0,1
CLI002850,Entrenamiento,No,51,1,0,1,0
CLI002852,Prueba,No,27,1,0,0,0
CLI002853,Entrenamiento,No,43,4,0,0,0
CLI002854,Entrenamiento,No,44,2,0,0,0
CLI002855,Entrenamiento,Sí,44,1,0,1,0
CLI002856,Prueba,No,31,1,0,0,0
CLI002857,Entrenamiento,No,27,1,0,1,0
CLI002859,Entrenamiento,Sí,48,2,0,1,0
CLI002860,Prueba,No,33,2,0,1,0
CLI002862,Entrenamiento,No,47,1,0,0,0
CLI002863,Entrenamiento,No,32,2,1,1,0
CLI002864,Prueba,No,48,2,0,0,0
CLI002866,Entrenamiento,No,40,3,0,0,0
CLI002867,Entrenamiento,No,42,2,1,1,0
CLI002869,Entrenamiento,Sí,29,2,2,1,0
CLI002870,Entrenamiento,No,51,1,0,1,0
CLI002871,Entrenamiento,No,43,3,0,1,0
CLI002872,Prueba,No,52,1,0,0,0
CLI002873,Entrenamiento,No,38,5,0,1,0
CLI002874,Entrenamiento,No,56,3,0,0,0
CLI002875,Entrenamiento,No,38,3,0,0,0
CLI002876,Prueba,No,35,1,0,1,0
CLI002877,Entrenamiento,Sí,48,1,3,1,1
CLI002878,Entrenamiento,No,31,1,0,0,0
CLI002879,Entrenamiento,No,38,2,0,1,0
CLI002880,Prueba,No,29,7,0,1,0
CLI002881,Entrenamiento,No,46,1,0,0,0
CLI002882,Entrenamiento,Sí,56,3,1,1,1
CLI002883,Entrenamiento,Sí,59,1,2,1,1
CLI002884,Prueba,No,45,1,0,0,0
CLI002886,Entrenamiento,No,38,6,0,0,0
CLI002887,Entrenamiento,No,57,2,0,1,0
CLI002888,Prueba,No,38,5,0,1,0
CLI002889,Entrenamiento,No,33,3,0,1,0
CLI002890,Entrenamiento,No,33,1,0,0,0
CLI002891,Entrenamiento,No,40,1,0,1,0
CLI002892,Prueba,No,55,3,0,1,0
CLI002893,Entrenamiento,No,54,1,0,0,0
CLI002894,Entrenamiento,No,34,4,0,1,0
CLI002895,Entrenamiento,No,34,1,0,1,0
CLI002896,Prueba,No,34,5,0,1,0
CLI002897,Entrenamiento,No,35,1,0,1,0
CLI002899,Entrenamiento,Sí,29,4,0,1,0
CLI002900,Prueba,No,48,5,1,1,0
CLI002902,Entrenamiento,No,32,1,1,1,0
CLI002903,Entrenamiento,No,43,7,0,1,0
CLI002904,Prueba,No,37,1,0,0,0
CLI002905,Entrenamiento,No,59,1,1,1,0
CLI002906,Entrenamiento,No,49,1,0,1,0
CLI002907,Entrenamiento,No,45,2,0,1,0
CLI002909,Entrenamiento,Sí,52,2,1,1,1
CLI002910,Entrenamiento,No,28,1,0,0,0
CLI002911,Entrenamiento,No,40,1,0,1,0
CLI002912,Prueba,No,34,2,0,1,0
CLI002913,Entrenamiento,No,34,2,0,0,0
CLI002914,Entrenamiento,No,32,3,0,1,0
CLI002915,Entrenamiento,No,32,2,0,1,0
CLI002916,Prueba,No,30,2,0,1,0
CLI002917,Entrenamiento,No,41,2,0,0,0
CLI002918,Entrenamiento,No,26,1,0,1,0
CLI002922,Entrenamiento,No,41,2,0,1,0
CLI002923,Entrenamiento,No,34,2,0,1,0
CLI002924,Prueba,No,57,1,1,1,1
CLI002925,Entrenamiento,No,55,3,0,0,0
CLI002926,Entrenamiento,No,31,5,0,1,0
CLI002927,Entrenamiento,No,32,1,0,0,0
CLI002929,Entrenamiento,No,33,2,0,1,0
CLI002930,Entrenamiento,No,52,2,0,0,0
CLI002932,Prueba,No,22,10,0,1,0
CLI002933,Entrenamiento,No,26,2,0,1,0
CLI002934,Entrenamiento,No,26,5,0,0,0
CLI002935,Entrenamiento,No,45,3,0,0,0
CLI002936,Prueba,No,39,4,0,0,0
CLI002937,Entrenamiento,No,36,1,0,1,0
CLI002938,Entrenamiento,No,32,1,0,1,0
CLI002939,Entrenamiento,No,30,3,0,0,0
CLI002940,Prueba,No,53,1,0,0,0
CLI002941,Entrenamiento,No,34,7,0,0,0
CLI002942,Entrenamiento,No,53,2,0,0,0
CLI002943,Entrenamiento,No,41,2,0,1,0
CLI002944,Prueba,No,36,4,0,0,0
CLI002945,Entrenamiento,No,44,5,0,1,0
CLI002946,Entrenamiento,No,51,1,0,1,0
CLI002947,Entrenamiento,No,43,1,0,1,0
CLI002948,Prueba,No,59,2,0,1,0
CLI002949,Entrenamiento,Sí,23,2,0,1,0
CLI002950,Entrenamiento,No,33,2,1,1,0
CLI002951,Entrenamiento,No,34,1,0,1,0
CLI002952,Prueba,No,46,2,1,1,0
CLI002953,Entrenamiento,No,50,1,0,0,0
CLI002954,Entrenamiento,No,39,1,1,1,0
CLI002955,Entrenamiento,No,26,2,0,0,0
CLI002956,Prueba,No,34,3,0,1,0
CLI002958,Entrenamiento,No,49,5,1,1,0
CLI002959,Entrenamiento,No,29,1,0,1,0
CLI002960,Prueba,No,42,2,0,0,0
CLI002961,Entrenamiento,No,45,1,1,1,0
CLI002962,Entrenamiento,No,42,2,0,0,0
CLI002963,Entrenamiento,No,25,2,0,0,0
CLI002964,Prueba,No,30,2,0,1,0
CLI002965,Entrenamiento,No,31,1,0,1,0
CLI002966,Entrenamiento,No,37,2,0,1,0
CLI002967,Entrenamiento,No,27,1,0,1,0
CLI002968,Prueba,Sí,35,1,0,0,0
CLI002969,Entrenamiento,No,30,2,0,1,0
CLI002970,Entrenamiento,No,33,5,0,1,0
CLI002971,Entrenamiento,No,50,3,0,1,0
CLI002972,Prueba,No,43,1,0,1,0
CLI002973,Entrenamiento,No,34,2,0,0,0
CLI002974,Entrenamiento,No,33,1,0,1,0
CLI002975,Entrenamiento,No,85,3,0,1,0
CLI002976,Prueba,No,44,3,0,0,0
CLI002977,Entrenamiento,No,46,5,0,0,0
CLI002979,Entrenamiento,Sí,38,1,0,0,0
CLI002981,Entrenamiento,No,47,2,0,1,0
CLI002982,Entrenamiento,No,29,3,0,1,0
CLI002984,Prueba,No,38,3,0,1,0
CLI002985,Entrenamiento,No,25,1,0,1,0
CLI002986,Entrenamiento,No,38,3,0,0,0
CLI002987,Entrenamiento,No,50,1,0,1,0
CLI002988,Prueba,Sí,33,1,0,1,0
CLI002990,Entrenamiento,No,45,2,0,0,0
CLI002991,Entrenamiento,No,39,4,0,1,0
CLI002992,Prueba,No,25,5,0,1,0
CLI002993,Entrenamiento,No,49,16,0,1,0
CLI002995,Entrenamiento,No,35,1,1,1,0
CLI002996,Prueba,No,29,1,0,0,0
CLI002997,Entrenamiento,No,53,3,0,1,0
CLI002998,Entrenamiento,No,48,2,0,0,0
CLI002999,Entrenamiento,No,34,2,0,1,0
CLI003000,Prueba,No,31,1,1,1,0
CLI003001,Entrenamiento,No,33,3,0,1,0
CLI003002,Entrenamiento,Sí,35,2,0,1,0
CLI003003,Entrenamiento,No,35,4,0,0,0
CLI003004,Prueba,No,39,5,0,1,0
CLI003005,Entrenamiento,No,46,5,0,1,0
CLI003006,Entrenamiento,No,41,3,0,0,0
CLI003007,Entrenamiento,No,38,2,0,1,0
CLI003008,Prueba,No,50,3,0,1,0
CLI003009,Entrenamiento,No,34,3,1,1,0
CLI003010,Entrenamiento,No,47,1,0,1,0
CLI003011,Entrenamiento,Sí,42,3,0,0,0
CLI003012,Prueba,No,36,2,0,0,0
CLI003013,Entrenamiento,No,31,2,0,1,0
CLI003014,Entrenamiento,No,36,1,0,0,0
CLI003015,Entrenamiento,Sí,51,1,0,1,0
CLI003016,Prueba,No,57,4,0,1,0
CLI003017,Entrenamiento,No,37,1,0,1,0
CLI003018,Entrenamiento,No,35,1,0,1,0
CLI003019,Entrenamiento,No,36,3,0,0,0
CLI003020,Prueba,No,51,2,0,0,0
CLI003021,Entrenamiento,No,56,2,0,0,0
CLI003022,Entrenamiento,No,25,1,0,0,0
CLI003023,Entrenamiento,No,44,1,0,1,0
CLI003024,Prueba,No,57,2,0,0,0
CLI003025,Entrenamiento,No,59,4,0,1,0
CLI003026,Entrenamiento,No,36,1,0,1,0
CLI003027,Entrenamiento,No,43,2,0,0,0
CLI003028,Prueba,No,39,4,0,1,0
CLI003029,Entrenamiento,No,42,2,0,1,0
CLI003030,Entrenamiento,No,28,2,0,0,0
CLI003031,Entrenamiento,No,41,2,0,1,0
CLI003033,Entrenamiento,No,33,14,0,1,0
CLI003034,Entrenamiento,No,53,2,0,0,0
CLI003035,Entrenamiento,No,49,8,1,1,0
CLI003036,Prueba,No,44,2,0,1,0
CLI003037,Entrenamiento,No,40,1,0,1,0
CLI003038,Entrenamiento,Sí,40,3,0,1,0
CLI003039,Entrenamiento,Sí,25,1,0,1,0
CLI003040,Prueba,No,58,5,0,1,0
CLI003041,Entrenamiento,No,57,2,0,0,0
CLI003042,Entrenamiento,No,34,4,0,1,0
CLI003043,Entrenamiento,No,37,4,0,1,0
CLI003044,Prueba,No,32,7,0,1,0
CLI003045,Entrenamiento,No,30,1,1,1,0
CLI003046,Entrenamiento,No,59,3,0,0,0
CLI003047,Entrenamiento,No,41,2,0,0,0
CLI003048,Prueba,No,28,2,0,1,0
CLI003050,Entrenamiento,No,30,1,0,1,0
CLI003051,Entrenamiento,No,68,2,1,1,0
CLI003052,Prueba,No,29,2,0,0,0
CLI003053,Entrenamiento,No,43,3,0,1,0
CLI003054,Entrenamiento,No,39,1,0,0,0
CLI003056,Prueba,Sí,50,1,0,0,0
CLI003057,Entrenamiento,No,36,3,0,0,0
CLI003058,Entrenamiento,No,37,23,0,0,0
CLI003059,Entrenamiento,No,46,1,0,1,0
CLI003060,Prueba,No,54,13,0,1,0
CLI003061,Entrenamiento,No,36,2,0,1,0
CLI003062,Entrenamiento,No,24,3,0,0,0
CLI003063,Entrenamiento,No,27,2,1,1,0
CLI003064,Prueba,No,33,1,0,0,0
CLI003066,Entrenamiento,Sí,31,1,0,1,0
CLI003067,Entrenamiento,Sí,34,1,1,1,1
CLI003069,Entrenamiento,No,41,1,0,1,0
CLI003070,Entrenamiento,No,39,2,0,1,0
CLI003072,Prueba,No,58,2,0,1,0
CLI003074,Entrenamiento,No,34,1,1,1,0
CLI003076,Prueba,No,37,1,1,1,0
CLI003077,Entrenamiento,No,56,1,0,1,0
CLI003078,Entrenamiento,Sí,70,2,2,1,1
CLI003079,Entrenamiento,No,41,2,0,0,0
CLI003080,Prueba,Sí,29,3,0,1,0
CLI003081,Entrenamiento,No,44,6,0,0,0
CLI003083,Entrenamiento,No,49,5,0,0,0
CLI003085,Entrenamiento,No,40,2,0,1,0
CLI003086,Entrenamiento,No,29,1,0,1,0
CLI003087,Entrenamiento,No,29,1,0,0,0
CLI003088,Prueba,No,43,1,0,0,0
CLI003089,Entrenamiento,No,43,1,0,1,0
CLI003090,Entrenamiento,No,32,3,1,1,0
CLI003091,Entrenamiento,No,31,4,0,1,0
CLI003092,Prueba,Sí,37,2,0,0,0
CLI003093,Entrenamiento,No,43,1,0,0,0
CLI003094,Entrenamiento,No,35,4,0,0,0
CLI003095,Entrenamiento,Sí,38,1,3,1,1
CLI003096,Prueba,No,32,9,0,1,0
CLI003097,Entrenamiento,No,38,1,1,1,0
CLI003098,Entrenamiento,No,29,1,0,0,0
CLI003099,Entrenamiento,No,38,1,0,1,0
CLI003100,Prueba,No,38,1,0,0,0
CLI003101,Entrenamiento,Sí,52,1,0,1,0
CLI003102,Entrenamiento,No,45,1,0,0,0
CLI003103,Entrenamiento,No,27,1,0,0,0
CLI003104,Prueba,No,31,2,0,0,0
CLI003105,Entrenamiento,No,33,1,0,1,0
CLI003106,Entrenamiento,No,45,1,0,0,0
CLI003107,Entrenamiento,No,33,2,0,1,0
CLI003109,Entrenamiento,No,43,1,0,0,0
CLI003110,Entrenamiento,No,38,3,0,0,0
CLI003111,Entrenamiento,No,39,3,0,0,0
CLI003112,Prueba,No,51,1,0,1,0
CLI003114,Entrenamiento,No,37,1,0,0,0
CLI003116,Prueba,No,38,3,0,1,0
CLI003120,Prueba,No,25,2,0,0,0
CLI003121,Entrenamiento,No,39,24,0,0,0
CLI003122,Entrenamiento,Sí,32,1,0,1,0
CLI003124,Prueba,No,32,2,0,0,0
CLI003125,Entrenamiento,No,25,5,0,1,0
CLI003126,Entrenamiento,No,37,1,0,1,0
CLI003127,Entrenamiento,Sí,33,1,0,1,0
CLI003128,Prueba,No,49,1,1,1,0
CLI003129,Entrenamiento,No,30,2,0,0,0
CLI003132,Prueba,Sí,36,1,1,1,1
CLI003133,Entrenamiento,No,43,2,0,0,0
CLI003135,Entrenamiento,No,45,5,0,1,0
CLI003136,Prueba,No,49,1,0,1,0
CLI003137,Entrenamiento,No,59,2,0,1,0
CLI003138,Entrenamiento,No,35,4,0,1,0
CLI003139,Entrenamiento,No,45,3,0,0,0
CLI003140,Prueba,No,33,3,0,1,0
CLI003141,Entrenamiento,No,59,8,0,0,0
CLI003142,Entrenamiento,No,34,4,0,1,0
CLI003144,Prueba,No,56,21,0,1,0
CLI003145,Entrenamiento,No,46,2,0,0,0
CLI003146,Entrenamiento,No,37,5,0,1,0
CLI003147,Entrenamiento,No,34,1,0,0,0
CLI003148,Prueba,No,42,9,0,0,0
CLI003149,Entrenamiento,No,27,1,0,1,0
CLI003150,Entrenamiento,Sí,47,6,0,1,0
CLI003151,Entrenamiento,Sí,78,1,2,1,1
CLI003152,Prueba,No,31,2,0,1,0
CLI003153,Entrenamiento,No,59,3,0,1,0
CLI003154,Entrenamiento,No,50,2,0,1,0
CLI003155,Entrenamiento,No,48,5,0,1,0
CLI003156,Prueba,No,33,1,0,1,0
CLI003157,Entrenamiento,No,38,1,0,1,0
CLI003158,Entrenamiento,No,85,1,0,1,0
CLI003159,Entrenamiento,No,36,1,0,0,0
CLI003160,Prueba,No,38,2,0,0,0
CLI003161,Entrenamiento,No,49,1,0,1,0
CLI003164,Prueba,No,42,3,0,0,0
CLI003165,Entrenamiento,No,28,1,2,1,0
CLI003167,Entrenamiento,No,38,2,0,0,0
CLI003169,Entrenamiento,No,27,5,0,1,0
CLI003170,Entrenamiento,No,33,1,1,1,0
CLI003173,Entrenamiento,No,31,1,0,1,0
CLI003174,Entrenamiento,No,46,1,0,1,0
CLI003176,Prueba,No,38,1,0,1,0
CLI003177,Entrenamiento,No,28,1,0,1,0
CLI003178,Entrenamiento,No,42,2,0,0,0
CLI003179,Entrenamiento,Sí,51,1,1,1,1
CLI003181,Entrenamiento,Sí,51,3,0,0,0
CLI003182,Entrenamiento,No,32,9,0,1,0
CLI003183,Entrenamiento,No,38,1,0,1,0
CLI003184,Prueba,No,40,2,3,1,0
CLI003185,Entrenamiento,No,51,11,0,0,0
CLI003186,Entrenamiento,No,38,2,0,0,0
CLI003187,Entrenamiento,Sí,39,1,0,1,0
CLI003188,Prueba,No,32,3,0,1,0
CLI003189,Entrenamiento,No,41,1,1,1,0
CLI003190,Entrenamiento,Sí,29,2,2,1,1
CLI003191,Entrenamiento,No,32,2,1,1,0
CLI003192,Prueba,No,55,1,0,1,0
CLI003193,Entrenamiento,No,33,1,1,1,0
CLI003194,Entrenamiento,No,42,1,0,1,0
CLI003195,Entrenamiento,No,39,2,0,0,0
CLI003196,Prueba,Sí,45,1,0,1,0
CLI003197,Entrenamiento,No,36,2,0,0,0
CLI003198,Entrenamiento,No,43,2,0,0,0
CLI003199,Entrenamiento,No,21,1,1,1,0
CLI003201,Entrenamiento,Sí,28,2,0,1,0
CLI003202,Entrenamiento,Sí,62,1,1,1,1
CLI003203,Entrenamiento,No,46,2,0,0,0
CLI003205,Entrenamiento,No,34,2,0,1,0
CLI003206,Entrenamiento,No,43,3,0,0,0
CLI003208,Prueba,No,57,2,0,1,0
CLI003209,Entrenamiento,No,39,2,0,1,0
CLI003210,Entrenamiento,No,28,3,3,1,1
CLI003211,Entrenamiento,No,44,2,0,1,0
CLI003213,Entrenamiento,No,38,1,0,0,0
CLI003214,Entrenamiento,No,57,3,0,0,0
CLI003215,Entrenamiento,No,46,5,0,1,0
CLI003216,Prueba,No,42,2,0,1,0
CLI003217,Entrenamiento,No,32,3,0,1,0
CLI003218,Entrenamiento,No,31,1,2,1,0
CLI003219,Entrenamiento,No,36,1,0,0,0
CLI003221,Entrenamiento,No,34,4,1,1,0
CLI003222,Entrenamiento,No,41,2,0,0,0
CLI003223,Entrenamiento,Sí,28,3,0,1,0
CLI003224,Prueba,No,32,1,0,1,0
CLI003225,Entrenamiento,No,43,1,0,0,0
CLI003226,Entrenamiento,No,31,3,0,1,0
CLI003227,Entrenamiento,No,38,4,0,1,0
CLI003229,Entrenamiento,No,46,2,0,1,0
CLI003230,Entrenamiento,No,27,1,0,1,0
CLI003231,Entrenamiento,No,57,1,0,0,0
CLI003232,Prueba,No,48,3,0,0,0
CLI003233,Entrenamiento,No,38,5,0,0,0
CLI003234,Entrenamiento,No,34,7,0,0,0
CLI003237,Entrenamiento,No,34,4,1,1,0
CLI003238,Entrenamiento,No,35,5,0,1,0
CLI003239,Entrenamiento,Sí,52,1,0,1,0
CLI003240,Prueba,No,41,2,0,1,0
CLI003241,Entrenamiento,Sí,24,2,1,1,0
CLI003242,Entrenamiento,No,24,1,1,1,0
CLI003243,Entrenamiento,No,46,3,1,1,1
CLI003244,Prueba,No,33,2,0,0,0
CLI003245,Entrenamiento,Sí,51,2,0,1,0
CLI003246,Entrenamiento,Sí,41,2,0,1,0
CLI003247,Entrenamiento,Sí,40,1,4,1,1
CLI003248,Prueba,Sí,31,2,0,0,0
CLI003249,Entrenamiento,No,37,3,0,1,0
CLI003250,Entrenamiento,No,25,3,0,1,0
CLI003251,Entrenamiento,No,28,2,0,1,0
CLI003253,Entrenamiento,No,53,1,0,0,0
CLI003254,Entrenamiento,No,30,2,0,0,0
CLI003255,Entrenamiento,Sí,39,2,0,1,0
CLI003256,Prueba,Sí,26,2,0,1,0
CLI003257,Entrenamiento,No,68,1,2,1,0
CLI003258,Entrenamiento,No,47,6,0,0,0
CLI003259,Entrenamiento,No,31,1,0,0,0
CLI003260,Prueba,No,45,3,0,1,0
CLI003261,Entrenamiento,No,48,1,0,1,0
CLI003262,Entrenamiento,No,58,6,0,0,0
CLI003263,Entrenamiento,No,24,4,0,1,0
CLI003265,Entrenamiento,No,48,1,0,0,0
CLI003266,Entrenamiento,No,34,1,4,1,1
CLI003267,Entrenamiento,No,34,2,0,0,0
CLI003268,Prueba,No,52,1,0,1,0
CLI003269,Entrenamiento,No,47,3,0,1,0
CLI003270,Entrenamiento,No,40,1,1,1,0
CLI003271,Entrenamiento,No,45,1,1,1,0
CLI003272,Prueba,No,31,2,0,0,0
CLI003273,Entrenamiento,No,43,1,0,1,0
CLI003274,Entrenamiento,Sí,28,1,1,1,1
CLI003275,Entrenamiento,No,41,1,0,1,0
CLI003277,Entrenamiento,No,43,1,0,0,0
CLI003279,Entrenamiento,No,35,1,0,1,0
CLI003280,Prueba,No,40,1,0,1,0
CLI003281,Entrenamiento,No,53,4,0,1,0
CLI003282,Entrenamiento,No,31,4,0,1,0
CLI003283,Entrenamiento,No,48,1,0,0,0
CLI003284,Prueba,No,49,1,0,0,0
CLI003285,Entrenamiento,No,35,2,0,1,0
CLI003286,Entrenamiento,No,28,3,0,0,0
CLI003288,Prueba,No,30,4,0,1,0
CLI003289,Entrenamiento,No,28,3,0,1,0
CLI003290,Entrenamiento,No,53,1,0,0,0
CLI003291,Entrenamiento,No,46,1,0,0,0
CLI003292,Prueba,No,32,2,0,1,0
CLI003293,Entrenamiento,No,29,1,0,1,0
CLI003294,Entrenamiento,Sí,71,1,0,1,0
CLI003295,Entrenamiento,No,26,1,1,1,0
CLI003296,Prueba,Sí,50,4,0,1,0
CLI003297,Entrenamiento,No,33,1,0,0,0
CLI003299,Entrenamiento,No,39,3,0,0,0
CLI003300,Prueba,No,37,3,0,0,0
CLI003301,Entrenamiento,No,53,1,0,1,0
CLI003302,Entrenamiento,No,29,3,0,1,0
CLI003303,Entrenamiento,No,32,3,1,0,0
CLI003304,Prueba,No,32,20,0,1,0
CLI003305,Entrenamiento,No,34,2,0,0,0
CLI003308,Prueba,No,40,1,0,0,0
CLI003309,Entrenamiento,No,28,2,0,1,0
CLI003310,Entrenamiento,No,25,10,0,1,0
CLI003311,Entrenamiento,Sí,66,1,0,1,0
CLI003312,Prueba,No,28,1,0,0,0
CLI003314,Entrenamiento,No,32,2,1,1,0
CLI003315,Entrenamiento,Sí,28,1,0,1,0
CLI003316,Prueba,No,29,1,0,1,0
CLI003318,Entrenamiento,No,42,2,0,1,0
CLI003319,Entrenamiento,No,32,3,0,1,0
CLI003320,Prueba,No,34,1,0,1,0
CLI003321,Entrenamiento,No,59,5,0,1,0
CLI003322,Entrenamiento,No,43,3,0,1,0
CLI003323,Entrenamiento,No,56,1,0,0,0
CLI003325,Entrenamiento,No,32,1,0,0,0
CLI003326,Entrenamiento,Sí,31,2,0,1,0
CLI003327,Entrenamiento,No,24,7,0,1,0
CLI003329,Entrenamiento,No,62,2,1,1,1
CLI003330,Entrenamiento,No,32,1,1,1,0
CLI003331,Entrenamiento,No,38,2,0,0,0
CLI003332,Prueba,Sí,35,2,0,1,0
CLI003333,Entrenamiento,No,25,16,0,1,0
CLI003335,Entrenamiento,No,43,2,0,0,0
CLI003336,Prueba,No,40,7,0,1,0
CLI003337,Entrenamiento,No,48,1,0,1,0
CLI003339,Entrenamiento,No,33,2,0,1,0
CLI003340,Prueba,No,32,2,0,0,0
CLI003341,Entrenamiento,No,31,2,0,1,0
CLI003342,Entrenamiento,No,49,1,0,0,0
CLI003343,Entrenamiento,No,43,4,0,1,0
CLI003344,Prueba,Sí,38,1,1,1,1
CLI003346,Entrenamiento,No,43,2,1,1,0
CLI003347,Entrenamiento,No,42,11,0,0,0
CLI003349,Entrenamiento,No,58,3,0,0,0
CLI003351,Entrenamiento,No,59,3,0,1,0
CLI003352,Prueba,Sí,32,2,1,1,0
CLI003353,Entrenamiento,No,51,3,0,1,0
CLI003354,Entrenamiento,No,28,1,0,0,0
CLI003355,Entrenamiento,No,32,1,0,0,0
CLI003357,Entrenamiento,No,53,2,0,1,0
CLI003358,Entrenamiento,No,36,1,1,1,0
CLI003359,Entrenamiento,Sí,30,2,0,0,0
CLI003360,Prueba,No,52,1,0,1,0
CLI003361,Entrenamiento,Sí,36,4,0,0,0
CLI003362,Entrenamiento,No,51,1,0,1,0
CLI003363,Entrenamiento,No,55,9,0,1,0
CLI003364,Prueba,No,47,1,0,0,0
CLI003365,Entrenamiento,No,30,1,0,1,0
CLI003366,Entrenamiento,No,37,1,0,0,0
CLI003367,Entrenamiento,No,41,1,0,1,0
CLI003368,Prueba,No,31,1,0,1,0
CLI003369,Entrenamiento,Sí,36,3,3,1,1
CLI003370,Entrenamiento,No,36,2,0,1,0
CLI003371,Entrenamiento,Sí,54,1,0,1,0
CLI003373,Entrenamiento,No,38,1,0,1,0
CLI003374,Entrenamiento,No,50,1,0,1,0
CLI003375,Entrenamiento,No,43,3,0,0,0
CLI003376,Prueba,No,40,2,0,0,0
CLI003377,Entrenamiento,No,29,1,2,1,0
CLI003379,Entrenamiento,No,28,1,0,0,0
CLI003380,Prueba,No,40,1,0,0,0
CLI003382,Entrenamiento,Sí,31,2,0,1,0
CLI003383,Entrenamiento,Sí,42,2,0,1,0
CLI003384,Prueba,Sí,28,2,0,1,0
CLI003385,Entrenamiento,No,50,2,0,0,0
CLI003386,Entrenamiento,Sí,48,2,0,1,0
CLI003388,Prueba,No,37,2,0,0,0
CLI003389,Entrenamiento,No,33,2,0,1,0
CLI003390,Entrenamiento,No,39,3,0,0,0
CLI003391,Entrenamiento,No,35,1,0,0,0
CLI003392,Prueba,No,32,1,0,0,0
CLI003394,Entrenamiento,No,45,1,1,1,0
CLI003395,Entrenamiento,No,41,2,0,1,0
CLI003396,Prueba,No,27,2,1,1,0
CLI003398,Entrenamiento,No,39,3,0,0,0
CLI003399,Entrenamiento,No,31,5,0,0,0
CLI003400,Prueba,No,33,5,0,1,0
CLI003401,Entrenamiento,No,31,4,0,1,0
CLI003404,Prueba,No,31,1,0,0,0
CLI003405,Entrenamiento,No,33,7,1,0,0
CLI003406,Entrenamiento,No,46,3,0,0,0
CLI003407,Entrenamiento,Sí,30,1,0,0,0
CLI003408,Prueba,No,46,1,1,1,0
CLI003409,Entrenamiento,No,57,2,0,0,0
CLI003411,Entrenamiento,No,51,1,0,1,0
CLI003412,Prueba,No,50,7,0,0,0
CLI003413,Entrenamiento,No,31,1,0,0,0
CLI003414,Entrenamiento,No,43,3,0,0,0
CLI003415,Entrenamiento,Sí,57,4,1,1,0
CLI003416,Prueba,No,41,2,0,0,0
CLI003417,Entrenamiento,No,30,1,0,0,0
CLI003418,Entrenamiento,Sí,29,3,0,0,0
CLI003419,Entrenamiento,No,30,4,0,0,0
CLI003420,Prueba,No,36,3,0,1,0
CLI003421,Entrenamiento,No,39,1,1,1,0
CLI003422,Entrenamiento,No,46,1,0,0,0
CLI003424,Prueba,No,42,1,0,1,0
CLI003425,Entrenamiento,No,54,1,0,0,0
CLI003426,Entrenamiento,No,27,1,0,0,0
CLI003427,Entrenamiento,No,39,1,0,1,0
CLI003428,Prueba,Sí,35,1,1,1,1
CLI003429,Entrenamiento,No,37,1,0,1,0
CLI003431,Entrenamiento,No,34,3,0,1,0
CLI003432,Prueba,No,50,1,0,0,0
CLI003433,Entrenamiento,No,27,1,0,0,0
CLI003434,Entrenamiento,No,52,4,0,1,0
CLI003435,Entrenamiento,No,45,1,0,1,0
CLI003437,Entrenamiento,No,33,5,0,1,0
CLI003439,Entrenamiento,No,39,1,0,1,0
CLI003440,Prueba,No,55,1,1,1,0
CLI003442,Entrenamiento,No,31,4,0,0,0
CLI003443,Entrenamiento,No,27,1,0,1,0
CLI003444,Prueba,No,38,1,0,1,0
CLI003445,Entrenamiento,Sí,88,3,0,1,0
CLI003446,Entrenamiento,No,44,1,0,0,0
CLI003447,Entrenamiento,No,51,2,1,1,0
CLI003448,Prueba,No,39,1,0,1,0
CLI003449,Entrenamiento,No,25,4,0,0,0
CLI003450,Entrenamiento,No,41,3,0,1,0
CLI003451,Entrenamiento,No,33,1,0,1,0
CLI003453,Entrenamiento,No,23,4,0,1,0
CLI003454,Entrenamiento,Sí,21,1,2,1,0
CLI003455,Entrenamiento,No,46,14,0,1,0
CLI003456,Prueba,No,32,2,0,1,0
CLI003457,Entrenamiento,Sí,30,3,0,1,0
CLI003458,Entrenamiento,No,53,10,0,1,0
CLI003459,Entrenamiento,No,44,2,0,1,0
CLI003460,Prueba,Sí,38,2,1,1,1
CLI003461,Entrenamiento,No,35,2,0,0,0
CLI003462,Entrenamiento,No,44,2,0,0,0
CLI003463,Entrenamiento,No,40,5,0,1,0
CLI003464,Prueba,No,53,1,0,1,0
CLI003465,Entrenamiento,Sí,26,3,0,1,0
CLI003466,Entrenamiento,No,39,1,1,1,1
CLI003467,Entrenamiento,No,48,1,0,0,0
CLI003468,Prueba,Sí,23,3,3,1,0
CLI003469,Entrenamiento,No,38,3,1,1,0
CLI003470,Entrenamiento,No,44,2,0,1,0
CLI003471,Entrenamiento,Sí,35,2,0,1,0
CLI003472,Prueba,No,51,1,1,1,0
CLI003473,Entrenamiento,No,46,1,0,0,0
CLI003475,Entrenamiento,No,41,1,0,0,0
CLI003476,Prueba,No,30,26,0,1,0
CLI003477,Entrenamiento,No,29,3,0,1,0
CLI003478,Entrenamiento,No,48,1,0,1,0
CLI003479,Entrenamiento,No,35,4,0,1,0
CLI003480,Prueba,No,31,2,0,1,0
CLI003481,Entrenamiento,No,31,1,0,1,0
CLI003482,Entrenamiento,No,31,6,0,0,0
CLI003483,Entrenamiento,No,25,2,0,0,0
CLI003484,Prueba,No,31,3,0,1,0
CLI003485,Entrenamiento,No,30,3,0,0,0
CLI003486,Entrenamiento,No,30,2,0,0,0
CLI003487,Entrenamiento,No,34,1,0,1,0
CLI003488,Prueba,No,35,3,0,1,0
CLI003489,Entrenamiento,Sí,34,2,0,1,0
CLI003490,Entrenamiento,No,31,3,0,0,0
CLI003491,Entrenamiento,No,54,1,0,1,0
CLI003493,Entrenamiento,No,26,4,0,0,0
CLI003494,Entrenamiento,No,38,5,0,0,0
CLI003495,Entrenamiento,No,31,1,0,1,0
CLI003496,Prueba,No,32,2,0,1,0
CLI003497,Entrenamiento,No,37,2,1,1,1
CLI003498,Entrenamiento,No,52,1,0,1,0
CLI003499,Entrenamiento,Sí,35,2,0,0,0
CLI003500,Prueba,No,24,3,0,1,0
CLI003501,Entrenamiento,Sí,37,1,0,1,0
CLI003504,Prueba,No,48,1,0,1,0
CLI003506,Entrenamiento,No,35,1,1,1,0
CLI003507,Entrenamiento,No,33,2,0,0,0
CLI003508,Prueba,No,40,3,0,0,0
CLI003509,Entrenamiento,No,31,2,0,1,0
CLI003510,Entrenamiento,No,38,2,1,1,1
CLI003512,Prueba,No,33,2,0,0,0
CLI003514,Entrenamiento,No,39,1,0,1,0
CLI003515,Entrenamiento,No,44,2,1,1,1
CLI003516,Prueba,Sí,32,2,0,1,0
CLI003519,Entrenamiento,No,30,10,0,1,0
CLI003520,Prueba,No,40,2,0,1,0
CLI003521,Entrenamiento,No,31,3,0,1,0
CLI003522,Entrenamiento,No,37,2,1,1,0
CLI003523,Entrenamiento,No,31,7,0,1,0
CLI003524,Prueba,Sí,67,1,0,1,0
CLI003525,Entrenamiento,Sí,38,2,0,1,0
CLI003526,Entrenamiento,No,55,1,0,1,0
CLI003527,Entrenamiento,No,60,1,0,0,0
CLI003528,Prueba,No,42,16,0,0,0
CLI003529,Entrenamiento,No,31,2,0,1,0
CLI003530,Entrenamiento,No,37,4,0,1,0
CLI003531,Entrenamiento,No,44,4,0,0,0
CLI003532,Prueba,No,24,1,0,1,0
CLI003533,Entrenamiento,No,37,1,0,1,0
CLI003535,Entrenamiento,No,43,2,0,1,0
CLI003536,Prueba,No,32,1,0,0,0
CLI003537,Entrenamiento,No,33,6,1,0,0
CLI003538,Entrenamiento,No,43,1,0,0,0
CLI003539,Entrenamiento,Sí,51,5,0,1,0
CLI003541,Entrenamiento,No,60,1,0,0,0
CLI003542,Entrenamiento,No,30,5,0,1,0
CLI003543,Entrenamiento,No,30,3,0,0,0
CLI003544,Prueba,No,27,3,0,1,0
CLI003545,Entrenamiento,No,50,1,0,0,0
CLI003546,Entrenamiento,No,37,2,0,1,0
CLI003548,Prueba,No,39,1,0,1,0
CLI003549,Entrenamiento,No,34,2,0,1,0
CLI003550,Entrenamiento,No,59,1,0,0,0
CLI003551,Entrenamiento,No,58,4,0,1,0
CLI003553,Entrenamiento,No,24,1,0,0,0
CLI003554,Entrenamiento,Sí,31,1,0,1,0
CLI003555,Entrenamiento,No,45,1,0,0,0
CLI003556,Prueba,No,36,7,0,0,0
CLI003558,Entrenamiento,No,28,2,0,0,0
CLI003559,Entrenamiento,No,34,1,0,1,0
CLI003560,Prueba,No,45,1,0,1,0
CLI003561,Entrenamiento,No,37,4,0,0,0
CLI003562,Entrenamiento,Sí,43,1,0,1,0
CLI003563,Entrenamiento,Sí,19,2,0,1,0
CLI003564,Prueba,No,58,1,0,0,0
CLI003565,Entrenamiento,No,34,1,0,1,0
CLI003566,Entrenamiento,No,33,4,0,0,0
CLI003567,Entrenamiento,No,42,2,0,1,0
CLI003568,Prueba,No,58,2,0,1,0
CLI003570,Entrenamiento,Sí,29,3,0,1,0
CLI003571,Entrenamiento,No,50,1,0,1,0
CLI003573,Entrenamiento,No,48,1,0,1,0
CLI003574,Entrenamiento,No,39,2,0,0,0
CLI003575,Entrenamiento,No,20,2,0,1,0
CLI003577,Entrenamiento,Sí,36,5,0,1,0
CLI003578,Entrenamiento,No,48,9,0,1,0
CLI003579,Entrenamiento,No,42,1,0,0,0
CLI003580,Prueba,No,52,4,0,0,0
CLI003581,Entrenamiento,No,39,3,0,1,0
CLI003582,Entrenamiento,No,43,1,0,1,0
CLI003583,Entrenamiento,No,44,1,0,0,0
CLI003584,Prueba,No,60,1,0,1,0
CLI003585,Entrenamiento,No,26,2,0,0,0
CLI003586,Entrenamiento,Sí,32,2,0,0,0
CLI003587,Entrenamiento,No,46,1,0,0,0
CLI003588,Prueba,No,31,2,0,1,0
CLI003589,Entrenamiento,Sí,45,3,0,0,0
CLI003590,Entrenamiento,No,39,2,0,0,0
CLI003592,Prueba,No,41,1,0,0,0
CLI003593,Entrenamiento,Sí,42,1,0,1,0
CLI003594,Entrenamiento,No,39,1,1,1,0
CLI003595,Entrenamiento,No,30,8,0,0,0
CLI003598,Entrenamiento,No,33,8,1,1,0
CLI003599,Entrenamiento,Sí,31,3,0,1,0
CLI003600,Prueba,No,32,2,1,1,0
CLI003601,Entrenamiento,No,33,4,0,0,0
CLI003602,Entrenamiento,No,48,1,0,0,0
CLI003603,Entrenamiento,Sí,52,3,0,1,0
CLI003606,Entrenamiento,No,30,2,1,1,0
CLI003607,Entrenamiento,No,32,2,0,1,0
CLI003608,Prueba,No,47,1,0,1,0
CLI003609,Entrenamiento,Sí,41,1,0,1,0
CLI003610,Entrenamiento,No,24,1,1,1,0
CLI003611,Entrenamiento,Sí,28,3,0,1,0
CLI003613,Entrenamiento,No,28,1,0,1,0
CLI003614,Entrenamiento,No,60,3,0,0,0
CLI003615,Entrenamiento,Sí,22,3,1,1,1
CLI003616,Prueba,No,49,2,0,0,0
CLI003617,Entrenamiento,Sí,36,1,0,1,0
CLI003618,Entrenamiento,No,34,7,0,1,0
CLI003620,Prueba,No,42,3,0,1,0
CLI003621,Entrenamiento,No,40,4,0,1,0
CLI003622,Entrenamiento,Sí,44,2,1,1,0
CLI003623,Entrenamiento,No,25,4,0,1,0
CLI003624,Prueba,No,38,1,0,1,0
CLI003625,Entrenamiento,No,58,2,0,1,0
CLI003626,Entrenamiento,No,50,1,0,1,0
CLI003627,Entrenamiento,No,50,9,0,1,0
CLI003628,Prueba,No,28,3,1,1,0
CLI003629,Entrenamiento,Sí,43,1,1,1,0
CLI003630,Entrenamiento,No,59,1,0,0,0
CLI003631,Entrenamiento,No,37,2,1,1,0
CLI003632,Prueba,No,36,1,0,1,0
CLI003633,Entrenamiento,No,38,1,0,0,0
CLI003638,Entrenamiento,No,36,8,0,0,0
CLI003639,Entrenamiento,No,32,1,3,1,0
CLI003640,Prueba,No,31,1,1,1,0
CLI003642,Entrenamiento,Sí,31,2,1,1,1
CLI003643,Entrenamiento,No,53,1,0,1,0
CLI003644,Prueba,No,45,1,2,1,1
CLI003645,Entrenamiento,No,40,1,0,0,0
CLI003646,Entrenamiento,No,51,2,0,1,0
CLI003647,Entrenamiento,No,51,2,0,1,0
CLI003648,Prueba,No,45,1,1,1,0
CLI003649,Entrenamiento,No,32,1,0,1,0
CLI003651,Entrenamiento,No,57,1,1,1,0
CLI003652,Prueba,No,49,3,0,1,0
CLI003653,Entrenamiento,No,26,1,0,1,0
CLI003654,Entrenamiento,No,59,1,0,0,0
CLI003655,Entrenamiento,No,43,2,0,0,0
CLI003656,Prueba,Sí,60,1,0,1,0
CLI003657,Entrenamiento,Sí,56,1,1,1,1
CLI003658,Entrenamiento,No,24,1,0,0,0
CLI003659,Entrenamiento,No,52,2,1,1,0
CLI003661,Entrenamiento,No,27,1,0,1,0
CLI003662,Entrenamiento,No,42,4,0,1,0
CLI003663,Entrenamiento,No,26,1,1,1,0
CLI003664,Prueba,No,58,2,0,1,0
CLI003665,Entrenamiento,No,33,1,0,1,0
CLI003666,Entrenamiento,No,50,1,1,1,0
CLI003667,Entrenamiento,No,34,4,1,1,0
CLI003668,Prueba,Sí,25,1,0,1,0
CLI003669,Entrenamiento,No,36,2,1,1,0
CLI003670,Entrenamiento,No,48,3,0,1,0
CLI003671,Entrenamiento,No,35,4,0,1,0
CLI003673,Entrenamiento,No,35,1,0,1,0
CLI003674,Entrenamiento,No,42,1,0,0,0
CLI003675,Entrenamiento,No,58,20,0,1,0
CLI003676,Prueba,No,29,3,1,1,0
CLI003677,Entrenamiento,No,30,11,0,1,0
CLI003678,Entrenamiento,Sí,39,1,0,1,0
CLI003679,Entrenamiento,No,51,1,0,1,0
CLI003680,Prueba,No,29,3,1,1,0
CLI003681,Entrenamiento,Sí,53,2,0,1,0
CLI003682,Entrenamiento,No,60,1,1,1,0
CLI003683,Entrenamiento,No,32,3,0,1,0
CLI003684,Prueba,No,56,2,0,1,0
CLI003685,Entrenamiento,No,39,6,0,0,0
CLI003686,Entrenamiento,No,48,2,0,0,0
CLI003687,Entrenamiento,No,25,1,0,1,0
CLI003688,Prueba,No,61,2,0,0,0
CLI003689,Entrenamiento,No,54,3,0,1,0
CLI003690,Entrenamiento,No,72,1,1,1,0
CLI003692,Prueba,No,32,4,0,1,0
CLI003693,Entrenamiento,No,57,1,0,0,0
CLI003695,Entrenamiento,No,46,2,0,0,0
CLI003696,Prueba,No,40,4,0,1,0
CLI003697,Entrenamiento,No,32,1,0,0,0
CLI003698,Entrenamiento,No,32,1,0,1,0
CLI003699,Entrenamiento,No,27,1,0,0,0
CLI003700,Prueba,No,30,3,0,1,0
CLI003701,Entrenamiento,No,29,3,0,1,0
CLI003703,Entrenamiento,Sí,40,2,1,1,1
CLI003704,Prueba,No,25,1,0,1,0
CLI003705,Entrenamiento,No,34,2,0,0,0
CLI003706,Entrenamiento,No,32,3,0,1,0
CLI003707,Entrenamiento,No,29,1,0,1,0
CLI003709,Entrenamiento,No,39,2,0,1,0
CLI003711,Entrenamiento,No,56,2,0,0,0
CLI003712,Prueba,Sí,56,1,0,1,0
CLI003713,Entrenamiento,No,31,1,0,1,0
CLI003714,Entrenamiento,No,56,2,0,1,0
CLI003715,Entrenamiento,No,24,1,1,1,0
CLI003716,Prueba,No,32,1,0,1,0
CLI003718,Entrenamiento,No,36,4,0,0,0
CLI003719,Entrenamiento,No,56,2,0,1,0
CLI003720,Prueba,No,34,3,0,0,0
CLI003721,Entrenamiento,No,25,7,0,1,0
CLI003722,Entrenamiento,No,32,2,0,1,0
CLI003723,Entrenamiento,No,40,2,0,1,0
CLI003724,Prueba,No,41,2,0,0,0
CLI003725,Entrenamiento,No,29,1,0,1,0
CLI003727,Entrenamiento,Sí,33,2,0,1,0
CLI003728,Prueba,No,40,4,0,0,0
CLI003729,Entrenamiento,No,46,1,0,1,0
CLI003730,Entrenamiento,No,28,1,0,1,0
CLI003732,Prueba,No,56,1,0,0,0
CLI003733,Entrenamiento,No,29,10,0,0,0
CLI003734,Entrenamiento,No,28,2,1,1,1
CLI003735,Entrenamiento,No,52,1,0,1,0
CLI003736,Prueba,No,38,4,0,0,0
CLI003738,Entrenamiento,No,33,4,2,1,0
CLI003739,Entrenamiento,No,41,1,0,0,0
CLI003740,Prueba,No,33,7,0,1,0
CLI003741,Entrenamiento,No,32,1,0,1,0
CLI003742,Entrenamiento,No,45,1,0,1,0
CLI003744,Prueba,No,34,1,0,1,0
CLI003745,Entrenamiento,No,31,2,0,1,0
CLI003746,Entrenamiento,No,31,1,0,0,0
CLI003747,Entrenamiento,No,29,1,1,1,0
CLI003749,Entrenamiento,No,53,6,2,1,0
CLI003750,Entrenamiento,No,45,1,1,1,0
CLI003751,Entrenamiento,No,32,3,0,1,0
CLI003752,Prueba,Sí,41,1,0,0,0
CLI003753,Entrenamiento,Sí,73,1,0,1,0
CLI003754,Entrenamiento,No,32,2,0,0,0
CLI003755,Entrenamiento,No,37,2,0,1,0
CLI003756,Prueba,No,45,4,0,0,0
CLI003757,Entrenamiento,No,52,2,0,1,0
CLI003758,Entrenamiento,No,29,5,0,1,0
CLI003759,Entrenamiento,No,56,9,0,0,0
CLI003760,Prueba,No,42,1,0,1,0
CLI003761,Entrenamiento,Sí,41,1,0,0,0
CLI003762,Entrenamiento,No,36,1,0,1,0
CLI003764,Prueba,Sí,30,7,0,0,0
CLI003765,Entrenamiento,No,50,1,0,1,0
CLI003766,Entrenamiento,No,62,1,1,1,0
CLI003767,Entrenamiento,No,52,5,0,1,0
CLI003768,Prueba,Sí,28,2,4,1,1
CLI003769,Entrenamiento,No,30,3,0,0,0
CLI003770,Entrenamiento,No,40,10,0,0,0
CLI003771,Entrenamiento,Sí,32,1,0,1,0
CLI003772,Prueba,No,29,1,0,0,0
CLI003773,Entrenamiento,No,44,17,0,0,0
CLI003774,Entrenamiento,No,49,1,0,1,0
CLI003775,Entrenamiento,No,25,3,0,0,0
CLI003777,Entrenamiento,No,31,1,0,1,0
CLI003778,Entrenamiento,No,28,3,0,1,0
CLI003779,Entrenamiento,No,48,1,0,1,0
CLI003780,Prueba,No,29,1,0,1,0
CLI003781,Entrenamiento,Sí,25,2,0,0,0
CLI003782,Entrenamiento,No,27,1,0,1,0
CLI003783,Entrenamiento,No,34,1,0,1,0
CLI003786,Entrenamiento,Sí,31,1,0,0,0
CLI003787,Entrenamiento,No,39,3,0,0,0
CLI003790,Entrenamiento,No,30,5,0,1,0
CLI003792,Prueba,No,40,1,0,1,0
CLI003793,Entrenamiento,No,33,1,0,0,0
CLI003794,Entrenamiento,No,39,3,0,0,0
CLI003795,Entrenamiento,No,56,1,0,1,0
CLI003796,Prueba,No,55,2,1,1,0
CLI003797,Entrenamiento,No,48,3,2,1,0
CLI003798,Entrenamiento,No,27,2,0,0,0
CLI003799,Entrenamiento,No,47,1,0,1,0
CLI003801,Entrenamiento,No,40,7,0,0,0
CLI003802,Entrenamiento,Sí,34,2,0,0,0
CLI003803,Entrenamiento,Sí,19,3,0,1,0
CLI003804,Prueba,No,48,3,0,1,0
CLI003805,Entrenamiento,No,51,1,0,1,0
CLI003806,Entrenamiento,No,42,3,0,1,0
CLI003807,Entrenamiento,No,47,2,0,1,0
CLI003808,Prueba,Sí,36,1,1,1,0
CLI003809,Entrenamiento,No,42,3,0,0,0
CLI003810,Entrenamiento,No,34,2,0,1,0
CLI003811,Entrenamiento,No,46,10,0,1,0
CLI003812,Prueba,No,38,2,0,1,0
CLI003814,Entrenamiento,Sí,32,10,0,0,0
CLI003815,Entrenamiento,No,31,4,0,0,0
CLI003817,Entrenamiento,No,42,2,0,1,0
CLI003819,Entrenamiento,No,37,1,0,0,0
CLI003820,Prueba,No,56,2,0,0,0
CLI003822,Entrenamiento,No,46,2,0,0,0
CLI003823,Entrenamiento,Sí,48,1,1,1,1
CLI003824,Prueba,No,38,3,0,1,0
CLI003825,Entrenamiento,No,47,1,0,0,0
CLI003826,Entrenamiento,No,33,1,0,0,0
CLI003827,Entrenamiento,No,32,3,0,0,0
CLI003828,Prueba,No,31,2,0,1,0
CLI003829,Entrenamiento,No,29,1,1,1,0
CLI003830,Entrenamiento,Sí,49,2,0,1,0
CLI003831,Entrenamiento,No,45,2,0,0,0
CLI003832,Prueba,No,35,14,0,0,0
CLI003833,Entrenamiento,No,65,4,0,0,0
CLI003834,Entrenamiento,No,36,1,0,0,0
CLI003837,Entrenamiento,No,42,1,0,1,0
CLI003838,Entrenamiento,No,33,3,0,1,0
CLI003839,Entrenamiento,Sí,42,3,0,1,0
CLI003840,Prueba,No,52,1,0,1,0
CLI003841,Entrenamiento,No,44,2,0,0,0
CLI003843,Entrenamiento,Sí,62,2,0,0,0
CLI003844,Prueba,No,38,2,0,1,0
CLI003845,Entrenamiento,No,30,1,0,1,0
CLI003846,Entrenamiento,No,51,3,0,1,0
CLI003847,Entrenamiento,No,56,2,0,0,0
CLI003848,Prueba,Sí,34,3,0,1,0
CLI003849,Entrenamiento,Sí,33,1,0,1,0
CLI003850,Entrenamiento,No,33,11,0,0,0
CLI003852,Prueba,Sí,37,1,1,1,0
CLI003853,Entrenamiento,No,45,4,0,0,0
CLI003855,Entrenamiento,Sí,32,3,0,1,0
CLI003856,Prueba,No,33,1,0,1,0
CLI003857,Entrenamiento,No,41,1,0,1,0
CLI003858,Entrenamiento,No,25,2,0,1,0
CLI003859,Entrenamiento,No,43,2,0,1,0
CLI003860,Prueba,No,34,1,1,1,0
CLI003861,Entrenamiento,No,28,1,0,1,0
CLI003862,Entrenamiento,No,36,2,0,1,0
CLI003863,Entrenamiento,No,51,2,0,0,0
CLI003864,Prueba,No,39,2,0,0,0
CLI003865,Entrenamiento,No,39,1,0,0,0
CLI003866,Entrenamiento,No,57,6,0,1,0
CLI003867,Entrenamiento,No,49,2,0,1,0
CLI003869,Entrenamiento,No,48,2,0,0,0
CLI003870,Entrenamiento,Sí,37,1,0,1,0
CLI003871,Entrenamiento,No,32,1,0,1,0
CLI003872,Prueba,Sí,35,5,0,1,0
CLI003873,Entrenamiento,No,47,1,0,0,0
CLI003875,Entrenamiento,No,36,1,0,1,0
CLI003876,Prueba,No,37,1,0,0,0
CLI003878,Entrenamiento,No,53,1,0,1,0
CLI003879,Entrenamiento,No,37,2,0,1,0
CLI003880,Prueba,No,56,2,0,1,0
CLI003881,Entrenamiento,No,36,1,1,1,0
CLI003882,Entrenamiento,No,31,2,0,0,0
CLI003883,Entrenamiento,No,35,1,0,1,0
CLI003884,Prueba,Sí,33,1,0,0,0
CLI003885,Entrenamiento,No,31,1,0,1,0
CLI003886,Entrenamiento,No,48,1,0,0,0
CLI003887,Entrenamiento,Sí,30,3,0,1,0
CLI003889,Entrenamiento,No,39,2,0,1,0
CLI003890,Entrenamiento,No,49,2,0,0,0
CLI003891,Entrenamiento,No,52,3,0,0,0
CLI003892,Prueba,No,46,13,0,0,0
CLI003893,Entrenamiento,No,38,2,0,0,0
CLI003894,Entrenamiento,No,55,1,0,1,0
CLI003895,Entrenamiento,No,31,2,0,1,0
CLI003896,Prueba,No,23,5,2,1,0
CLI003898,Entrenamiento,No,33,1,0,1,0
CLI003899,Entrenamiento,No,46,2,0,0,0
CLI003901,Entrenamiento,No,36,4,0,0,0
CLI003903,Entrenamiento,No,48,1,0,0,0
CLI003904,Prueba,Sí,58,1,1,1,1
CLI003905,Entrenamiento,No,26,4,0,0,0
CLI003906,Entrenamiento,No,34,1,0,1,0
CLI003907,Entrenamiento,No,42,2,0,1,0
CLI003908,Prueba,No,37,2,0,0,0
CLI003909,Entrenamiento,No,27,1,0,1,0
CLI003910,Entrenamiento,No,30,3,0,1,0
CLI003911,Entrenamiento,No,32,1,0,1,0
CLI003912,Prueba,No,39,1,1,1,0
CLI003913,Entrenamiento,No,27,9,0,1,0
CLI003914,Entrenamiento,No,46,2,0,0,0
CLI003915,Entrenamiento,No,44,3,0,1,0
CLI003916,Prueba,No,51,3,0,0,0
CLI003917,Entrenamiento,No,45,1,0,0,0
CLI003918,Entrenamiento,No,36,1,0,1,0
CLI003919,Entrenamiento,Sí,31,2,1,1,1
CLI003920,Prueba,No,43,5,0,1,0
CLI003921,Entrenamiento,No,36,1,0,1,0
CLI003922,Entrenamiento,No,51,15,0,1,0
CLI003923,Entrenamiento,No,25,5,0,1,0
CLI003924,Prueba,No,43,10,0,1,0
CLI003927,Entrenamiento,No,56,2,0,1,0
CLI003928,Prueba,No,25,6,2,1,0
CLI003929,Entrenamiento,No,24,10,0,0,0
CLI003930,Entrenamiento,No,46,2,4,1,0
CLI003931,Entrenamiento,No,46,4,0,1,0
CLI003932,Prueba,No,40,4,0,1,0
CLI003933,Entrenamiento,No,36,2,0,0,0
CLI003934,Entrenamiento,No,41,9,0,0,0
CLI003935,Entrenamiento,No,29,6,1,1,0
CLI003936,Prueba,Sí,48,4,0,1,0
CLI003937,Entrenamiento,No,50,1,0,1,0
CLI003938,Entrenamiento,No,48,24,0,0,0
CLI003939,Entrenamiento,No,39,2,0,1,0
CLI003940,Prueba,No,33,2,0,0,0
CLI003941,Entrenamiento,No,44,3,0,0,0
CLI003942,Entrenamiento,No,35,3,0,0,0
CLI003944,Prueba,No,31,2,0,1,0
CLI003945,Entrenamiento,No,38,1,1,1,1
CLI003946,Entrenamiento,Sí,61,1,1,1,1
CLI003947,Entrenamiento,No,42,1,0,0,0
CLI003950,Entrenamiento,No,35,1,0,0,0
CLI003951,Entrenamiento,No,32,1,0,1,0
CLI003952,Prueba,No,29,3,0,1,0
CLI003956,Prueba,No,36,2,0,0,0
CLI003957,Entrenamiento,No,59,3,1,0,0
CLI003958,Entrenamiento,Sí,36,1,0,1,0
CLI003959,Entrenamiento,No,35,1,0,1,0
CLI003961,Entrenamiento,No,46,2,1,1,0
CLI003962,Entrenamiento,No,38,1,0,0,0
CLI003963,Entrenamiento,No,56,1,0,1,0
CLI003964,Prueba,No,34,8,0,1,0
CLI003965,Entrenamiento,No,29,4,0,1,0
CLI003966,Entrenamiento,No,42,1,0,1,0
CLI003967,Entrenamiento,No,36,2,0,0,0
CLI003969,Entrenamiento,No,45,2,0,0,0
CLI003970,Entrenamiento,No,58,1,0,0,0
CLI003971,Entrenamiento,No,37,2,1,1,0
CLI003972,Prueba,Sí,35,2,0,1,0
CLI003974,Entrenamiento,No,38,2,0,0,0
CLI003975,Entrenamiento,No,43,2,0,1,0
CLI003976,Prueba,No,46,1,0,1,0
CLI003978,Entrenamiento,No,45,3,0,1,0
CLI003979,Entrenamiento,No,43,1,1,1,0
CLI003980,Prueba,No,34,8,0,0,0
CLI003981,Entrenamiento,No,47,1,0,0,0
CLI003982,Entrenamiento,No,29,1,0,1,0
CLI003983,Entrenamiento,No,44,1,0,1,0
CLI003984,Prueba,No,56,1,4,0,0
CLI003985,Entrenamiento,No,32,2,1,1,0
CLI003986,Entrenamiento,Sí,29,6,0,1,0
CLI003988,Prueba,No,57,3,0,1,0
CLI003989,Entrenamiento,No,48,2,0,1,0
CLI003990,Entrenamiento,No,31,3,0,0,0
CLI003991,Entrenamiento,No,37,2,0,0,0
CLI003992,Prueba,No,37,3,0,0,0
CLI003993,Entrenamiento,No,47,3,0,1,0
CLI003994,Entrenamiento,No,46,2,0,1,0
CLI003995,Entrenamiento,No,34,1,0,1,0
CLI003996,Prueba,No,33,2,0,0,0
CLI003997,Entrenamiento,No,48,2,0,1,0
CLI003998,Entrenamiento,No,49,2,0,1,0
CLI003999,Entrenamiento,Sí,33,3,0,1,0
CLI004001,Entrenamiento,No,39,1,0,1,0
CLI004002,Entrenamiento,No,44,2,0,0,0
CLI004003,Entrenamiento,No,42,1,0,0,0
CLI004004,Prueba,No,42,1,0,0,0
CLI004005,Entrenamiento,Sí,37,1,1,1,0
CLI004006,Entrenamiento,No,39,2,0,1,0
CLI004007,Entrenamiento,No,18,2,3,1,0
CLI004008,Prueba,No,30,1,0,0,0
CLI004009,Entrenamiento,No,40,1,1,1,0
CLI004010,Entrenamiento,No,40,5,0,0,0
CLI004011,Entrenamiento,No,34,2,0,1,0
CLI004012,Prueba,No,48,1,0,0,0
CLI004014,Entrenamiento,No,48,7,0,1,0
CLI004015,Entrenamiento,No,29,6,0,0,0
CLI004016,Prueba,No,23,1,0,1,0
CLI004017,Entrenamiento,Sí,28,1,0,1,0
CLI004019,Entrenamiento,No,26,5,0,0,0
CLI004020,Prueba,No,35,2,0,0,0
CLI004021,Entrenamiento,No,43,1,2,1,0
CLI004022,Entrenamiento,No,43,2,0,1,0
CLI004023,Entrenamiento,Sí,52,1,0,1,0
CLI004025,Entrenamiento,No,40,1,2,1,0
CLI004026,Entrenamiento,No,46,2,0,0,0
CLI004027,Entrenamiento,No,55,4,0,0,0
CLI004029,Entrenamiento,No,41,3,0,0,0
CLI004031,Entrenamiento,No,55,2,0,0,0
CLI004032,Prueba,No,33,4,0,0,0
CLI004033,Entrenamiento,No,34,6,0,0,0
CLI004034,Entrenamiento,No,54,2,0,1,0
CLI004035,Entrenamiento,No,36,2,0,0,0
CLI004036,Prueba,No,58,3,0,1,0
CLI004037,Entrenamiento,No,58,1,0,1,0
CLI004038,Entrenamiento,No,27,1,1,1,0
CLI004039,Entrenamiento,No,33,2,0,1,0
CLI004041,Entrenamiento,No,41,1,0,0,0
CLI004042,Entrenamiento,No,37,4,0,0,0
CLI004043,Entrenamiento,No,43,22,0,1,0
CLI004044,Prueba,No,29,1,0,1,0
CLI004045,Entrenamiento,No,32,7,0,0,0
CLI004046,Entrenamiento,No,52,3,0,0,0
CLI004047,Entrenamiento,No,30,1,0,1,0
CLI004048,Prueba,No,29,2,0,1,0
CLI004049,Entrenamiento,No,49,1,0,0,0
CLI004050,Entrenamiento,No,33,1,0,1,0
CLI004051,Entrenamiento,No,49,3,0,1,0
CLI004052,Prueba,No,33,2,0,1,0
CLI004053,Entrenamiento,No,40,3,0,0,0
CLI004054,Entrenamiento,No,33,1,1,0,0
CLI004055,Entrenamiento,No,29,2,0,1,0
CLI004056,Prueba,No,36,2,0,1,0
CLI004057,Entrenamiento,No,37,1,0,0,0
CLI004058,Entrenamiento,No,28,1,1,1,0
CLI004059,Entrenamiento,No,29,4,0,1,0
CLI004060,Prueba,No,43,2,0,0,0
CLI004061,Entrenamiento,No,34,1,0,1,0
CLI004062,Entrenamiento,No,21,6,0,1,0
CLI004063,Entrenamiento,No,32,2,0,1,0
CLI004065,Entrenamiento,No,42,12,0,0,0
CLI004066,Entrenamiento,No,36,1,2,1,0
CLI004067,Entrenamiento,No,40,1,0,0,0
CLI004068,Prueba,No,57,1,0,1,0
CLI004069,Entrenamiento,No,36,2,0,1,0
CLI004070,Entrenamiento,No,42,2,0,0,0
CLI004071,Entrenamiento,No,48,3,0,1,0
CLI004072,Prueba,No,30,2,1,1,0
CLI004073,Entrenamiento,No,58,1,0,1,0
CLI004075,Entrenamiento,No,53,1,0,0,0
CLI004076,Prueba,No,23,10,0,0,0
CLI004077,Entrenamiento,No,38,1,0,1,0
CLI004078,Entrenamiento,No,36,5,0,0,0
CLI004080,Prueba,No,25,2,0,1,0
CLI004081,Entrenamiento,No,48,3,0,0,0
CLI004082,Entrenamiento,No,27,1,0,1,0
CLI004083,Entrenamiento,No,31,2,0,0,0
CLI004084,Prueba,No,37,3,0,1,0
CLI004085,Entrenamiento,No,25,2,0,0,0
CLI004086,Entrenamiento,No,50,1,0,1,0
CLI004088,Prueba,Sí,29,1,0,1,0
CLI004089,Entrenamiento,No,51,3,0,0,0
CLI004090,Entrenamiento,No,31,1,0,1,0
CLI004091,Entrenamiento,No,69,1,0,1,0
CLI004092,Prueba,No,39,2,0,0,0
CLI004093,Entrenamiento,No,43,1,0,1,0
CLI004094,Entrenamiento,No,28,2,0,1,0
CLI004095,Entrenamiento,No,41,8,0,0,0
CLI004096,Prueba,No,36,4,0,0,0
CLI004099,Entrenamiento,No,49,3,0,0,0
CLI004100,Prueba,No,44,1,0,0,0
CLI004101,Entrenamiento,No,30,1,0,1,0
CLI004104,Prueba,No,49,1,0,1,0
CLI004106,Entrenamiento,No,29,2,0,1,0
CLI004107,Entrenamiento,No,38,3,0,1,0
CLI004108,Prueba,No,39,2,0,0,0
CLI004109,Entrenamiento,No,56,3,0,1,0
CLI004110,Entrenamiento,No,36,3,0,1,0
CLI004111,Entrenamiento,No,30,4,0,1,0
CLI004112,Prueba,No,48,8,0,0,0
CLI004113,Entrenamiento,No,38,1,0,1,0
CLI004114,Entrenamiento,No,34,1,0,1,0
CLI004115,Entrenamiento,No,29,1,0,0,0
CLI004116,Prueba,No,44,1,0,1,0
CLI004117,Entrenamiento,No,47,1,0,0,0
CLI004118,Entrenamiento,No,33,1,0,0,0
CLI004119,Entrenamiento,No,48,2,0,0,0
CLI004120,Prueba,No,33,1,0,1,0
CLI004121,Entrenamiento,Sí,35,1,0,1,0
CLI004122,Entrenamiento,Sí,27,2,0,1,0
CLI004123,Entrenamiento,No,43,2,0,0,0
CLI004124,Prueba,No,32,4,0,1,0
CLI004126,Entrenamiento,No,29,4,0,1,0
CLI004127,Entrenamiento,No,37,1,2,1,0
CLI004128,Prueba,No,49,1,0,1,0
CLI004129,Entrenamiento,No,54,1,0,1,0
CLI004130,Entrenamiento,Sí,38,5,0,1,0
CLI004131,Entrenamiento,No,35,4,0,0,0
CLI004132,Prueba,No,31,2,0,1,0
CLI004133,Entrenamiento,No,49,15,0,0,0
CLI004134,Entrenamiento,No,32,1,0,1,0
CLI004135,Entrenamiento,No,33,14,0,1,0
CLI004136,Prueba,Sí,38,1,0,0,0
CLI004137,Entrenamiento,No,41,2,0,1,0
CLI004138,Entrenamiento,No,33,1,0,0,0
CLI004139,Entrenamiento,No,36,1,0,0,0
CLI004140,Prueba,No,44,1,0,0,0
CLI004141,Entrenamiento,No,35,1,0,1,0
CLI004142,Entrenamiento,No,34,2,0,0,0
CLI004143,Entrenamiento,No,42,1,0,0,0
CLI004144,Prueba,No,33,3,0,1,0
CLI004145,Entrenamiento,No,28,2,0,0,0
CLI004146,Entrenamiento,No,34,1,0,0,0
CLI004148,Prueba,No,31,2,0,0,0
CLI004149,Entrenamiento,No,47,2,0,1,0
CLI004150,Entrenamiento,No,59,2,0,1,0
CLI004151,Entrenamiento,No,57,1,0,0,0
CLI004153,Entrenamiento,No,57,6,0,1,0
CLI004155,Entrenamiento,No,30,3,0,0,0
CLI004156,Prueba,No,45,3,0,1,0
CLI004157,Entrenamiento,Sí,43,2,0,0,0
CLI004158,Entrenamiento,No,36,4,0,1,0
CLI004159,Entrenamiento,No,38,2,0,0,0
CLI004160,Prueba,No,32,9,1,1,0
CLI004161,Entrenamiento,No,26,1,1,1,0
CLI004162,Entrenamiento,No,56,1,0,1,0
CLI004163,Entrenamiento,No,36,1,0,1,0
CLI004164,Prueba,Sí,48,3,0,1,0
CLI004167,Entrenamiento,No,54,2,0,1,0
CLI004168,Prueba,No,39,1,0,0,0
CLI004169,Entrenamiento,No,46,1,0,0,0
CLI004170,Entrenamiento,No,36,13,0,1,0
CLI004171,Entrenamiento,No,45,2,0,1,0
CLI004173,Entrenamiento,No,33,7,0,1,0
CLI004175,Entrenamiento,No,35,1,0,0,0
CLI004176,Prueba,No,38,9,0,1,0
CLI004177,Entrenamiento,No,51,6,0,0,0
CLI004178,Entrenamiento,No,58,5,0,0,0
CLI004179,Entrenamiento,No,31,1,0,1,0
CLI004180,Prueba,Sí,34,3,3,1,0
CLI004181,Entrenamiento,No,22,1,0,1,0
CLI004182,Entrenamiento,No,42,9,0,1,0
CLI004183,Entrenamiento,No,52,1,2,1,1
CLI004184,Prueba,No,37,1,0,1,0
CLI004185,Entrenamiento,No,46,1,0,0,0
CLI004186,Entrenamiento,No,49,12,0,0,0
CLI004187,Entrenamiento,No,52,3,0,1,0
CLI004188,Prueba,No,44,3,0,1,0
CLI004189,Entrenamiento,No,44,1,0,1,0
CLI004190,Entrenamiento,No,29,6,0,1,0
CLI004191,Entrenamiento,No,33,1,0,1,0
CLI004192,Prueba,No,33,2,0,0,0
CLI004193,Entrenamiento,No,31,5,0,1,0
CLI004194,Entrenamiento,No,26,2,0,1,0
CLI004195,Entrenamiento,No,45,1,0,1,0
CLI004196,Prueba,No,29,1,0,1,0
CLI004197,Entrenamiento,No,40,1,0,1,0
CLI004198,Entrenamiento,No,59,3,0,0,0
CLI004199,Entrenamiento,Sí,47,2,0,1,0
CLI004200,Prueba,No,48,1,0,1,0
CLI004201,Entrenamiento,No,47,1,0,1,0
CLI004202,Entrenamiento,No,27,1,0,0,0
CLI004204,Prueba,No,26,2,0,1,0
CLI004205,Entrenamiento,No,24,5,0,0,0
CLI004207,Entrenamiento,No,42,5,0,1,0
CLI004208,Prueba,No,25,7,0,1,0
CLI004209,Entrenamiento,No,47,3,0,1,0
CLI004210,Entrenamiento,No,36,3,1,1,0
CLI004211,Entrenamiento,No,35,8,1,1,1
CLI004212,Prueba,No,33,2,0,0,0
CLI004213,Entrenamiento,No,24,3,0,1,0
CLI004214,Entrenamiento,No,55,2,0,1,0
CLI004215,Entrenamiento,No,29,2,0,1,0
CLI004216,Prueba,No,31,1,0,0,0
CLI004217,Entrenamiento,No,40,1,0,1,0
CLI004218,Entrenamiento,Sí,55,2,0,1,0
CLI004219,Entrenamiento,No,30,1,0,1,0
CLI004220,Prueba,No,42,1,0,0,0
CLI004221,Entrenamiento,No,34,1,0,0,0
CLI004222,Entrenamiento,No,27,2,0,0,0
CLI004223,Entrenamiento,No,30,8,0,0,0
CLI004224,Prueba,No,37,1,0,1,0
CLI004225,Entrenamiento,No,56,2,0,1,0
CLI004226,Entrenamiento,No,45,2,0,0,0
CLI004227,Entrenamiento,No,29,2,0,0,0
CLI004229,Entrenamiento,No,39,1,0,1,0
CLI004230,Entrenamiento,No,25,2,0,0,0
CLI004231,Entrenamiento,No,37,2,0,1,0
CLI004232,Prueba,No,38,2,0,1,0
CLI004233,Entrenamiento,No,46,1,0,1,0
CLI004234,Entrenamiento,Sí,36,1,0,1,0
CLI004235,Entrenamiento,No,36,1,0,1,0
CLI004236,Prueba,No,47,1,1,1,0
CLI004237,Entrenamiento,No,62,2,1,1,0
CLI004238,Entrenamiento,Sí,39,3,0,1,0
CLI004239,Entrenamiento,No,38,1,0,1,0
CLI004240,Prueba,Sí,57,2,2,1,1
CLI004241,Entrenamiento,No,34,1,0,1,0
CLI004242,Entrenamiento,No,39,2,1,1,0
CLI004243,Entrenamiento,No,39,2,0,0,0
CLI004245,Entrenamiento,No,34,1,0,1,0
CLI004246,Entrenamiento,No,38,1,1,1,0
CLI004247,Entrenamiento,No,35,1,0,1,0
CLI004248,Prueba,No,57,4,0,0,0
CLI004249,Entrenamiento,No,51,3,0,0,0
CLI004250,Entrenamiento,No,57,3,0,1,0
CLI004251,Entrenamiento,No,38,1,0,1,0
CLI004252,Prueba,No,49,1,0,0,0
CLI004253,Entrenamiento,Sí,25,2,0,1,0
CLI004254,Entrenamiento,No,38,1,0,1,0
CLI004256,Prueba,Sí,72,2,0,1,0
CLI004257,Entrenamiento,No,29,2,0,1,0
CLI004258,Entrenamiento,No,28,1,0,1,0
CLI004259,Entrenamiento,No,41,1,0,1,0
CLI004261,Entrenamiento,No,49,9,0,1,0
CLI004262,Entrenamiento,No,48,1,0,1,0
CLI004263,Entrenamiento,No,50,2,0,1,0
CLI004264,Prueba,No,69,1,1,1,0
CLI004265,Entrenamiento,No,34,1,0,0,0
CLI004266,Entrenamiento,Sí,24,2,0,0,0
CLI004267,Entrenamiento,No,58,1,2,1,0
CLI004269,Entrenamiento,No,41,1,0,0,0
CLI004270,Entrenamiento,No,56,2,0,1,0
CLI004271,Entrenamiento,No,30,6,0,0,0
CLI004272,Prueba,No,30,1,0,1,0
CLI004273,Entrenamiento,No,41,1,0,1,0
CLI004275,Entrenamiento,No,33,3,0,0,0
CLI004276,Prueba,No,58,1,0,0,0
CLI004277,Entrenamiento,No,29,2,0,1,0
CLI004278,Entrenamiento,No,57,1,0,1,0
CLI004279,Entrenamiento,No,25,1,0,1,0
CLI004280,Prueba,No,49,1,0,0,0
CLI004282,Entrenamiento,No,58,1,0,1,0
CLI004283,Entrenamiento,No,26,1,0,1,0
CLI004285,Entrenamiento,No,37,1,0,1,0
CLI004287,Entrenamiento,No,33,3,0,1,0
CLI004288,Prueba,No,57,2,0,0,0
CLI004289,Entrenamiento,No,45,2,0,0,0
CLI004290,Entrenamiento,Sí,46,2,0,1,0
CLI004291,Entrenamiento,No,32,3,0,0,0
CLI004292,Prueba,No,49,1,0,1,0
CLI004293,Entrenamiento,No,38,1,0,0,0
CLI004294,Entrenamiento,No,39,2,0,1,0
CLI004295,Entrenamiento,No,36,1,0,1,0
CLI004296,Prueba,No,28,1,0,1,0
CLI004297,Entrenamiento,Sí,47,1,0,1,0
CLI004298,Entrenamiento,No,38,6,0,1,0
CLI004299,Entrenamiento,No,49,4,1,1,0
CLI004300,Prueba,No,30,1,0,0,0
CLI004301,Entrenamiento,No,45,1,0,0,0
CLI004302,Entrenamiento,No,41,2,0,1,0
CLI004303,Entrenamiento,Sí,28,2,0,0,0
CLI004305,Entrenamiento,No,48,2,1,1,0
CLI004306,Entrenamiento,No,32,2,0,1,0
CLI004308,Prueba,No,48,2,1,1,0
CLI004309,Entrenamiento,No,25,2,0,0,0
CLI004311,Entrenamiento,Sí,52,1,0,1,0
CLI004312,Prueba,No,32,2,1,1,1
CLI004313,Entrenamiento,No,34,3,1,1,0
CLI004315,Entrenamiento,No,29,1,0,0,0
CLI004316,Prueba,No,33,4,0,0,0
CLI004318,Entrenamiento,No,31,4,0,0,0
CLI004320,Prueba,No,37,7,1,1,0
CLI004321,Entrenamiento,No,40,29,0,0,0
CLI004322,Entrenamiento,No,52,1,0,1,0
CLI004323,Entrenamiento,No,33,2,0,0,0
CLI004324,Prueba,No,38,2,0,0,0
CLI004325,Entrenamiento,Sí,36,3,0,0,0
CLI004326,Entrenamiento,No,31,4,0,1,0
CLI004327,Entrenamiento,No,53,2,1,1,0
CLI004328,Prueba,No,47,12,0,0,0
CLI004329,Entrenamiento,No,33,1,0,1,0
CLI004330,Entrenamiento,Sí,55,1,1,0,1
CLI004331,Entrenamiento,No,34,3,1,1,0
CLI004332,Prueba,No,49,1,0,1,0
CLI004333,Entrenamiento,No,39,2,0,1,0
CLI004334,Entrenamiento,No,44,1,0,1,0
CLI004336,Prueba,No,56,2,0,0,0
CLI004337,Entrenamiento,No,46,6,0,0,0
CLI004338,Entrenamiento,No,34,1,0,1,0
CLI004339,Entrenamiento,No,49,2,0,1,0
CLI004340,Prueba,No,31,1,0,1,0
CLI004341,Entrenamiento,No,31,1,0,1,0
CLI004343,Entrenamiento,No,32,1,0,0,0
CLI004344,Prueba,No,49,1,0,1,0
CLI004345,Entrenamiento,No,35,8,0,0,0
CLI004346,Entrenamiento,No,31,1,0,1,0
CLI004347,Entrenamiento,Sí,48,2,0,1,0
CLI004348,Prueba,No,38,2,0,1,0
CLI004349,Entrenamiento,No,36,1,0,1,0
CLI004350,Entrenamiento,No,35,1,1,1,0
CLI004351,Entrenamiento,No,60,1,0,1,0
CLI004352,Prueba,No,31,9,0,1,0
CLI004353,Entrenamiento,No,40,3,0,1,0
CLI004354,Entrenamiento,No,30,1,0,0,0
CLI004355,Entrenamiento,No,51,1,0,1,0
CLI004356,Prueba,No,48,1,0,0,0
CLI004357,Entrenamiento,No,41,1,0,0,0
CLI004358,Entrenamiento,No,58,6,0,1,0
CLI004359,Entrenamiento,No,31,2,0,1,0
CLI004360,Prueba,No,32,1,0,0,0
CLI004361,Entrenamiento,No,58,6,0,0,0
CLI004362,Entrenamiento,No,47,3,0,1,0
CLI004363,Entrenamiento,No,31,4,0,0,0
CLI004364,Prueba,No,45,1,0,1,0
CLI004365,Entrenamiento,No,35,1,0,1,0
CLI004366,Entrenamiento,No,31,1,1,1,0
CLI004367,Entrenamiento,No,59,1,0,1,0
CLI004368,Prueba,No,48,4,0,0,0
CLI004369,Entrenamiento,Sí,50,6,1,1,1
CLI004370,Entrenamiento,No,39,1,0,0,0
CLI004371,Entrenamiento,No,37,1,0,1,0
CLI004372,Prueba,No,51,1,0,0,0
CLI004373,Entrenamiento,No,50,6,0,0,0
CLI004374,Entrenamiento,No,52,3,0,1,0
CLI004375,Entrenamiento,No,29,1,0,0,0
CLI004376,Prueba,No,41,1,0,1,0
CLI004377,Entrenamiento,No,68,2,0,1,0
CLI004378,Entrenamiento,No,59,2,1,1,0
CLI004379,Entrenamiento,No,31,6,0,1,0
CLI004380,Prueba,No,32,1,0,1,0
CLI004381,Entrenamiento,No,60,7,0,0,0
CLI004382,Entrenamiento,Sí,43,2,1,1,1
CLI004383,Entrenamiento,No,43,8,0,0,0
CLI004384,Prueba,No,27,1,2,1,0
CLI004385,Entrenamiento,No,46,2,0,0,0
CLI004386,Entrenamiento,No,37,3,0,1,0
CLI004388,Prueba,No,39,1,0,0,0
CLI004389,Entrenamiento,No,36,1,2,1,0
CLI004390,Entrenamiento,Sí,30,8,0,1,0
CLI004392,Prueba,No,43,10,0,0,0
CLI004393,Entrenamiento,No,30,8,0,0,0
CLI004394,Entrenamiento,No,41,3,0,1,0
CLI004396,Prueba,No,44,11,0,1,0
CLI004397,Entrenamiento,No,38,4,0,0,0
CLI004398,Entrenamiento,No,35,4,0,0,0
CLI004400,Prueba,No,42,2,0,0,0
CLI004401,Entrenamiento,No,48,1,0,1,0
CLI004403,Entrenamiento,No,37,1,0,1,0
CLI004404,Prueba,No,50,4,0,1,0
CLI004405,Entrenamiento,No,43,1,0,1,0
CLI004406,Entrenamiento,No,52,5,0,1,0
CLI004407,Entrenamiento,Sí,31,2,1,1,0
CLI004408,Prueba,Sí,43,1,1,1,0
CLI004409,Entrenamiento,Sí,28,1,0,1,0
CLI004410,Entrenamiento,No,34,1,0,0,0
CLI004411,Entrenamiento,Sí,28,1,0,0,0
CLI004412,Prueba,No,28,2,0,1,0
CLI004413,Entrenamiento,No,44,2,0,1,0
CLI004414,Entrenamiento,No,37,1,0,1,0
CLI004416,Prueba,No,35,1,0,1,0
CLI004417,Entrenamiento,No,36,2,0,1,0
CLI004418,Entrenamiento,No,33,1,1,0,0
CLI004419,Entrenamiento,No,35,4,0,0,0
CLI004420,Prueba,No,33,3,0,1,0
CLI004421,Entrenamiento,No,58,4,0,1,0
CLI004422,Entrenamiento,No,45,15,0,1,0
CLI004423,Entrenamiento,No,46,1,0,1,0
CLI004424,Prueba,No,33,2,0,0,0
CLI004425,Entrenamiento,No,37,2,0,1,0
CLI004426,Entrenamiento,No,35,3,0,1,0
CLI004427,Entrenamiento,No,45,2,0,0,0
CLI004428,Prueba,No,29,2,0,1,0
CLI004429,Entrenamiento,No,36,1,0,0,0
CLI004430,Entrenamiento,No,54,3,0,1,0
CLI004431,Entrenamiento,No,38,1,0,1,0
CLI004432,Prueba,Sí,34,1,2,1,0
CLI004433,Entrenamiento,No,26,3,0,0,0
CLI004434,Entrenamiento,Sí,53,1,0,1,0
CLI004435,Entrenamiento,No,33,2,0,0,0
CLI004437,Entrenamiento,No,31,2,0,0,0
CLI004438,Entrenamiento,No,35,3,0,0,0
CLI004440,Prueba,No,32,1,0,0,0
CLI004441,Entrenamiento,No,53,1,0,1,0
CLI004442,Entrenamiento,No,27,1,0,1,0
CLI004443,Entrenamiento,No,32,11,0,0,0
CLI004444,Prueba,No,47,2,0,1,0
CLI004446,Entrenamiento,No,28,3,0,1,0
CLI004447,Entrenamiento,No,41,3,0,1,0
CLI004448,Prueba,Sí,22,2,0,1,0
CLI004449,Entrenamiento,No,47,1,0,0,0
CLI004451,Entrenamiento,No,57,1,0,0,0
CLI004452,Prueba,No,40,1,0,0,0
CLI004453,Entrenamiento,No,59,27,0,0,0
CLI004454,Entrenamiento,No,42,2,0,1,0
CLI004455,Entrenamiento,No,59,1,0,1,0
CLI004456,Prueba,No,49,2,0,1,0
CLI004457,Entrenamiento,No,60,1,0,0,0
CLI004458,Entrenamiento,No,28,1,0,1,0
CLI004459,Entrenamiento,No,41,4,0,1,0
CLI004460,Prueba,No,31,1,1,1,0
CLI004461,Entrenamiento,No,40,2,0,0,0
CLI004462,Entrenamiento,No,31,6,0,0,0
CLI004463,Entrenamiento,No,24,1,4,1,0
CLI004464,Prueba,No,57,1,0,1,0
CLI004465,Entrenamiento,No,48,3,0,0,0
CLI004466,Entrenamiento,No,31,2,6,1,1
CLI004467,Entrenamiento,No,39,2,0,0,0
CLI004468,Prueba,No,35,4,0,0,0
CLI004469,Entrenamiento,No,51,2,0,1,0
CLI004471,Entrenamiento,No,40,2,0,1,0
CLI004472,Prueba,No,33,2,0,1,0
CLI004473,Entrenamiento,No,48,1,0,1,0
CLI004474,Entrenamiento,Sí,45,4,0,0,0
CLI004475,Entrenamiento,No,34,1,0,0,0
CLI004476,Prueba,No,43,1,0,0,0
CLI004477,Entrenamiento,No,31,2,0,1,0
CLI004478,Entrenamiento,No,48,2,0,0,0
CLI004479,Entrenamiento,No,54,1,1,1,0
CLI004480,Prueba,No,30,2,0,1,0
CLI004482,Entrenamiento,No,60,1,0,1,0
CLI004484,Prueba,No,33,3,0,0,0
CLI004485,Entrenamiento,No,35,2,0,0,0
CLI004486,Entrenamiento,No,29,1,1,1,0
CLI004487,Entrenamiento,No,31,8,0,0,0
CLI004488,Prueba,No,34,1,0,0,0
CLI004489,Entrenamiento,No,43,2,0,0,0
CLI004490,Entrenamiento,No,33,1,0,0,0
CLI004491,Entrenamiento,No,39,5,0,0,0
CLI004492,Prueba,No,36,1,0,1,0
CLI004493,Entrenamiento,No,30,3,0,0,0
CLI004494,Entrenamiento,No,42,3,0,1,0
CLI004495,Entrenamiento,No,41,3,0,0,0
CLI004496,Prueba,No,43,4,0,1,0
CLI004497,Entrenamiento,No,37,1,0,1,0
CLI004498,Entrenamiento,No,28,1,0,1,0
CLI004499,Entrenamiento,No,43,18,0,0,0
CLI004500,Prueba,No,51,1,1,1,0
CLI004502,Entrenamiento,No,39,1,1,1,1
CLI004503,Entrenamiento,No,37,3,0,0,0
CLI004504,Prueba,No,53,10,0,0,0
CLI004505,Entrenamiento,No,59,2,0,0,0
CLI004506,Entrenamiento,No,40,1,0,1,0
CLI004507,Entrenamiento,No,57,2,0,0,0
CLI004508,Prueba,No,35,2,0,1,0
CLI004509,Entrenamiento,No,38,2,0,0,0
CLI004511,Entrenamiento,No,37,1,0,1,0
CLI004512,Prueba,No,31,1,0,0,0
CLI004513,Entrenamiento,No,44,2,0,0,0
CLI004514,Entrenamiento,No,46,3,0,1,0
CLI004515,Entrenamiento,Sí,34,1,2,1,1
CLI004516,Prueba,No,57,1,0,0,0
CLI004517,Entrenamiento,No,50,3,0,1,0
CLI004518,Entrenamiento,No,37,1,1,1,0
CLI004519,Entrenamiento,No,27,3,0,1,0
CLI004521,Entrenamiento,No,38,5,0,1,0
CLI004523,Entrenamiento,No,35,3,0,0,0
CLI004524,Prueba,No,37,5,0,1,0
CLI004525,Entrenamiento,No,38,2,0,0,0
CLI004526,Entrenamiento,No,88,2,0,1,0
CLI004527,Entrenamiento,No,60,5,0,0,0
CLI004528,Prueba,No,40,2,2,1,0
CLI004530,Entrenamiento,No,24,13,0,1,0
CLI004531,Entrenamiento,No,24,3,0,1,0
CLI004532,Prueba,No,36,1,0,0,0
CLI004533,Entrenamiento,No,44,1,0,1,0
CLI004535,Entrenamiento,Sí,32,2,0,0,0
CLI004536,Prueba,No,45,1,0,1,0
CLI004537,Entrenamiento,No,63,1,0,0,0
CLI004538,Entrenamiento,No,42,1,0,0,0
CLI004539,Entrenamiento,No,26,1,0,1,0
CLI004540,Prueba,No,52,3,0,1,0
CLI004541,Entrenamiento,No,42,2,1,0,0
CLI004542,Entrenamiento,No,49,1,1,1,0
CLI004543,Entrenamiento,No,35,31,0,0,0
CLI004544,Prueba,No,41,2,0,1,0
CLI004545,Entrenamiento,No,30,5,0,1,0
CLI004546,Entrenamiento,No,39,1,0,0,0
CLI004547,Entrenamiento,No,34,1,0,1,0
CLI004549,Entrenamiento,No,32,5,0,1,0
CLI004550,Entrenamiento,No,42,1,1,1,0
CLI004551,Entrenamiento,Sí,33,1,0,1,0
CLI004552,Prueba,No,51,2,0,0,0
CLI004554,Entrenamiento,No,42,1,0,1,0
CLI004556,Prueba,No,50,5,0,1,0
CLI004557,Entrenamiento,No,37,3,0,0,0
CLI004558,Entrenamiento,No,34,1,0,0,0
CLI004559,Entrenamiento,No,59,1,0,0,0
CLI004560,Prueba,No,44,1,0,1,0
CLI004561,Entrenamiento,Sí,29,3,2,1,1
CLI004562,Entrenamiento,No,37,3,0,1,0
CLI004564,Prueba,No,40,2,0,1,0
CLI004565,Entrenamiento,No,42,2,0,0,0
CLI004566,Entrenamiento,No,44,4,0,1,0
CLI004567,Entrenamiento,No,26,4,1,0,0
CLI004568,Prueba,No,34,2,1,1,0
CLI004569,Entrenamiento,No,52,1,0,1,0
CLI004570,Entrenamiento,No,30,1,0,1,0
CLI004571,Entrenamiento,No,33,1,0,0,0
CLI004572,Prueba,Sí,34,3,1,0,0
CLI004573,Entrenamiento,No,33,3,0,0,0
CLI004574,Entrenamiento,No,51,7,0,0,0
CLI004575,Entrenamiento,No,25,2,0,1,0
CLI004576,Prueba,No,33,2,0,1,0
CLI004577,Entrenamiento,No,39,1,1,1,0
CLI004579,Entrenamiento,No,35,1,0,0,0
CLI004581,Entrenamiento,No,41,3,0,0,0
CLI004582,Entrenamiento,No,50,5,0,1,0
CLI004583,Entrenamiento,No,61,1,0,1,0
CLI004584,Prueba,No,27,9,0,0,0
CLI004585,Entrenamiento,No,33,1,0,1,0
CLI004586,Entrenamiento,No,64,1,1,1,0
CLI004587,Entrenamiento,No,37,1,0,0,0
CLI004588,Prueba,No,33,2,1,1,0
CLI004589,Entrenamiento,No,52,2,0,1,0
CLI004590,Entrenamiento,No,33,4,1,1,0
CLI004591,Entrenamiento,No,38,1,0,0,0
CLI004592,Prueba,No,38,2,0,0,0
CLI004593,Entrenamiento,No,26,2,0,0,0
CLI004595,Entrenamiento,No,27,6,0,0,0
CLI004596,Prueba,No,42,2,0,0,0
CLI004597,Entrenamiento,No,55,2,0,1,0
CLI004599,Entrenamiento,No,49,1,1,1,0
CLI004600,Prueba,No,46,2,0,1,0
CLI004601,Entrenamiento,No,53,1,0,0,0
CLI004602,Entrenamiento,No,29,2,0,0,0
CLI004603,Entrenamiento,No,31,2,2,1,0
CLI004604,Prueba,No,54,1,0,1,0
CLI004605,Entrenamiento,No,47,2,0,1,0
CLI004606,Entrenamiento,No,36,2,1,1,0
CLI004607,Entrenamiento,No,51,1,1,1,0
CLI004608,Prueba,No,28,1,0,0,0
CLI004609,Entrenamiento,No,27,1,0,1,0
CLI004610,Entrenamiento,No,48,1,0,0,0
CLI004611,Entrenamiento,Sí,37,2,0,0,0
CLI004613,Entrenamiento,Sí,24,9,0,1,0
CLI004614,Entrenamiento,Sí,28,2,0,1,0
CLI004615,Entrenamiento,No,37,2,0,0,0
CLI004616,Prueba,No,50,2,0,0,0
CLI004617,Entrenamiento,No,58,1,0,0,0
CLI004618,Entrenamiento,No,46,8,0,0,0
CLI004619,Entrenamiento,No,48,3,0,1,0
CLI004620,Prueba,No,53,1,0,1,0
CLI004621,Entrenamiento,No,26,4,0,1,0
CLI004622,Entrenamiento,No,39,2,0,0,0
CLI004623,Entrenamiento,No,32,1,0,0,0
CLI004624,Prueba,No,38,1,0,0,0
CLI004625,Entrenamiento,No,35,3,0,0,0
CLI004627,Entrenamiento,No,47,2,0,0,0
CLI004628,Prueba,No,37,1,1,1,0
CLI004629,Entrenamiento,No,28,2,0,1,0
CLI004630,Entrenamiento,Sí,28,2,2,1,1
CLI004632,Prueba,No,43,2,0,1,0
CLI004634,Entrenamiento,No,30,1,0,0,0
CLI004635,Entrenamiento,No,42,1,0,1,0
CLI004636,Prueba,No,44,2,0,1,0
CLI004637,Entrenamiento,No,45,2,0,0,0
CLI004639,Entrenamiento,No,51,4,0,0,0
CLI004640,Prueba,No,34,4,0,0,0
CLI004642,Entrenamiento,No,48,2,0,0,0
CLI004643,Entrenamiento,Sí,41,2,0,1,0
CLI004644,Prueba,No,28,1,0,0,0
CLI004645,Entrenamiento,No,54,1,0,1,0
CLI004646,Entrenamiento,No,31,1,0,1,0
CLI004647,Entrenamiento,No,36,1,1,1,0
CLI004648,Prueba,No,57,1,0,0,0
CLI004649,Entrenamiento,No,32,1,0,1,0
CLI004650,Entrenamiento,No,35,1,0,0,0
CLI004652,Prueba,No,32,1,0,1,0
CLI004653,Entrenamiento,No,35,1,0,0,0
CLI004654,Entrenamiento,No,56,3,0,1,0
CLI004655,Entrenamiento,No,34,1,0,0,0
CLI004656,Prueba,Sí,32,1,0,1,0
CLI004657,Entrenamiento,No,45,1,0,0,0
CLI004658,Entrenamiento,No,39,2,0,0,0
CLI004659,Entrenamiento,No,26,3,0,1,0
CLI004660,Prueba,No,49,1,0,0,0
CLI004661,Entrenamiento,No,45,1,0,1,0
CLI004662,Entrenamiento,No,40,2,0,0,0
CLI004664,Prueba,No,28,3,0,0,0
CLI004665,Entrenamiento,No,26,17,0,1,0
CLI004666,Entrenamiento,No,38,1,1,0,0
CLI004667,Entrenamiento,No,53,2,0,1,0
CLI004668,Prueba,No,39,2,0,0,0
CLI004669,Entrenamiento,No,35,2,0,1,0
CLI004671,Entrenamiento,No,28,2,0,0,0
CLI004672,Prueba,No,34,2,0,1,0
CLI004673,Entrenamiento,No,37,1,0,1,0
CLI004674,Entrenamiento,No,29,1,0,1,0
CLI004675,Entrenamiento,No,33,2,1,1,0
CLI004676,Prueba,No,29,1,0,0,0
CLI004677,Entrenamiento,No,31,2,0,0,0
CLI004678,Entrenamiento,No,36,2,0,0,0
CLI004679,Entrenamiento,No,29,4,0,1,0
CLI004681,Entrenamiento,No,62,2,0,1,0
CLI004682,Entrenamiento,No,35,1,0,0,0
CLI004683,Entrenamiento,No,33,1,0,1,0
CLI004684,Prueba,No,35,1,0,1,0
CLI004685,Entrenamiento,No,55,3,0,0,0
CLI004686,Entrenamiento,Sí,36,1,1,1,1
CLI004687,Entrenamiento,No,39,1,0,1,0
CLI004688,Prueba,No,39,1,0,1,0
CLI004690,Entrenamiento,No,28,2,0,0,0
CLI004692,Prueba,Sí,48,1,2,1,1
CLI004693,Entrenamiento,No,33,1,0,1,0
CLI004694,Entrenamiento,No,45,3,0,0,0
CLI004695,Entrenamiento,Sí,32,1,0,1,0
CLI004696,Prueba,No,51,4,0,0,0
CLI004697,Entrenamiento,No,28,3,1,1,0
CLI004698,Entrenamiento,No,38,1,0,0,0
CLI004700,Prueba,No,36,1,0,1,0
CLI004701,Entrenamiento,No,27,3,0,0,0
CLI004702,Entrenamiento,No,40,1,0,0,0
CLI004703,Entrenamiento,No,48,3,0,1,0
CLI004704,Prueba,No,47,1,0,1,0
CLI004705,Entrenamiento,No,31,2,0,0,0
CLI004706,Entrenamiento,No,25,1,0,1,0
CLI004707,Entrenamiento,No,55,1,0,1,0
CLI004708,Prueba,Sí,43,1,0,1,0
CLI004711,Entrenamiento,No,57,2,0,0,0
CLI004713,Entrenamiento,No,40,3,1,1,1
CLI004715,Entrenamiento,No,52,1,0,1,0
CLI004716,Prueba,No,34,3,0,1,0
CLI004717,Entrenamiento,Sí,36,1,0,1,0
CLI004718,Entrenamiento,No,31,2,0,1,0
CLI004719,Entrenamiento,No,28,2,0,0,0
CLI004720,Prueba,No,35,1,0,1,0
CLI004722,Entrenamiento,No,55,2,0,0,0
CLI004723,Entrenamiento,No,41,1,0,0,0
CLI004724,Prueba,Sí,38,2,0,1,0
CLI004725,Entrenamiento,No,57,3,0,0,0
CLI004727,Entrenamiento,No,54,6,0,1,0
CLI004728,Prueba,No,30,1,1,1,0
CLI004729,Entrenamiento,No,29,2,0,1,0
CLI004730,Entrenamiento,No,44,4,0,1,0
CLI004731,Entrenamiento,No,30,3,0,1,0
CLI004732,Prueba,No,47,1,0,0,0
CLI004733,Entrenamiento,No,36,2,0,1,0
CLI004734,Entrenamiento,No,45,2,0,1,0
CLI004735,Entrenamiento,No,36,16,0,0,0
CLI004736,Prueba,No,32,12,0,0,0
CLI004737,Entrenamiento,No,53,1,0,0,0
CLI004739,Entrenamiento,No,57,1,0,0,0
CLI004740,Prueba,No,31,4,0,1,0
CLI004741,Entrenamiento,No,31,2,0,0,0
CLI004742,Entrenamiento,No,52,1,1,1,0
CLI004743,Entrenamiento,No,37,1,0,1,0
CLI004744,Prueba,No,50,1,0,0,0
CLI004745,Entrenamiento,No,50,3,0,0,0
CLI004746,Entrenamiento,No,41,1,0,1,0
CLI004747,Entrenamiento,No,30,1,0,1,0
CLI004748,Prueba,No,47,1,0,0,0
CLI004749,Entrenamiento,No,27,4,1,1,0
CLI004750,Entrenamiento,No,40,2,0,0,0
CLI004752,Prueba,No,32,1,0,0,0
CLI004753,Entrenamiento,Sí,51,1,1,1,1
CLI004754,Entrenamiento,No,38,1,0,1,0
CLI004755,Entrenamiento,No,39,1,0,1,0
CLI004757,Entrenamiento,No,36,1,0,0,0
CLI004758,Entrenamiento,No,36,1,1,1,0
CLI004760,Prueba,No,45,3,1,1,0
CLI004761,Entrenamiento,No,39,2,0,1,0
CLI004762,Entrenamiento,Sí,26,1,3,1,1
CLI004763,Entrenamiento,No,29,2,1,1,0
CLI004764,Prueba,No,39,1,0,1,0
CLI004765,Entrenamiento,No,25,8,1,1,1
CLI004766,Entrenamiento,No,52,6,0,1,0
CLI004769,Entrenamiento,No,36,1,0,1,0
CLI004770,Entrenamiento,No,37,3,0,0,0
CLI004771,Entrenamiento,No,39,1,0,0,0
CLI004772,Prueba,Sí,43,6,0,1,0
CLI004773,Entrenamiento,No,52,7,0,1,0
CLI004775,Entrenamiento,No,47,1,0,0,0
CLI004776,Prueba,No,39,3,0,0,0
CLI004777,Entrenamiento,No,45,3,0,1,0
CLI004778,Entrenamiento,No,30,1,0,1,0
CLI004780,Prueba,No,40,4,0,1,0
CLI004781,Entrenamiento,No,46,1,1,1,0
CLI004782,Entrenamiento,No,46,1,0,1,0
CLI004784,Prueba,No,31,2,0,0,0
CLI004785,Entrenamiento,No,57,1,0,1,0
CLI004786,Entrenamiento,No,43,3,0,1,0
CLI004787,Entrenamiento,No,25,4,0,0,0
CLI004788,Prueba,No,25,4,0,0,0
CLI004789,Entrenamiento,No,29,2,2,1,0
CLI004790,Entrenamiento,No,36,3,0,0,0
CLI004791,Entrenamiento,Sí,43,2,0,0,0
CLI004793,Entrenamiento,No,32,1,0,0,0
CLI004794,Entrenamiento,No,27,2,0,1,0
CLI004795,Entrenamiento,No,32,8,0,0,0
CLI004796,Prueba,No,34,5,0,1,0
CLI004797,Entrenamiento,No,59,2,0,0,0
CLI004798,Entrenamiento,No,24,2,0,1,0
CLI004799,Entrenamiento,Sí,77,1,4,1,0
CLI004800,Prueba,No,57,5,1,1,0
CLI004801,Entrenamiento,No,60,1,0,1,0
CLI004802,Entrenamiento,No,40,6,0,1,0
CLI004803,Entrenamiento,No,55,4,0,1,0
CLI004804,Prueba,No,33,1,0,0,0
CLI004808,Prueba,No,30,3,0,1,0
CLI004809,Entrenamiento,No,29,1,0,1,0
CLI004810,Entrenamiento,No,38,6,0,0,0
CLI004811,Entrenamiento,Sí,58,2,0,0,0
CLI004812,Prueba,No,49,1,0,1,0
CLI004813,Entrenamiento,No,39,2,0,1,0
CLI004814,Entrenamiento,No,45,4,0,1,0
CLI004815,Entrenamiento,No,25,2,0,1,0
CLI004816,Prueba,No,24,1,0,1,0
CLI004817,Entrenamiento,No,58,1,1,1,0
CLI004818,Entrenamiento,No,53,2,0,1,0
CLI004819,Entrenamiento,No,40,1,0,1,0
CLI004820,Prueba,No,60,3,0,0,0
CLI004821,Entrenamiento,No,42,2,0,1,0
CLI004822,Entrenamiento,No,31,3,0,1,0
CLI004823,Entrenamiento,No,31,3,0,0,0
CLI004824,Prueba,No,46,1,0,0,0
CLI004825,Entrenamiento,No,25,4,1,1,0
CLI004826,Entrenamiento,No,31,5,0,1,0
CLI004827,Entrenamiento,No,44,1,0,0,0
CLI004828,Prueba,Sí,45,1,0,1,0
CLI004829,Entrenamiento,No,31,1,0,1,0
CLI004830,Entrenamiento,No,32,1,0,1,0
CLI004831,Entrenamiento,No,43,1,0,0,0
CLI004832,Prueba,No,33,3,0,0,0
CLI004833,Entrenamiento,No,39,2,1,1,0
CLI004834,Entrenamiento,No,48,2,0,1,0
CLI004835,Entrenamiento,No,35,1,0,0,0
CLI004836,Prueba,No,34,3,0,0,0
CLI004837,Entrenamiento,No,37,1,0,0,0
CLI004838,Entrenamiento,No,59,5,0,0,0
CLI004839,Entrenamiento,No,38,2,0,1,0
CLI004841,Entrenamiento,Sí,30,3,0,1,0
CLI004842,Entrenamiento,No,34,2,0,0,0
CLI004843,Entrenamiento,Sí,29,1,0,1,0
CLI004844,Prueba,No,59,4,1,1,0
CLI004845,Entrenamiento,No,35,2,0,1,0
CLI004846,Entrenamiento,No,42,1,0,1,0
CLI004847,Entrenamiento,No,31,1,0,1,0
CLI004848,Prueba,No,48,2,2,1,1
CLI004849,Entrenamiento,No,31,2,0,0,0
CLI004850,Entrenamiento,Sí,47,3,1,1,0
CLI004851,Entrenamiento,No,28,9,0,0,0
CLI004852,Prueba,No,30,1,1,1,0
CLI004853,Entrenamiento,No,39,2,0,1,0
CLI004854,Entrenamiento,No,31,2,0,0,0
CLI004855,Entrenamiento,No,71,1,1,1,1
CLI004856,Prueba,No,39,5,0,0,0
CLI004857,Entrenamiento,No,51,1,0,0,0
CLI004858,Entrenamiento,No,52,2,0,0,0
CLI004859,Entrenamiento,No,66,1,1,1,0
CLI004860,Prueba,No,57,3,0,0,0
CLI004861,Entrenamiento,No,28,1,0,1,0
CLI004863,Entrenamiento,Sí,34,1,0,1,0
CLI004864,Prueba,No,27,4,0,0,0
CLI004865,Entrenamiento,No,34,1,0,1,0
CLI004866,Entrenamiento,No,30,1,0,0,0
CLI004867,Entrenamiento,No,57,1,0,0,0
CLI004868,Prueba,No,40,2,0,0,0
CLI004869,Entrenamiento,No,46,2,0,1,0
CLI004870,Entrenamiento,No,23,7,0,1,0
CLI004872,Prueba,No,34,1,0,0,0
CLI004873,Entrenamiento,No,26,2,0,0,0
CLI004874,Entrenamiento,Sí,35,2,2,1,0
CLI004875,Entrenamiento,No,36,3,0,0,0
CLI004876,Prueba,No,36,1,2,1,0
CLI004877,Entrenamiento,No,31,2,0,0,0
CLI004879,Entrenamiento,No,41,1,0,0,0
CLI004880,Prueba,No,51,2,0,0,0
CLI004882,Entrenamiento,No,35,3,0,1,0
CLI004883,Entrenamiento,No,44,2,0,0,0
CLI004884,Prueba,No,34,3,0,1,0
CLI004885,Entrenamiento,No,32,3,0,0,0
CLI004886,Entrenamiento,No,54,2,0,1,0
CLI004887,Entrenamiento,No,25,1,0,0,0
CLI004888,Prueba,No,46,1,0,0,0
CLI004889,Entrenamiento,No,51,1,0,1,0
CLI004890,Entrenamiento,No,32,2,0,1,0
CLI004891,Entrenamiento,No,34,2,0,0,0
CLI004892,Prueba,No,45,1,0,1,0
CLI004894,Entrenamiento,Sí,35,2,1,1,1
CLI004896,Prueba,No,49,1,1,1,0
CLI004897,Entrenamiento,No,43,6,0,0,0
CLI004898,Entrenamiento,Sí,48,2,0,1,0
CLI004899,Entrenamiento,Sí,32,3,0,1,0
CLI004900,Prueba,Sí,40,1,0,0,0
CLI004901,Entrenamiento,No,59,5,0,1,0
CLI004902,Entrenamiento,No,23,2,1,1,0
CLI004903,Entrenamiento,No,55,1,0,0,0
CLI004904,Prueba,No,32,2,0,1,0
CLI004905,Entrenamiento,No,40,2,0,1,0
CLI004906,Entrenamiento,Sí,69,1,0,1,0
CLI004907,Entrenamiento,No,53,2,0,1,0
CLI004908,Prueba,No,54,5,0,0,0
CLI004909,Entrenamiento,No,32,2,1,1,0
CLI004910,Entrenamiento,Sí,31,2,0,0,0
CLI004911,Entrenamiento,No,53,1,2,1,0
CLI004912,Prueba,No,33,3,0,1,0
CLI004913,Entrenamiento,No,40,3,0,1,0
CLI004915,Entrenamiento,Sí,47,4,0,0,0
CLI004916,Prueba,No,43,1,0,1,0
CLI004917,Entrenamiento,No,52,1,0,1,0
CLI004918,Entrenamiento,No,42,2,0,1,0
CLI004919,Entrenamiento,No,47,1,0,1,0
CLI004920,Prueba,No,41,4,0,0,0
CLI004921,Entrenamiento,No,41,4,1,1,0
CLI004922,Entrenamiento,No,33,1,0,0,0
CLI004923,Entrenamiento,No,53,2,0,1,0
CLI004924,Prueba,No,54,2,0,1,0
CLI004925,Entrenamiento,No,57,1,0,1,0
CLI004926,Entrenamiento,No,30,5,0,1,0
CLI004927,Entrenamiento,No,43,5,0,0,0
CLI004928,Prueba,No,57,1,0,0,0
CLI004929,Entrenamiento,No,34,1,0,1,0
CLI004930,Entrenamiento,No,39,1,0,1,0
CLI004931,Entrenamiento,No,52,3,0,1,0
CLI004932,Prueba,No,27,2,1,1,0
CLI004934,Entrenamiento,No,30,3,0,0,0
CLI004935,Entrenamiento,No,60,2,0,1,0
CLI004936,Prueba,Sí,37,1,0,1,0
CLI004937,Entrenamiento,No,33,1,0,1,0
CLI004938,Entrenamiento,No,41,1,0,0,0
CLI004939,Entrenamiento,No,28,2,0,1,0
CLI004940,Prueba,No,40,3,0,0,0
CLI004941,Entrenamiento,No,47,2,0,0,0
CLI004942,Entrenamiento,No,38,2,0,1,0
CLI004943,Entrenamiento,No,29,1,1,1,0
CLI004944,Prueba,No,54,2,0,1,0
CLI004946,Entrenamiento,No,30,2,0,1,0
CLI004947,Entrenamiento,No,38,2,0,0,0
CLI004948,Prueba,Sí,24,2,0,0,0
CLI004949,Entrenamiento,No,54,3,0,1,0
CLI004950,Entrenamiento,No,41,1,0,0,0
CLI004951,Entrenamiento,No,30,1,0,1,0
CLI004952,Prueba,No,34,7,0,1,0
CLI004953,Entrenamiento,No,46,1,0,1,0
CLI004954,Entrenamiento,No,51,6,4,1,0
CLI004955,Entrenamiento,Sí,42,1,1,1,1
CLI004956,Prueba,No,40,1,0,1,0
CLI004957,Entrenamiento,No,49,4,0,1,0
CLI004958,Entrenamiento,No,55,1,0,0,0
CLI004959,Entrenamiento,No,42,1,0,1,0
CLI004960,Prueba,No,30,1,0,1,0
CLI004961,Entrenamiento,No,31,1,0,1,0
CLI004962,Entrenamiento,No,31,1,0,1,0
CLI004963,Entrenamiento,No,34,1,0,1,0
CLI004964,Prueba,No,33,1,0,0,0
CLI004965,Entrenamiento,No,36,1,0,0,0
CLI004966,Entrenamiento,Sí,30,5,2,1,0
CLI004968,Prueba,No,46,1,0,1,0
CLI004969,Entrenamiento,No,38,2,0,0,0
CLI004972,Prueba,No,37,6,0,1,0
CLI004973,Entrenamiento,No,37,2,0,0,0
CLI004974,Entrenamiento,No,34,1,0,1,0
CLI004975,Entrenamiento,No,47,1,0,0,0
CLI004976,Prueba,No,50,1,0,1,0
CLI004977,Entrenamiento,No,42,6,0,1,0
CLI004978,Entrenamiento,Sí,58,2,1,1,0
CLI004979,Entrenamiento,No,31,1,0,0,0
CLI004980,Prueba,Sí,35,2,0,1,0
CLI004981,Entrenamiento,No,47,5,0,1,0
CLI004982,Entrenamiento,No,59,2,0,0,0
CLI004983,Entrenamiento,No,32,1,0,1,0
CLI004984,Prueba,No,59,1,0,0,0
CLI004985,Entrenamiento,No,35,3,0,1,0
CLI004986,Entrenamiento,No,42,2,0,1,0
CLI004987,Entrenamiento,No,32,3,0,0,0
CLI004988,Prueba,No,54,3,0,0,0
CLI004990,Entrenamiento,No,31,3,0,1,0
CLI004991,Entrenamiento,No,48,1,0,1,0
CLI004992,Prueba,No,37,3,0,0,0
CLI004993,Entrenamiento,No,32,2,0,0,0
CLI004994,Entrenamiento,No,25,7,1,1,0
CLI004995,Entrenamiento,No,34,4,0,1,0
CLI004996,Prueba,No,50,1,0,1,0
CLI004997,Entrenamiento,No,36,1,0,0,0
CLI004999,Entrenamiento,No,63,1,0,1,0
CLI005000,Prueba,No,31,2,0,1,0
CLI005001,Entrenamiento,No,35,2,0,0,0
CLI005002,Entrenamiento,No,26,5,0,1,0
CLI005003,Entrenamiento,No,51,2,0,0,0
CLI005004,Prueba,No,42,7,0,0,0
CLI005005,Entrenamiento,No,27,3,0,1,0
CLI005006,Entrenamiento,No,45,1,0,0,0
CLI005007,Entrenamiento,No,40,1,0,0,0
CLI005008,Prueba,No,29,2,1,1,0
CLI005009,Entrenamiento,No,35,1,0,1,0
CLI005010,Entrenamiento,No,42,7,0,0,0
CLI005011,Entrenamiento,Sí,41,2,3,1,0
CLI005012,Prueba,No,35,2,0,1,0
CLI005013,Entrenamiento,No,40,3,1,1,0
CLI005014,Entrenamiento,No,31,3,0,1,0
CLI005015,Entrenamiento,No,31,1,0,0,0
CLI005016,Prueba,No,34,1,0,1,0
CLI005017,Entrenamiento,Sí,51,2,0,0,0
CLI005018,Entrenamiento,No,48,1,1,1,0
CLI005019,Entrenamiento,No,41,1,0,0,0
CLI005020,Prueba,No,31,1,1,1,0
CLI005021,Entrenamiento,No,37,2,0,0,0
CLI005022,Entrenamiento,No,49,2,0,1,0
CLI005023,Entrenamiento,No,51,3,0,0,0
CLI005025,Entrenamiento,No,28,1,0,0,0
CLI005026,Entrenamiento,No,29,1,1,1,0
CLI005027,Entrenamiento,No,35,2,0,0,0
CLI005028,Prueba,Sí,29,3,0,1,0
CLI005029,Entrenamiento,No,52,1,0,1,0
CLI005030,Entrenamiento,No,54,2,0,1,0
CLI005031,Entrenamiento,No,57,8,0,1,0
CLI005032,Prueba,No,37,3,0,0,0
CLI005033,Entrenamiento,No,38,1,0,0,0
CLI005034,Entrenamiento,No,39,1,0,1,0
CLI005035,Entrenamiento,No,27,1,0,1,0
CLI005036,Prueba,No,34,2,0,0,0
CLI005037,Entrenamiento,No,49,2,0,1,0
CLI005039,Entrenamiento,No,34,1,0,1,0
CLI005040,Prueba,No,44,2,0,1,0
CLI005041,Entrenamiento,No,49,1,0,0,0
CLI005042,Entrenamiento,No,22,1,2,1,0
CLI005043,Entrenamiento,Sí,60,4,0,1,0
CLI005044,Prueba,No,41,1,0,1,0
CLI005045,Entrenamiento,No,43,2,0,0,0
CLI005047,Entrenamiento,Sí,36,2,0,1,0
CLI005048,Prueba,No,45,1,0,1,0
CLI005049,Entrenamiento,No,48,1,0,1,0
CLI005050,Entrenamiento,No,34,2,1,1,0
CLI005051,Entrenamiento,Sí,30,3,0,1,0
CLI005052,Prueba,No,48,3,1,1,0
CLI005053,Entrenamiento,No,36,2,0,1,0
CLI005054,Entrenamiento,Sí,46,4,1,1,0
CLI005055,Entrenamiento,No,43,1,0,0,0
CLI005056,Prueba,No,32,3,0,1,0
CLI005057,Entrenamiento,No,43,28,0,1,0
CLI005058,Entrenamiento,No,31,2,0,1,0
CLI005059,Entrenamiento,No,43,1,0,0,0
CLI005060,Prueba,No,48,5,0,1,0
CLI005061,Entrenamiento,No,47,10,0,0,0
CLI005062,Entrenamiento,Sí,32,1,0,1,0
CLI005063,Entrenamiento,No,31,3,0,1,0
CLI005064,Prueba,No,43,2,0,1,0
CLI005065,Entrenamiento,No,34,3,0,1,0
CLI005066,Entrenamiento,No,58,5,0,1,0
CLI005067,Entrenamiento,Sí,27,2,0,1,0
CLI005068,Prueba,No,25,2,0,0,0
CLI005069,Entrenamiento,No,64,1,1,1,0
CLI005071,Entrenamiento,No,41,2,0,1,0
CLI005072,Prueba,No,51,1,1,1,0
CLI005073,Entrenamiento,No,43,2,0,0,0
CLI005074,Entrenamiento,No,50,2,0,1,0
CLI005075,Entrenamiento,No,27,1,0,1,0
CLI005076,Prueba,No,40,2,0,1,0
CLI005078,Entrenamiento,No,35,3,0,1,0
CLI005079,Entrenamiento,No,31,1,0,1,0
CLI005080,Prueba,No,32,3,0,0,0
CLI005081,Entrenamiento,No,37,2,0,0,0
CLI005082,Entrenamiento,No,54,1,0,1,0
CLI005083,Entrenamiento,No,37,2,0,0,0
CLI005085,Entrenamiento,No,38,2,0,0,0
CLI005086,Entrenamiento,No,25,1,0,0,0
CLI005089,Entrenamiento,No,39,4,0,0,0
CLI005090,Entrenamiento,No,40,5,0,0,0
CLI005091,Entrenamiento,No,31,5,0,0,0
CLI005092,Prueba,No,35,1,0,0,0
CLI005094,Entrenamiento,No,26,1,0,1,0
CLI005095,Entrenamiento,Sí,40,2,0,0,0
CLI005096,Prueba,No,32,2,0,1,0
CLI005097,Entrenamiento,No,41,1,0,1,0
CLI005098,Entrenamiento,No,53,1,0,1,0
CLI005099,Entrenamiento,No,36,1,0,1,0
CLI005100,Prueba,No,27,5,1,0,0
CLI005101,Entrenamiento,No,48,1,0,1,0
CLI005102,Entrenamiento,No,30,6,0,1,0
CLI005103,Entrenamiento,No,43,1,0,1,0
CLI005104,Prueba,No,35,2,0,1,0
CLI005106,Entrenamiento,No,40,1,0,1,0
CLI005107,Entrenamiento,No,44,4,0,1,0
CLI005109,Entrenamiento,Sí,33,1,0,1,0
CLI005110,Entrenamiento,Sí,28,1,0,0,0
CLI005111,Entrenamiento,No,33,1,0,1,0
CLI005112,Prueba,No,32,3,0,1,0
CLI005115,Entrenamiento,Sí,38,3,0,0,0
CLI005117,Entrenamiento,No,51,1,0,1,0
CLI005118,Entrenamiento,Sí,25,1,0,1,0
CLI005121,Entrenamiento,Sí,44,1,1,1,0
CLI005122,Entrenamiento,No,37,3,0,1,0
CLI005123,Entrenamiento,No,22,1,0,0,0
CLI005124,Prueba,Sí,38,1,0,0,0
CLI005126,Entrenamiento,No,47,3,0,1,0
CLI005127,Entrenamiento,No,50,1,0,1,0
CLI005128,Prueba,No,32,2,0,1,0
CLI005129,Entrenamiento,No,18,1,0,0,0
CLI005130,Entrenamiento,No,33,5,0,0,0
CLI005131,Entrenamiento,No,58,1,1,1,0
CLI005132,Prueba,No,59,2,0,0,0
CLI005133,Entrenamiento,No,33,11,0,1,0
CLI005134,Entrenamiento,No,50,1,1,1,0
CLI005135,Entrenamiento,No,32,4,0,1,0
CLI005137,Entrenamiento,No,44,3,0,1,0
CLI005138,Entrenamiento,No,28,2,0,0,0
CLI005139,Entrenamiento,No,38,1,1,1,0
CLI005140,Prueba,No,31,4,0,1,0
CLI005142,Entrenamiento,No,36,1,0,1,0
CLI005143,Entrenamiento,No,28,1,1,1,0
CLI005144,Prueba,No,40,1,0,0,0
CLI005145,Entrenamiento,No,19,1,1,1,0
CLI005146,Entrenamiento,No,30,9,0,1,0
CLI005147,Entrenamiento,Sí,81,1,2,1,0
CLI005148,Prueba,No,28,1,0,1,0
CLI005149,Entrenamiento,No,82,3,0,1,0
CLI005150,Entrenamiento,No,34,2,2,1,0
CLI005151,Entrenamiento,No,38,2,0,0,0
CLI005152,Prueba,No,32,1,0,1,0
CLI005153,Entrenamiento,No,44,12,0,1,0
CLI005154,Entrenamiento,No,31,3,1,1,0
CLI005156,Prueba,No,39,3,0,0,0
CLI005157,Entrenamiento,No,29,2,0,1,0
CLI005158,Entrenamiento,No,23,2,0,1,0
CLI005159,Entrenamiento,Sí,41,1,0,1,0
CLI005160,Prueba,No,36,3,0,1,0
CLI005161,Entrenamiento,No,31,6,0,0,0
CLI005162,Entrenamiento,No,48,1,0,0,0
CLI005165,Entrenamiento,No,36,2,0,0,0
CLI005166,Entrenamiento,No,41,2,0,1,0
CLI005167,Entrenamiento,No,31,3,2,1,0
CLI005168,Prueba,No,33,2,0,1,0
CLI005169,Entrenamiento,No,42,2,0,0,0
CLI005170,Entrenamiento,No,49,13,0,0,0
CLI005171,Entrenamiento,No,48,5,0,0,0
CLI005173,Entrenamiento,No,45,5,0,1,0
CLI005174,Entrenamiento,Sí,38,1,0,0,0
CLI005175,Entrenamiento,No,33,2,0,1,0
CLI005176,Prueba,No,28,3,0,0,0
CLI005178,Entrenamiento,No,43,1,0,1,0
CLI005179,Entrenamiento,No,41,2,0,0,0
CLI005180,Prueba,No,32,3,0,1,0
CLI005181,Entrenamiento,Sí,28,1,1,1,1
CLI005183,Entrenamiento,No,46,10,0,1,0
CLI005184,Prueba,No,47,2,0,1,0
CLI005186,Entrenamiento,No,50,3,0,0,0
CLI005187,Entrenamiento,No,50,4,0,1,0
CLI005188,Prueba,No,22,1,0,0,0
CLI005189,Entrenamiento,Sí,23,5,1,1,0
CLI005190,Entrenamiento,Sí,61,1,0,1,0
CLI005192,Prueba,No,28,1,0,0,0
CLI005193,Entrenamiento,No,35,2,0,1,0
CLI005194,Entrenamiento,No,33,6,0,0,0
CLI005195,Entrenamiento,No,39,2,0,1,0
CLI005196,Prueba,No,59,3,0,1,0
CLI005197,Entrenamiento,No,49,4,0,0,0
CLI005198,Entrenamiento,No,34,4,0,0,0
CLI005199,Entrenamiento,No,40,22,0,1,0
CLI005200,Prueba,No,71,1,0,1,0
CLI005202,Entrenamiento,No,44,6,0,0,0
CLI005203,Entrenamiento,No,33,2,0,1,0
CLI005204,Prueba,No,50,1,0,1,0
CLI005205,Entrenamiento,No,54,2,1,1,0
CLI005206,Entrenamiento,No,44,1,0,1,0
CLI005208,Prueba,No,36,14,0,0,0
CLI005209,Entrenamiento,No,46,1,0,1,0
CLI005210,Entrenamiento,No,36,1,0,1,0
CLI005211,Entrenamiento,No,21,1,0,1,0
CLI005212,Prueba,No,31,3,0,0,0
CLI005213,Entrenamiento,No,41,1,0,0,0
CLI005215,Entrenamiento,Sí,28,1,1,1,1
CLI005216,Prueba,No,49,2,0,0,0
CLI005217,Entrenamiento,No,31,5,0,1,0
CLI005218,Entrenamiento,No,33,13,0,0,0
CLI005219,Entrenamiento,No,55,5,0,1,0
CLI005220,Prueba,No,40,1,0,0,0
CLI005223,Entrenamiento,No,45,1,0,1,0
CLI005224,Prueba,No,24,1,0,0,0
CLI005225,Entrenamiento,No,32,2,0,1,0
CLI005226,Entrenamiento,No,37,1,0,1,0
CLI005227,Entrenamiento,No,45,2,0,0,0
CLI005228,Prueba,No,44,1,0,1,0
CLI005229,Entrenamiento,No,35,1,0,0,0
CLI005230,Entrenamiento,No,49,11,0,1,0
CLI005232,Prueba,No,32,1,2,0,0
CLI005233,Entrenamiento,No,26,2,0,0,0
CLI005234,Entrenamiento,No,35,2,0,0,0
CLI005235,Entrenamiento,Sí,44,1,0,1,0
CLI005236,Prueba,No,29,3,0,0,0
CLI005237,Entrenamiento,No,58,10,0,0,0
CLI005239,Entrenamiento,No,44,2,0,0,0
CLI005240,Prueba,No,44,3,0,0,0
CLI005241,Entrenamiento,No,33,1,0,0,0
CLI005242,Entrenamiento,No,30,2,0,1,0
CLI005243,Entrenamiento,Sí,60,5,0,1,0
CLI005244,Prueba,No,53,2,0,1,0
CLI005245,Entrenamiento,No,47,2,0,1,0
CLI005246,Entrenamiento,No,52,2,0,1,0
CLI005247,Entrenamiento,No,40,2,0,0,0
CLI005248,Prueba,No,32,2,0,1,0
CLI005249,Entrenamiento,Sí,27,2,0,1,0
CLI005250,Entrenamiento,Sí,68,2,1,1,0
CLI005251,Entrenamiento,No,54,1,0,1,0
CLI005252,Prueba,No,32,2,0,1,0
CLI005253,Entrenamiento,No,59,2,0,0,0
CLI005255,Entrenamiento,No,54,2,0,0,0
CLI005257,Entrenamiento,No,36,1,0,1,0
CLI005258,Entrenamiento,No,43,3,0,1,0
CLI005260,Prueba,No,30,3,0,1,0
CLI005261,Entrenamiento,No,51,2,0,0,0
CLI005262,Entrenamiento,Sí,55,1,0,1,0
CLI005263,Entrenamiento,No,49,3,0,1,0
CLI005264,Prueba,No,50,1,0,0,0
CLI005265,Entrenamiento,No,29,2,0,1,0
CLI005266,Entrenamiento,No,52,3,0,1,0
CLI005267,Entrenamiento,No,56,3,0,0,0
CLI005268,Prueba,No,49,1,2,1,0
CLI005269,Entrenamiento,No,31,2,0,0,0
CLI005270,Entrenamiento,No,34,2,0,1,0
CLI005271,Entrenamiento,No,52,2,0,0,0
CLI005272,Prueba,No,52,3,0,1,0
CLI005273,Entrenamiento,No,39,7,0,0,0
CLI005274,Entrenamiento,No,52,1,0,0,0
CLI005275,Entrenamiento,No,34,5,1,1,0
CLI005276,Prueba,No,31,1,0,1,0
CLI005277,Entrenamiento,Sí,27,1,0,0,0
CLI005278,Entrenamiento,Sí,74,1,1,1,0
CLI005279,Entrenamiento,No,53,1,0,0,0
CLI005280,Prueba,No,39,1,0,1,0
CLI005281,Entrenamiento,No,47,1,0,1,0
CLI005282,Entrenamiento,No,50,1,0,0,0
CLI005284,Prueba,No,34,4,0,1,0
CLI005285,Entrenamiento,No,28,2,0,1,0
CLI005286,Entrenamiento,No,44,2,0,1,0
CLI005287,Entrenamiento,No,40,5,0,0,0
CLI005288,Prueba,No,58,1,0,0,0
CLI005290,Entrenamiento,No,73,4,0,0,0
CLI005291,Entrenamiento,Sí,22,1,0,0,0
CLI005292,Prueba,No,32,5,0,1,0
CLI005293,Entrenamiento,No,50,1,0,1,0
CLI005295,Entrenamiento,No,36,1,0,1,0
CLI005296,Prueba,No,35,2,0,1,0
CLI005297,Entrenamiento,No,50,9,0,1,0
CLI005298,Entrenamiento,No,40,3,0,1,0
CLI005299,Entrenamiento,No,38,1,0,0,0
CLI005300,Prueba,No,36,4,0,1,0
CLI005301,Entrenamiento,No,41,1,0,0,0
CLI005302,Entrenamiento,No,42,1,0,1,0
CLI005303,Entrenamiento,No,36,2,0,1,0
CLI005304,Prueba,No,52,2,0,0,0
CLI005305,Entrenamiento,No,57,2,1,1,0
CLI005308,Prueba,No,40,3,0,0,0
CLI005309,Entrenamiento,No,28,3,0,1,0
CLI005310,Entrenamiento,No,46,1,0,1,0
CLI005311,Entrenamiento,Sí,31,5,0,0,0
CLI005312,Prueba,No,76,1,0,1,0
CLI005313,Entrenamiento,No,52,2,0,1,0
CLI005314,Entrenamiento,Sí,56,1,2,1,1
CLI005315,Entrenamiento,No,31,1,0,1,0
CLI005316,Prueba,No,27,1,1,1,1
CLI005317,Entrenamiento,Sí,61,1,0,1,0
CLI005318,Entrenamiento,No,36,1,0,0,0
CLI005319,Entrenamiento,No,59,3,0,1,0
CLI005320,Prueba,Sí,74,1,0,1,0
CLI005321,Entrenamiento,No,44,1,0,0,0
CLI005322,Entrenamiento,Sí,72,1,1,1,1
CLI005323,Entrenamiento,No,41,3,1,1,0
CLI005324,Prueba,No,34,1,0,1,0
CLI005325,Entrenamiento,No,44,1,0,0,0
CLI005326,Entrenamiento,No,41,2,1,1,0
CLI005327,Entrenamiento,No,41,6,0,0,0
CLI005328,Prueba,No,55,2,0,0,0
CLI005329,Entrenamiento,No,39,5,0,1,0
CLI005330,Entrenamiento,No,33,1,0,0,0
CLI005331,Entrenamiento,Sí,37,1,0,0,0
CLI005332,Prueba,No,52,1,1,1,0
CLI005333,Entrenamiento,No,35,1,0,1,0
CLI005334,Entrenamiento,No,24,3,0,1,0
CLI005335,Entrenamiento,No,37,1,0,0,0
CLI005337,Entrenamiento,No,40,3,0,0,0
CLI005338,Entrenamiento,No,50,1,0,1,0
CLI005339,Entrenamiento,No,26,2,1,1,0
CLI005340,Prueba,No,32,6,1,1,0
CLI005341,Entrenamiento,No,40,2,0,1,0
CLI005342,Entrenamiento,No,29,7,0,0,0
CLI005343,Entrenamiento,No,27,6,0,0,0
CLI005344,Prueba,No,59,4,0,1,0
CLI005345,Entrenamiento,No,53,2,0,1,0
CLI005346,Entrenamiento,No,42,1,0,0,0
CLI005347,Entrenamiento,No,39,4,0,1,0
CLI005348,Prueba,No,33,1,0,1,0
CLI005349,Entrenamiento,No,51,2,0,1,0
CLI005350,Entrenamiento,No,34,2,0,0,0
CLI005351,Entrenamiento,Sí,50,1,0,1,0
CLI005352,Prueba,No,43,2,0,0,0
CLI005353,Entrenamiento,No,34,3,0,1,0
CLI005354,Entrenamiento,No,34,2,1,1,0
CLI005355,Entrenamiento,No,58,2,0,0,0
CLI005356,Prueba,No,45,3,0,0,0
CLI005357,Entrenamiento,No,36,3,0,1,0
CLI005358,Entrenamiento,No,25,1,1,1,0
CLI005359,Entrenamiento,No,42,3,0,0,0
CLI005360,Prueba,No,38,1,0,0,0
CLI005361,Entrenamiento,No,58,2,0,0,0
CLI005362,Entrenamiento,No,44,2,0,0,0
CLI005363,Entrenamiento,No,32,3,0,0,0
CLI005364,Prueba,No,43,7,0,0,0
CLI005365,Entrenamiento,Sí,81,3,0,1,0
CLI005366,Entrenamiento,No,34,1,0,1,0
CLI005367,Entrenamiento,No,34,1,0,1,0
CLI005368,Prueba,No,51,4,0,0,0
CLI005369,Entrenamiento,No,33,1,0,1,0
CLI005370,Entrenamiento,No,36,1,0,1,0
CLI005371,Entrenamiento,No,47,1,0,0,0
CLI005372,Prueba,No,49,3,0,1,0
CLI005373,Entrenamiento,No,26,2,1,1,0
CLI005374,Entrenamiento,No,24,5,0,1,0
CLI005375,Entrenamiento,No,54,2,1,1,0
CLI005376,Prueba,No,25,1,0,0,0
CLI005378,Entrenamiento,No,48,2,0,1,0
CLI005380,Prueba,No,31,3,1,1,0
CLI005381,Entrenamiento,No,26,2,0,1,0
CLI005382,Entrenamiento,No,44,1,0,0,0
CLI005383,Entrenamiento,No,32,1,0,0,0
CLI005384,Prueba,No,46,2,0,0,0
CLI005386,Entrenamiento,No,33,1,0,0,0
CLI005387,Entrenamiento,No,34,3,0,1,0
CLI005388,Prueba,No,35,3,0,1,0
CLI005389,Entrenamiento,No,45,4,0,1,0
CLI005390,Entrenamiento,No,40,4,0,1,0
CLI005394,Entrenamiento,No,35,1,0,1,0
CLI005395,Entrenamiento,No,34,1,0,0,0
CLI005396,Prueba,No,48,3,0,0,0
CLI005397,Entrenamiento,No,25,1,0,1,0
CLI005398,Entrenamiento,No,43,1,0,0,0
CLI005399,Entrenamiento,No,42,3,0,1,0
CLI005401,Entrenamiento,No,52,1,0,0,0
CLI005402,Entrenamiento,Sí,29,1,1,1,0
CLI005403,Entrenamiento,No,34,1,0,1,0
CLI005404,Prueba,No,32,1,0,1,0
CLI005406,Entrenamiento,No,37,2,1,1,0
CLI005407,Entrenamiento,Sí,49,1,0,1,0
CLI005408,Prueba,No,45,1,0,0,0
CLI005409,Entrenamiento,No,30,1,0,0,0
CLI005411,Entrenamiento,No,49,3,0,0,0
CLI005413,Entrenamiento,No,32,4,0,1,0
CLI005414,Entrenamiento,No,36,2,0,1,0
CLI005415,Entrenamiento,No,31,1,0,1,0
CLI005416,Prueba,No,50,3,0,1,0
CLI005417,Entrenamiento,No,31,2,0,1,0
CLI005418,Entrenamiento,No,26,5,0,1,0
CLI005419,Entrenamiento,No,48,4,0,1,0
CLI005420,Prueba,No,32,1,0,1,0
CLI005421,Entrenamiento,No,44,2,0,0,0
CLI005422,Entrenamiento,No,24,2,0,1,0
CLI005423,Entrenamiento,No,42,3,0,1,0
CLI005424,Prueba,No,47,2,0,1,0
CLI005425,Entrenamiento,No,41,6,0,0,0
CLI005426,Entrenamiento,No,53,4,0,1,0
CLI005427,Entrenamiento,No,36,2,0,1,0
CLI005428,Prueba,No,38,5,0,0,0
CLI005430,Entrenamiento,No,45,10,0,0,0
CLI005431,Entrenamiento,No,25,1,0,0,0
CLI005432,Prueba,No,40,1,0,1,0
CLI005433,Entrenamiento,Sí,35,1,0,1,0
CLI005434,Entrenamiento,No,53,2,0,0,0
CLI005435,Entrenamiento,No,58,13,0,0,0
CLI005436,Prueba,No,38,3,0,0,0
CLI005438,Entrenamiento,No,59,4,0,0,0
CLI005440,Prueba,Sí,29,2,0,1,0
CLI005442,Entrenamiento,No,29,1,0,1,0
CLI005443,Entrenamiento,No,53,3,0,0,0
CLI005444,Prueba,Sí,46,2,0,1,0
CLI005445,Entrenamiento,No,67,2,0,0,0
CLI005447,Entrenamiento,No,58,1,0,0,0
CLI005448,Prueba,No,45,3,0,1,0
CLI005449,Entrenamiento,No,28,1,0,1,0
CLI005450,Entrenamiento,No,32,8,0,0,0
CLI005451,Entrenamiento,No,46,1,0,1,0
CLI005452,Prueba,No,46,1,0,1,0
CLI005453,Entrenamiento,No,49,2,0,1,0
CLI005454,Entrenamiento,No,36,2,0,0,0
CLI005455,Entrenamiento,No,57,6,1,1,0
CLI005456,Prueba,No,46,1,0,1,0
CLI005457,Entrenamiento,No,44,1,0,0,0
CLI005458,Entrenamiento,No,29,1,2,1,0
CLI005459,Entrenamiento,No,33,2,1,0,0
CLI005462,Entrenamiento,No,29,1,0,1,0
CLI005463,Entrenamiento,No,59,6,0,1,0
CLI005464,Prueba,No,42,2,0,1,0
CLI005465,Entrenamiento,No,37,3,0,0,0
CLI005467,Entrenamiento,No,34,2,0,1,0
CLI005468,Prueba,No,48,4,0,1,0
CLI005469,Entrenamiento,No,36,2,0,0,0
CLI005470,Entrenamiento,No,42,9,0,0,0
CLI005472,Prueba,No,39,1,0,1,0
CLI005473,Entrenamiento,No,33,1,0,0,0
CLI005474,Entrenamiento,No,49,2,0,1,0
CLI005475,Entrenamiento,No,44,2,0,1,0
CLI005476,Prueba,No,30,2,0,0,0
CLI005477,Entrenamiento,No,50,3,0,1,0
CLI005478,Entrenamiento,Sí,43,1,0,1,0
CLI005479,Entrenamiento,No,55,1,0,0,0
CLI005480,Prueba,Sí,50,2,0,0,0
CLI005481,Entrenamiento,No,58,1,1,1,0
CLI005482,Entrenamiento,No,37,8,0,1,0
CLI005483,Entrenamiento,No,47,1,1,1,0
CLI005484,Prueba,No,42,2,0,0,0
CLI005485,Entrenamiento,No,76,1,0,1,0
CLI005486,Entrenamiento,No,30,6,0,0,0
CLI005487,Entrenamiento,No,36,1,0,1,0
CLI005488,Prueba,No,49,1,0,0,0
CLI005489,Entrenamiento,No,25,3,0,0,0
CLI005490,Entrenamiento,No,41,2,0,0,0
CLI005491,Entrenamiento,No,51,1,0,0,0
CLI005492,Prueba,No,54,4,0,0,0
CLI005493,Entrenamiento,No,38,2,0,0,0
CLI005494,Entrenamiento,No,28,2,0,1,0
CLI005495,Entrenamiento,No,38,2,0,1,0
CLI005496,Prueba,No,58,2,1,1,1
CLI005497,Entrenamiento,No,56,1,0,0,0
CLI005498,Entrenamiento,No,34,3,0,0,0
CLI005501,Entrenamiento,No,40,1,0,1,0
CLI005502,Entrenamiento,No,42,1,0,0,0
CLI005503,Entrenamiento,No,32,1,0,1,0
CLI005504,Prueba,No,83,1,0,1,0
CLI005505,Entrenamiento,Sí,28,1,0,1,0
CLI005506,Entrenamiento,No,28,3,0,1,0
CLI005507,Entrenamiento,No,55,3,0,1,0
CLI005508,Prueba,No,34,1,0,0,0
CLI005510,Entrenamiento,Sí,47,3,0,0,0
CLI005511,Entrenamiento,No,31,1,0,1,0
CLI005512,Prueba,No,34,2,0,1,0
CLI005514,Entrenamiento,No,46,6,0,1,0
CLI005515,Entrenamiento,No,40,3,0,0,0
CLI005516,Prueba,Sí,33,3,2,0,1
CLI005517,Entrenamiento,Sí,30,4,2,1,0
CLI005519,Entrenamiento,No,41,2,0,1,0
CLI005520,Prueba,No,33,1,0,1,0
CLI005521,Entrenamiento,No,28,4,0,1,0
CLI005522,Entrenamiento,No,43,5,0,0,0
CLI005523,Entrenamiento,No,39,2,0,0,0
CLI005524,Prueba,No,29,6,1,1,1
CLI005525,Entrenamiento,Sí,30,5,0,0,0
CLI005526,Entrenamiento,No,33,2,0,1,0
CLI005527,Entrenamiento,No,46,3,0,1,0
CLI005528,Prueba,No,36,1,1,0,0
CLI005530,Entrenamiento,No,57,1,1,1,0
CLI005531,Entrenamiento,No,37,1,0,0,0
CLI005532,Prueba,Sí,56,1,1,1,1
CLI005533,Entrenamiento,No,52,1,0,1,0
CLI005534,Entrenamiento,No,52,9,0,1,0
CLI005535,Entrenamiento,No,49,6,0,1,0
CLI005536,Prueba,No,40,1,0,1,0
CLI005537,Entrenamiento,No,57,1,0,1,0
CLI005538,Entrenamiento,No,50,1,0,0,0
CLI005539,Entrenamiento,No,21,3,1,1,0
CLI005541,Entrenamiento,No,60,13,0,1,0
CLI005542,Entrenamiento,No,32,1,1,1,0
CLI005543,Entrenamiento,No,53,2,0,1,0
CLI005544,Prueba,No,58,1,0,1,0
CLI005545,Entrenamiento,No,39,1,0,0,0
CLI005547,Entrenamiento,Sí,48,1,0,0,0
CLI005548,Prueba,No,48,1,0,1,0
CLI005549,Entrenamiento,No,45,2,0,0,0
CLI005550,Entrenamiento,No,40,4,0,1,0
CLI005551,Entrenamiento,No,39,3,0,0,0
CLI005552,Prueba,No,26,1,0,0,0
CLI005553,Entrenamiento,No,47,1,0,1,0
CLI005554,Entrenamiento,No,32,2,0,1,0
CLI005555,Entrenamiento,No,53,1,0,1,0
CLI005556,Prueba,No,47,6,0,0,0
CLI005557,Entrenamiento,No,30,1,0,1,0
CLI005558,Entrenamiento,No,38,1,0,0,0
CLI005560,Prueba,No,35,3,0,1,0
CLI005561,Entrenamiento,Sí,45,4,0,1,0
CLI005562,Entrenamiento,No,44,1,0,1,0
CLI005563,Entrenamiento,No,23,5,1,1,0
CLI005565,Entrenamiento,No,36,1,0,1,0
CLI005566,Entrenamiento,Sí,56,2,1,1,1
CLI005568,Prueba,No,34,1,0,0,0
CLI005569,Entrenamiento,No,38,1,0,0,0
CLI005570,Entrenamiento,No,32,2,0,1,0
CLI005571,Entrenamiento,No,34,1,0,0,0
CLI005572,Prueba,No,32,5,0,1,0
CLI005573,Entrenamiento,No,40,1,0,1,0
CLI005574,Entrenamiento,No,35,6,0,1,0
CLI005575,Entrenamiento,No,47,1,0,1,0
CLI005576,Prueba,No,54,2,1,1,0
CLI005577,Entrenamiento,No,42,2,0,1,0
CLI005578,Entrenamiento,No,43,2,0,1,0
CLI005579,Entrenamiento,No,39,2,0,0,0
CLI005580,Prueba,No,34,1,0,0,0
CLI005581,Entrenamiento,No,37,2,3,1,1
CLI005582,Entrenamiento,No,28,14,0,1,0
CLI005583,Entrenamiento,No,29,1,0,0,0
CLI005584,Prueba,Sí,33,2,1,1,0
CLI005587,Entrenamiento,No,35,3,0,0,0
CLI005588,Prueba,No,33,3,0,0,0
CLI005589,Entrenamiento,No,27,1,0,1,0
CLI005590,Entrenamiento,No,49,1,0,0,0
CLI005591,Entrenamiento,No,43,1,1,1,0
CLI005592,Prueba,No,46,1,1,1,0
CLI005593,Entrenamiento,No,36,6,0,1,0
CLI005594,Entrenamiento,No,41,3,0,0,0
CLI005595,Entrenamiento,No,51,4,0,1,0
CLI005596,Prueba,No,57,5,0,0,0
CLI005597,Entrenamiento,No,42,1,1,1,0
CLI005598,Entrenamiento,No,36,2,2,1,0
CLI005600,Prueba,No,39,3,0,0,0
CLI005601,Entrenamiento,No,52,1,0,1,0
CLI005602,Entrenamiento,No,43,2,0,1,0
CLI005603,Entrenamiento,No,60,4,4,1,0
CLI005605,Entrenamiento,No,30,2,0,0,0
CLI005607,Entrenamiento,No,44,1,0,0,0
CLI005609,Entrenamiento,No,41,2,0,1,0
CLI005610,Entrenamiento,No,42,1,0,0,0
CLI005611,Entrenamiento,No,36,1,0,0,0
CLI005612,Prueba,No,45,1,0,1,0
CLI005613,Entrenamiento,No,31,1,0,1,0
CLI005614,Entrenamiento,No,31,3,0,1,0
CLI005615,Entrenamiento,Sí,56,1,0,1,0
CLI005616,Prueba,No,36,3,0,0,0
CLI005617,Entrenamiento,No,42,1,0,1,0
CLI005618,Entrenamiento,No,46,3,0,1,0
CLI005619,Entrenamiento,Sí,48,1,0,0,0
CLI005620,Prueba,No,37,2,0,0,0
CLI005621,Entrenamiento,No,41,1,0,0,0
CLI005622,Entrenamiento,No,83,2,0,1,0
CLI005624,Prueba,No,46,2,0,1,0
CLI005626,Entrenamiento,No,43,1,0,1,0
CLI005627,Entrenamiento,No,28,3,0,1,0
CLI005628,Prueba,No,46,1,0,1,0
CLI005629,Entrenamiento,No,32,1,0,1,0
CLI005630,Entrenamiento,No,23,4,0,1,0
CLI005631,Entrenamiento,No,36,1,0,1,0
CLI005632,Prueba,No,58,1,0,1,0
CLI005633,Entrenamiento,No,38,1,0,1,0
CLI005634,Entrenamiento,No,58,3,0,1,0
CLI005635,Entrenamiento,No,39,1,0,1,0
CLI005636,Prueba,No,49,2,0,1,0
CLI005637,Entrenamiento,No,30,1,1,1,0
CLI005638,Entrenamiento,Sí,38,1,0,1,0
CLI005639,Entrenamiento,No,27,2,0,0,0
CLI005640,Prueba,No,33,3,0,1,0
CLI005641,Entrenamiento,No,32,1,0,1,0
CLI005643,Entrenamiento,No,46,14,0,1,0
CLI005644,Prueba,No,33,2,0,0,0
CLI005645,Entrenamiento,No,24,1,0,1,0
CLI005647,Entrenamiento,No,33,1,1,1,0
CLI005648,Prueba,No,31,1,0,0,0
CLI005649,Entrenamiento,No,54,7,0,1,0
CLI005650,Entrenamiento,Sí,46,1,1,1,0
CLI005653,Entrenamiento,No,33,7,0,0,0
CLI005654,Entrenamiento,No,38,1,0,1,0
CLI005656,Prueba,No,45,1,0,1,0
CLI005657,Entrenamiento,No,39,1,1,1,0
CLI005658,Entrenamiento,No,30,3,0,1,0
CLI005659,Entrenamiento,Sí,41,5,1,1,0
CLI005661,Entrenamiento,No,31,3,0,1,0
CLI005662,Entrenamiento,No,45,1,0,0,0
CLI005663,Entrenamiento,No,31,2,0,1,0
CLI005664,Prueba,No,49,2,0,1,0
CLI005665,Entrenamiento,No,37,8,0,1,0
CLI005666,Entrenamiento,No,39,2,0,0,0
CLI005667,Entrenamiento,No,28,2,0,0,0
CLI005668,Prueba,No,59,3,0,0,0
CLI005669,Entrenamiento,No,30,1,0,0,0
CLI005670,Entrenamiento,No,32,1,0,0,0
CLI005671,Entrenamiento,No,60,2,0,0,0
CLI005673,Entrenamiento,Sí,52,1,0,1,0
CLI005674,Entrenamiento,No,33,1,0,1,0
CLI005675,Entrenamiento,No,34,1,0,0,0
CLI005676,Prueba,No,42,6,0,1,0
CLI005677,Entrenamiento,No,54,2,0,0,0
CLI005678,Entrenamiento,No,46,3,0,1,0
CLI005679,Entrenamiento,No,32,2,0,1,0
CLI005680,Prueba,No,54,2,0,0,0
CLI005682,Entrenamiento,Sí,29,2,0,1,0
CLI005683,Entrenamiento,No,40,2,0,0,0
CLI005684,Prueba,No,31,3,0,0,0
CLI005685,Entrenamiento,No,51,2,1,1,0
CLI005686,Entrenamiento,No,43,2,0,1,0
CLI005687,Entrenamiento,No,48,2,0,1,0
CLI005688,Prueba,No,36,3,0,0,0
CLI005689,Entrenamiento,No,23,1,1,1,0
CLI005690,Entrenamiento,No,50,1,0,0,0
CLI005691,Entrenamiento,No,35,2,0,1,0
CLI005692,Prueba,No,29,1,1,1,0
CLI005693,Entrenamiento,No,25,1,2,1,0
CLI005694,Entrenamiento,No,36,2,1,1,1
CLI005695,Entrenamiento,No,27,3,0,1,0
CLI005696,Prueba,Sí,32,1,0,0,0
CLI005697,Entrenamiento,No,57,3,0,1,0
CLI005698,Entrenamiento,No,31,2,0,1,0
CLI005699,Entrenamiento,No,55,1,0,1,0
CLI005701,Entrenamiento,No,46,3,0,0,0
CLI005702,Entrenamiento,No,56,4,0,0,0
CLI005703,Entrenamiento,Sí,60,1,1,1,1
CLI005704,Prueba,No,50,1,0,1,0
CLI005705,Entrenamiento,No,23,1,0,1,0
CLI005706,Entrenamiento,No,39,1,0,1,0
CLI005707,Entrenamiento,Sí,24,2,0,1,0
CLI005708,Prueba,No,25,1,0,1,0
CLI005709,Entrenamiento,No,48,1,0,0,0
CLI005711,Entrenamiento,No,56,3,0,1,0
CLI005712,Prueba,No,32,1,0,0,0
CLI005713,Entrenamiento,No,30,6,0,1,0
CLI005714,Entrenamiento,No,50,2,0,0,0
CLI005716,Prueba,Sí,59,1,0,1,0
CLI005717,Entrenamiento,No,54,1,0,0,0
CLI005718,Entrenamiento,No,57,1,0,1,0
CLI005719,Entrenamiento,No,51,2,0,1,0
CLI005720,Prueba,No,37,2,0,1,0
CLI005721,Entrenamiento,No,45,3,0,0,0
CLI005722,Entrenamiento,No,40,2,0,0,0
CLI005723,Entrenamiento,No,51,2,0,1,0
CLI005724,Prueba,No,43,2,0,0,0
CLI005725,Entrenamiento,No,54,3,0,0,0
CLI005726,Entrenamiento,No,55,3,0,1,0
CLI005727,Entrenamiento,No,62,3,1,1,1
CLI005728,Prueba,No,44,3,0,1,0
CLI005729,Entrenamiento,Sí,39,1,0,0,0
CLI005730,Entrenamiento,No,35,1,0,1,0
CLI005731,Entrenamiento,No,36,2,0,0,0
CLI005732,Prueba,No,38,3,0,1,0
CLI005733,Entrenamiento,No,57,27,0,1,0
CLI005734,Entrenamiento,No,31,2,0,1,0
CLI005735,Entrenamiento,No,24,4,0,1,0
CLI005736,Prueba,No,29,1,0,1,0
CLI005737,Entrenamiento,No,55,1,0,0,0
CLI005738,Entrenamiento,No,50,3,0,1,0
CLI005742,Entrenamiento,No,35,1,0,1,0
CLI005743,Entrenamiento,No,42,1,0,1,0
CLI005745,Entrenamiento,No,30,1,0,1,0
CLI005746,Entrenamiento,No,46,1,0,0,0
CLI005747,Entrenamiento,No,26,1,0,1,0
CLI005748,Prueba,No,28,2,0,0,0
CLI005749,Entrenamiento,No,27,2,0,1,0
CLI005750,Entrenamiento,No,43,3,0,1,0
CLI005752,Prueba,No,31,2,1,1,0
CLI005753,Entrenamiento,No,31,1,0,0,0
CLI005754,Entrenamiento,Sí,65,2,1,1,1
CLI005755,Entrenamiento,No,41,2,0,1,0
CLI005756,Prueba,No,38,1,0,1,0
CLI005758,Entrenamiento,Sí,41,2,0,0,0
CLI005759,Entrenamiento,No,50,1,0,1,0
CLI005760,Prueba,No,34,2,0,1,0
CLI005761,Entrenamiento,No,37,2,0,0,0
CLI005762,Entrenamiento,Sí,35,1,0,1,0
CLI005763,Entrenamiento,No,51,3,0,0,0
CLI005765,Entrenamiento,No,34,1,0,1,0
CLI005766,Entrenamiento,Sí,41,1,0,0,0
CLI005767,Entrenamiento,No,34,7,1,1,0
CLI005768,Prueba,No,43,7,0,1,0
CLI005769,Entrenamiento,No,36,3,0,0,0
CLI005770,Entrenamiento,Sí,29,1,3,1,1
CLI005771,Entrenamiento,No,41,3,0,0,0
CLI005772,Prueba,Sí,29,2,0,1,0
CLI005773,Entrenamiento,No,46,1,1,1,0
CLI005774,Entrenamiento,No,38,1,0,1,0
CLI005775,Entrenamiento,Sí,60,1,0,1,0
CLI005776,Prueba,No,46,3,0,1,0
CLI005777,Entrenamiento,No,29,1,0,0,0
CLI005778,Entrenamiento,No,59,1,0,1,0
CLI005779,Entrenamiento,No,50,2,0,0,0
CLI005780,Prueba,No,43,2,0,0,0
CLI005781,Entrenamiento,No,44,1,1,1,0
CLI005782,Entrenamiento,No,35,1,0,0,0
CLI005784,Prueba,Sí,38,1,1,1,0
CLI005785,Entrenamiento,No,26,1,0,1,0
CLI005786,Entrenamiento,No,42,1,0,1,0
CLI005787,Entrenamiento,No,32,1,0,1,0
CLI005789,Entrenamiento,No,53,1,0,0,0
CLI005790,Entrenamiento,No,42,3,0,0,0
CLI005791,Entrenamiento,No,38,1,3,0,1
CLI005792,Prueba,No,50,2,0,1,0
CLI005793,Entrenamiento,No,38,1,0,0,0
CLI005794,Entrenamiento,No,56,2,0,0,0
CLI005795,Entrenamiento,No,56,1,0,0,0
CLI005796,Prueba,No,29,7,0,1,0
CLI005797,Entrenamiento,Sí,25,1,0,1,0
CLI005798,Entrenamiento,No,45,1,0,1,0
CLI005799,Entrenamiento,Sí,31,4,0,0,0
CLI005800,Prueba,No,55,4,0,1,0
CLI005801,Entrenamiento,No,41,1,0,1,0
CLI005803,Entrenamiento,No,32,1,0,1,0
CLI005804,Prueba,Sí,52,1,1,1,0
CLI005805,Entrenamiento,No,29,2,0,1,0
CLI005806,Entrenamiento,Sí,28,2,0,1,0
CLI005807,Entrenamiento,No,34,2,0,0,0
CLI005808,Prueba,No,34,2,1,1,0
CLI005809,Entrenamiento,Sí,28,5,0,1,0
CLI005810,Entrenamiento,No,34,5,0,0,0
CLI005811,Entrenamiento,No,46,1,0,0,0
CLI005812,Prueba,No,28,6,0,0,0
CLI005813,Entrenamiento,No,32,5,0,1,0
CLI005814,Entrenamiento,No,27,1,0,1,0
CLI005815,Entrenamiento,No,39,2,0,1,0
CLI005816,Prueba,No,35,3,1,1,0
CLI005817,Entrenamiento,Sí,34,2,1,1,0
CLI005818,Entrenamiento,Sí,41,1,0,0,0
CLI005820,Prueba,No,40,2,0,0,0
CLI005821,Entrenamiento,No,32,2,0,0,0
CLI005822,Entrenamiento,No,35,1,1,1,0
CLI005823,Entrenamiento,No,44,1,0,1,0
CLI005824,Prueba,Sí,78,2,1,1,1
CLI005825,Entrenamiento,Sí,32,2,0,1,0
CLI005826,Entrenamiento,No,31,2,0,0,0
CLI005827,Entrenamiento,No,56,1,0,1,0
CLI005828,Prueba,Sí,30,4,0,1,0
CLI005829,Entrenamiento,No,32,1,0,1,0
CLI005830,Entrenamiento,Sí,53,1,1,1,1
CLI005832,Prueba,No,25,2,0,1,0
CLI005833,Entrenamiento,No,43,3,0,0,0
CLI005835,Entrenamiento,Sí,22,2,0,1,0
CLI005836,Prueba,No,46,1,0,0,0
CLI005837,Entrenamiento,No,54,1,0,0,0
CLI005838,Entrenamiento,No,48,3,0,1,0
CLI005840,Prueba,No,35,2,0,1,0
CLI005841,Entrenamiento,No,34,1,0,1,0
CLI005842,Entrenamiento,Sí,39,1,2,0,0
CLI005844,Prueba,No,43,3,0,1,0
CLI005846,Entrenamiento,No,57,5,1,0,0
CLI005847,Entrenamiento,No,38,2,0,1,0
CLI005848,Prueba,No,40,2,0,1,0
CLI005850,Entrenamiento,No,56,6,0,1,0
CLI005851,Entrenamiento,No,54,2,0,0,0
CLI005852,Prueba,No,33,2,0,1,0
CLI005853,Entrenamiento,No,37,3,0,1,0
CLI005854,Entrenamiento,No,42,1,1,1,0
CLI005855,Entrenamiento,No,25,4,0,1,0
CLI005856,Prueba,No,39,12,0,0,0
CLI005857,Entrenamiento,Sí,59,1,0,0,0
CLI005859,Entrenamiento,No,52,1,0,1,0
CLI005861,Entrenamiento,No,31,3,0,1,0
CLI005862,Entrenamiento,No,33,1,0,0,0
CLI005863,Entrenamiento,No,43,1,0,1,0
CLI005864,Prueba,No,49,1,0,1,0
CLI005865,Entrenamiento,No,34,3,0,1,0
CLI005866,Entrenamiento,Sí,46,2,0,1,0
CLI005867,Entrenamiento,No,48,1,0,1,0
CLI005868,Prueba,No,41,3,0,0,0
CLI005869,Entrenamiento,No,45,16,0,0,0
CLI005871,Entrenamiento,No,28,3,0,0,0
CLI005872,Prueba,No,45,2,0,1,0
CLI005873,Entrenamiento,Sí,31,9,0,1,0
CLI005874,Entrenamiento,No,30,1,0,1,0
CLI005875,Entrenamiento,No,40,5,0,1,0
CLI005876,Prueba,No,33,17,0,1,0
CLI005878,Entrenamiento,No,25,1,0,0,0
CLI005879,Entrenamiento,Sí,39,1,0,0,0
CLI005880,Prueba,Sí,29,3,0,1,0
CLI005881,Entrenamiento,No,54,4,0,1,0
CLI005882,Entrenamiento,No,53,2,0,1,0
CLI005883,Entrenamiento,No,40,1,0,0,0
CLI005884,Prueba,No,57,1,0,0,0
CLI005885,Entrenamiento,No,38,1,0,0,0
CLI005886,Entrenamiento,No,60,1,0,0,0
CLI005887,Entrenamiento,Sí,49,2,0,1,0
CLI005888,Prueba,No,28,2,0,0,0
CLI005889,Entrenamiento,No,31,3,0,1,0
CLI005890,Entrenamiento,No,51,5,0,0,0
CLI005893,Entrenamiento,No,43,1,0,1,0
CLI005894,Entrenamiento,No,38,2,0,1,0
CLI005895,Entrenamiento,Sí,31,1,1,1,0
CLI005896,Prueba,No,46,11,0,1,0
CLI005898,Entrenamiento,No,55,1,0,0,0
CLI005899,Entrenamiento,No,53,3,0,1,0
CLI005900,Prueba,Sí,33,3,1,1,1
CLI005901,Entrenamiento,No,35,1,2,0,0
CLI005902,Entrenamiento,No,47,1,0,0,0
CLI005903,Entrenamiento,No,34,1,0,1,0
CLI005904,Prueba,No,53,2,1,0,0
CLI005905,Entrenamiento,No,34,3,0,0,0
CLI005906,Entrenamiento,Sí,29,2,0,1,0
CLI005907,Entrenamiento,Sí,32,1,0,1,0
CLI005908,Prueba,No,37,6,1,1,0
CLI005909,Entrenamiento,No,60,7,0,0,0
CLI005910,Entrenamiento,No,31,1,0,0,0
CLI005912,Prueba,No,40,3,0,1,0
CLI005913,Entrenamiento,No,28,1,1,1,1
CLI005915,Entrenamiento,No,51,1,0,1,0
CLI005916,Prueba,No,33,1,0,1,0
CLI005917,Entrenamiento,No,31,5,0,1,0
CLI005918,Entrenamiento,Sí,34,1,2,1,1
CLI005919,Entrenamiento,Sí,45,2,1,1,0
CLI005920,Prueba,No,57,3,0,1,0
CLI005921,Entrenamiento,No,28,2,0,0,0
CLI005922,Entrenamiento,No,50,4,0,0,0
CLI005923,Entrenamiento,No,31,2,0,1,0
CLI005924,Prueba,No,46,1,0,1,0
CLI005925,Entrenamiento,No,50,2,1,1,0
CLI005926,Entrenamiento,No,50,2,0,0,0
CLI005927,Entrenamiento,No,35,1,1,1,0
CLI005928,Prueba,No,42,2,0,1,0
CLI005929,Entrenamiento,No,58,2,1,1,0
CLI005930,Entrenamiento,No,29,2,0,1,0
CLI005931,Entrenamiento,No,53,1,0,0,0
CLI005932,Prueba,No,39,1,0,0,0
CLI005933,Entrenamiento,No,47,2,0,0,0
CLI005934,Entrenamiento,No,40,1,0,1,0
CLI005935,Entrenamiento,No,49,3,0,0,0
CLI005937,Entrenamiento,No,27,8,0,1,0
CLI005938,Entrenamiento,No,59,1,0,1,0
CLI005939,Entrenamiento,No,40,2,0,1,0
CLI005941,Entrenamiento,No,54,3,0,1,0
CLI005942,Entrenamiento,No,32,1,0,0,0
CLI005944,Prueba,No,32,10,0,1,0
CLI005945,Entrenamiento,No,40,6,1,1,0
CLI005946,Entrenamiento,No,33,4,0,1,0
CLI005947,Entrenamiento,No,24,2,0,0,0
CLI005949,Entrenamiento,No,50,4,0,1,0
CLI005950,Entrenamiento,No,42,3,0,0,0
CLI005951,Entrenamiento,Sí,29,2,1,1,0
CLI005954,Entrenamiento,Sí,66,2,1,1,1
CLI005955,Entrenamiento,No,31,1,0,1,0
CLI005956,Prueba,No,37,4,0,1,0
CLI005957,Entrenamiento,No,39,5,0,1,0
CLI005958,Entrenamiento,No,31,2,0,0,0
CLI005959,Entrenamiento,No,52,2,0,0,0
CLI005961,Entrenamiento,No,40,5,0,0,0
CLI005962,Entrenamiento,No,50,1,0,0,0
CLI005963,Entrenamiento,No,50,1,0,1,0
CLI005966,Entrenamiento,Sí,32,1,1,1,1
CLI005967,Entrenamiento,No,37,2,0,1,0
CLI005968,Prueba,No,30,1,0,1,0
CLI005969,Entrenamiento,No,45,3,0,0,0
CLI005970,Entrenamiento,No,45,2,0,1,0
CLI005971,Entrenamiento,No,41,1,0,0,0
CLI005972,Prueba,Sí,35,1,0,1,0
CLI005973,Entrenamiento,No,37,1,0,0,0
CLI005974,Entrenamiento,No,43,1,1,1,0
CLI005976,Prueba,Sí,29,1,2,1,1
CLI005977,Entrenamiento,No,36,4,0,0,0
CLI005978,Entrenamiento,No,31,2,0,0,0
CLI005979,Entrenamiento,No,34,13,0,0,0
CLI005981,Entrenamiento,Sí,36,1,0,1,0
CLI005984,Prueba,No,33,10,0,1,0
CLI005985,Entrenamiento,No,31,5,0,1,0
CLI005986,Entrenamiento,No,47,5,0,1,0
CLI005987,Entrenamiento,No,51,3,0,1,0
CLI005989,Entrenamiento,No,40,5,0,1,0
CLI005990,Entrenamiento,No,45,1,0,1,0
CLI005991,Entrenamiento,Sí,37,2,0,0,0
CLI005992,Prueba,No,31,5,0,1,0
CLI005994,Entrenamiento,No,42,3,0,1,0
CLI005995,Entrenamiento,No,46,2,0,1,0
CLI005996,Prueba,Sí,54,3,0,1,0
CLI005997,Entrenamiento,No,51,1,0,1,0
CLI005999,Entrenamiento,No,30,2,0,0,0
CLI006001,Entrenamiento,No,32,4,0,0,0
CLI006002,Entrenamiento,No,39,2,0,0,0
CLI006003,Entrenamiento,No,36,1,0,1,0
CLI006005,Entrenamiento,No,45,1,0,1,0
CLI006006,Entrenamiento,No,31,1,0,1,0
CLI006007,Entrenamiento,No,29,7,0,1,0
CLI006008,Prueba,No,43,5,1,1,0
CLI006009,Entrenamiento,No,43,2,0,0,0
CLI006010,Entrenamiento,No,42,3,0,0,0
CLI006011,Entrenamiento,No,41,2,0,1,0
CLI006013,Entrenamiento,No,34,4,0,0,0
CLI006014,Entrenamiento,No,50,2,3,1,1
CLI006016,Prueba,No,36,3,0,0,0
CLI006017,Entrenamiento,No,59,2,1,1,0
CLI006018,Entrenamiento,No,33,2,0,1,0
CLI006019,Entrenamiento,Sí,29,1,0,1,0
CLI006020,Prueba,No,39,1,0,1,0
CLI006021,Entrenamiento,No,33,1,0,1,0
CLI006022,Entrenamiento,Sí,32,2,0,1,0
CLI006023,Entrenamiento,No,24,11,0,0,0
CLI006024,Prueba,No,24,4,0,1,0
CLI006026,Entrenamiento,No,38,3,0,1,0
CLI006027,Entrenamiento,No,36,2,0,0,0
CLI006028,Prueba,No,40,6,0,1,0
CLI006029,Entrenamiento,No,36,2,0,0,0
CLI006030,Entrenamiento,No,37,12,0,0,0
CLI006032,Prueba,No,37,2,0,0,0
CLI006033,Entrenamiento,No,38,1,0,1,0
CLI006034,Entrenamiento,No,29,1,0,1,0
CLI006035,Entrenamiento,Sí,25,2,3,1,1
CLI006036,Prueba,No,34,1,0,1,0
CLI006037,Entrenamiento,No,41,2,0,0,0
CLI006038,Entrenamiento,No,34,1,0,1,0
CLI006039,Entrenamiento,No,51,3,0,1,0
CLI006041,Entrenamiento,No,39,3,0,0,0
CLI006042,Entrenamiento,No,43,2,0,0,0
CLI006043,Entrenamiento,No,32,1,0,1,0
CLI006045,Entrenamiento,No,50,2,0,0,0
CLI006046,Entrenamiento,No,39,1,0,0,0
CLI006048,Prueba,No,58,1,0,1,0
CLI006049,Entrenamiento,No,36,7,0,1,0
CLI006051,Entrenamiento,No,35,1,0,1,0
CLI006052,Prueba,No,37,1,0,0,0
CLI006053,Entrenamiento,No,45,4,0,1,0
CLI006055,Entrenamiento,No,36,1,0,0,0
CLI006056,Prueba,No,56,9,0,1,0
CLI006057,Entrenamiento,No,50,1,0,1,0
CLI006058,Entrenamiento,No,34,1,0,1,0
CLI006060,Prueba,No,33,1,0,1,0
CLI006061,Entrenamiento,No,32,2,0,1,0
CLI006062,Entrenamiento,Sí,54,2,0,0,0
CLI006064,Prueba,No,56,2,0,0,0
CLI006065,Entrenamiento,No,34,2,0,0,0
CLI006066,Entrenamiento,No,50,1,1,1,0
CLI006067,Entrenamiento,No,43,1,0,1,0
CLI006068,Prueba,No,29,2,0,0,0
CLI006069,Entrenamiento,Sí,65,2,1,1,0
CLI006070,Entrenamiento,No,47,3,0,1,0
CLI006071,Entrenamiento,No,42,6,0,0,0
CLI006072,Prueba,No,48,3,0,1,0
CLI006073,Entrenamiento,Sí,55,1,0,0,0
CLI006074,Entrenamiento,No,36,4,0,0,0
CLI006075,Entrenamiento,No,31,1,0,1,0
CLI006077,Entrenamiento,No,60,3,0,0,0
CLI006079,Entrenamiento,No,33,1,0,1,0
CLI006080,Prueba,No,30,3,0,0,0
CLI006081,Entrenamiento,No,31,2,0,0,0
CLI006082,Entrenamiento,No,32,1,0,0,0
CLI006083,Entrenamiento,No,34,1,1,1,0
CLI006084,Prueba,No,50,1,0,1,0
CLI006085,Entrenamiento,No,30,1,0,0,0
CLI006086,Entrenamiento,No,49,1,0,1,0
CLI006087,Entrenamiento,No,46,2,0,0,0
CLI006088,Prueba,No,25,3,0,0,0
CLI006089,Entrenamiento,No,54,3,0,1,0
CLI006091,Entrenamiento,No,29,3,1,1,1
CLI006092,Prueba,No,32,2,0,1,0
CLI006093,Entrenamiento,No,44,3,0,1,0
CLI006094,Entrenamiento,No,34,4,0,1,0
CLI006096,Prueba,No,44,1,0,1,0
CLI006097,Entrenamiento,No,58,1,0,1,0
CLI006098,Entrenamiento,No,32,1,0,1,0
CLI006099,Entrenamiento,No,45,5,0,1,0
CLI006101,Entrenamiento,No,57,2,0,0,0
CLI006102,Entrenamiento,No,31,1,0,1,0
CLI006103,Entrenamiento,No,40,1,0,0,0
CLI006104,Prueba,No,49,2,0,0,0
CLI006105,Entrenamiento,Sí,54,2,1,1,1
CLI006106,Entrenamiento,No,33,2,0,1,0
CLI006107,Entrenamiento,No,40,5,0,0,0
CLI006108,Prueba,No,26,2,1,1,0
CLI006109,Entrenamiento,Sí,40,2,0,0,0
CLI006110,Entrenamiento,No,40,3,0,1,0
CLI006112,Prueba,No,29,3,0,0,0
CLI006113,Entrenamiento,No,34,2,0,1,0
CLI006114,Entrenamiento,No,47,1,0,1,0
CLI006115,Entrenamiento,No,73,1,0,1,0
CLI006116,Prueba,No,58,1,0,0,0
CLI006117,Entrenamiento,No,37,2,1,1,0
CLI006118,Entrenamiento,No,56,2,0,0,0
CLI006119,Entrenamiento,No,45,3,0,1,0
CLI006120,Prueba,No,41,2,0,0,0
CLI006121,Entrenamiento,No,49,2,0,1,0
CLI006122,Entrenamiento,Sí,36,1,0,0,0
CLI006123,Entrenamiento,Sí,46,3,0,1,0
CLI006124,Prueba,No,24,1,0,1,0
CLI006125,Entrenamiento,No,42,2,0,1,0
CLI006126,Entrenamiento,No,29,2,0,1,0
CLI006127,Entrenamiento,No,43,1,0,0,0
CLI006128,Prueba,No,29,2,0,0,0
CLI006129,Entrenamiento,No,52,3,0,1,0
CLI006130,Entrenamiento,No,53,1,0,0,0
CLI006131,Entrenamiento,Sí,22,2,3,1,0
CLI006132,Prueba,No,51,17,0,0,0
CLI006133,Entrenamiento,No,30,2,1,1,0
CLI006134,Entrenamiento,No,33,3,0,1,0
CLI006136,Prueba,Sí,52,4,0,0,0
CLI006137,Entrenamiento,No,32,8,0,0,0
CLI006138,Entrenamiento,No,26,1,0,0,0
CLI006140,Prueba,No,41,3,0,0,0
CLI006143,Entrenamiento,Sí,74,2,0,1,0
CLI006144,Prueba,No,33,1,0,1,0
CLI006145,Entrenamiento,No,42,2,0,0,0
CLI006146,Entrenamiento,No,56,1,1,1,0
CLI006147,Entrenamiento,Sí,24,1,0,1,0
CLI006148,Prueba,No,30,2,0,1,0
CLI006149,Entrenamiento,No,43,6,0,1,0
CLI006150,Entrenamiento,No,45,1,0,1,0
CLI006151,Entrenamiento,No,41,1,0,1,0
CLI006152,Prueba,No,31,1,1,1,0
CLI006153,Entrenamiento,No,47,1,0,1,0
CLI006154,Entrenamiento,No,39,1,2,1,0
CLI006155,Entrenamiento,No,47,1,0,1,0
CLI006156,Prueba,No,43,1,0,1,0
CLI006157,Entrenamiento,No,36,3,0,0,0
CLI006158,Entrenamiento,No,34,2,0,0,0
CLI006159,Entrenamiento,Sí,36,3,0,1,0
CLI006160,Prueba,Sí,31,6,0,1,0
CLI006162,Entrenamiento,No,38,5,0,0,0
CLI006163,Entrenamiento,Sí,30,2,0,1,0
CLI006164,Prueba,No,39,2,0,0,0
CLI006165,Entrenamiento,No,46,17,0,1,0
CLI006166,Entrenamiento,No,35,1,0,0,0
CLI006167,Entrenamiento,No,34,2,0,1,0
CLI006168,Prueba,No,47,2,0,1,0
CLI006169,Entrenamiento,No,33,1,0,0,0
CLI006170,Entrenamiento,No,46,4,0,0,0
CLI006171,Entrenamiento,No,52,2,0,1,0
CLI006172,Prueba,No,28,1,0,0,0
CLI006173,Entrenamiento,No,36,1,0,0,0
CLI006174,Entrenamiento,No,42,6,0,1,0
CLI006175,Entrenamiento,No,47,1,1,0,0
CLI006176,Prueba,No,42,1,0,1,0
CLI006178,Entrenamiento,No,34,1,0,1,0
CLI006179,Entrenamiento,No,32,4,0,0,0
CLI006180,Prueba,Sí,42,1,1,1,1
CLI006181,Entrenamiento,No,37,2,0,1,0
CLI006182,Entrenamiento,No,42,3,0,0,0
CLI006183,Entrenamiento,Sí,32,1,1,1,0
CLI006184,Prueba,No,47,1,0,0,0
CLI006185,Entrenamiento,No,47,2,0,0,0
CLI006186,Entrenamiento,No,58,2,0,0,0
CLI006187,Entrenamiento,No,49,1,0,0,0
CLI006188,Prueba,No,46,1,0,0,0
CLI006189,Entrenamiento,Sí,25,1,0,1,0
CLI006190,Entrenamiento,No,36,2,0,0,0
CLI006191,Entrenamiento,No,46,2,0,1,0
CLI006192,Prueba,No,40,1,0,0,0
CLI006193,Entrenamiento,No,56,1,0,1,0
CLI006194,Entrenamiento,No,44,2,0,1,0
CLI006195,Entrenamiento,No,28,1,0,1,0
CLI006196,Prueba,No,35,3,0,0,0
CLI006197,Entrenamiento,No,52,2,0,0,0
CLI006198,Entrenamiento,No,41,2,0,0,0
CLI006199,Entrenamiento,Sí,30,3,0,0,0
CLI006201,Entrenamiento,Sí,50,6,1,0,0
CLI006202,Entrenamiento,Sí,54,1,0,1,0
CLI006203,Entrenamiento,No,27,3,0,1,0
CLI006204,Prueba,No,41,1,0,1,0
CLI006205,Entrenamiento,No,44,1,0,0,0
CLI006206,Entrenamiento,No,44,1,0,0,0
CLI006207,Entrenamiento,No,28,1,0,1,0
CLI006208,Prueba,No,27,2,0,1,0
CLI006209,Entrenamiento,No,33,1,0,0,0
CLI006211,Entrenamiento,No,31,2,0,0,0
CLI006212,Prueba,No,50,1,0,0,0
CLI006213,Entrenamiento,Sí,50,1,0,0,0
CLI006214,Entrenamiento,No,36,3,0,1,0
CLI006215,Entrenamiento,No,34,1,0,1,0
CLI006216,Prueba,No,40,18,0,0,0
CLI006217,Entrenamiento,No,28,2,1,1,1
CLI006218,Entrenamiento,No,35,1,0,1,0
CLI006219,Entrenamiento,No,31,15,0,0,0
CLI006220,Prueba,No,44,8,0,0,0
CLI006221,Entrenamiento,No,54,4,0,1,0
CLI006222,Entrenamiento,No,30,1,1,1,0
CLI006223,Entrenamiento,No,58,3,1,1,0
CLI006224,Prueba,Sí,37,2,2,1,0
CLI006226,Entrenamiento,No,43,2,1,1,0
CLI006227,Entrenamiento,No,49,5,0,0,0
CLI006228,Prueba,No,45,3,0,0,0
CLI006230,Entrenamiento,No,39,1,0,0,0
CLI006231,Entrenamiento,No,32,5,0,1,0
CLI006232,Prueba,No,46,2,0,0,0
CLI006233,Entrenamiento,No,40,1,0,0,0
CLI006234,Entrenamiento,No,46,1,0,1,0
CLI006235,Entrenamiento,Sí,38,1,3,1,1
CLI006236,Prueba,No,44,1,0,1,0
CLI006237,Entrenamiento,No,33,2,0,1,0
CLI006238,Entrenamiento,No,29,1,0,1,0
CLI006239,Entrenamiento,Sí,45,1,0,1,0
CLI006240,Prueba,No,36,2,0,0,0
CLI006241,Entrenamiento,No,48,1,0,0,0
CLI006242,Entrenamiento,Sí,25,1,0,1,0
CLI006243,Entrenamiento,No,67,1,1,1,0
CLI006244,Prueba,No,32,2,0,1,0
CLI006245,Entrenamiento,No,37,22,0,1,0
CLI006246,Entrenamiento,No,35,2,0,1,0
CLI006247,Entrenamiento,Sí,50,1,0,0,0
CLI006248,Prueba,No,46,4,0,1,0
CLI006249,Entrenamiento,No,46,2,0,0,0
CLI006250,Entrenamiento,No,57,6,0,1,0
CLI006251,Entrenamiento,No,57,1,0,1,0
CLI006254,Entrenamiento,No,32,1,0,0,0
CLI006255,Entrenamiento,No,35,13,0,0,0
CLI006256,Prueba,No,39,1,0,1,0
CLI006257,Entrenamiento,No,33,13,0,0,0
CLI006258,Entrenamiento,No,33,1,0,1,0
CLI006259,Entrenamiento,No,45,10,0,1,0
CLI006260,Prueba,No,45,3,0,1,0
CLI006261,Entrenamiento,No,36,1,0,0,0
CLI006262,Entrenamiento,No,26,1,0,0,0
CLI006264,Prueba,No,37,1,0,1,0
CLI006265,Entrenamiento,No,34,5,0,1,0
CLI006266,Entrenamiento,No,33,1,0,0,0
CLI006267,Entrenamiento,No,48,1,0,1,0
CLI006268,Prueba,No,49,1,0,1,0
CLI006269,Entrenamiento,Sí,50,1,0,1,0
CLI006270,Entrenamiento,Sí,26,1,0,1,0
CLI006271,Entrenamiento,No,30,3,1,1,0
CLI006272,Prueba,No,55,1,0,0,0
CLI006274,Entrenamiento,No,45,1,0,0,0
CLI006275,Entrenamiento,No,34,1,0,1,0
CLI006276,Prueba,No,38,6,0,0,0
CLI006277,Entrenamiento,Sí,30,1,0,1,0
CLI006278,Entrenamiento,No,26,1,0,0,0
CLI006279,Entrenamiento,No,42,1,0,1,0
CLI006280,Prueba,No,49,2,0,1,0
CLI006283,Entrenamiento,No,33,2,1,1,0
CLI006284,Prueba,No,41,5,1,1,0
CLI006285,Entrenamiento,No,47,1,1,1,1
CLI006286,Entrenamiento,No,34,1,0,0,0
CLI006287,Entrenamiento,Sí,33,1,2,1,1
CLI006288,Prueba,No,57,2,0,1,0
CLI006289,Entrenamiento,No,35,1,0,0,0
CLI006290,Entrenamiento,No,56,4,0,1,0
CLI006291,Entrenamiento,No,51,1,0,1,0
CLI006292,Prueba,No,44,3,0,0,0
CLI006293,Entrenamiento,No,49,1,1,1,0
CLI006294,Entrenamiento,No,50,1,1,1,0
CLI006295,Entrenamiento,No,27,1,0,1,0
CLI006296,Prueba,No,75,3,3,1,0
CLI006297,Entrenamiento,Sí,35,1,0,1,0
CLI006298,Entrenamiento,No,39,1,1,1,0
CLI006299,Entrenamiento,No,27,1,0,1,0
CLI006300,Prueba,No,33,2,0,0,0
CLI006301,Entrenamiento,No,43,3,0,0,0
CLI006303,Entrenamiento,No,30,1,0,1,0
CLI006304,Prueba,Sí,37,2,0,1,0
CLI006305,Entrenamiento,Sí,37,3,1,1,1
CLI006306,Entrenamiento,No,28,1,0,0,0
CLI006307,Entrenamiento,No,59,2,0,1,0
CLI006310,Entrenamiento,Sí,34,2,1,1,1
CLI006312,Prueba,No,28,7,1,1,0
CLI006313,Entrenamiento,No,36,3,0,1,0
CLI006315,Entrenamiento,No,48,1,0,0,0
CLI006317,Entrenamiento,No,57,3,0,0,0
CLI006318,Entrenamiento,No,36,3,0,1,0
CLI006319,Entrenamiento,No,53,3,0,1,0
CLI006320,Prueba,No,41,1,0,1,0
CLI006321,Entrenamiento,No,35,2,0,1,0
CLI006322,Entrenamiento,Sí,26,1,0,0,0
CLI006323,Entrenamiento,No,31,1,0,1,0
CLI006324,Prueba,No,43,1,0,0,0
CLI006325,Entrenamiento,No,41,1,0,0,0
CLI006326,Entrenamiento,No,45,2,0,0,0
CLI006327,Entrenamiento,Sí,30,1,0,1,0
CLI006328,Prueba,No,33,2,0,0,0
CLI006329,Entrenamiento,No,34,1,0,0,0
CLI006330,Entrenamiento,No,32,3,1,0,1
CLI006331,Entrenamiento,No,40,1,0,1,0
CLI006332,Prueba,No,38,2,0,0,0
CLI006333,Entrenamiento,No,53,1,0,0,0
CLI006334,Entrenamiento,No,28,7,0,0,0
CLI006335,Entrenamiento,No,46,2,1,1,1
CLI006336,Prueba,No,46,2,0,0,0
CLI006337,Entrenamiento,No,42,4,0,1,0
CLI006338,Entrenamiento,No,34,1,1,1,0
CLI006339,Entrenamiento,No,37,1,0,1,0
CLI006340,Prueba,No,44,1,0,1,0
CLI006341,Entrenamiento,No,35,5,0,1,0
CLI006343,Entrenamiento,No,69,5,0,0,0
CLI006344,Prueba,No,43,1,0,1,0
CLI006345,Entrenamiento,No,34,7,0,1,0
CLI006346,Entrenamiento,No,58,2,0,1,0
CLI006347,Entrenamiento,No,31,2,0,1,0
CLI006348,Prueba,Sí,43,4,0,1,0
CLI006349,Entrenamiento,No,37,1,0,1,0
CLI006350,Entrenamiento,No,85,2,0,1,0
CLI006352,Prueba,No,28,7,0,0,0
CLI006353,Entrenamiento,No,33,2,0,1,0
CLI006355,Entrenamiento,No,31,3,0,0,0
CLI006356,Prueba,No,35,1,0,1,0
CLI006358,Entrenamiento,No,35,2,1,1,0
CLI006361,Entrenamiento,No,46,1,1,1,0
CLI006362,Entrenamiento,No,46,2,0,1,0
CLI006363,Entrenamiento,Sí,77,1,0,1,0
CLI006364,Prueba,No,32,1,0,1,0
CLI006365,Entrenamiento,No,23,3,0,1,0
CLI006366,Entrenamiento,No,39,1,0,1,0
CLI006367,Entrenamiento,No,31,3,0,1,0
CLI006368,Prueba,Sí,36,1,1,1,0
CLI006370,Entrenamiento,No,51,3,0,0,0
CLI006371,Entrenamiento,No,27,1,0,1,0
CLI006372,Prueba,No,35,3,0,0,0
CLI006374,Entrenamiento,Sí,41,3,0,0,0
CLI006375,Entrenamiento,No,35,1,1,1,0
CLI006376,Prueba,No,36,1,0,1,0
CLI006377,Entrenamiento,No,53,1,0,1,0
CLI006379,Entrenamiento,No,37,1,0,0,0
CLI006381,Entrenamiento,Sí,36,4,0,1,0
CLI006382,Entrenamiento,No,41,2,0,0,0
CLI006383,Entrenamiento,No,49,2,0,0,0
CLI006385,Entrenamiento,No,32,4,0,1,0
CLI006386,Entrenamiento,No,35,1,1,1,0
CLI006387,Entrenamiento,No,53,9,0,0,0
CLI006388,Prueba,No,39,2,0,0,0
CLI006389,Entrenamiento,No,37,1,0,1,0
CLI006390,Entrenamiento,No,21,4,1,1,0
CLI006391,Entrenamiento,No,31,17,0,1,0
CLI006392,Prueba,No,32,4,0,1,0
CLI006393,Entrenamiento,No,27,2,0,1,0
CLI006394,Entrenamiento,No,40,5,0,0,0
CLI006396,Prueba,No,25,1,0,1,0
CLI006397,Entrenamiento,No,43,4,0,0,0
CLI006398,Entrenamiento,No,24,1,0,1,0
CLI006401,Entrenamiento,No,34,1,1,1,1
CLI006403,Entrenamiento,No,41,1,0,1,0
CLI006404,Prueba,No,28,1,0,1,0
CLI006405,Entrenamiento,No,25,4,0,0,0
CLI006406,Entrenamiento,No,39,1,0,1,0
CLI006407,Entrenamiento,No,52,1,0,0,0
CLI006408,Prueba,No,28,2,0,0,0
CLI006410,Entrenamiento,No,51,2,0,0,0
CLI006411,Entrenamiento,No,46,6,0,0,0
CLI006412,Prueba,No,36,2,0,1,0
CLI006413,Entrenamiento,No,53,1,0,0,0
CLI006415,Entrenamiento,No,41,2,0,1,0
CLI006416,Prueba,No,41,2,0,1,0
CLI006417,Entrenamiento,No,46,2,0,0,0
CLI006418,Entrenamiento,No,32,4,0,0,0
CLI006419,Entrenamiento,Sí,32,3,0,1,0
CLI006420,Prueba,No,24,1,0,1,0
CLI006421,Entrenamiento,No,42,2,0,1,0
CLI006422,Entrenamiento,No,40,5,0,1,0
CLI006423,Entrenamiento,No,44,2,0,1,0
CLI006424,Prueba,No,51,1,0,0,0
CLI006425,Entrenamiento,No,44,1,0,0,0
CLI006426,Entrenamiento,No,42,2,0,0,0
CLI006427,Entrenamiento,No,39,1,0,1,0
CLI006428,Prueba,No,38,1,1,1,0
CLI006432,Prueba,No,32,7,1,1,0
CLI006433,Entrenamiento,No,49,3,0,0,0
CLI006434,Entrenamiento,Sí,67,2,0,1,0
CLI006435,Entrenamiento,No,35,1,0,0,0
CLI006436,Prueba,No,50,2,0,1,0
CLI006437,Entrenamiento,Sí,27,1,0,1,0
CLI006439,Entrenamiento,No,43,2,0,0,0
CLI006441,Entrenamiento,No,52,2,0,0,0
CLI006442,Entrenamiento,No,45,5,0,0,0
CLI006443,Entrenamiento,No,47,4,0,0,0
CLI006444,Prueba,No,46,6,0,0,0
CLI006445,Entrenamiento,No,32,2,0,0,0
CLI006446,Entrenamiento,No,54,2,0,0,0
CLI006447,Entrenamiento,No,33,1,1,1,0
CLI006448,Prueba,No,35,1,0,1,0
CLI006449,Entrenamiento,No,46,4,1,1,0
CLI006450,Entrenamiento,No,52,1,0,1,0
CLI006452,Prueba,No,31,1,0,0,0
CLI006453,Entrenamiento,No,36,2,0,1,0
CLI006454,Entrenamiento,No,30,1,0,1,0
CLI006455,Entrenamiento,No,45,1,0,1,0
CLI006456,Prueba,No,30,1,0,0,0
CLI006457,Entrenamiento,No,26,3,0,1,0
CLI006458,Entrenamiento,No,44,4,0,1,0
CLI006459,Entrenamiento,Sí,38,5,0,1,0
CLI006460,Prueba,No,30,1,1,1,0
CLI006461,Entrenamiento,No,37,2,0,0,0
CLI006462,Entrenamiento,No,20,1,0,1,0
CLI006463,Entrenamiento,No,47,4,0,0,0
CLI006464,Prueba,Sí,42,1,0,1,0
CLI006465,Entrenamiento,No,46,1,0,1,0
CLI006466,Entrenamiento,No,29,5,0,1,0
CLI006468,Prueba,No,75,1,0,1,0
CLI006469,Entrenamiento,No,53,4,0,1,0
CLI006470,Entrenamiento,No,35,1,0,1,0
CLI006471,Entrenamiento,No,37,1,0,0,0
CLI006472,Prueba,No,49,1,0,0,0
CLI006473,Entrenamiento,No,36,1,0,0,0
CLI006474,Entrenamiento,No,43,1,0,1,0
CLI006475,Entrenamiento,No,27,3,0,0,0
CLI006476,Prueba,No,54,1,0,1,0
CLI006478,Entrenamiento,No,60,1,0,1,0
CLI006479,Entrenamiento,No,21,1,1,1,0
CLI006480,Prueba,No,55,1,0,1,0
CLI006481,Entrenamiento,No,41,1,0,0,0
CLI006482,Entrenamiento,No,25,2,0,1,0
CLI006484,Prueba,No,55,2,0,1,0
CLI006485,Entrenamiento,No,38,1,0,1,0
CLI006486,Entrenamiento,Sí,35,1,0,0,0
CLI006487,Entrenamiento,No,36,1,1,1,0
CLI006488,Prueba,No,29,2,0,1,0
CLI006489,Entrenamiento,Sí,31,1,0,1,0
CLI006490,Entrenamiento,No,34,5,0,1,0
CLI006491,Entrenamiento,No,30,17,0,1,0
CLI006492,Prueba,No,39,2,0,0,0
CLI006494,Entrenamiento,No,33,4,0,0,0
CLI006495,Entrenamiento,No,52,1,0,0,0
CLI006496,Prueba,No,37,1,0,0,0
CLI006498,Entrenamiento,No,52,2,0,1,0
CLI006499,Entrenamiento,No,32,1,0,0,0
CLI006500,Prueba,No,50,2,0,1,0
CLI006501,Entrenamiento,No,42,6,0,0,0
CLI006502,Entrenamiento,No,31,12,0,0,0
CLI006503,Entrenamiento,No,38,1,1,1,0
CLI006504,Prueba,No,41,2,0,1,0
CLI006505,Entrenamiento,No,34,4,0,1,0
CLI006506,Entrenamiento,No,34,1,0,1,0
CLI006507,Entrenamiento,No,50,2,0,0,0
CLI006509,Entrenamiento,Sí,45,2,0,1,0
CLI006510,Entrenamiento,No,63,1,1,1,0
CLI006511,Entrenamiento,No,41,1,0,1,0
CLI006512,Prueba,Sí,23,4,1,1,0
CLI006513,Entrenamiento,No,32,2,1,1,0
CLI006514,Entrenamiento,No,47,3,0,1,0
CLI006515,Entrenamiento,No,34,2,0,0,0
CLI006516,Prueba,No,50,5,0,1,0
CLI006517,Entrenamiento,No,59,2,0,1,0
CLI006518,Entrenamiento,No,32,1,0,0,0
CLI006519,Entrenamiento,No,45,2,0,1,0
CLI006520,Prueba,No,46,6,0,0,0
CLI006521,Entrenamiento,No,36,1,0,0,0
CLI006522,Entrenamiento,No,39,3,0,0,0
CLI006525,Entrenamiento,No,34,1,0,1,0
CLI006526,Entrenamiento,No,26,1,0,1,0
CLI006530,Entrenamiento,No,35,3,0,1,0
CLI006532,Prueba,No,27,1,0,1,0
CLI006533,Entrenamiento,No,29,1,0,0,0
CLI006534,Entrenamiento,No,28,2,0,0,0
CLI006535,Entrenamiento,No,30,2,0,1,0
CLI006537,Entrenamiento,No,34,2,0,1,0
CLI006538,Entrenamiento,No,45,1,0,1,0
CLI006539,Entrenamiento,No,41,7,0,0,0
CLI006540,Prueba,No,51,2,0,1,0
CLI006541,Entrenamiento,No,54,2,0,1,0
CLI006543,Entrenamiento,No,29,1,0,1,0
CLI006544,Prueba,No,30,1,0,0,0
CLI006545,Entrenamiento,Sí,33,2,0,1,0
CLI006546,Entrenamiento,No,33,2,0,0,0
CLI006547,Entrenamiento,No,31,1,0,1,0
CLI006548,Prueba,Sí,33,1,1,1,1
CLI006549,Entrenamiento,No,40,1,0,1,0
CLI006550,Entrenamiento,No,35,16,0,1,0
CLI006551,Entrenamiento,No,32,1,0,0,0
CLI006552,Prueba,No,35,4,0,0,0
CLI006553,Entrenamiento,No,38,5,0,1,0
CLI006554,Entrenamiento,No,53,4,0,1,0
CLI006555,Entrenamiento,Sí,56,3,0,1,0
CLI006556,Prueba,No,40,5,0,1,0
CLI006558,Entrenamiento,No,33,1,0,0,0
CLI006560,Prueba,No,30,1,0,1,0
CLI006561,Entrenamiento,No,49,1,0,0,0
CLI006562,Entrenamiento,No,40,1,1,1,0
CLI006563,Entrenamiento,No,58,1,0,1,0
CLI006564,Prueba,No,29,3,0,0,0
CLI006566,Entrenamiento,No,33,1,1,1,0
CLI006567,Entrenamiento,No,25,4,0,0,0
CLI006568,Prueba,No,42,2,0,1,0
CLI006569,Entrenamiento,No,34,1,0,0,0
CLI006570,Entrenamiento,No,48,2,0,1,0
CLI006571,Entrenamiento,No,55,8,0,1,0
CLI006572,Prueba,No,38,2,0,0,0
CLI006574,Entrenamiento,No,39,3,0,0,0
CLI006575,Entrenamiento,No,46,1,0,1,0
CLI006576,Prueba,No,57,2,0,0,0
CLI006577,Entrenamiento,No,35,3,0,0,0
CLI006578,Entrenamiento,No,40,4,0,0,0
CLI006581,Entrenamiento,No,45,2,0,1,0
CLI006582,Entrenamiento,No,45,12,0,0,0
CLI006583,Entrenamiento,No,50,4,0,0,0
CLI006584,Prueba,No,26,1,0,1,0
CLI006585,Entrenamiento,Sí,59,3,1,1,0
CLI006586,Entrenamiento,No,37,2,0,1,0
CLI006587,Entrenamiento,No,58,2,0,1,0
CLI006588,Prueba,Sí,57,2,0,1,0
CLI006589,Entrenamiento,No,36,1,0,0,0
CLI006590,Entrenamiento,No,52,1,0,0,0
CLI006591,Entrenamiento,No,35,1,0,0,0
CLI006592,Prueba,No,29,2,0,1,0
CLI006593,Entrenamiento,No,32,17,0,0,0
CLI006595,Entrenamiento,No,34,1,0,0,0
CLI006596,Prueba,Sí,31,1,0,0,0
CLI006597,Entrenamiento,No,34,2,1,1,0
CLI006600,Prueba,No,24,1,0,0,0
CLI006601,Entrenamiento,No,29,4,0,1,0
CLI006602,Entrenamiento,No,50,1,1,1,1
CLI006603,Entrenamiento,No,46,3,0,1,0
CLI006604,Prueba,Sí,35,2,3,1,1
CLI006607,Entrenamiento,Sí,63,1,1,1,0
CLI006609,Entrenamiento,No,31,2,2,1,0
CLI006610,Entrenamiento,No,27,2,0,1,0
CLI006611,Entrenamiento,No,30,1,2,1,0
CLI006612,Prueba,No,32,1,0,1,0
CLI006613,Entrenamiento,No,56,1,0,1,0
CLI006614,Entrenamiento,No,36,2,0,1,0
CLI006615,Entrenamiento,No,40,2,0,1,0
CLI006616,Prueba,No,47,1,0,0,0
CLI006617,Entrenamiento,No,50,1,0,0,0
CLI006618,Entrenamiento,No,38,1,0,0,0
CLI006620,Prueba,No,63,1,2,1,0
CLI006621,Entrenamiento,No,40,3,0,0,0
CLI006622,Entrenamiento,Sí,24,1,0,0,0
CLI006623,Entrenamiento,No,33,1,1,1,1
CLI006624,Prueba,No,45,1,0,0,0
CLI006625,Entrenamiento,No,43,1,0,0,0
CLI006626,Entrenamiento,No,37,1,0,1,0
CLI006627,Entrenamiento,No,32,17,0,0,0
CLI006628,Prueba,No,24,3,0,1,0
CLI006629,Entrenamiento,No,36,1,1,1,0
CLI006630,Entrenamiento,No,41,2,1,1,0
CLI006631,Entrenamiento,No,47,1,0,1,0
CLI006632,Prueba,No,36,1,0,1,0
CLI006633,Entrenamiento,No,33,2,0,1,0
CLI006634,Entrenamiento,No,43,2,0,1,0
CLI006635,Entrenamiento,No,30,3,0,1,0
CLI006636,Prueba,No,29,4,0,1,0
CLI006637,Entrenamiento,No,32,1,0,1,0
CLI006638,Entrenamiento,No,26,3,0,0,0
CLI006639,Entrenamiento,No,31,1,0,1,0
CLI006640,Prueba,No,31,1,0,1,0
CLI006641,Entrenamiento,No,25,2,0,1,0
CLI006642,Entrenamiento,No,53,1,0,1,0
CLI006643,Entrenamiento,No,31,2,0,1,0
CLI006644,Prueba,No,35,1,0,0,0
CLI006645,Entrenamiento,No,47,2,0,0,0
CLI006646,Entrenamiento,No,31,1,0,1,0
CLI006647,Entrenamiento,No,61,2,0,1,0
CLI006648,Prueba,No,32,2,0,0,0
CLI006649,Entrenamiento,No,30,1,0,1,0
CLI006650,Entrenamiento,No,19,4,0,1,0
CLI006651,Entrenamiento,No,48,6,0,0,0
CLI006652,Prueba,No,30,1,0,1,0
CLI006653,Entrenamiento,Sí,52,2,0,1,0
CLI006654,Entrenamiento,No,26,3,0,1,0
CLI006655,Entrenamiento,No,35,4,0,1,0
CLI006656,Prueba,Sí,21,3,2,1,1
CLI006657,Entrenamiento,No,28,5,0,0,0
CLI006659,Entrenamiento,No,49,1,0,1,0
CLI006660,Prueba,No,46,1,0,0,0
CLI006661,Entrenamiento,No,57,5,0,1,0
CLI006662,Entrenamiento,No,36,6,0,0,0
CLI006663,Entrenamiento,No,38,1,0,1,0
CLI006664,Prueba,No,51,6,0,0,0
CLI006667,Entrenamiento,No,47,1,0,1,0
CLI006668,Prueba,No,47,5,0,1,0
CLI006669,Entrenamiento,No,42,8,0,0,0
CLI006670,Entrenamiento,No,32,1,0,0,0
CLI006671,Entrenamiento,No,30,2,0,0,0
CLI006672,Prueba,No,35,3,0,1,0
CLI006673,Entrenamiento,No,37,4,0,0,0
CLI006674,Entrenamiento,No,50,4,0,0,0
CLI006676,Prueba,No,32,3,0,0,0
CLI006677,Entrenamiento,No,35,3,0,1,0
CLI006678,Entrenamiento,No,35,1,0,1,0
CLI006679,Entrenamiento,No,36,2,0,1,0
CLI006682,Entrenamiento,No,37,1,0,1,0
CLI006683,Entrenamiento,No,45,1,0,1,0
CLI006684,Prueba,No,50,3,0,0,0
CLI006685,Entrenamiento,No,34,1,0,1,0
CLI006686,Entrenamiento,No,55,2,0,1,0
CLI006687,Entrenamiento,No,35,2,0,0,0
CLI006688,Prueba,No,37,1,0,0,0
CLI006691,Entrenamiento,No,29,4,0,0,0
CLI006692,Prueba,No,25,1,0,0,0
CLI006694,Entrenamiento,No,53,4,0,1,0
CLI006696,Prueba,No,47,1,0,0,0
CLI006697,Entrenamiento,No,36,5,0,0,0
CLI006698,Entrenamiento,No,50,1,0,0,0
CLI006699,Entrenamiento,Sí,20,1,0,1,0
CLI006700,Prueba,No,33,4,0,0,0
CLI006701,Entrenamiento,No,50,2,0,1,0
CLI006702,Entrenamiento,No,30,1,0,0,0
CLI006703,Entrenamiento,No,54,2,2,1,1
CLI006704,Prueba,No,50,1,0,1,0
CLI006706,Entrenamiento,No,57,1,0,0,0
CLI006707,Entrenamiento,Sí,58,1,1,1,1
CLI006709,Entrenamiento,No,35,1,0,1,0
CLI006711,Entrenamiento,No,35,1,0,1,0
CLI006712,Prueba,No,47,1,0,1,0
CLI006714,Entrenamiento,No,58,3,0,1,0
CLI006715,Entrenamiento,No,49,1,0,0,0
CLI006716,Prueba,No,38,1,0,1,0
CLI006717,Entrenamiento,No,54,1,0,1,0
CLI006718,Entrenamiento,No,34,1,0,1,0
CLI006719,Entrenamiento,No,33,1,0,0,0
CLI006720,Prueba,Sí,27,3,0,0,0
CLI006721,Entrenamiento,No,55,1,0,1,0
CLI006723,Entrenamiento,No,31,1,0,1,0
CLI006724,Prueba,No,39,3,0,1,0
CLI006725,Entrenamiento,No,31,3,0,1,0
CLI006727,Entrenamiento,No,33,2,0,0,0
CLI006728,Prueba,No,36,10,0,0,0
CLI006729,Entrenamiento,No,24,1,0,0,0
CLI006730,Entrenamiento,No,40,2,0,1,0
CLI006731,Entrenamiento,No,32,2,0,1,0
CLI006733,Entrenamiento,No,33,2,0,1,0
CLI006735,Entrenamiento,No,45,5,0,1,0
CLI006737,Entrenamiento,No,28,4,0,0,0
CLI006738,Entrenamiento,No,59,1,0,1,0
CLI006739,Entrenamiento,No,51,2,0,1,0
CLI006740,Prueba,Sí,47,1,0,0,0
CLI006741,Entrenamiento,No,31,1,0,1,0
CLI006742,Entrenamiento,No,37,3,0,1,0
CLI006743,Entrenamiento,No,50,1,0,0,0
CLI006744,Prueba,No,30,2,0,0,0
CLI006745,Entrenamiento,No,38,2,0,0,0
CLI006746,Entrenamiento,No,57,1,2,1,1
CLI006747,Entrenamiento,No,45,3,0,1,0
CLI006749,Entrenamiento,No,33,2,0,1,0
CLI006750,Entrenamiento,No,40,1,0,0,0
CLI006751,Entrenamiento,No,58,1,0,1,0
CLI006752,Prueba,No,24,2,0,0,0
CLI006753,Entrenamiento,No,60,3,1,1,0
CLI006754,Entrenamiento,No,50,1,0,1,0
CLI006755,Entrenamiento,No,32,2,1,1,0
CLI006756,Prueba,No,40,5,0,1,0
CLI006757,Entrenamiento,No,31,1,0,1,0
CLI006758,Entrenamiento,No,51,3,0,1,0
CLI006759,Entrenamiento,No,27,4,0,1,0
CLI006760,Prueba,No,34,1,0,1,0
CLI006761,Entrenamiento,No,54,1,0,1,0
CLI006762,Entrenamiento,No,31,1,0,1,0
CLI006763,Entrenamiento,No,29,1,0,1,0
CLI006764,Prueba,No,44,2,0,1,0
CLI006765,Entrenamiento,No,44,3,0,0,0
CLI006766,Entrenamiento,No,57,1,1,1,0
CLI006767,Entrenamiento,No,31,3,0,1,0
CLI006768,Prueba,Sí,49,1,1,1,0
CLI006769,Entrenamiento,Sí,52,3,3,1,1
CLI006771,Entrenamiento,No,49,1,0,1,0
CLI006772,Prueba,No,41,1,0,0,0
CLI006773,Entrenamiento,No,32,1,0,1,0
CLI006774,Entrenamiento,No,34,1,0,1,0
CLI006775,Entrenamiento,No,55,1,0,1,0
CLI006776,Prueba,No,37,2,0,1,0
CLI006778,Entrenamiento,No,31,2,0,1,0
CLI006779,Entrenamiento,Sí,59,3,1,1,1
CLI006780,Prueba,No,50,4,0,0,0
CLI006781,Entrenamiento,No,53,3,0,1,0
CLI006783,Entrenamiento,No,32,1,0,1,0
CLI006784,Prueba,No,53,2,0,1,0
CLI006785,Entrenamiento,No,48,1,0,1,0
CLI006786,Entrenamiento,No,46,1,0,0,0
CLI006787,Entrenamiento,No,26,1,0,1,0
CLI006788,Prueba,Sí,39,3,1,0,1
CLI006789,Entrenamiento,Sí,51,2,1,1,0
CLI006790,Entrenamiento,No,51,4,0,1,0
CLI006791,Entrenamiento,Sí,24,2,0,1,0
CLI006792,Prueba,No,46,6,0,1,0
CLI006793,Entrenamiento,No,51,1,0,0,0
CLI006794,Entrenamiento,Sí,49,2,0,0,0
CLI006795,Entrenamiento,Sí,57,1,0,1,0
CLI006796,Prueba,No,55,1,0,0,0
CLI006797,Entrenamiento,No,41,1,1,1,0
CLI006798,Entrenamiento,No,30,1,1,1,0
CLI006799,Entrenamiento,No,29,1,0,0,0
CLI006800,Prueba,No,54,1,0,0,0
CLI006801,Entrenamiento,No,42,2,0,1,0
CLI006802,Entrenamiento,Sí,38,1,0,1,0
CLI006803,Entrenamiento,No,28,1,1,1,0
CLI006804,Prueba,No,25,1,0,1,0
CLI006805,Entrenamiento,No,41,1,0,1,0
CLI006807,Entrenamiento,No,40,2,0,1,0
CLI006808,Prueba,No,30,11,0,0,0
CLI006810,Entrenamiento,No,42,3,0,0,0
CLI006811,Entrenamiento,No,25,2,0,1,0
CLI006812,Prueba,No,49,3,0,1,0
CLI006813,Entrenamiento,No,36,1,0,1,0
CLI006814,Entrenamiento,No,31,6,0,1,0
CLI006816,Prueba,No,58,1,0,1,0
CLI006819,Entrenamiento,No,38,2,0,0,0
CLI006821,Entrenamiento,No,34,1,0,0,0
CLI006822,Entrenamiento,No,35,6,0,0,0
CLI006823,Entrenamiento,No,41,4,0,0,0
CLI006824,Prueba,No,24,3,0,0,0
CLI006825,Entrenamiento,No,60,1,0,1,0
CLI006827,Entrenamiento,No,23,8,0,1,0
CLI006829,Entrenamiento,No,32,1,0,0,0
CLI006830,Entrenamiento,No,26,9,1,1,0
CLI006832,Prueba,No,30,3,0,0,0
CLI006833,Entrenamiento,No,48,3,0,0,0
CLI006834,Entrenamiento,No,32,4,0,0,0
CLI006835,Entrenamiento,No,47,1,0,1,0
CLI006836,Prueba,No,43,3,0,1,0
CLI006837,Entrenamiento,No,49,3,1,1,0
CLI006838,Entrenamiento,No,29,1,1,1,0
CLI006839,Entrenamiento,No,43,2,0,1,0
CLI006840,Prueba,No,30,3,1,1,0
CLI006841,Entrenamiento,No,37,4,0,1,0
CLI006842,Entrenamiento,No,38,2,0,1,0
CLI006843,Entrenamiento,Sí,32,1,0,0,0
CLI006844,Prueba,Sí,36,1,0,1,0
CLI006845,Entrenamiento,No,28,1,0,1,0
CLI006847,Entrenamiento,No,41,1,0,0,0
CLI006848,Prueba,No,31,1,0,0,0
CLI006849,Entrenamiento,No,37,1,1,1,0
CLI006851,Entrenamiento,Sí,69,6,2,1,0
CLI006852,Prueba,No,53,1,0,0,0
CLI006853,Entrenamiento,No,27,1,0,1,0
CLI006854,Entrenamiento,No,25,2,0,0,0
CLI006855,Entrenamiento,No,25,2,0,0,0
CLI006856,Prueba,No,40,6,0,1,0
CLI006857,Entrenamiento,No,73,1,1,1,1
CLI006858,Entrenamiento,No,47,2,1,1,0
CLI006859,Entrenamiento,No,29,1,0,0,0
CLI006860,Prueba,No,32,1,0,1,0
CLI006861,Entrenamiento,No,34,1,0,1,0
CLI006862,Entrenamiento,No,40,2,0,0,0
CLI006863,Entrenamiento,No,46,1,0,0,0
CLI006864,Prueba,No,52,3,0,0,0
CLI006865,Entrenamiento,No,53,2,0,0,0
CLI006866,Entrenamiento,No,34,1,0,1,0
CLI006867,Entrenamiento,No,37,1,0,0,0
CLI006868,Prueba,No,50,3,0,0,0
CLI006869,Entrenamiento,No,53,1,1,1,0
CLI006870,Entrenamiento,No,37,1,1,1,0
CLI006871,Entrenamiento,No,42,1,0,0,0
CLI006872,Prueba,No,39,9,0,0,0
CLI006873,Entrenamiento,No,47,1,0,0,0
CLI006875,Entrenamiento,No,32,1,0,0,0
CLI006876,Prueba,No,37,1,0,1,0
CLI006877,Entrenamiento,No,51,1,0,1,0
CLI006878,Entrenamiento,Sí,26,1,3,1,1
CLI006879,Entrenamiento,No,40,1,0,0,0
CLI006880,Prueba,No,26,2,0,0,0
CLI006881,Entrenamiento,No,40,1,0,0,0
CLI006882,Entrenamiento,No,42,5,0,1,0
CLI006883,Entrenamiento,Sí,36,2,0,0,0
CLI006884,Prueba,No,55,2,0,1,0
CLI006885,Entrenamiento,Sí,35,1,0,1,0
CLI006886,Entrenamiento,Sí,37,2,2,1,1
CLI006889,Entrenamiento,No,52,1,0,0,0
CLI006890,Entrenamiento,No,43,4,0,0,0
CLI006891,Entrenamiento,No,24,1,1,1,0
CLI006892,Prueba,No,40,1,1,1,1
CLI006893,Entrenamiento,No,42,1,0,1,0
CLI006894,Entrenamiento,No,40,2,0,0,0
CLI006895,Entrenamiento,No,40,1,0,0,0
CLI006896,Prueba,No,27,3,0,0,0
CLI006897,Entrenamiento,No,49,2,0,0,0
CLI006898,Entrenamiento,No,26,4,0,1,0
CLI006899,Entrenamiento,No,28,2,0,0,0
CLI006900,Prueba,No,40,2,1,1,0
CLI006901,Entrenamiento,No,36,1,0,1,0
CLI006903,Entrenamiento,No,55,3,0,0,0
CLI006904,Prueba,No,29,2,1,1,0
CLI006905,Entrenamiento,No,40,1,0,1,0
CLI006906,Entrenamiento,No,38,1,0,0,0
CLI006908,Prueba,No,30,2,0,1,0
CLI006909,Entrenamiento,No,29,2,0,0,0
CLI006910,Entrenamiento,No,46,1,0,0,0
CLI006911,Entrenamiento,No,29,1,0,1,0
CLI006912,Prueba,No,51,5,0,1,0
CLI006913,Entrenamiento,No,42,1,0,1,0
CLI006914,Entrenamiento,No,47,1,0,1,0
CLI006915,Entrenamiento,Sí,37,1,0,1,0
CLI006916,Prueba,No,30,1,1,1,1
CLI006917,Entrenamiento,No,36,1,0,1,0
CLI006918,Entrenamiento,No,29,4,0,1,0
CLI006919,Entrenamiento,No,44,1,0,0,0
CLI006920,Prueba,No,35,2,0,1,0
CLI006921,Entrenamiento,No,58,1,1,1,0
CLI006922,Entrenamiento,No,32,1,0,1,0
CLI006923,Entrenamiento,No,28,1,2,1,0
CLI006924,Prueba,No,39,1,1,1,0
CLI006925,Entrenamiento,No,33,6,0,0,0
CLI006926,Entrenamiento,No,29,2,0,1,0
CLI006927,Entrenamiento,No,53,3,0,1,0
CLI006928,Prueba,No,31,2,0,1,0
CLI006929,Entrenamiento,Sí,47,2,1,1,1
CLI006930,Entrenamiento,No,52,1,0,0,0
CLI006931,Entrenamiento,Sí,22,2,2,1,1
CLI006932,Prueba,No,38,5,0,1,0
CLI006933,Entrenamiento,No,36,1,0,1,0
CLI006934,Entrenamiento,No,39,1,0,1,0
CLI006935,Entrenamiento,Sí,42,1,1,1,0
CLI006937,Entrenamiento,No,52,3,0,0,0
CLI006938,Entrenamiento,No,40,1,0,1,0
CLI006939,Entrenamiento,Sí,24,2,0,1,0
CLI006940,Prueba,No,33,1,0,0,0
CLI006941,Entrenamiento,No,47,1,0,1,0
CLI006942,Entrenamiento,No,35,2,0,1,0
CLI006943,Entrenamiento,No,49,3,0,1,0
CLI006944,Prueba,Sí,34,4,0,1,0
CLI006945,Entrenamiento,No,25,5,0,1,0
CLI006947,Entrenamiento,No,38,1,1,1,0
CLI006948,Prueba,No,32,2,0,1,0
CLI006949,Entrenamiento,No,34,1,0,0,0
CLI006950,Entrenamiento,No,27,4,1,1,0
CLI006951,Entrenamiento,No,32,1,0,0,0
CLI006952,Prueba,No,26,1,0,0,0
CLI006953,Entrenamiento,No,33,3,0,1,0
CLI006954,Entrenamiento,No,35,2,0,0,0
CLI006955,Entrenamiento,No,41,2,1,1,0
CLI006956,Prueba,No,41,13,0,1,0
CLI006957,Entrenamiento,No,32,1,0,0,0
CLI006958,Entrenamiento,No,44,1,0,0,0
CLI006959,Entrenamiento,No,31,1,0,0,0
CLI006960,Prueba,No,44,1,1,1,0
CLI006961,Entrenamiento,No,36,2,0,1,0
CLI006962,Entrenamiento,No,39,8,0,1,0
CLI006963,Entrenamiento,No,28,3,0,1,0
CLI006964,Prueba,Sí,52,5,0,1,0
CLI006965,Entrenamiento,No,43,2,0,1,0
CLI006966,Entrenamiento,No,57,3,1,1,0
CLI006967,Entrenamiento,No,31,2,0,1,0
CLI006968,Prueba,No,39,5,0,1,0
CLI006969,Entrenamiento,No,51,2,0,1,0
CLI006970,Entrenamiento,No,43,6,0,0,0
CLI006971,Entrenamiento,No,32,1,0,0,0
CLI006972,Prueba,No,46,3,0,1,0
CLI006973,Entrenamiento,No,44,1,0,0,0
CLI006974,Entrenamiento,No,33,1,0,0,0
CLI006975,Entrenamiento,No,30,2,0,1,0
CLI006976,Prueba,No,33,4,0,1,0
CLI006978,Entrenamiento,No,29,8,0,1,0
CLI006979,Entrenamiento,No,35,1,0,1,0
CLI006980,Prueba,No,41,1,0,1,0
CLI006981,Entrenamiento,No,52,12,0,0,0
CLI006982,Entrenamiento,No,58,1,0,1,0
CLI006983,Entrenamiento,No,34,2,0,0,0
CLI006984,Prueba,No,41,3,0,1,0
CLI006985,Entrenamiento,No,43,1,0,1,0
CLI006986,Entrenamiento,No,34,2,0,1,0
CLI006987,Entrenamiento,No,30,2,0,1,0
CLI006988,Prueba,No,54,1,0,0,0
CLI006989,Entrenamiento,No,48,1,0,0,0
CLI006990,Entrenamiento,No,25,2,0,1,0
CLI006991,Entrenamiento,No,25,1,0,1,0
CLI006992,Prueba,No,59,13,0,1,0
CLI006993,Entrenamiento,No,66,4,1,1,1
CLI006994,Entrenamiento,No,42,3,0,1,0
CLI006995,Entrenamiento,No,34,3,0,1,0
CLI006996,Prueba,No,42,1,0,0,0
CLI006997,Entrenamiento,No,35,3,0,0,0
CLI006998,Entrenamiento,No,39,1,0,1,0
CLI006999,Entrenamiento,No,47,1,0,1,0
CLI007002,Entrenamiento,No,55,2,0,1,0
CLI007003,Entrenamiento,No,35,2,0,0,0
CLI007004,Prueba,No,43,1,0,1,0
CLI007005,Entrenamiento,No,49,2,0,0,0
CLI007006,Entrenamiento,Sí,46,3,0,1,0
CLI007007,Entrenamiento,No,51,1,1,1,1
CLI007008,Prueba,No,49,1,0,0,0
CLI007010,Entrenamiento,Sí,65,1,1,1,1
CLI007011,Entrenamiento,No,43,7,0,1,0
CLI007012,Prueba,No,37,3,0,0,0
CLI007013,Entrenamiento,No,41,1,0,0,0
CLI007015,Entrenamiento,No,29,10,0,1,0
CLI007016,Prueba,No,38,3,0,1,0
CLI007017,Entrenamiento,No,36,7,0,1,0
CLI007018,Entrenamiento,No,38,2,0,1,0
CLI007019,Entrenamiento,No,35,1,0,1,0
CLI007021,Entrenamiento,Sí,27,1,0,0,0
CLI007022,Entrenamiento,No,50,4,0,1,0
CLI007024,Prueba,No,45,5,0,1,0
CLI007025,Entrenamiento,No,54,3,0,1,0
CLI007026,Entrenamiento,No,47,4,0,0,0
CLI007027,Entrenamiento,No,56,1,0,0,0
CLI007028,Prueba,No,34,3,0,1,0
CLI007029,Entrenamiento,No,41,2,0,1,0
CLI007030,Entrenamiento,No,31,3,0,1,0
CLI007031,Entrenamiento,No,43,1,0,0,0
CLI007033,Entrenamiento,No,45,1,0,1,0
CLI007034,Entrenamiento,No,30,2,0,1,0
CLI007036,Prueba,No,29,1,0,1,0
CLI007037,Entrenamiento,No,46,1,0,0,0
CLI007038,Entrenamiento,No,58,1,0,1,0
CLI007039,Entrenamiento,No,29,2,0,1,0
CLI007040,Prueba,No,27,8,0,0,0
CLI007042,Entrenamiento,Sí,55,1,1,1,0
CLI007044,Prueba,No,59,2,0,0,0
CLI007045,Entrenamiento,No,24,2,0,1,0
CLI007046,Entrenamiento,No,28,2,0,1,0
CLI007047,Entrenamiento,No,26,10,2,0,0
CLI007048,Prueba,No,25,4,0,0,0
CLI007049,Entrenamiento,No,35,4,0,1,0
CLI007051,Entrenamiento,No,35,17,0,1,0
CLI007052,Prueba,No,26,2,0,0,0
CLI007053,Entrenamiento,No,28,4,0,1,0
CLI007054,Entrenamiento,No,36,3,0,1,0
CLI007055,Entrenamiento,No,31,2,0,1,0
CLI007056,Prueba,No,35,4,0,1,0
CLI007057,Entrenamiento,No,43,2,0,0,0
CLI007060,Prueba,No,42,2,0,0,0
CLI007061,Entrenamiento,No,44,3,0,0,0
CLI007063,Entrenamiento,No,47,2,0,0,0
CLI007064,Prueba,No,30,2,0,0,0
CLI007065,Entrenamiento,No,43,1,0,0,0
CLI007066,Entrenamiento,Sí,46,1,2,1,1
CLI007067,Entrenamiento,No,35,1,1,1,0
CLI007069,Entrenamiento,No,31,2,0,0,0
CLI007070,Entrenamiento,No,65,3,1,0,0
CLI007071,Entrenamiento,No,35,1,0,0,0
CLI007072,Prueba,No,33,1,0,1,0
CLI007073,Entrenamiento,Sí,29,1,1,1,1
CLI007074,Entrenamiento,No,49,2,0,1,0
CLI007075,Entrenamiento,No,40,2,0,1,0
CLI007076,Prueba,No,40,6,0,1,0
CLI007077,Entrenamiento,No,47,8,0,0,0
CLI007078,Entrenamiento,No,27,4,0,1,0
CLI007079,Entrenamiento,No,30,1,0,0,0
CLI007080,Prueba,No,54,1,0,0,0
CLI007081,Entrenamiento,No,41,1,0,1,0
CLI007082,Entrenamiento,No,27,11,0,1,0
CLI007083,Entrenamiento,No,57,3,0,1,0
CLI007084,Prueba,No,43,2,1,1,0
CLI007085,Entrenamiento,No,32,3,0,1,0
CLI007086,Entrenamiento,No,52,2,1,0,0
CLI007087,Entrenamiento,No,47,1,1,1,0
CLI007088,Prueba,No,41,2,0,0,0
CLI007090,Entrenamiento,No,41,1,0,0,0
CLI007092,Prueba,No,53,5,0,0,0
CLI007095,Entrenamiento,No,32,1,0,1,0
CLI007096,Prueba,No,42,1,0,0,0
CLI007097,Entrenamiento,No,44,3,0,0,0
CLI007098,Entrenamiento,No,56,1,0,0,0
CLI007099,Entrenamiento,No,39,4,0,1,0
CLI007100,Prueba,No,51,3,0,1,0
CLI007102,Entrenamiento,No,43,9,0,1,0
CLI007103,Entrenamiento,Sí,45,1,0,1,0
CLI007104,Prueba,No,41,3,0,0,0
CLI007105,Entrenamiento,Sí,44,2,0,1,0
CLI007106,Entrenamiento,No,46,1,0,1,0
CLI007107,Entrenamiento,No,26,1,0,0,0
CLI007108,Prueba,No,49,6,0,0,0
CLI007109,Entrenamiento,No,46,4,0,0,0
CLI007110,Entrenamiento,No,34,1,0,1,0
CLI007111,Entrenamiento,Sí,30,11,0,1,0
CLI007112,Prueba,No,33,1,0,0,0
CLI007113,Entrenamiento,No,46,1,0,0,0
CLI007114,Entrenamiento,No,35,1,0,1,0
CLI007115,Entrenamiento,No,34,1,0,0,0
CLI007116,Prueba,No,29,1,1,1,0
CLI007117,Entrenamiento,No,71,1,0,1,0
CLI007118,Entrenamiento,No,51,1,0,0,0
CLI007119,Entrenamiento,No,41,2,0,1,0
CLI007120,Prueba,No,58,6,0,1,0
CLI007121,Entrenamiento,No,52,11,0,1,0
CLI007122,Entrenamiento,No,24,2,0,0,0
CLI007123,Entrenamiento,No,41,2,0,0,0
CLI007124,Prueba,No,41,2,0,1,0
CLI007125,Entrenamiento,No,60,2,0,1,0
CLI007126,Entrenamiento,No,29,2,1,1,0
CLI007128,Prueba,No,28,1,0,0,0
CLI007129,Entrenamiento,No,31,1,0,1,0
CLI007130,Entrenamiento,No,31,3,0,0,0
CLI007131,Entrenamiento,No,58,7,0,1,0
CLI007132,Prueba,No,53,1,0,1,0
CLI007133,Entrenamiento,No,60,1,0,1,0
CLI007134,Entrenamiento,No,33,1,0,0,0
CLI007135,Entrenamiento,No,40,2,0,0,0
CLI007136,Prueba,No,31,1,0,1,0
CLI007137,Entrenamiento,No,34,2,0,1,0
CLI007139,Entrenamiento,No,42,1,0,0,0
CLI007141,Entrenamiento,No,38,1,1,1,0
CLI007142,Entrenamiento,Sí,31,2,0,1,0
CLI007143,Entrenamiento,No,33,3,0,1,0
CLI007144,Prueba,No,54,5,0,0,0
CLI007145,Entrenamiento,No,51,2,0,1,0
CLI007147,Entrenamiento,No,35,2,0,1,0
CLI007148,Prueba,No,32,3,0,1,0
CLI007149,Entrenamiento,No,29,1,1,1,0
CLI007150,Entrenamiento,Sí,67,2,2,1,1
CLI007151,Entrenamiento,No,34,2,0,0,0
CLI007153,Entrenamiento,No,22,1,0,1,0
CLI007154,Entrenamiento,No,33,3,0,1,0
CLI007155,Entrenamiento,No,36,4,0,1,0
CLI007156,Prueba,No,30,2,0,0,0
CLI007157,Entrenamiento,No,52,1,0,0,0
CLI007158,Entrenamiento,Sí,38,1,1,1,0
CLI007160,Prueba,Sí,63,1,1,1,0
CLI007163,Entrenamiento,No,33,1,0,0,0
CLI007164,Prueba,No,41,1,0,1,0
CLI007165,Entrenamiento,No,36,2,0,1,0
CLI007166,Entrenamiento,No,33,1,0,1,0
CLI007167,Entrenamiento,No,34,8,0,0,0
CLI007168,Prueba,No,37,2,0,1,0
CLI007169,Entrenamiento,No,29,1,0,1,0
CLI007171,Entrenamiento,No,29,4,0,0,0
CLI007172,Prueba,No,35,1,0,1,0
CLI007173,Entrenamiento,Sí,38,2,1,1,1
CLI007174,Entrenamiento,No,42,5,0,0,0
CLI007175,Entrenamiento,No,49,5,0,1,0
CLI007176,Prueba,No,34,1,0,1,0
CLI007177,Entrenamiento,No,43,1,1,1,0
CLI007179,Entrenamiento,No,56,3,0,1,0
CLI007180,Prueba,No,49,2,1,1,0
CLI007182,Entrenamiento,No,54,3,0,1,0
CLI007183,Entrenamiento,No,32,1,0,0,0
CLI007184,Prueba,No,33,1,0,0,0
CLI007185,Entrenamiento,No,66,1,1,1,0
CLI007186,Entrenamiento,Sí,54,7,2,1,1
CLI007187,Entrenamiento,No,49,3,1,1,0
CLI007188,Prueba,Sí,33,1,0,1,0
CLI007191,Entrenamiento,No,30,4,1,0,0
CLI007192,Prueba,No,41,1,0,1,0
CLI007193,Entrenamiento,No,47,1,0,1,0
CLI007194,Entrenamiento,No,31,1,0,0,0
CLI007195,Entrenamiento,No,26,2,1,1,0
CLI007197,Entrenamiento,No,27,2,1,1,0
CLI007198,Entrenamiento,No,20,7,0,1,0
CLI007199,Entrenamiento,No,33,2,1,1,0
CLI007200,Prueba,No,49,4,0,1,0
CLI007202,Entrenamiento,No,55,2,0,0,0
CLI007203,Entrenamiento,No,30,1,1,1,0
CLI007204,Prueba,No,33,2,0,1,0
CLI007207,Entrenamiento,No,34,1,0,1,0
CLI007208,Prueba,No,27,2,1,1,1
CLI007209,Entrenamiento,No,36,1,2,1,0
CLI007210,Entrenamiento,No,39,2,0,0,0
CLI007211,Entrenamiento,No,31,3,0,1,0
CLI007213,Entrenamiento,No,29,2,2,1,0
CLI007214,Entrenamiento,No,51,2,0,0,0
CLI007215,Entrenamiento,No,48,2,0,1,0
CLI007216,Prueba,No,32,2,0,0,0
CLI007217,Entrenamiento,No,56,1,0,0,0
CLI007218,Entrenamiento,No,45,1,0,1,0
CLI007219,Entrenamiento,Sí,60,3,1,1,1
CLI007221,Entrenamiento,No,51,2,0,1,0
CLI007223,Entrenamiento,No,28,2,0,1,0
CLI007224,Prueba,No,30,1,0,1,0
CLI007225,Entrenamiento,No,51,5,0,1,0
CLI007226,Entrenamiento,No,39,2,0,1,0
CLI007227,Entrenamiento,No,44,1,0,1,0
CLI007228,Prueba,No,32,2,0,1,0
CLI007229,Entrenamiento,No,23,5,0,1,0
CLI007230,Entrenamiento,No,38,2,0,0,0
CLI007231,Entrenamiento,No,32,1,0,1,0
CLI007233,Entrenamiento,No,33,4,0,1,0
CLI007234,Entrenamiento,No,54,2,1,1,0
CLI007236,Prueba,No,40,1,0,1,0
CLI007237,Entrenamiento,No,35,1,0,0,0
CLI007238,Entrenamiento,No,35,4,0,0,0
CLI007239,Entrenamiento,No,26,11,0,0,0
CLI007240,Prueba,No,29,2,0,1,0
CLI007242,Entrenamiento,No,42,9,0,1,0
CLI007243,Entrenamiento,No,51,1,0,0,0
CLI007244,Prueba,No,33,6,0,1,0
CLI007245,Entrenamiento,No,47,1,0,1,0
CLI007246,Entrenamiento,Sí,31,3,0,0,0
CLI007249,Entrenamiento,No,45,4,0,1,0
CLI007250,Entrenamiento,No,28,1,0,1,0
CLI007251,Entrenamiento,No,58,1,0,1,0
CLI007252,Prueba,Sí,39,5,0,1,0
CLI007253,Entrenamiento,No,30,4,0,1,0
CLI007254,Entrenamiento,No,29,2,0,0,0
CLI007255,Entrenamiento,No,32,4,0,1,0
CLI007257,Entrenamiento,No,38,2,0,1,0
CLI007258,Entrenamiento,No,32,1,0,1,0
CLI007259,Entrenamiento,No,48,2,0,0,0
CLI007260,Prueba,No,34,2,0,1,0
CLI007261,Entrenamiento,Sí,55,1,1,1,1
CLI007262,Entrenamiento,No,36,5,0,1,0
CLI007263,Entrenamiento,No,52,2,0,0,0
CLI007264,Prueba,No,48,1,0,1,0
CLI007265,Entrenamiento,No,29,2,0,0,0
CLI007268,Prueba,No,42,3,0,0,0
CLI007269,Entrenamiento,No,38,3,0,0,0
CLI007270,Entrenamiento,No,19,5,0,1,0
CLI007274,Entrenamiento,No,31,1,0,1,0
CLI007275,Entrenamiento,No,37,2,1,1,0
CLI007276,Prueba,No,48,1,0,1,0
CLI007278,Entrenamiento,No,31,4,0,0,0
CLI007279,Entrenamiento,No,42,2,0,0,0
CLI007280,Prueba,No,35,1,0,0,0
CLI007281,Entrenamiento,No,30,2,0,1,0
CLI007282,Entrenamiento,No,45,2,1,1,0
CLI007284,Prueba,No,47,3,0,0,0
CLI007285,Entrenamiento,No,34,3,0,1,0
CLI007286,Entrenamiento,No,57,4,0,1,0
CLI007287,Entrenamiento,No,26,1,1,1,0
CLI007288,Prueba,No,44,7,0,0,0
CLI007289,Entrenamiento,Sí,24,2,3,1,1
CLI007292,Prueba,No,37,2,0,1,0
CLI007294,Entrenamiento,Sí,34,1,1,1,0
CLI007295,Entrenamiento,No,45,3,0,0,0
CLI007296,Prueba,No,42,1,0,0,0
CLI007297,Entrenamiento,No,24,1,0,1,0
CLI007298,Entrenamiento,Sí,26,1,0,1,0
CLI007299,Entrenamiento,No,36,1,0,1,0
CLI007301,Entrenamiento,Sí,29,1,0,0,0
CLI007303,Entrenamiento,Sí,36,1,0,1,0
CLI007304,Prueba,No,59,2,1,1,0
CLI007305,Entrenamiento,No,43,2,0,1,0
CLI007306,Entrenamiento,No,34,2,0,1,0
CLI007307,Entrenamiento,No,57,1,0,0,0
CLI007308,Prueba,No,26,1,0,0,0
CLI007309,Entrenamiento,No,28,2,0,0,0
CLI007312,Prueba,No,45,2,0,1,0
CLI007313,Entrenamiento,Sí,19,1,0,1,0
CLI007314,Entrenamiento,No,30,1,0,1,0
CLI007315,Entrenamiento,No,45,1,0,1,0
CLI007317,Entrenamiento,No,39,1,0,0,0
CLI007318,Entrenamiento,No,36,2,0,0,0
CLI007319,Entrenamiento,No,51,1,0,1,0
CLI007320,Prueba,No,39,12,0,0,0
CLI007321,Entrenamiento,No,59,2,0,0,0
CLI007322,Entrenamiento,No,30,4,0,0,0
CLI007324,Prueba,No,53,1,1,1,0
CLI007325,Entrenamiento,No,45,3,0,0,0
CLI007326,Entrenamiento,No,46,4,0,0,0
CLI007327,Entrenamiento,No,52,1,0,0,0
CLI007328,Prueba,No,72,16,1,1,0
CLI007329,Entrenamiento,No,33,1,0,0,0
CLI007330,Entrenamiento,No,29,4,0,1,0
CLI007331,Entrenamiento,No,32,3,0,0,0
CLI007334,Entrenamiento,No,33,11,0,1,0
CLI007335,Entrenamiento,No,32,1,0,1,0
CLI007336,Prueba,No,39,1,0,1,0
CLI007337,Entrenamiento,Sí,36,1,2,1,1
CLI007338,Entrenamiento,No,39,1,0,1,0
CLI007340,Prueba,Sí,57,2,0,0,0
CLI007342,Entrenamiento,No,26,1,0,0,0
CLI007343,Entrenamiento,No,52,2,0,1,0
CLI007344,Prueba,Sí,48,3,2,1,0
CLI007346,Entrenamiento,No,51,1,0,1,0
CLI007347,Entrenamiento,No,31,1,0,1,0
CLI007348,Prueba,No,35,3,0,1,0
CLI007349,Entrenamiento,No,34,1,0,1,0
CLI007350,Entrenamiento,No,25,1,0,1,0
CLI007351,Entrenamiento,No,35,1,0,0,0
CLI007352,Prueba,No,43,3,0,1,0
CLI007353,Entrenamiento,No,44,1,0,1,0
CLI007354,Entrenamiento,No,41,3,1,1,0
CLI007357,Entrenamiento,No,33,1,0,1,0
CLI007358,Entrenamiento,No,31,7,0,0,0
CLI007359,Entrenamiento,No,52,5,0,1,0
CLI007360,Prueba,No,28,1,1,1,0
CLI007361,Entrenamiento,No,36,2,0,1,0
CLI007362,Entrenamiento,No,40,6,0,1,0
CLI007363,Entrenamiento,No,36,1,0,0,0
CLI007364,Prueba,No,32,1,0,0,0
CLI007365,Entrenamiento,No,30,2,0,0,0
CLI007366,Entrenamiento,No,28,1,0,0,0
CLI007367,Entrenamiento,No,44,2,0,1,0
CLI007368,Prueba,No,41,2,0,0,0
CLI007369,Entrenamiento,No,48,3,0,1,0
CLI007370,Entrenamiento,No,53,7,0,0,0
CLI007371,Entrenamiento,No,35,14,0,0,0
CLI007372,Prueba,No,31,2,0,1,0
CLI007373,Entrenamiento,No,27,1,0,1,0
CLI007374,Entrenamiento,No,29,2,0,1,0
CLI007375,Entrenamiento,No,34,7,0,1,0
CLI007376,Prueba,No,47,2,0,0,0
CLI007377,Entrenamiento,No,47,4,0,1,0
CLI007379,Entrenamiento,No,46,8,0,1,0
CLI007381,Entrenamiento,No,31,3,1,0,0
CLI007382,Entrenamiento,No,33,1,0,1,0
CLI007384,Prueba,No,41,1,0,0,0
CLI007385,Entrenamiento,No,31,12,0,0,0
CLI007386,Entrenamiento,No,57,2,0,0,0
CLI007387,Entrenamiento,No,43,4,0,1,0
CLI007388,Prueba,No,43,2,0,1,0
CLI007389,Entrenamiento,No,49,1,0,0,0
CLI007390,Entrenamiento,No,33,1,0,1,0
CLI007391,Entrenamiento,No,33,1,0,1,0
CLI007392,Prueba,No,28,2,0,1,0
CLI007393,Entrenamiento,No,41,1,0,0,0
CLI007394,Entrenamiento,Sí,38,2,1,1,0
CLI007395,Entrenamiento,No,50,12,0,0,0
CLI007396,Prueba,No,37,8,0,0,0
CLI007397,Entrenamiento,No,36,1,1,1,0
CLI007398,Entrenamiento,No,50,1,0,0,0
CLI007399,Entrenamiento,No,39,1,0,1,0
CLI007400,Prueba,No,26,1,0,0,0
CLI007402,Entrenamiento,No,42,5,0,0,0
CLI007403,Entrenamiento,Sí,38,3,1,1,1
CLI007404,Prueba,No,30,1,0,0,0
CLI007405,Entrenamiento,No,53,2,0,0,0
CLI007406,Entrenamiento,No,82,3,4,1,1
CLI007407,Entrenamiento,Sí,48,1,0,1,0
CLI007409,Entrenamiento,No,59,1,0,0,0
CLI007412,Prueba,No,29,4,0,0,0
CLI007413,Entrenamiento,No,49,3,0,0,0
CLI007415,Entrenamiento,No,52,2,0,1,0
CLI007416,Prueba,Sí,62,2,3,1,1
CLI007417,Entrenamiento,Sí,58,2,0,1,0
CLI007418,Entrenamiento,No,46,1,0,0,0
CLI007419,Entrenamiento,No,31,1,1,1,0
CLI007420,Prueba,No,34,3,0,0,0
CLI007421,Entrenamiento,No,49,4,1,1,0
CLI007423,Entrenamiento,Sí,31,1,0,1,0
CLI007424,Prueba,Sí,30,1,1,1,1
CLI007425,Entrenamiento,No,45,1,1,1,0
CLI007426,Entrenamiento,No,28,2,0,0,0
CLI007427,Entrenamiento,No,38,1,0,1,0
CLI007428,Prueba,No,33,4,0,1,0
CLI007429,Entrenamiento,Sí,70,1,0,1,0
CLI007430,Entrenamiento,No,44,2,0,1,0
CLI007431,Entrenamiento,No,33,4,1,1,0
CLI007432,Prueba,No,60,8,0,1,0
CLI007433,Entrenamiento,No,46,2,1,1,0
CLI007434,Entrenamiento,No,39,1,0,1,0
CLI007435,Entrenamiento,No,60,3,0,1,0
CLI007436,Prueba,No,38,9,0,1,0
CLI007437,Entrenamiento,No,54,1,0,1,0
CLI007438,Entrenamiento,No,23,1,1,1,0
CLI007439,Entrenamiento,Sí,33,2,0,1,0
CLI007440,Prueba,No,46,3,1,0,0
CLI007441,Entrenamiento,No,33,1,0,1,0
CLI007442,Entrenamiento,No,34,3,0,1,0
CLI007443,Entrenamiento,Sí,19,3,0,1,0
CLI007446,Entrenamiento,No,57,1,0,1,0
CLI007447,Entrenamiento,No,35,1,1,1,0
CLI007448,Prueba,No,40,1,0,1,0
CLI007449,Entrenamiento,No,33,7,0,1,0
CLI007450,Entrenamiento,No,24,2,1,1,1
CLI007451,Entrenamiento,No,30,1,1,1,0
CLI007452,Prueba,No,35,3,0,1,0
CLI007453,Entrenamiento,No,40,2,0,1,0
CLI007454,Entrenamiento,No,36,2,0,0,0
CLI007455,Entrenamiento,No,30,1,0,0,0
CLI007456,Prueba,No,58,3,0,0,0
CLI007457,Entrenamiento,No,36,11,0,1,0
CLI007458,Entrenamiento,No,28,3,0,0,0
CLI007459,Entrenamiento,No,36,1,0,1,0
CLI007460,Prueba,No,38,1,0,1,0
CLI007461,Entrenamiento,No,53,6,0,0,0
CLI007462,Entrenamiento,No,29,5,0,1,0
CLI007463,Entrenamiento,Sí,68,2,0,1,0
CLI007464,Prueba,No,39,5,0,0,0
CLI007465,Entrenamiento,No,39,2,0,1,0
CLI007466,Entrenamiento,No,71,1,0,0,0
CLI007467,Entrenamiento,Sí,59,1,0,0,0
CLI007468,Prueba,No,51,1,0,0,0
CLI007470,Entrenamiento,No,38,1,0,0,0
CLI007471,Entrenamiento,No,51,1,0,0,0
CLI007473,Entrenamiento,No,57,1,0,1,0
CLI007474,Entrenamiento,No,41,1,0,1,0
CLI007475,Entrenamiento,No,58,1,0,0,0
CLI007476,Prueba,No,31,1,1,1,1
CLI007477,Entrenamiento,No,21,2,0,1,0
CLI007478,Entrenamiento,No,43,2,0,1,0
CLI007479,Entrenamiento,No,30,4,0,1,0
CLI007480,Prueba,No,48,2,0,1,0
CLI007481,Entrenamiento,No,33,1,0,0,0
CLI007482,Entrenamiento,No,32,1,0,1,0
CLI007483,Entrenamiento,No,31,1,0,0,0
CLI007485,Entrenamiento,No,41,1,0,0,0
CLI007487,Entrenamiento,No,46,1,1,1,0
CLI007489,Entrenamiento,No,49,1,1,1,0
CLI007490,Entrenamiento,No,59,5,0,1,0
CLI007491,Entrenamiento,No,29,2,0,0,0
CLI007492,Prueba,No,37,3,0,1,0
CLI007493,Entrenamiento,Sí,32,2,0,1,0
CLI007494,Entrenamiento,No,30,1,0,1,0
CLI007495,Entrenamiento,No,46,18,0,1,0
CLI007496,Prueba,No,37,2,0,0,0
CLI007497,Entrenamiento,No,53,3,0,1,0
CLI007498,Entrenamiento,No,33,6,0,1,0
CLI007499,Entrenamiento,No,43,1,0,1,0
CLI007500,Prueba,No,37,1,0,0,0
CLI007501,Entrenamiento,Sí,52,2,0,1,0
CLI007502,Entrenamiento,No,44,3,2,1,0
CLI007503,Entrenamiento,No,43,14,0,0,0
CLI007504,Prueba,No,45,1,0,0,0
CLI007505,Entrenamiento,Sí,79,1,1,1,1
CLI007506,Entrenamiento,No,47,2,0,0,0
CLI007507,Entrenamiento,No,42,2,0,0,0
CLI007508,Prueba,No,37,1,0,0,0
CLI007509,Entrenamiento,No,50,3,0,1,0
CLI007510,Entrenamiento,No,45,1,0,1,0
CLI007511,Entrenamiento,No,36,2,0,1,0
CLI007512,Prueba,No,42,2,0,1,0
CLI007513,Entrenamiento,No,56,1,1,1,0
CLI007514,Entrenamiento,No,30,10,0,0,0
CLI007515,Entrenamiento,No,52,3,0,0,0
CLI007516,Prueba,Sí,31,9,0,1,0
CLI007517,Entrenamiento,No,52,1,0,0,0
CLI007518,Entrenamiento,No,51,2,0,1,0
CLI007519,Entrenamiento,No,59,2,0,0,0
CLI007520,Prueba,No,29,3,0,0,0
CLI007521,Entrenamiento,Sí,69,1,1,1,1
CLI007522,Entrenamiento,No,58,2,0,1,0
CLI007524,Prueba,No,35,21,0,0,0
CLI007525,Entrenamiento,No,51,2,0,1,0
CLI007526,Entrenamiento,No,40,6,0,1,0
CLI007527,Entrenamiento,No,31,3,0,0,0
CLI007528,Prueba,No,50,6,0,0,0
CLI007530,Entrenamiento,No,57,2,0,1,0
CLI007531,Entrenamiento,No,50,4,3,1,0
CLI007532,Prueba,Sí,27,1,0,1,0
CLI007533,Entrenamiento,No,31,2,1,1,0
CLI007534,Entrenamiento,Sí,21,1,0,1,0
CLI007535,Entrenamiento,No,32,1,0,0,0
CLI007536,Prueba,Sí,37,2,2,1,1
CLI007537,Entrenamiento,No,42,2,0,0,0
CLI007538,Entrenamiento,No,46,2,0,1,0
CLI007540,Prueba,No,47,2,0,1,0
CLI007541,Entrenamiento,No,36,4,0,1,0
CLI007542,Entrenamiento,No,35,10,0,1,0
CLI007543,Entrenamiento,No,55,2,0,1,0
CLI007544,Prueba,No,37,3,0,1,0
CLI007545,Entrenamiento,No,54,5,0,0,0
CLI007546,Entrenamiento,No,22,4,0,1,0
CLI007547,Entrenamiento,No,47,1,1,1,0
CLI007548,Prueba,No,54,14,0,1,0
CLI007549,Entrenamiento,No,21,1,0,1,0
CLI007551,Entrenamiento,No,37,2,1,1,0
CLI007552,Prueba,No,42,4,0,1,0
CLI007553,Entrenamiento,No,36,6,1,1,0
CLI007555,Entrenamiento,Sí,42,2,0,1,0
CLI007556,Prueba,No,45,1,0,0,0
CLI007557,Entrenamiento,No,30,2,0,0,0
CLI007558,Entrenamiento,No,37,2,1,1,0
CLI007559,Entrenamiento,No,39,2,0,0,0
CLI007560,Prueba,No,41,2,0,0,0
CLI007561,Entrenamiento,No,42,1,0,1,0
CLI007562,Entrenamiento,No,49,1,0,0,0
CLI007564,Prueba,Sí,29,2,2,1,0
CLI007565,Entrenamiento,No,33,1,0,1,0
CLI007566,Entrenamiento,No,30,1,0,1,0
CLI007567,Entrenamiento,No,53,1,0,1,0
CLI007568,Prueba,No,37,5,0,1,0
CLI007569,Entrenamiento,Sí,26,1,0,0,0
CLI007570,Entrenamiento,No,34,2,0,1,0
CLI007571,Entrenamiento,No,36,1,0,1,0
CLI007572,Prueba,No,44,2,0,0,0
CLI007573,Entrenamiento,No,57,1,0,0,0
CLI007574,Entrenamiento,No,47,1,0,0,0
CLI007575,Entrenamiento,No,36,2,0,1,0
CLI007576,Prueba,No,49,1,0,1,0
CLI007577,Entrenamiento,No,55,1,0,1,0
CLI007578,Entrenamiento,No,45,1,0,0,0
CLI007581,Entrenamiento,No,24,1,0,1,0
CLI007582,Entrenamiento,No,34,2,0,1,0
CLI007583,Entrenamiento,No,31,1,1,0,0
CLI007585,Entrenamiento,No,35,2,0,0,0
CLI007586,Entrenamiento,No,34,1,0,0,0
CLI007587,Entrenamiento,No,41,2,0,1,0
CLI007588,Prueba,No,37,3,0,0,0
CLI007589,Entrenamiento,No,30,1,1,1,0
CLI007590,Entrenamiento,No,43,4,0,0,0
CLI007591,Entrenamiento,No,59,3,0,0,0
CLI007592,Prueba,No,54,3,0,0,0
CLI007593,Entrenamiento,No,26,2,0,1,0
CLI007594,Entrenamiento,No,45,1,0,1,0
CLI007595,Entrenamiento,Sí,27,1,0,1,0
CLI007596,Prueba,No,88,1,0,1,0
CLI007597,Entrenamiento,No,38,1,1,1,0
CLI007598,Entrenamiento,No,51,2,0,1,0
CLI007599,Entrenamiento,No,30,1,0,1,0
CLI007600,Prueba,No,39,1,0,1,0
CLI007601,Entrenamiento,No,36,1,0,0,0
CLI007602,Entrenamiento,No,30,1,0,1,0
CLI007603,Entrenamiento,No,28,1,0,0,0
CLI007604,Prueba,No,35,2,0,0,0
CLI007605,Entrenamiento,No,41,1,0,0,0
CLI007606,Entrenamiento,No,34,1,0,1,0
CLI007607,Entrenamiento,No,28,4,0,1,0
CLI007608,Prueba,No,60,3,0,1,0
CLI007609,Entrenamiento,Sí,40,1,0,1,0
CLI007610,Entrenamiento,No,51,1,0,1,0
CLI007611,Entrenamiento,No,34,1,0,0,0
CLI007613,Entrenamiento,No,26,1,0,0,0
CLI007614,Entrenamiento,Sí,61,2,1,0,1
CLI007615,Entrenamiento,No,34,3,2,1,0
CLI007616,Prueba,No,44,1,0,0,0
CLI007617,Entrenamiento,No,38,2,1,1,0
CLI007618,Entrenamiento,No,32,2,0,0,0
CLI007620,Prueba,No,40,1,0,1,0
CLI007621,Entrenamiento,No,29,3,0,1,0
CLI007622,Entrenamiento,No,56,1,0,0,0
CLI007623,Entrenamiento,No,35,1,0,1,0
CLI007624,Prueba,No,30,2,0,1,0
CLI007625,Entrenamiento,No,35,1,0,1,0
CLI007626,Entrenamiento,No,41,4,0,0,0
CLI007627,Entrenamiento,No,53,13,1,1,0
CLI007628,Prueba,No,37,1,0,1,0
CLI007629,Entrenamiento,No,41,1,0,0,0
CLI007630,Entrenamiento,No,45,1,0,0,0
CLI007631,Entrenamiento,No,41,3,0,1,0
CLI007632,Prueba,No,45,3,0,1,0
CLI007633,Entrenamiento,No,44,2,0,1,0
CLI007634,Entrenamiento,No,37,1,1,1,0
CLI007635,Entrenamiento,No,46,2,0,1,0
CLI007636,Prueba,No,52,3,0,0,0
CLI007639,Entrenamiento,No,53,1,0,1,0
CLI007640,Prueba,No,41,1,0,1,0
CLI007641,Entrenamiento,No,33,1,0,1,0
CLI007642,Entrenamiento,No,27,3,1,1,0
CLI007644,Prueba,No,35,1,0,1,0
CLI007645,Entrenamiento,No,37,3,0,1,0
CLI007646,Entrenamiento,No,34,5,0,1,0
CLI007647,Entrenamiento,No,32,56,0,0,0
CLI007650,Entrenamiento,No,41,1,0,0,0
CLI007651,Entrenamiento,No,24,2,0,1,0
CLI007653,Entrenamiento,No,55,1,0,0,0
CLI007654,Entrenamiento,No,46,3,0,1,0
CLI007655,Entrenamiento,No,29,1,0,0,0
CLI007656,Prueba,No,40,4,0,1,0
CLI007659,Entrenamiento,No,47,1,0,1,0
CLI007660,Prueba,No,37,1,0,1,0
CLI007661,Entrenamiento,No,52,7,1,1,0
CLI007662,Entrenamiento,No,37,10,0,1,0
CLI007663,Entrenamiento,No,31,5,0,0,0
CLI007664,Prueba,No,38,3,0,1,0
CLI007665,Entrenamiento,No,55,6,0,0,0
CLI007666,Entrenamiento,No,55,2,0,0,0
CLI007667,Entrenamiento,No,52,2,0,1,0
CLI007668,Prueba,Sí,38,1,0,1,0
CLI007669,Entrenamiento,No,37,1,1,1,0
CLI007670,Entrenamiento,No,35,2,0,1,0
CLI007672,Prueba,No,33,3,0,1,0
CLI007673,Entrenamiento,Sí,62,4,3,1,1
CLI007674,Entrenamiento,No,33,2,0,0,0
CLI007675,Entrenamiento,No,36,2,0,0,0
CLI007676,Prueba,No,38,1,0,1,0
CLI007677,Entrenamiento,No,33,1,0,1,0
CLI007678,Entrenamiento,No,31,11,0,1,0
CLI007679,Entrenamiento,No,55,3,0,0,0
CLI007681,Entrenamiento,Sí,61,2,1,0,1
CLI007682,Entrenamiento,No,27,1,1,1,0
CLI007683,Entrenamiento,No,47,1,0,1,0
CLI007684,Prueba,No,37,4,1,1,0
CLI007686,Entrenamiento,No,50,1,0,0,0
CLI007687,Entrenamiento,No,34,1,0,1,0
CLI007689,Entrenamiento,Sí,37,3,2,1,1
CLI007690,Entrenamiento,No,29,14,0,0,0
CLI007691,Entrenamiento,No,30,4,0,0,0
CLI007692,Prueba,No,52,1,0,1,0
CLI007693,Entrenamiento,No,38,2,0,1,0
CLI007694,Entrenamiento,No,29,2,0,0,0
CLI007695,Entrenamiento,Sí,60,1,1,1,1
CLI007696,Prueba,No,30,2,0,1,0
CLI007697,Entrenamiento,No,33,3,0,1,0
CLI007698,Entrenamiento,No,26,3,0,1,0
CLI007699,Entrenamiento,Sí,41,2,0,1,0
CLI007701,Entrenamiento,No,53,3,0,0,0
CLI007702,Entrenamiento,No,28,1,0,1,0
CLI007703,Entrenamiento,Sí,76,1,0,1,0
CLI007704,Prueba,No,57,4,0,1,0
CLI007707,Entrenamiento,No,44,1,0,0,0
CLI007708,Prueba,No,32,4,0,1,0
CLI007710,Entrenamiento,No,33,4,0,1,0
CLI007711,Entrenamiento,No,31,1,0,1,0
CLI007712,Prueba,No,34,1,0,1,0
CLI007713,Entrenamiento,No,56,5,0,0,0
CLI007714,Entrenamiento,No,36,7,0,1,0
CLI007715,Entrenamiento,No,36,10,0,0,0
CLI007716,Prueba,No,24,2,1,1,0
CLI007717,Entrenamiento,No,26,2,0,0,0
CLI007718,Entrenamiento,No,31,1,0,1,0
CLI007720,Prueba,No,31,1,0,0,0
CLI007721,Entrenamiento,No,25,4,0,0,0
CLI007722,Entrenamiento,No,36,2,0,1,0
CLI007723,Entrenamiento,No,43,3,0,0,0
CLI007724,Prueba,No,47,5,0,1,0
CLI007726,Entrenamiento,No,36,1,0,0,0
CLI007727,Entrenamiento,No,41,1,0,0,0
CLI007728,Prueba,No,47,9,0,0,0
CLI007729,Entrenamiento,No,59,1,0,0,0
CLI007730,Entrenamiento,No,27,1,0,1,0
CLI007731,Entrenamiento,No,32,1,0,1,0
CLI007732,Prueba,No,59,2,1,1,0
CLI007733,Entrenamiento,No,37,1,0,0,0
CLI007734,Entrenamiento,No,40,2,0,1,0
CLI007736,Prueba,No,54,3,0,1,0
CLI007737,Entrenamiento,No,42,1,0,0,0
CLI007738,Entrenamiento,No,29,1,1,1,0
CLI007739,Entrenamiento,No,33,3,0,0,0
CLI007740,Prueba,No,46,20,0,1,0
CLI007741,Entrenamiento,No,39,1,0,0,0
CLI007742,Entrenamiento,No,45,3,0,1,0
CLI007743,Entrenamiento,No,37,1,0,1,0
CLI007744,Prueba,No,36,1,0,1,0
CLI007745,Entrenamiento,No,23,1,0,1,0
CLI007746,Entrenamiento,No,45,1,0,1,0
CLI007747,Entrenamiento,Sí,29,4,1,1,0
CLI007748,Prueba,No,37,6,0,0,0
CLI007749,Entrenamiento,No,38,3,1,1,0
CLI007750,Entrenamiento,No,34,3,0,0,0
CLI007751,Entrenamiento,No,28,2,0,1,0
CLI007752,Prueba,No,46,2,0,1,0
CLI007753,Entrenamiento,No,31,2,0,0,0
CLI007754,Entrenamiento,No,27,2,0,1,0
CLI007755,Entrenamiento,No,43,1,0,0,0
CLI007757,Entrenamiento,No,30,1,1,1,0
CLI007758,Entrenamiento,No,36,1,0,1,0
CLI007759,Entrenamiento,No,48,1,0,0,0
CLI007760,Prueba,No,28,1,1,1,0
CLI007761,Entrenamiento,No,30,2,0,1,0
CLI007762,Entrenamiento,No,50,4,0,0,0
CLI007763,Entrenamiento,No,50,4,0,1,0
CLI007764,Prueba,No,44,1,0,1,0
CLI007765,Entrenamiento,No,30,2,0,0,0
CLI007766,Entrenamiento,No,37,4,0,0,0
CLI007768,Prueba,No,41,1,0,0,0
CLI007769,Entrenamiento,No,42,1,0,0,0
CLI007770,Entrenamiento,No,35,1,0,1,0
CLI007771,Entrenamiento,No,45,2,0,0,0
CLI007772,Prueba,No,48,5,0,1,0
CLI007773,Entrenamiento,No,58,1,0,0,0
CLI007774,Entrenamiento,No,56,1,0,0,0
CLI007775,Entrenamiento,No,41,2,0,1,0
CLI007776,Prueba,No,46,1,0,0,0
CLI007778,Entrenamiento,No,37,9,0,0,0
CLI007779,Entrenamiento,No,51,1,0,1,0
CLI007780,Prueba,No,29,3,0,1,0
CLI007781,Entrenamiento,No,43,1,0,0,0
CLI007782,Entrenamiento,No,33,3,0,1,0
CLI007783,Entrenamiento,No,58,1,0,1,0
CLI007785,Entrenamiento,No,37,4,0,0,0
CLI007786,Entrenamiento,No,52,1,0,1,0
CLI007787,Entrenamiento,No,41,1,1,1,0
CLI007788,Prueba,No,45,14,0,1,0
CLI007789,Entrenamiento,No,32,5,1,1,0
CLI007790,Entrenamiento,No,56,1,0,1,0
CLI007791,Entrenamiento,No,71,1,0,0,0
CLI007792,Prueba,No,81,2,0,1,0
CLI007793,Entrenamiento,No,36,1,0,1,0
CLI007794,Entrenamiento,No,56,1,0,1,0
CLI007795,Entrenamiento,No,37,1,0,1,0
CLI007797,Entrenamiento,No,41,1,0,0,0
CLI007799,Entrenamiento,No,55,1,2,1,0
CLI007800,Prueba,No,43,2,0,1,0
CLI007801,Entrenamiento,No,45,1,0,1,0
CLI007802,Entrenamiento,No,49,3,0,1,0
CLI007803,Entrenamiento,No,34,5,0,1,0
CLI007804,Prueba,No,32,1,0,1,0
CLI007805,Entrenamiento,No,52,1,0,1,0
CLI007806,Entrenamiento,Sí,60,1,0,1,0
CLI007808,Prueba,No,33,2,0,1,0
CLI007809,Entrenamiento,Sí,31,3,0,1,0
CLI007810,Entrenamiento,No,32,2,0,1,0
CLI007811,Entrenamiento,No,38,1,0,1,0
CLI007812,Prueba,No,27,1,0,1,0
CLI007813,Entrenamiento,No,58,2,0,0,0
CLI007814,Entrenamiento,No,39,1,0,0,0
CLI007815,Entrenamiento,No,31,1,0,1,0
CLI007816,Prueba,Sí,57,4,0,1,0
CLI007818,Entrenamiento,No,54,3,0,0,0
CLI007819,Entrenamiento,Sí,31,2,0,1,0
CLI007820,Prueba,No,32,1,0,1,0
CLI007821,Entrenamiento,No,35,3,0,1,0
CLI007822,Entrenamiento,Sí,98,2,0,1,0
CLI007823,Entrenamiento,No,33,3,0,0,0
CLI007825,Entrenamiento,No,60,2,0,1,0
CLI007826,Entrenamiento,No,48,1,0,1,0
CLI007827,Entrenamiento,No,36,2,0,1,0
CLI007828,Prueba,No,32,8,0,0,0
CLI007829,Entrenamiento,No,64,1,1,1,1
CLI007830,Entrenamiento,No,38,1,0,0,0
CLI007831,Entrenamiento,No,37,1,0,1,0
CLI007832,Prueba,No,49,3,2,1,1
CLI007833,Entrenamiento,No,49,2,0,1,0
CLI007834,Entrenamiento,No,48,4,0,1,0
CLI007835,Entrenamiento,Sí,19,3,0,1,0
CLI007836,Prueba,No,33,1,0,1,0
CLI007838,Entrenamiento,No,40,1,0,1,0
CLI007839,Entrenamiento,No,39,2,0,0,0
CLI007840,Prueba,No,43,1,0,0,0
CLI007841,Entrenamiento,No,32,2,1,1,0
CLI007842,Entrenamiento,No,47,3,0,1,0
CLI007844,Prueba,No,29,1,1,1,0
CLI007846,Entrenamiento,No,42,1,0,0,0
CLI007847,Entrenamiento,No,29,1,0,1,0
CLI007848,Prueba,No,30,1,0,1,0
CLI007849,Entrenamiento,No,52,2,0,0,0
CLI007850,Entrenamiento,No,26,1,0,1,0
CLI007851,Entrenamiento,No,44,5,0,1,0
CLI007852,Prueba,No,44,4,0,1,0
CLI007853,Entrenamiento,No,56,1,0,1,0
CLI007854,Entrenamiento,No,38,1,0,1,0
CLI007855,Entrenamiento,No,56,3,0,0,0
CLI007856,Prueba,No,45,1,0,0,0
CLI007858,Entrenamiento,No,25,1,0,1,0
CLI007859,Entrenamiento,No,37,1,0,0,0
CLI007860,Prueba,No,44,5,0,1,0
CLI007861,Entrenamiento,No,31,1,0,0,0
CLI007862,Entrenamiento,No,36,8,1,1,0
CLI007864,Prueba,No,42,2,0,0,0
CLI007865,Entrenamiento,No,28,1,0,1,0
CLI007866,Entrenamiento,No,44,1,0,1,0
CLI007867,Entrenamiento,No,36,1,0,1,0
CLI007868,Prueba,Sí,38,1,0,1,0
CLI007869,Entrenamiento,No,36,1,0,1,0
CLI007870,Entrenamiento,No,46,3,0,1,0
CLI007871,Entrenamiento,No,23,2,0,1,0
CLI007872,Prueba,No,60,1,0,1,0
CLI007873,Entrenamiento,Sí,29,4,0,0,0
CLI007874,Entrenamiento,Sí,60,2,0,1,0
CLI007875,Entrenamiento,No,57,4,0,0,0
CLI007876,Prueba,No,37,2,0,1,0
CLI007877,Entrenamiento,No,44,3,1,1,0
CLI007878,Entrenamiento,No,35,2,0,1,0
CLI007879,Entrenamiento,No,51,5,0,0,0
CLI007881,Entrenamiento,Sí,35,2,0,1,0
CLI007882,Entrenamiento,Sí,49,1,0,1,0
CLI007883,Entrenamiento,No,42,3,0,1,0
CLI007884,Prueba,No,31,1,0,1,0
CLI007885,Entrenamiento,No,30,2,0,0,0
CLI007886,Entrenamiento,No,52,2,0,1,0
CLI007887,Entrenamiento,No,39,1,0,0,0
CLI007888,Prueba,No,38,1,0,1,0
CLI007889,Entrenamiento,No,39,1,0,0,0
CLI007891,Entrenamiento,No,38,1,0,0,0
CLI007892,Prueba,No,51,1,1,1,0
CLI007893,Entrenamiento,No,35,1,0,1,0
CLI007894,Entrenamiento,No,39,3,0,0,0
CLI007896,Prueba,No,40,2,0,0,0
CLI007897,Entrenamiento,Sí,76,2,3,1,1
CLI007898,Entrenamiento,No,30,1,0,0,0
CLI007900,Prueba,No,39,2,0,0,0
CLI007901,Entrenamiento,No,35,5,0,1,0
CLI007902,Entrenamiento,No,34,2,1,1,0
CLI007904,Prueba,No,40,2,0,1,0
CLI007905,Entrenamiento,No,54,1,0,0,0
CLI007906,Entrenamiento,No,45,1,0,0,0
CLI007907,Entrenamiento,No,40,4,0,0,0
CLI007909,Entrenamiento,No,33,3,0,1,0
CLI007910,Entrenamiento,No,39,1,0,1,0
CLI007911,Entrenamiento,No,27,3,0,0,0
CLI007912,Prueba,No,29,1,1,1,0
CLI007913,Entrenamiento,No,44,1,0,1,0
CLI007914,Entrenamiento,No,43,1,0,1,0
CLI007915,Entrenamiento,Sí,51,1,1,1,0
CLI007916,Prueba,No,40,4,0,1,0
CLI007917,Entrenamiento,Sí,59,1,0,1,0
CLI007919,Entrenamiento,No,37,1,1,1,1
CLI007920,Prueba,No,45,2,0,1,0
CLI007923,Entrenamiento,No,28,1,0,1,0
CLI007926,Entrenamiento,No,60,2,1,1,1
CLI007928,Prueba,No,29,1,0,1,0
CLI007929,Entrenamiento,No,35,10,0,0,0
CLI007930,Entrenamiento,Sí,36,1,4,1,0
CLI007931,Entrenamiento,No,53,2,1,1,0
CLI007932,Prueba,No,76,6,1,1,0
CLI007933,Entrenamiento,Sí,45,1,0,1,0
CLI007934,Entrenamiento,No,33,1,0,0,0
CLI007935,Entrenamiento,No,46,2,1,1,0
CLI007936,Prueba,No,51,2,4,1,0
CLI007937,Entrenamiento,No,39,2,0,0,0
CLI007938,Entrenamiento,No,29,2,0,1,0
CLI007939,Entrenamiento,Sí,51,3,0,1,0
CLI007940,Prueba,No,33,2,1,1,0
CLI007941,Entrenamiento,No,49,2,0,1,0
CLI007942,Entrenamiento,No,53,2,0,0,0
CLI007943,Entrenamiento,No,26,1,0,1,0
CLI007944,Prueba,No,57,7,2,1,1
CLI007945,Entrenamiento,No,32,1,0,0,0
CLI007946,Entrenamiento,No,27,1,0,0,0
CLI007947,Entrenamiento,No,47,2,0,1,0
CLI007948,Prueba,No,39,2,0,0,0
CLI007949,Entrenamiento,No,54,1,0,0,0
CLI007950,Entrenamiento,No,47,8,0,0,0
CLI007951,Entrenamiento,No,31,2,0,0,0
CLI007952,Prueba,Sí,32,3,0,1,0
CLI007953,Entrenamiento,No,30,2,0,0,0
CLI007954,Entrenamiento,No,29,3,0,1,0
CLI007955,Entrenamiento,No,38,2,0,1,0
CLI007956,Prueba,No,39,5,1,1,0
CLI007957,Entrenamiento,No,33,1,0,0,0
CLI007958,Entrenamiento,No,28,1,0,0,0
CLI007959,Entrenamiento,No,37,1,0,0,0
CLI007960,Prueba,No,31,3,0,1,0
CLI007961,Entrenamiento,Sí,62,2,1,1,0
CLI007962,Entrenamiento,No,32,2,0,0,0
CLI007963,Entrenamiento,No,45,2,0,0,0
CLI007964,Prueba,No,28,1,1,1,1
CLI007965,Entrenamiento,No,50,2,0,0,0
CLI007966,Entrenamiento,No,55,4,0,1,0
CLI007967,Entrenamiento,No,32,1,0,1,0
CLI007968,Prueba,No,45,1,0,1,0
CLI007971,Entrenamiento,No,50,11,0,1,0
CLI007972,Prueba,No,29,8,0,0,0
CLI007974,Entrenamiento,No,57,4,0,0,0
CLI007976,Prueba,No,35,2,0,0,0
CLI007977,Entrenamiento,No,36,5,0,1,0
CLI007978,Entrenamiento,Sí,33,1,0,0,0
CLI007979,Entrenamiento,No,47,1,0,1,0
CLI007980,Prueba,No,46,4,0,0,0
CLI007982,Entrenamiento,No,50,1,0,0,0
CLI007984,Prueba,No,39,4,0,0,0
CLI007986,Entrenamiento,No,55,5,0,0,0
CLI007987,Entrenamiento,No,21,2,0,1,0
CLI007988,Prueba,No,59,9,0,0,0
CLI007990,Entrenamiento,Sí,48,1,2,1,1
CLI007991,Entrenamiento,No,45,13,0,0,0
CLI007992,Prueba,No,47,1,0,1,0
CLI007993,Entrenamiento,No,50,1,0,0,0
CLI007994,Entrenamiento,No,43,2,0,1,0
CLI007995,Entrenamiento,No,26,2,0,0,0
CLI007996,Prueba,No,54,2,0,1,0
CLI007997,Entrenamiento,No,45,5,0,1,0
CLI007998,Entrenamiento,Sí,31,5,0,1,0
CLI007999,Entrenamiento,No,40,1,0,1,0
CLI008000,Prueba,No,57,15,0,1,0
