id_cliente,tipo_contacto,mes,dia_semana,contactos_campana,dias_desde_contacto_previo,contactos_previos,resultado_previo,variacion_empleo,indice_precios,confianza_consumidor,euribor_3m,numero_empleados,edad,ocupacion,estado_civil,educacion,incumplimiento_credito,credito_vivienda,prestamo_personal
CLI000005,cellular,jul,fri,3,999,0,nonexistent,1.4,93.918,-42.7,4.963,5228.1,35,blue-collar,married,basic.9y,Desconocido,No,No
CLI000010,cellular,jul,wed,2,999,0,nonexistent,1.4,93.918,-42.7,4.963,5228.1,32,blue-collar,divorced,basic.6y,Desconocido,Sí,No
CLI000017,cellular,aug,thu,2,999,0,nonexistent,1.4,93.444,-36.1,4.962,5228.1,50,management,married,university.degree,No,Sí,No
CLI000038,telephone,may,fri,1,999,0,nonexistent,1.1,93.994,-36.4,4.859,5191.0,32,technician,single,professional.course,No,Sí,No
CLI000060,cellular,sep,wed,3,999,0,nonexistent,-3.4,92.379,-29.8,0.813,5017.5,34,technician,married,professional.course,No,Sí,Sí
CLI000071,cellular,may,thu,1,999,0,nonexistent,-1.8,92.893,-46.2,1.327,5099.1,25,blue-collar,single,basic.9y,No,Sí,No
CLI000110,cellular,jul,mon,1,999,0,nonexistent,1.4,93.918,-42.7,4.96,5228.1,25,admin.,married,high.school,No,No,No
CLI000119,cellular,sep,fri,2,999,0,nonexistent,-3.4,92.379,-29.8,0.803,5017.5,50,admin.,married,high.school,No,Sí,No
CLI000129,cellular,jul,tue,2,999,0,nonexistent,1.4,93.918,-42.7,4.962,5228.1,30,technician,single,professional.course,No,No,No
CLI000131,cellular,nov,fri,10,999,1,failure,-0.1,93.2,-42.0,4.021,5195.8,51,blue-collar,married,basic.9y,No,No,No
CLI000135,cellular,jun,thu,1,999,0,nonexistent,-2.9,92.963,-40.8,1.26,5076.2,34,admin.,single,high.school,No,No,Sí
CLI000143,telephone,jun,fri,2,999,0,nonexistent,1.4,94.465,-41.8,4.967,5228.1,42,admin.,single,,No,No,No
CLI000146,telephone,may,fri,1,999,0,nonexistent,1.1,93.994,-36.4,4.857,5191.0,29,technician,single,university.degree,No,Sí,No
CLI000150,cellular,aug,wed,1,999,0,nonexistent,1.4,93.444,-36.1,4.964,5228.1,30,admin.,single,university.degree,No,No,No
CLI000159,telephone,may,thu,1,999,0,nonexistent,1.1,93.994,-36.4,4.86,5191.0,41,blue-collar,married,basic.9y,No,No,No
CLI000162,telephone,may,thu,3,999,0,nonexistent,1.1,93.994,-36.4,4.86,5191.0,54,blue-collar,divorced,basic.4y,No,No,No
CLI000163,cellular,jun,tue,2,3,1,success,-2.9,92.963,-40.8,1.262,5076.2,25,blue-collar,single,professional.course,No,Sí,No
CLI000166,telephone,jun,thu,2,999,0,nonexistent,1.4,94.465,-41.8,4.866,5228.1,44,services,married,high.school,No,No,No
CLI000175,cellular,nov,wed,1,999,1,failure,-0.1,93.2,-42.0,4.12,5195.8,33,self-employed,single,basic.4y,No,,No
CLI000181,cellular,aug,wed,5,999,0,nonexistent,1.4,93.444,-36.1,4.964,5228.1,47,technician,divorced,high.school,No,Sí,No
CLI000182,cellular,nov,thu,3,999,0,nonexistent,-0.1,93.2,-42.0,4.076,5195.8,41,services,married,professional.course,No,No,Sí
CLI000213,cellular,may,tue,1,999,0,nonexistent,-1.8,92.893,-46.2,1.344,5099.1,49,entrepreneur,married,high.school,No,No,No
CLI000214,cellular,jul,fri,3,999,0,nonexistent,1.4,93.918,-42.7,4.962,5228.1,42,admin.,married,university.degree,No,No,No
CLI000219,cellular,nov,thu,1,999,0,nonexistent,-0.1,93.2,-42.0,4.076,5195.8,30,admin.,single,university.degree,No,Sí,No
CLI000225,cellular,nov,thu,3,999,0,nonexistent,-0.1,93.2,-42.0,4.076,5195.8,38,management,divorced,high.school,No,Sí,No
CLI000228,telephone,may,fri,3,999,0,nonexistent,1.1,93.994,-36.4,4.864,5191.0,35,blue-collar,single,university.degree,No,Sí,Sí
CLI000230,cellular,may,thu,1,999,0,nonexistent,-1.8,92.893,-46.2,1.327,5099.1,34,services,single,high.school,No,Sí,No
CLI000236,telephone,jun,fri,4,999,0,nonexistent,1.4,94.465,-41.8,4.947,5228.1,36,admin.,married,high.school,No,Sí,Sí
CLI000257,cellular,aug,fri,8,999,0,nonexistent,1.4,93.444,-36.1,4.963,5228.1,52,blue-collar,married,basic.9y,No,No,No
CLI000260,telephone,jun,fri,2,999,0,nonexistent,1.4,94.465,-41.8,4.967,5228.1,31,unemployed,married,university.degree,No,No,No
CLI000279,cellular,jul,fri,1,999,0,nonexistent,1.4,93.918,-42.7,4.957,5228.1,36,blue-collar,married,basic.9y,No,Sí,No
CLI000288,telephone,jun,fri,5,999,0,nonexistent,1.4,94.465,-41.8,4.967,5228.1,38,technician,single,professional.course,Desconocido,Sí,No
CLI000294,cellular,nov,mon,2,999,0,nonexistent,-0.1,93.2,-42.0,4.191,5195.8,51,management,married,,No,No,No
CLI000296,cellular,apr,mon,4,999,0,nonexistent,-1.8,93.075,-47.1,1.405,5099.1,46,services,married,high.school,No,No,No
CLI000302,telephone,may,wed,1,999,0,nonexistent,1.1,93.994,-36.4,4.858,5191.0,35,technician,single,university.degree,No,Sí,No
CLI000304,telephone,jun,mon,2,999,0,nonexistent,1.4,94.465,-41.8,4.961,5228.1,32,blue-collar,married,high.school,No,Sí,No
CLI000310,cellular,may,thu,1,999,0,nonexistent,-1.8,92.893,-46.2,1.327,5099.1,32,admin.,single,professional.course,No,Sí,Sí
CLI000350,telephone,may,thu,1,999,0,nonexistent,1.1,93.994,-36.4,4.86,5191.0,58,blue-collar,married,basic.4y,Desconocido,Sí,No
CLI000385,telephone,jun,mon,5,999,0,nonexistent,1.4,94.465,-41.8,4.961,5228.1,42,blue-collar,single,basic.9y,No,No,No
CLI000387,cellular,aug,tue,1,999,0,nonexistent,-2.9,92.201,-31.4,0.884,5076.2,61,self-employed,divorced,high.school,No,No,No
CLI000412,telephone,jul,thu,21,999,0,nonexistent,1.4,93.918,-42.7,4.968,5228.1,39,blue-collar,single,basic.4y,Desconocido,No,No
CLI000437,telephone,jun,thu,1,999,0,nonexistent,1.4,94.465,-41.8,4.961,5228.1,58,entrepreneur,married,basic.4y,No,No,No
CLI000442,cellular,may,tue,2,999,1,failure,-1.8,92.893,-46.2,1.291,5099.1,27,services,married,basic.6y,No,No,No
CLI000451,cellular,may,fri,3,999,0,nonexistent,-1.8,92.893,-46.2,1.25,5099.1,23,admin.,single,professional.course,No,No,No
CLI000455,telephone,may,tue,4,999,0,nonexistent,1.1,93.994,-36.4,4.857,5191.0,35,admin.,married,university.degree,No,No,No
CLI000464,telephone,may,wed,2,999,0,nonexistent,1.1,93.994,-36.4,4.858,5191.0,38,entrepreneur,married,basic.6y,No,Desconocido,Desconocido
CLI000473,cellular,aug,wed,5,999,0,nonexistent,1.4,93.444,-36.1,4.964,5228.1,38,admin.,single,university.degree,Desconocido,Sí,Sí
CLI000478,cellular,jul,wed,1,999,0,nonexistent,1.4,93.918,-42.7,4.962,5228.1,34,management,married,university.degree,Desconocido,No,No
CLI000499,cellular,jul,tue,1,999,0,nonexistent,1.4,93.918,-42.7,4.962,5228.1,50,admin.,married,professional.course,No,Sí,Sí
CLI000520,cellular,nov,thu,2,999,0,nonexistent,-0.1,93.2,-42.0,4.076,5195.8,39,services,married,high.school,No,Sí,No
CLI000533,cellular,may,wed,2,999,1,failure,-1.8,92.893,-46.2,1.281,5099.1,45,blue-collar,married,basic.9y,No,No,No
CLI000538,cellular,may,wed,3,999,0,nonexistent,-1.8,92.893,-46.2,1.334,5099.1,50,admin.,divorced,university.degree,No,Sí,No
CLI000542,cellular,may,mon,2,999,0,nonexistent,-1.8,92.893,-46.2,1.299,5099.1,34,blue-collar,single,basic.6y,No,No,No
CLI000556,telephone,may,mon,3,999,0,nonexistent,1.1,93.994,-36.4,4.857,5191.0,49,blue-collar,married,basic.4y,No,No,No
CLI000560,telephone,jul,wed,4,999,0,nonexistent,1.4,93.918,-42.7,4.963,5228.1,43,admin.,married,university.degree,No,Sí,No
CLI000568,telephone,may,mon,2,999,0,nonexistent,1.1,93.994,-36.4,4.857,5191.0,41,unemployed,married,university.degree,Desconocido,No,No
CLI000571,telephone,jun,thu,3,999,0,nonexistent,1.4,94.465,-41.8,4.866,5228.1,49,technician,married,university.degree,No,Sí,Sí
CLI000573,cellular,jul,tue,5,999,0,nonexistent,1.4,93.918,-42.7,4.961,5228.1,47,blue-collar,single,Desconocido,Desconocido,Sí,No
CLI000581,cellular,may,wed,2,999,1,failure,-1.8,92.893,-46.2,1.334,5099.1,54,technician,divorced,university.degree,No,Sí,No
CLI000583,cellular,may,wed,1,999,0,nonexistent,-1.8,92.893,-46.2,1.334,5099.1,35,blue-collar,married,basic.9y,No,Sí,No
CLI000597,cellular,apr,mon,2,999,0,nonexistent,-1.8,93.075,-47.1,1.405,5099.1,46,admin.,married,basic.9y,No,No,No
CLI000610,cellular,jul,tue,1,999,0,nonexistent,1.4,93.918,-42.7,4.961,5228.1,37,admin.,married,high.school,No,No,Sí
CLI000612,cellular,may,tue,2,999,0,nonexistent,-1.8,92.893,-46.2,1.266,5099.1,42,services,married,high.school,No,Sí,Sí
CLI000637,cellular,jul,tue,3,999,0,nonexistent,1.4,93.918,-42.7,4.961,5228.1,29,technician,single,professional.course,No,Sí,No
CLI000639,cellular,may,fri,1,999,1,failure,-1.8,92.893,-46.2,1.25,5099.1,33,blue-collar,married,professional.course,No,Sí,No
CLI000641,cellular,aug,fri,3,999,0,nonexistent,1.4,93.444,-36.1,4.963,5228.1,40,self-employed,married,university.degree,No,No,No
CLI000643,cellular,may,fri,3,999,0,nonexistent,-1.8,92.893,-46.2,1.25,5099.1,32,technician,single,professional.course,No,No,No
CLI000649,cellular,jul,thu,1,999,0,nonexistent,1.4,93.918,-42.7,4.968,5228.1,38,services,married,high.school,No,No,No
CLI000655,cellular,jul,thu,14,999,0,nonexistent,1.4,93.918,-42.7,4.963,5228.1,33,admin.,single,high.school,No,Sí,No
CLI000663,cellular,apr,fri,7,999,1,failure,-1.8,93.075,-47.1,1.405,5099.1,55,services,married,high.school,Desconocido,Sí,No
CLI000681,cellular,nov,tue,1,999,0,nonexistent,-0.1,93.2,-42.0,4.153,5195.8,58,blue-collar,married,basic.9y,No,Sí,No
CLI000687,cellular,aug,fri,1,999,2,failure,-2.9,92.201,-31.4,0.825,5076.2,24,student,single,high.school,No,No,No
CLI000694,cellular,jul,tue,8,999,0,nonexistent,1.4,93.918,-42.7,4.961,5228.1,30,management,divorced,,No,Sí,No
CLI000696,cellular,may,wed,1,999,0,nonexistent,-1.8,92.893,-46.2,1.334,5099.1,39,unemployed,married,,No,No,No
CLI000706,telephone,jul,mon,2,999,0,nonexistent,1.4,93.918,-42.7,4.96,5228.1,31,admin.,married,university.degree,No,No,No
CLI000716,cellular,aug,mon,6,999,0,nonexistent,1.4,93.444,-36.1,4.965,5228.1,39,technician,single,high.school,Desconocido,Sí,No
CLI000730,telephone,may,tue,2,999,0,nonexistent,-1.8,92.893,-46.2,1.291,5099.1,51,blue-collar,married,basic.6y,No,Sí,No
CLI000741,cellular,aug,fri,4,999,0,nonexistent,1.4,93.444,-36.1,4.964,5228.1,57,technician,married,professional.course,Desconocido,No,No
CLI000755,telephone,may,tue,1,999,0,nonexistent,1.1,93.994,-36.4,4.857,5191.0,48,unemployed,single,basic.4y,No,Sí,No
CLI000759,cellular,jul,mon,3,999,0,nonexistent,1.4,93.918,-42.7,4.962,5228.1,37,admin.,married,high.school,Desconocido,Sí,No
CLI000764,telephone,jun,wed,2,999,0,nonexistent,1.4,94.465,-41.8,4.962,5228.1,32,blue-collar,single,high.school,No,Sí,No
CLI000770,telephone,may,tue,1,999,0,nonexistent,1.1,93.994,-36.4,4.856,5191.0,36,blue-collar,married,basic.9y,Desconocido,No,No
CLI000772,telephone,may,fri,2,999,0,nonexistent,1.1,93.994,-36.4,4.859,5191.0,35,admin.,divorced,university.degree,No,Sí,No
CLI000782,telephone,jun,mon,1,999,0,nonexistent,1.4,94.465,-41.8,4.961,5228.1,24,services,single,high.school,No,No,No
CLI000789,cellular,may,thu,1,999,0,nonexistent,-1.8,92.893,-46.2,1.327,5099.1,28,admin.,divorced,university.degree,No,Sí,No
CLI000801,cellular,aug,tue,3,999,0,nonexistent,1.4,93.444,-36.1,4.965,5228.1,54,admin.,married,university.degree,No,Sí,No
CLI000802,telephone,jun,fri,3,999,0,nonexistent,1.4,94.465,-41.8,4.967,5228.1,58,technician,divorced,basic.9y,No,No,No
CLI000813,cellular,apr,tue,1,999,1,failure,-1.8,93.075,-47.1,1.453,5099.1,42,technician,divorced,professional.course,No,No,No
CLI000817,telephone,may,fri,2,999,0,nonexistent,1.1,93.994,-36.4,4.859,5191.0,56,retired,married,,Desconocido,No,No
CLI000820,telephone,may,fri,1,999,0,nonexistent,1.1,93.994,-36.4,4.855,5191.0,39,unemployed,married,high.school,No,Sí,No
CLI000821,cellular,may,tue,2,999,0,nonexistent,-1.8,92.893,-46.2,1.266,5099.1,34,technician,single,university.degree,No,No,No
CLI000832,telephone,may,wed,1,999,0,nonexistent,1.1,93.994,-36.4,4.856,5191.0,34,management,married,university.degree,No,Sí,Sí
CLI000836,cellular,aug,mon,2,999,0,nonexistent,1.4,93.444,-36.1,4.97,5228.1,47,technician,married,professional.course,No,No,No
CLI000844,cellular,may,tue,1,999,1,failure,-1.8,92.893,-46.2,1.266,5099.1,25,admin.,single,university.degree,No,No,No
CLI000859,telephone,may,tue,2,999,0,nonexistent,1.1,93.994,-36.4,4.857,5191.0,39,blue-collar,married,basic.9y,No,No,Sí
CLI000874,cellular,may,mon,1,999,0,nonexistent,-1.8,92.893,-46.2,1.264,5099.1,34,admin.,married,university.degree,No,Sí,
CLI000877,cellular,jul,tue,1,999,0,nonexistent,1.4,93.918,-42.7,4.961,5228.1,55,admin.,married,Desconocido,No,Sí,Sí
CLI000878,cellular,may,mon,1,999,0,nonexistent,-1.8,92.893,-46.2,1.299,5099.1,31,management,single,university.degree,No,Sí,Sí
CLI000883,cellular,jul,wed,1,999,0,nonexistent,1.4,93.918,-42.7,4.963,5228.1,30,admin.,single,high.school,No,Sí,No
CLI000896,telephone,may,mon,4,999,0,nonexistent,1.1,93.994,-36.4,4.857,5191.0,42,management,married,university.degree,Desconocido,Sí,No
CLI000912,cellular,nov,thu,2,999,0,nonexistent,-0.1,93.2,-42.0,4.076,5195.8,33,admin.,married,university.degree,No,No,No
CLI000920,cellular,aug,thu,4,999,0,nonexistent,1.4,93.444,-36.1,4.963,5228.1,49,blue-collar,married,basic.4y,No,Sí,Sí
CLI000930,cellular,may,wed,1,10,1,success,-1.8,92.893,-46.2,1.334,5099.1,36,technician,married,professional.course,No,Sí,No
CLI000934,telephone,may,mon,11,999,0,nonexistent,1.1,93.994,-36.4,4.857,5191.0,29,services,divorced,high.school,No,No,Sí
CLI000942,cellular,apr,tue,3,999,0,nonexistent,-1.8,93.075,-47.1,1.423,5099.1,37,admin.,single,university.degree,No,No,No
CLI000944,cellular,apr,wed,1,999,1,failure,-1.8,93.075,-47.1,1.445,5099.1,27,admin.,single,university.degree,No,Sí,Sí
CLI000950,telephone,may,tue,2,999,0,nonexistent,1.1,93.994,-36.4,4.856,5191.0,60,retired,married,high.school,Desconocido,Sí,No
CLI000954,cellular,oct,tue,1,999,0,nonexistent,-3.4,92.431,-26.9,0.728,5017.5,32,technician,single,university.degree,No,Sí,No
CLI000956,cellular,jun,fri,2,999,0,nonexistent,-2.9,92.963,-40.8,1.268,5076.2,45,admin.,married,Desconocido,No,No,No
CLI000975,cellular,may,mon,1,999,0,nonexistent,-1.8,92.893,-46.2,1.299,5099.1,36,entrepreneur,married,high.school,No,Sí,Sí
CLI000977,cellular,may,wed,2,999,0,nonexistent,-1.8,92.893,-46.2,1.27,5099.1,41,blue-collar,married,basic.9y,No,Sí,Sí
CLI000978,cellular,jul,tue,1,999,0,nonexistent,1.4,93.918,-42.7,4.961,5228.1,41,management,single,university.degree,No,No,No
CLI000984,cellular,nov,wed,2,999,1,failure,-0.1,93.2,-42.0,4.12,5195.8,30,blue-collar,single,basic.9y,No,No,No
CLI000987,cellular,nov,wed,4,6,1,success,-3.4,92.649,-30.1,0.715,5017.5,37,services,married,,No,No,Sí
CLI000996,cellular,mar,thu,2,999,0,nonexistent,-1.8,92.843,-50.0,1.757,5099.1,33,admin.,divorced,high.school,No,No,No
CLI001002,cellular,jul,tue,3,999,0,nonexistent,1.4,93.918,-42.7,4.961,5228.1,42,self-employed,divorced,basic.6y,Desconocido,Sí,No
CLI001004,cellular,may,mon,2,999,0,nonexistent,-1.8,92.893,-46.2,1.299,5099.1,40,blue-collar,married,basic.4y,No,No,No
CLI001020,cellular,nov,mon,1,999,0,nonexistent,-0.1,93.2,-42.0,4.191,5195.8,38,entrepreneur,married,basic.9y,No,Sí,No
CLI001023,cellular,may,thu,3,999,1,failure,-1.8,92.893,-46.2,1.327,5099.1,39,technician,married,professional.course,No,Sí,No
CLI001054,cellular,may,tue,7,999,0,nonexistent,-1.8,92.893,-46.2,1.291,5099.1,43,blue-collar,married,basic.6y,No,No,No
CLI001059,telephone,may,fri,2,999,0,nonexistent,1.1,93.994,-36.4,4.855,5191.0,32,admin.,single,university.degree,No,Sí,Sí
CLI001088,telephone,may,wed,3,999,0,nonexistent,1.1,93.994,-36.4,4.856,5191.0,36,admin.,married,high.school,No,No,No
CLI001089,cellular,apr,mon,1,999,0,nonexistent,-1.8,93.075,-47.1,1.405,5099.1,53,blue-collar,married,,Desconocido,Sí,No
CLI001091,telephone,jul,tue,4,999,0,nonexistent,1.4,93.918,-42.7,4.962,5228.1,30,technician,single,high.school,No,No,No
CLI001095,telephone,jun,fri,1,999,0,nonexistent,1.4,94.465,-41.8,4.959,5228.1,28,blue-collar,married,basic.9y,Desconocido,No,No
CLI001110,cellular,jul,wed,1,999,0,nonexistent,1.4,93.918,-42.7,4.963,5228.1,40,blue-collar,married,high.school,No,No,No
CLI001114,telephone,jul,wed,1,999,0,nonexistent,1.4,93.918,-42.7,4.963,5228.1,40,admin.,married,university.degree,Desconocido,Sí,No
CLI001120,cellular,nov,tue,5,999,0,nonexistent,-0.1,93.2,-42.0,4.153,5195.8,30,entrepreneur,single,basic.9y,No,Sí,No
CLI001134,cellular,aug,thu,2,999,0,nonexistent,1.4,93.444,-36.1,4.962,5228.1,46,admin.,married,high.school,No,Desconocido,Desconocido
CLI001139,telephone,jun,mon,2,999,0,nonexistent,1.4,94.465,-41.8,4.865,5228.1,39,technician,married,professional.course,No,No,No
CLI001162,cellular,may,wed,4,999,0,nonexistent,-1.8,92.893,-46.2,1.281,5099.1,28,student,single,high.school,No,No,No
CLI001165,telephone,may,tue,16,999,0,nonexistent,1.1,93.994,-36.4,4.856,5191.0,52,blue-collar,married,basic.9y,No,Sí,Sí
CLI001166,cellular,may,thu,1,999,0,nonexistent,-1.8,92.893,-46.2,1.327,5099.1,52,technician,married,professional.course,No,No,No
CLI001171,cellular,may,wed,2,999,0,nonexistent,-1.8,92.893,-46.2,1.281,5099.1,31,management,single,university.degree,No,No,No
CLI001172,cellular,jul,tue,3,999,0,nonexistent,1.4,93.918,-42.7,4.961,5228.1,42,technician,married,basic.9y,No,No,No
CLI001178,cellular,apr,thu,1,999,0,nonexistent,-1.8,93.075,-47.1,1.365,5099.1,48,entrepreneur,married,university.degree,No,No,No
CLI001180,cellular,mar,thu,2,999,0,nonexistent,-1.8,92.843,-50.0,1.538,5099.1,45,technician,single,professional.course,No,Sí,Sí
CLI001202,telephone,jul,fri,7,999,0,nonexistent,1.4,93.918,-42.7,4.957,5228.1,53,blue-collar,married,basic.4y,Desconocido,Sí,Sí
CLI001219,telephone,may,wed,1,999,0,nonexistent,1.1,93.994,-36.4,4.859,5191.0,50,admin.,divorced,basic.9y,No,Sí,No
CLI001220,telephone,jun,mon,3,999,0,nonexistent,1.4,94.465,-41.8,4.947,5228.1,40,entrepreneur,divorced,university.degree,No,No,No
CLI001222,cellular,may,tue,1,999,0,nonexistent,-1.8,92.893,-46.2,1.344,5099.1,39,blue-collar,married,,No,No,No
CLI001228,telephone,may,fri,18,999,0,nonexistent,1.1,93.994,-36.4,4.857,5191.0,30,management,married,university.degree,No,Sí,No
CLI001231,cellular,aug,thu,6,999,0,nonexistent,1.4,93.444,-36.1,4.963,5228.1,44,technician,divorced,professional.course,Desconocido,Sí,No
CLI001240,cellular,may,wed,1,999,0,nonexistent,-1.8,92.893,-46.2,1.334,5099.1,52,admin.,single,Desconocido,Desconocido,No,No
CLI001243,telephone,apr,tue,2,999,1,failure,-1.8,93.749,-34.6,0.646,5008.7,44,management,married,Desconocido,No,No,No
CLI001246,telephone,jul,wed,2,999,0,nonexistent,1.4,93.918,-42.7,4.962,5228.1,39,services,married,basic.6y,Desconocido,Sí,No
CLI001247,cellular,may,tue,2,999,0,nonexistent,-1.8,92.893,-46.2,1.344,5099.1,32,admin.,married,high.school,No,Sí,No
CLI001290,cellular,aug,wed,3,999,0,nonexistent,1.4,93.444,-36.1,4.967,5228.1,57,blue-collar,married,basic.6y,No,No,No
CLI001307,cellular,nov,fri,2,999,0,nonexistent,-0.1,93.2,-42.0,4.021,5195.8,55,technician,single,professional.course,No,No,No
CLI001314,cellular,jul,thu,1,999,0,nonexistent,1.4,93.918,-42.7,4.968,5228.1,37,housemaid,single,professional.course,No,Sí,No
CLI001317,telephone,may,thu,1,999,0,nonexistent,1.1,93.994,-36.4,4.86,5191.0,45,Desconocido,married,Desconocido,No,No,Sí
CLI001318,telephone,may,mon,1,999,0,nonexistent,1.1,93.994,-36.4,4.858,5191.0,31,blue-collar,married,basic.9y,No,Desconocido,Desconocido
CLI001320,cellular,jul,thu,1,999,0,nonexistent,1.4,93.918,-42.7,4.958,5228.1,41,entrepreneur,married,professional.course,No,Sí,No
CLI001324,telephone,may,mon,9,999,0,nonexistent,1.1,93.994,-36.4,4.858,5191.0,35,admin.,married,university.degree,No,Sí,Sí
CLI001325,cellular,may,fri,4,999,0,nonexistent,-1.8,92.893,-46.2,1.25,5099.1,32,services,divorced,high.school,Desconocido,Sí,No
CLI001326,telephone,may,mon,3,999,0,nonexistent,1.1,93.994,-36.4,4.857,5191.0,35,admin.,married,,No,Sí,Sí
CLI001339,telephone,jun,mon,2,999,0,nonexistent,1.4,94.465,-41.8,4.961,5228.1,37,blue-collar,divorced,basic.9y,No,Sí,Sí
CLI001340,cellular,may,mon,1,999,1,failure,-1.8,92.893,-46.2,1.299,5099.1,34,admin.,Desconocido,university.degree,No,Sí,Sí
CLI001352,cellular,aug,thu,2,999,0,nonexistent,-2.9,92.201,-31.4,0.883,5076.2,44,admin.,married,university.degree,No,Sí,No
CLI001357,cellular,jun,fri,2,999,0,nonexistent,-2.9,92.963,-40.8,1.268,5076.2,25,technician,single,basic.9y,No,Sí,No
CLI001363,cellular,may,wed,3,999,0,nonexistent,-1.8,92.893,-46.2,1.281,5099.1,55,management,married,,No,Sí,Sí
CLI001372,cellular,nov,wed,1,999,0,nonexistent,-0.1,93.2,-42.0,4.12,5195.8,34,management,married,university.degree,No,Sí,No
CLI001396,cellular,may,wed,9,999,0,nonexistent,-1.8,92.893,-46.2,1.281,5099.1,39,blue-collar,single,university.degree,No,Sí,No
CLI001399,cellular,apr,thu,2,5,3,failure,-1.8,93.075,-47.1,1.435,5099.1,48,blue-collar,married,basic.4y,Desconocido,Sí,No
CLI001400,cellular,jul,thu,2,999,0,nonexistent,1.4,93.918,-42.7,4.968,5228.1,32,technician,single,professional.course,No,Sí,No
CLI001429,telephone,jun,tue,6,999,0,nonexistent,1.4,94.465,-41.8,4.864,5228.1,36,blue-collar,married,basic.9y,No,No,No
CLI001436,cellular,aug,wed,1,999,0,nonexistent,1.4,93.444,-36.1,4.967,5228.1,48,blue-collar,married,professional.course,No,Sí,No
CLI001442,telephone,jun,wed,5,999,0,nonexistent,1.4,94.465,-41.8,4.962,5228.1,32,admin.,single,high.school,Desconocido,No,No
CLI001455,cellular,aug,tue,3,999,0,nonexistent,1.4,93.444,-36.1,4.968,5228.1,56,retired,married,university.degree,No,Sí,No
CLI001466,telephone,may,fri,8,999,0,nonexistent,-1.8,92.893,-46.2,1.313,5099.1,25,admin.,single,high.school,No,No,No
CLI001468,cellular,jul,wed,4,999,0,nonexistent,1.4,93.918,-42.7,4.963,5228.1,43,admin.,divorced,high.school,No,No,No
CLI001475,telephone,may,tue,1,999,0,nonexistent,1.1,93.994,-36.4,4.857,5191.0,30,technician,divorced,professional.course,No,Sí,No
CLI001485,telephone,jun,fri,3,999,0,nonexistent,1.4,94.465,-41.8,4.959,5228.1,38,blue-collar,married,basic.9y,No,No,No
CLI001486,cellular,jul,thu,4,999,0,nonexistent,1.4,93.918,-42.7,4.968,5228.1,60,management,married,professional.course,Desconocido,Sí,No
CLI001495,cellular,nov,tue,1,999,0,nonexistent,-0.1,93.2,-42.0,4.153,5195.8,58,technician,married,Desconocido,No,No,No
CLI001501,telephone,jun,fri,3,999,0,nonexistent,1.4,94.465,-41.8,4.967,5228.1,53,admin.,married,basic.9y,No,No,No
CLI001516,telephone,mar,fri,2,999,0,nonexistent,-1.8,92.843,-50.0,1.531,5099.1,31,technician,single,university.degree,No,Sí,No
CLI001521,telephone,apr,mon,4,999,0,nonexistent,-1.8,93.075,-47.1,1.405,5099.1,38,admin.,married,high.school,Desconocido,No,No
CLI001546,cellular,aug,wed,1,999,0,nonexistent,1.4,93.444,-36.1,4.964,5228.1,33,admin.,married,university.degree,No,No,No
CLI001552,cellular,may,wed,4,999,0,nonexistent,-1.8,92.893,-46.2,1.281,5099.1,42,technician,married,professional.course,No,No,No
CLI001562,cellular,jul,fri,2,999,0,nonexistent,1.4,93.918,-42.7,4.962,5228.1,39,admin.,married,high.school,No,No,No
CLI001564,cellular,aug,tue,2,999,0,nonexistent,1.4,93.444,-36.1,4.965,5228.1,47,blue-collar,married,basic.4y,Desconocido,No,No
CLI001569,cellular,aug,wed,1,999,0,nonexistent,1.4,93.444,-36.1,4.964,5228.1,31,admin.,married,university.degree,No,No,No
CLI001583,cellular,aug,fri,1,999,0,nonexistent,1.4,93.444,-36.1,4.966,5228.1,41,technician,divorced,university.degree,No,No,No
CLI001585,cellular,aug,thu,1,999,0,nonexistent,1.4,93.444,-36.1,4.968,5228.1,39,technician,single,professional.course,No,Sí,No
CLI001589,telephone,may,fri,1,999,0,nonexistent,-1.8,92.893,-46.2,1.25,5099.1,41,entrepreneur,divorced,Desconocido,No,No,No
CLI001598,cellular,may,mon,2,999,0,nonexistent,-1.8,92.893,-46.2,1.244,5099.1,42,services,single,high.school,No,Sí,No
CLI001611,cellular,aug,thu,1,999,0,nonexistent,1.4,93.444,-36.1,4.968,5228.1,36,technician,married,university.degree,No,Sí,No
CLI001626,cellular,mar,tue,1,10,2,success,-1.8,93.369,-34.8,0.646,5008.7,46,unemployed,single,university.degree,No,No,No
CLI001650,telephone,may,tue,1,999,0,nonexistent,1.1,93.994,-36.4,4.857,5191.0,44,services,married,high.school,No,Sí,No
CLI001654,cellular,aug,mon,4,999,0,nonexistent,1.4,93.444,-36.1,4.965,5228.1,49,housemaid,married,basic.4y,No,Sí,No
CLI001671,cellular,aug,mon,1,999,0,nonexistent,1.4,93.444,-36.1,4.965,5228.1,45,blue-collar,married,basic.4y,Desconocido,Sí,Sí
CLI001683,telephone,may,fri,2,999,0,nonexistent,1.1,93.994,-36.4,4.859,5191.0,41,blue-collar,married,basic.9y,Desconocido,No,No
CLI001692,telephone,jun,fri,7,999,0,nonexistent,1.4,94.465,-41.8,4.967,5228.1,51,admin.,married,basic.9y,Desconocido,Sí,No
CLI001698,cellular,aug,thu,1,999,0,nonexistent,-2.9,92.201,-31.4,0.873,5076.2,64,Desconocido,married,Desconocido,No,Sí,Sí
CLI001711,cellular,nov,wed,2,999,0,nonexistent,-0.1,93.2,-42.0,4.12,5195.8,48,management,divorced,university.degree,No,Sí,No
CLI001716,cellular,may,thu,1,999,0,nonexistent,-1.8,92.893,-46.2,1.327,5099.1,43,admin.,single,high.school,No,Sí,No
CLI001732,cellular,may,tue,1,999,0,nonexistent,-1.8,92.893,-46.2,1.291,5099.1,33,blue-collar,single,basic.4y,No,No,No
CLI001744,cellular,jul,wed,8,999,0,nonexistent,1.4,93.918,-42.7,4.963,5228.1,52,admin.,divorced,university.degree,No,No,Sí
CLI001745,cellular,aug,fri,6,999,0,nonexistent,1.4,93.444,-36.1,4.964,5228.1,55,blue-collar,married,basic.9y,Desconocido,No,No
CLI001746,telephone,jul,mon,2,999,0,nonexistent,1.4,93.918,-42.7,4.962,5228.1,27,technician,married,professional.course,No,No,No
CLI001748,telephone,may,thu,3,999,0,nonexistent,1.1,93.994,-36.4,4.855,5191.0,46,blue-collar,married,basic.4y,No,No,No
CLI001757,telephone,may,fri,2,999,0,nonexistent,1.1,93.994,-36.4,4.857,5191.0,42,self-employed,married,university.degree,No,No,No
CLI001760,cellular,may,wed,1,999,0,nonexistent,-1.8,92.893,-46.2,1.334,5099.1,57,entrepreneur,divorced,basic.9y,No,Sí,No
CLI001763,cellular,nov,tue,1,999,0,nonexistent,-0.1,93.2,-42.0,4.153,5195.8,54,entrepreneur,married,professional.course,No,No,No
CLI001791,cellular,jul,wed,1,999,0,nonexistent,1.4,93.918,-42.7,4.963,5228.1,58,technician,married,basic.9y,No,Sí,No
CLI001795,cellular,may,mon,1,999,2,failure,-1.8,92.893,-46.2,1.244,5099.1,41,management,married,high.school,No,No,No
CLI001796,telephone,may,fri,1,999,0,nonexistent,1.1,93.994,-36.4,4.857,5191.0,31,admin.,single,university.degree,No,No,No
CLI001798,cellular,apr,thu,2,999,0,nonexistent,-1.8,93.075,-47.1,1.406,5099.1,25,admin.,single,university.degree,No,Sí,No
CLI001800,cellular,jul,wed,10,999,0,nonexistent,1.4,93.918,-42.7,4.963,5228.1,46,services,married,high.school,No,Sí,Sí
CLI001809,cellular,nov,tue,1,999,0,nonexistent,-0.1,93.2,-42.0,4.153,5195.8,34,admin.,married,high.school,No,No,No
CLI001813,cellular,aug,tue,1,999,0,nonexistent,1.4,93.444,-36.1,4.968,5228.1,59,admin.,married,university.degree,No,Sí,No
CLI001826,telephone,may,thu,2,999,0,nonexistent,1.1,93.994,-36.4,4.86,5191.0,31,services,married,high.school,No,No,No
CLI001832,telephone,nov,wed,1,999,0,nonexistent,-0.1,93.2,-42.0,4.286,5195.8,58,management,divorced,university.degree,No,No,No
CLI001859,cellular,may,tue,12,999,0,nonexistent,-1.8,92.893,-46.2,1.291,5099.1,45,admin.,single,high.school,Desconocido,Desconocido,Desconocido
CLI001860,cellular,aug,fri,1,999,0,nonexistent,1.4,93.444,-36.1,4.964,5228.1,46,services,married,Desconocido,No,No,No
CLI001866,telephone,jun,mon,1,999,0,nonexistent,1.4,94.465,-41.8,4.865,5228.1,46,entrepreneur,married,basic.9y,No,No,No
CLI001868,telephone,may,fri,3,999,1,failure,-1.8,93.876,-40.0,0.684,5008.7,41,admin.,married,university.degree,No,Sí,No
CLI001870,cellular,aug,wed,3,999,0,nonexistent,1.4,93.444,-36.1,4.964,5228.1,42,management,married,university.degree,No,Sí,Sí
CLI001872,cellular,nov,thu,3,999,0,nonexistent,-0.1,93.2,-42.0,4.076,5195.8,31,blue-collar,married,basic.9y,No,No,No
CLI001884,cellular,aug,thu,10,999,0,nonexistent,1.4,93.444,-36.1,4.962,5228.1,44,admin.,married,basic.9y,Desconocido,Sí,Sí
CLI001903,cellular,apr,fri,1,999,1,failure,-1.8,93.075,-47.1,1.405,5099.1,31,admin.,married,high.school,No,No,No
CLI001904,cellular,may,thu,2,999,0,nonexistent,-1.8,92.893,-46.2,1.327,5099.1,38,admin.,single,university.degree,No,No,No
CLI001908,telephone,may,fri,1,999,0,nonexistent,1.1,93.994,-36.4,4.857,5191.0,38,admin.,single,university.degree,No,Sí,No
CLI001918,cellular,may,mon,2,999,0,nonexistent,-1.8,92.893,-46.2,1.299,5099.1,38,blue-collar,married,high.school,Desconocido,No,No
CLI001919,cellular,jul,mon,5,999,0,nonexistent,1.4,93.918,-42.7,4.96,5228.1,35,admin.,single,university.degree,No,No,No
CLI001920,telephone,nov,mon,1,999,0,nonexistent,-0.1,93.2,-42.0,4.191,5195.8,44,admin.,married,professional.course,No,Sí,No
CLI001922,cellular,aug,wed,1,999,0,nonexistent,1.4,93.444,-36.1,4.967,5228.1,33,technician,single,professional.course,No,No,No
CLI001926,cellular,jun,fri,1,7,1,success,-1.7,94.055,-39.8,0.748,4991.6,30,technician,married,university.degree,No,No,No
CLI001928,telephone,may,wed,3,999,0,nonexistent,1.1,93.994,-36.4,4.859,5191.0,39,services,single,high.school,Desconocido,No,No
CLI001929,cellular,jun,tue,1,999,2,failure,-2.9,92.963,-40.8,1.262,5076.2,28,admin.,single,high.school,No,Sí,No
CLI001930,telephone,may,mon,1,999,0,nonexistent,1.1,93.994,-36.4,4.858,5191.0,43,blue-collar,married,basic.4y,Desconocido,No,Sí
CLI001936,telephone,may,wed,1,999,0,nonexistent,1.1,93.994,-36.4,4.858,5191.0,44,blue-collar,divorced,Desconocido,No,Sí,Sí
CLI001940,cellular,may,tue,5,999,0,nonexistent,-1.8,92.893,-46.2,1.344,5099.1,37,blue-collar,married,basic.6y,No,No,No
CLI001943,telephone,jul,thu,1,999,0,nonexistent,1.4,93.918,-42.7,4.968,5228.1,44,technician,married,professional.course,No,Sí,No
CLI001953,cellular,sep,wed,3,999,0,nonexistent,-1.1,94.199,-37.5,0.886,4963.6,34,admin.,married,university.degree,No,No,Sí
CLI001956,cellular,may,wed,1,3,1,success,-1.8,92.893,-46.2,1.27,5099.1,26,self-employed,single,university.degree,No,No,No
CLI001968,telephone,may,wed,1,999,0,nonexistent,1.1,93.994,-36.4,4.856,5191.0,33,blue-collar,single,basic.9y,Desconocido,No,No
CLI001975,cellular,jun,tue,1,3,1,success,-2.9,92.963,-40.8,1.262,5076.2,24,student,single,high.school,No,No,No
CLI001986,cellular,jul,thu,9,999,0,nonexistent,1.4,93.918,-42.7,4.968,5228.1,46,services,married,basic.9y,No,Sí,No
CLI001987,telephone,may,mon,2,999,0,nonexistent,1.1,93.994,-36.4,4.857,5191.0,51,blue-collar,married,basic.4y,Desconocido,No,No
CLI002014,telephone,jun,fri,2,999,0,nonexistent,1.4,94.465,-41.8,4.967,5228.1,49,housemaid,married,basic.4y,Desconocido,Sí,
CLI002057,telephone,aug,mon,2,999,0,nonexistent,1.4,93.444,-36.1,4.965,5228.1,37,technician,married,high.school,Desconocido,Sí,Sí
CLI002065,telephone,may,wed,3,999,0,nonexistent,1.1,93.994,-36.4,4.858,5191.0,30,blue-collar,married,basic.9y,No,No,Sí
CLI002069,telephone,may,tue,11,999,0,nonexistent,1.1,93.994,-36.4,4.856,5191.0,47,blue-collar,married,professional.course,Desconocido,Sí,No
CLI002076,cellular,jul,wed,1,999,0,nonexistent,1.4,93.918,-42.7,4.962,5228.1,43,housemaid,married,basic.4y,No,Sí,No
CLI002083,telephone,aug,mon,10,999,0,nonexistent,1.4,93.444,-36.1,4.963,5228.1,38,technician,married,university.degree,No,No,No
CLI002086,cellular,jul,mon,3,999,0,nonexistent,1.4,93.918,-42.7,4.962,5228.1,44,blue-collar,married,basic.9y,No,Sí,
CLI002090,cellular,jul,tue,4,999,1,failure,-2.9,92.469,-33.6,0.908,5076.2,34,admin.,married,university.degree,No,No,Sí
CLI002091,cellular,jun,wed,1,3,1,success,-1.7,94.055,-39.8,0.715,4991.6,33,admin.,single,university.degree,No,No,No
CLI002092,cellular,oct,tue,1,999,1,failure,-3.4,92.431,-26.9,0.744,5017.5,43,management,single,university.degree,No,No,No
CLI002095,cellular,nov,wed,2,999,1,failure,-0.1,93.2,-42.0,4.12,5195.8,53,blue-collar,married,basic.9y,No,Sí,No
CLI002102,telephone,nov,mon,1,999,0,nonexistent,-0.1,93.2,-42.0,4.191,5195.8,32,blue-collar,married,high.school,No,Sí,No
CLI002109,telephone,may,mon,2,999,0,nonexistent,1.1,93.994,-36.4,4.858,5191.0,26,services,married,high.school,No,No,No
CLI002112,telephone,may,tue,1,999,0,nonexistent,1.1,93.994,-36.4,4.856,5191.0,41,entrepreneur,single,university.degree,Desconocido,Sí,No
CLI002114,cellular,aug,wed,2,999,0,nonexistent,1.4,93.444,-36.1,4.965,5228.1,33,management,married,university.degree,No,Sí,No
CLI002118,cellular,may,thu,1,6,2,success,-1.8,93.876,-40.0,0.699,5008.7,36,admin.,married,university.degree,No,Sí,Sí
CLI002121,cellular,sep,wed,1,3,3,success,-1.1,94.199,-37.5,0.88,4963.6,44,management,married,university.degree,No,No,No
CLI002126,telephone,may,fri,1,999,0,nonexistent,1.1,93.994,-36.4,4.857,5191.0,50,technician,married,professional.course,No,Sí,No
CLI002127,cellular,may,thu,2,999,1,failure,-1.8,92.893,-46.2,1.327,5099.1,46,management,married,university.degree,No,Sí,No
CLI002130,cellular,jun,wed,4,12,3,failure,-1.7,94.055,-39.8,0.767,4991.6,26,admin.,married,high.school,No,No,No
CLI002132,telephone,jun,thu,1,999,0,nonexistent,1.4,94.465,-41.8,4.955,5228.1,45,technician,single,professional.course,Desconocido,Sí,Sí
CLI002136,cellular,may,tue,1,999,0,nonexistent,-1.8,92.893,-46.2,1.266,5099.1,29,technician,single,high.school,No,No,Sí
CLI002175,cellular,may,wed,1,999,1,failure,-1.8,92.893,-46.2,1.281,5099.1,29,admin.,married,high.school,No,No,No
CLI002179,cellular,apr,tue,2,999,0,nonexistent,-1.8,93.075,-47.1,1.405,5099.1,47,housemaid,married,basic.4y,No,No,No
CLI002214,telephone,may,thu,4,999,0,nonexistent,1.1,93.994,-36.4,4.86,5191.0,51,services,divorced,basic.4y,Desconocido,Sí,No
CLI002215,cellular,jul,tue,3,999,0,nonexistent,1.4,93.918,-42.7,4.961,5228.1,46,housemaid,single,university.degree,Desconocido,No,Sí
CLI002229,cellular,aug,mon,2,999,0,nonexistent,1.4,93.444,-36.1,4.965,5228.1,39,technician,married,high.school,No,No,No
CLI002241,telephone,may,wed,1,999,0,nonexistent,1.1,93.994,-36.4,4.857,5191.0,29,admin.,single,basic.9y,Desconocido,Sí,No
CLI002245,cellular,apr,mon,2,999,0,nonexistent,-1.8,93.075,-47.1,1.405,5099.1,36,services,married,high.school,No,Sí,No
CLI002246,telephone,may,thu,15,999,0,nonexistent,1.1,93.994,-36.4,4.86,5191.0,36,entrepreneur,married,university.degree,No,Sí,No
CLI002273,telephone,may,thu,1,999,0,nonexistent,1.1,93.994,-36.4,4.86,5191.0,36,blue-collar,married,Desconocido,Desconocido,No,No
CLI002274,telephone,may,fri,6,999,0,nonexistent,1.1,93.994,-36.4,4.859,5191.0,50,management,single,university.degree,No,No,No
CLI002278,telephone,may,mon,1,999,0,nonexistent,1.1,93.994,-36.4,4.857,5191.0,43,blue-collar,married,high.school,Desconocido,No,Sí
CLI002288,cellular,aug,thu,3,999,0,nonexistent,1.4,93.444,-36.1,4.964,5228.1,54,blue-collar,married,basic.4y,Desconocido,No,
CLI002290,cellular,may,mon,1,999,0,nonexistent,-1.8,92.893,-46.2,1.244,5099.1,29,technician,single,professional.course,No,Sí,No
CLI002293,cellular,aug,thu,2,999,0,nonexistent,1.4,93.444,-36.1,4.968,5228.1,30,technician,single,university.degree,Desconocido,Sí,No
CLI002304,cellular,mar,wed,8,999,0,nonexistent,-1.8,92.843,-50.0,1.548,5099.1,33,admin.,married,university.degree,No,Sí,No
CLI002325,cellular,may,mon,1,999,0,nonexistent,-1.8,92.893,-46.2,1.354,5099.1,44,entrepreneur,single,,No,No,No
CLI002336,cellular,aug,tue,4,999,0,nonexistent,-1.7,94.027,-38.3,0.886,4991.6,33,blue-collar,married,professional.course,No,Sí,No
CLI002337,cellular,may,wed,1,999,0,nonexistent,-1.8,92.893,-46.2,1.334,5099.1,58,retired,married,basic.9y,No,No,Sí
CLI002341,telephone,jul,tue,3,999,0,nonexistent,1.4,93.918,-42.7,4.961,5228.1,37,admin.,married,university.degree,No,Sí,No
CLI002348,telephone,may,tue,1,999,0,nonexistent,1.1,93.994,-36.4,4.857,5191.0,59,Desconocido,married,Desconocido,Desconocido,No,No
CLI002349,telephone,jul,thu,2,999,0,nonexistent,1.4,93.918,-42.7,4.968,5228.1,34,technician,married,professional.course,Desconocido,No,No
CLI002350,cellular,may,tue,2,999,0,nonexistent,-1.8,92.893,-46.2,1.291,5099.1,33,technician,divorced,high.school,No,Sí,No
CLI002351,cellular,jul,tue,2,999,0,nonexistent,1.4,93.918,-42.7,4.962,5228.1,43,blue-collar,divorced,high.school,No,Sí,No
CLI002353,cellular,oct,wed,1,5,3,failure,-3.4,92.431,-26.9,0.74,5017.5,34,self-employed,married,university.degree,No,No,
CLI002359,cellular,aug,wed,7,999,0,nonexistent,1.4,93.444,-36.1,4.964,5228.1,33,self-employed,married,basic.4y,No,No,No
CLI002364,telephone,jun,wed,1,999,0,nonexistent,1.4,94.465,-41.8,4.959,5228.1,47,management,married,basic.4y,Desconocido,No,No
CLI002365,telephone,oct,wed,1,999,0,nonexistent,-3.4,92.431,-26.9,0.74,5017.5,58,technician,married,basic.4y,No,Sí,No
CLI002369,cellular,aug,wed,12,999,0,nonexistent,1.4,93.444,-36.1,4.964,5228.1,45,admin.,single,university.degree,No,Sí,No
CLI002377,cellular,jul,thu,2,999,0,nonexistent,1.4,93.918,-42.7,4.962,5228.1,35,technician,single,,No,No,Sí
CLI002389,telephone,may,mon,1,999,0,nonexistent,1.1,93.994,-36.4,4.857,5191.0,41,blue-collar,divorced,basic.4y,Desconocido,Sí,No
CLI002391,cellular,nov,mon,1,999,0,nonexistent,-0.1,93.2,-42.0,4.191,5195.8,47,services,divorced,high.school,No,Sí,No
CLI002411,cellular,nov,fri,1,999,0,nonexistent,-0.1,93.2,-42.0,4.021,5195.8,42,admin.,married,university.degree,No,No,Sí
CLI002416,cellular,nov,wed,2,999,0,nonexistent,-0.1,93.2,-42.0,4.12,5195.8,33,management,married,university.degree,No,Sí,No
CLI002455,telephone,may,mon,1,999,0,nonexistent,1.1,93.994,-36.4,4.857,5191.0,41,self-employed,married,university.degree,No,Sí,No
CLI002457,cellular,jul,thu,5,999,0,nonexistent,1.4,93.918,-42.7,4.968,5228.1,42,admin.,married,high.school,Desconocido,No,Sí
CLI002466,cellular,nov,wed,1,999,0,nonexistent,-0.1,93.2,-42.0,4.12,5195.8,31,blue-collar,married,high.school,No,No,No
CLI002471,cellular,oct,wed,1,999,0,nonexistent,-3.4,92.431,-26.9,0.724,5017.5,62,retired,married,high.school,No,No,No
CLI002475,telephone,jul,mon,1,999,0,nonexistent,1.4,93.918,-42.7,4.962,5228.1,51,admin.,divorced,university.degree,No,No,No
CLI002480,cellular,aug,thu,5,999,0,nonexistent,1.4,93.444,-36.1,4.962,5228.1,40,admin.,single,university.degree,No,No,Sí
CLI002513,cellular,jul,tue,2,999,0,nonexistent,1.4,93.918,-42.7,4.961,5228.1,47,services,married,basic.6y,No,No,No
CLI002520,telephone,may,fri,1,999,0,nonexistent,1.1,93.994,-36.4,4.864,5191.0,37,admin.,married,university.degree,No,No,No
CLI002525,cellular,apr,thu,4,999,1,failure,-1.8,93.075,-47.1,1.435,5099.1,20,student,single,high.school,No,Sí,No
CLI002535,cellular,may,wed,1,999,0,nonexistent,-1.8,92.893,-46.2,1.281,5099.1,35,admin.,married,high.school,No,Sí,No
CLI002536,cellular,jun,wed,1,6,1,success,-1.7,94.055,-39.8,0.739,4991.6,36,blue-collar,single,high.school,No,No,No
CLI002563,telephone,may,tue,2,999,0,nonexistent,1.1,93.994,-36.4,4.856,5191.0,36,services,married,high.school,No,No,No
CLI002583,cellular,nov,thu,4,999,0,nonexistent,-0.1,93.2,-42.0,4.076,5195.8,36,blue-collar,married,basic.9y,No,Sí,No
CLI002593,cellular,jul,thu,1,999,0,nonexistent,1.4,93.918,-42.7,4.958,5228.1,24,services,single,basic.9y,Desconocido,Sí,No
CLI002607,cellular,aug,wed,1,999,0,nonexistent,1.4,93.444,-36.1,4.967,5228.1,43,admin.,married,university.degree,Desconocido,Sí,No
CLI002623,telephone,oct,wed,1,999,0,nonexistent,-0.1,93.798,-40.4,4.827,5195.8,33,admin.,married,university.degree,No,No,No
CLI002630,cellular,aug,mon,5,999,0,nonexistent,1.4,93.444,-36.1,4.965,5228.1,38,admin.,married,university.degree,Desconocido,No,No
CLI002645,cellular,mar,tue,1,999,0,nonexistent,-1.8,93.369,-34.8,0.652,5008.7,34,admin.,single,university.degree,No,No,Sí
CLI002649,cellular,oct,mon,1,999,0,nonexistent,-1.1,94.601,-49.5,0.977,4963.6,27,admin.,single,university.degree,No,No,
CLI002661,cellular,jun,mon,2,999,0,nonexistent,-2.9,92.963,-40.8,1.266,5076.2,28,self-employed,single,university.degree,No,No,No
CLI002662,cellular,jul,thu,2,999,0,nonexistent,1.4,93.918,-42.7,4.968,5228.1,36,unemployed,married,university.degree,No,No,
CLI002704,cellular,jul,mon,4,999,0,nonexistent,1.4,93.918,-42.7,4.962,5228.1,54,housemaid,divorced,university.degree,Desconocido,Sí,No
CLI002709,telephone,may,thu,2,999,0,nonexistent,1.1,93.994,-36.4,4.855,5191.0,29,services,single,basic.9y,No,No,No
CLI002727,telephone,may,wed,2,999,0,nonexistent,1.1,93.994,-36.4,4.857,5191.0,51,blue-collar,married,basic.9y,Desconocido,No,Sí
CLI002728,telephone,may,tue,2,999,0,nonexistent,1.1,93.994,-36.4,4.856,5191.0,47,admin.,married,university.degree,Desconocido,No,Sí
CLI002734,telephone,may,thu,4,999,0,nonexistent,1.1,93.994,-36.4,4.86,5191.0,34,blue-collar,married,basic.9y,No,Sí,No
CLI002775,telephone,jun,wed,2,999,0,nonexistent,1.4,94.465,-41.8,4.962,5228.1,36,blue-collar,married,basic.9y,No,No,No
CLI002782,cellular,nov,thu,3,999,0,nonexistent,-0.1,93.2,-42.0,4.076,5195.8,38,management,single,university.degree,No,Sí,No
CLI002784,telephone,jun,fri,6,999,0,nonexistent,1.4,94.465,-41.8,4.967,5228.1,39,unemployed,married,professional.course,No,Sí,No
CLI002795,telephone,may,wed,1,999,0,nonexistent,1.1,93.994,-36.4,4.856,5191.0,47,admin.,married,university.degree,No,Desconocido,Desconocido
CLI002806,telephone,jun,mon,2,999,0,nonexistent,1.4,94.465,-41.8,4.961,5228.1,25,blue-collar,divorced,basic.9y,No,Desconocido,Desconocido
CLI002808,cellular,nov,wed,2,999,1,failure,-0.1,93.2,-42.0,4.12,5195.8,32,entrepreneur,married,university.degree,No,No,Sí
CLI002832,cellular,may,fri,1,999,0,nonexistent,-1.8,92.893,-46.2,1.25,5099.1,36,entrepreneur,married,basic.9y,No,Sí,No
CLI002839,telephone,jun,fri,4,999,0,nonexistent,1.4,94.465,-41.8,4.959,5228.1,37,blue-collar,married,basic.9y,No,No,No
CLI002843,cellular,nov,fri,1,999,0,nonexistent,-0.1,93.2,-42.0,4.021,5195.8,50,admin.,married,university.degree,No,Sí,No
CLI002845,telephone,jun,mon,1,999,0,nonexistent,1.4,94.465,-41.8,4.865,5228.1,57,blue-collar,divorced,,Desconocido,No,No
CLI002851,cellular,sep,tue,1,6,1,success,-1.1,94.199,-37.5,0.881,4963.6,36,management,divorced,university.degree,No,Sí,No
CLI002858,telephone,may,mon,3,999,0,nonexistent,1.1,93.994,-36.4,4.857,5191.0,50,blue-collar,single,basic.4y,No,Sí,No
CLI002861,cellular,mar,fri,3,999,1,failure,-1.8,93.369,-34.8,0.636,5008.7,51,admin.,married,university.degree,No,Sí,Sí
CLI002865,cellular,may,fri,2,999,0,nonexistent,-1.8,92.893,-46.2,1.313,5099.1,37,blue-collar,married,basic.4y,No,Sí,Sí
CLI002868,telephone,may,tue,3,999,0,nonexistent,1.1,93.994,-36.4,4.857,5191.0,49,services,married,high.school,Desconocido,No,No
CLI002885,cellular,aug,tue,1,999,0,nonexistent,1.4,93.444,-36.1,4.963,5228.1,56,retired,married,university.degree,No,No,No
CLI002898,cellular,jul,fri,2,999,0,nonexistent,1.4,93.918,-42.7,4.963,5228.1,59,blue-collar,married,basic.4y,Desconocido,No,No
CLI002901,cellular,apr,mon,1,6,1,success,-1.8,93.749,-34.6,0.642,5008.7,58,housemaid,single,professional.course,No,No,No
CLI002908,cellular,apr,thu,1,999,0,nonexistent,-1.8,93.075,-47.1,1.41,5099.1,40,blue-collar,married,basic.9y,Desconocido,Sí,No
CLI002919,cellular,nov,wed,1,999,1,failure,-0.1,93.2,-42.0,4.12,5195.8,30,entrepreneur,married,high.school,No,No,No
CLI002920,cellular,jul,mon,4,999,0,nonexistent,1.4,93.918,-42.7,4.962,5228.1,31,management,married,university.degree,No,Sí,No
CLI002921,telephone,sep,fri,1,999,0,nonexistent,-3.4,92.379,-29.8,0.803,5017.5,40,admin.,divorced,high.school,No,Sí,No
CLI002928,cellular,jul,thu,17,999,0,nonexistent,1.4,93.918,-42.7,4.968,5228.1,25,admin.,single,basic.9y,No,Sí,Sí
CLI002931,cellular,jul,wed,1,999,0,nonexistent,1.4,93.918,-42.7,4.963,5228.1,39,technician,single,university.degree,No,No,No
CLI002957,telephone,may,wed,2,999,0,nonexistent,1.1,93.994,-36.4,4.856,5191.0,44,entrepreneur,married,basic.4y,Desconocido,No,No
CLI002978,telephone,may,fri,1,999,0,nonexistent,1.1,93.994,-36.4,4.864,5191.0,42,admin.,single,university.degree,No,Sí,No
CLI002980,cellular,may,fri,11,999,0,nonexistent,-1.8,92.893,-46.2,1.25,5099.1,32,blue-collar,married,basic.9y,No,Sí,No
CLI002983,cellular,aug,thu,5,999,0,nonexistent,1.4,93.444,-36.1,4.963,5228.1,35,technician,single,university.degree,No,Sí,No
CLI002989,cellular,aug,thu,4,999,0,nonexistent,1.4,93.444,-36.1,4.968,5228.1,30,admin.,single,university.degree,No,No,No
CLI002994,telephone,oct,tue,1,999,0,nonexistent,-0.1,93.798,-40.4,4.968,5195.8,35,blue-collar,married,basic.9y,No,Sí,No
CLI003032,telephone,may,wed,1,999,0,nonexistent,1.1,93.994,-36.4,4.858,5191.0,30,blue-collar,married,basic.9y,No,No,No
CLI003049,cellular,jul,thu,3,999,0,nonexistent,1.4,93.918,-42.7,4.958,5228.1,35,blue-collar,married,basic.9y,No,Sí,No
CLI003055,cellular,nov,thu,2,999,0,nonexistent,-0.1,93.2,-42.0,4.076,5195.8,33,admin.,single,university.degree,No,No,No
CLI003068,telephone,jul,thu,12,999,0,nonexistent,1.4,93.918,-42.7,4.968,5228.1,35,self-employed,married,university.degree,No,Sí,No
CLI003071,telephone,may,thu,1,999,0,nonexistent,1.1,93.994,-36.4,4.855,5191.0,42,blue-collar,married,basic.9y,Desconocido,Sí,No
CLI003073,cellular,jul,fri,1,999,0,nonexistent,1.4,93.918,-42.7,4.957,5228.1,29,blue-collar,single,high.school,No,Sí,No
CLI003075,cellular,jul,fri,1,999,0,nonexistent,1.4,93.918,-42.7,4.957,5228.1,57,blue-collar,married,high.school,Desconocido,No,No
CLI003082,cellular,aug,thu,2,999,0,nonexistent,1.4,93.444,-36.1,4.968,5228.1,56,retired,married,high.school,Desconocido,Sí,No
CLI003084,telephone,may,wed,3,999,0,nonexistent,1.1,93.994,-36.4,4.858,5191.0,44,Desconocido,married,basic.6y,No,No,No
CLI003108,telephone,jun,thu,2,999,0,nonexistent,1.4,94.465,-41.8,4.961,5228.1,56,self-employed,single,basic.9y,Desconocido,No,No
CLI003113,telephone,jun,mon,2,999,0,nonexistent,1.4,94.465,-41.8,4.865,5228.1,33,admin.,single,university.degree,No,Sí,Sí
CLI003115,cellular,aug,thu,5,999,0,nonexistent,1.4,93.444,-36.1,4.968,5228.1,36,admin.,married,high.school,Desconocido,Sí,Sí
CLI003117,cellular,may,fri,6,999,0,nonexistent,-1.8,92.893,-46.2,1.25,5099.1,37,admin.,married,high.school,No,Sí,
CLI003118,cellular,may,wed,4,999,0,nonexistent,-1.8,92.893,-46.2,1.281,5099.1,37,admin.,divorced,university.degree,Desconocido,Sí,No
CLI003119,cellular,aug,fri,4,999,0,nonexistent,1.4,93.444,-36.1,4.964,5228.1,31,admin.,single,university.degree,No,Sí,No
CLI003123,cellular,may,tue,1,999,0,nonexistent,-1.8,92.893,-46.2,1.266,5099.1,30,housemaid,married,high.school,No,,No
CLI003130,telephone,may,fri,2,999,0,nonexistent,1.1,93.994,-36.4,4.855,5191.0,33,management,single,university.degree,No,No,No
CLI003131,telephone,may,thu,1,999,0,nonexistent,1.1,93.994,-36.4,4.86,5191.0,44,blue-collar,single,basic.4y,No,Sí,
CLI003134,telephone,may,tue,2,999,0,nonexistent,1.1,93.994,-36.4,4.856,5191.0,48,blue-collar,married,basic.4y,No,No,No
CLI003143,telephone,jun,thu,1,999,0,nonexistent,1.4,94.465,-41.8,4.866,5228.1,28,blue-collar,married,basic.4y,No,No,No
CLI003162,cellular,may,thu,2,999,0,nonexistent,-1.8,92.893,-46.2,1.327,5099.1,49,blue-collar,married,basic.9y,No,No,No
CLI003163,cellular,jul,tue,1,999,0,nonexistent,1.4,93.918,-42.7,4.961,5228.1,34,admin.,married,university.degree,No,No,No
CLI003166,cellular,nov,tue,2,999,0,nonexistent,-0.1,93.2,-42.0,4.153,5195.8,36,admin.,married,professional.course,No,Sí,No
CLI003168,cellular,aug,wed,1,999,0,nonexistent,-2.9,92.201,-31.4,0.879,5076.2,28,admin.,single,university.degree,No,No,No
CLI003171,cellular,jul,wed,4,999,0,nonexistent,1.4,93.918,-42.7,4.963,5228.1,31,blue-collar,married,basic.9y,Desconocido,No,No
CLI003172,telephone,jul,tue,1,999,0,nonexistent,1.4,93.918,-42.7,4.955,5228.1,56,retired,married,basic.4y,No,Sí,No
CLI003175,telephone,jun,tue,7,999,0,nonexistent,1.4,94.465,-41.8,4.961,5228.1,36,admin.,single,high.school,No,Sí,No
CLI003180,telephone,may,wed,2,999,0,nonexistent,1.1,93.994,-36.4,4.856,5191.0,37,blue-collar,married,basic.4y,Desconocido,Desconocido,Desconocido
CLI003200,telephone,jun,mon,4,999,0,nonexistent,1.4,94.465,-41.8,4.865,5228.1,59,retired,married,Desconocido,No,No,Sí
CLI003204,telephone,jul,fri,7,999,0,nonexistent,1.4,93.918,-42.7,4.957,5228.1,43,technician,single,university.degree,No,Sí,No
CLI003207,cellular,aug,thu,6,999,0,nonexistent,1.4,93.444,-36.1,4.962,5228.1,46,services,married,basic.9y,Desconocido,No,No
CLI003212,telephone,nov,fri,1,999,0,nonexistent,-0.1,93.2,-42.0,4.021,5195.8,58,retired,married,professional.course,Desconocido,No,No
CLI003220,cellular,jul,thu,7,999,0,nonexistent,1.4,93.918,-42.7,4.958,5228.1,29,admin.,married,high.school,No,No,No
CLI003228,telephone,jun,tue,3,999,0,nonexistent,1.4,94.465,-41.8,4.864,5228.1,31,housemaid,married,university.degree,No,No,Sí
CLI003235,cellular,aug,thu,1,999,0,nonexistent,1.4,93.444,-36.1,4.968,5228.1,39,technician,single,university.degree,No,Sí,No
CLI003236,cellular,aug,fri,1,999,0,nonexistent,1.4,93.444,-36.1,4.963,5228.1,29,technician,single,university.degree,No,Sí,No
CLI003252,telephone,jun,thu,1,999,0,nonexistent,1.4,94.465,-41.8,4.958,5228.1,54,technician,married,university.degree,No,Sí,No
CLI003276,telephone,jul,fri,4,999,0,nonexistent,1.4,93.918,-42.7,4.957,5228.1,49,services,divorced,basic.6y,Desconocido,No,No
CLI003278,telephone,jun,wed,1,999,0,nonexistent,1.4,94.465,-41.8,4.864,5228.1,30,services,single,high.school,Desconocido,No,No
CLI003298,cellular,nov,wed,2,999,0,nonexistent,-0.1,93.2,-42.0,4.12,5195.8,33,services,single,high.school,No,Sí,No
CLI003306,cellular,may,tue,3,999,2,failure,-1.8,92.893,-46.2,1.344,5099.1,31,blue-collar,married,basic.9y,No,Sí,No
CLI003307,cellular,jul,tue,2,999,0,nonexistent,1.4,93.918,-42.7,4.962,5228.1,25,services,married,high.school,No,No,No
CLI003313,cellular,nov,tue,2,999,0,nonexistent,-0.1,93.2,-42.0,4.153,5195.8,39,self-employed,married,,No,Sí,No
CLI003317,cellular,jul,tue,3,999,0,nonexistent,1.4,93.918,-42.7,4.961,5228.1,58,retired,married,basic.4y,Desconocido,No,No
CLI003324,telephone,jun,tue,5,999,0,nonexistent,1.4,94.465,-41.8,4.958,5228.1,34,blue-collar,single,high.school,No,Sí,
CLI003328,telephone,jun,fri,2,999,0,nonexistent,1.4,94.465,-41.8,4.959,5228.1,33,blue-collar,divorced,basic.6y,Desconocido,No,No
CLI003334,telephone,may,wed,2,999,0,nonexistent,1.1,93.994,-36.4,4.858,5191.0,39,self-employed,married,,Desconocido,No,No
CLI003338,telephone,may,wed,3,999,0,nonexistent,1.1,93.994,-36.4,4.856,5191.0,42,management,married,basic.6y,No,Sí,Sí
CLI003348,cellular,jul,tue,2,999,0,nonexistent,1.4,93.918,-42.7,4.961,5228.1,29,admin.,single,university.degree,No,No,
CLI003350,telephone,jun,tue,5,999,0,nonexistent,1.4,94.465,-41.8,4.961,5228.1,57,blue-collar,married,basic.4y,Desconocido,No,No
CLI003356,cellular,jul,mon,3,999,0,nonexistent,1.4,93.918,-42.7,4.96,5228.1,24,blue-collar,married,basic.9y,No,Sí,No
CLI003372,cellular,jul,tue,1,999,0,nonexistent,1.4,93.918,-42.7,4.962,5228.1,60,admin.,married,high.school,Desconocido,No,No
CLI003378,cellular,nov,fri,3,999,0,nonexistent,-0.1,93.2,-42.0,4.021,5195.8,42,admin.,divorced,university.degree,No,Sí,No
CLI003381,telephone,jul,fri,2,999,0,nonexistent,1.4,93.918,-42.7,4.959,5228.1,26,admin.,single,high.school,No,Sí,No
CLI003387,cellular,nov,thu,3,999,0,nonexistent,-0.1,93.2,-42.0,4.076,5195.8,29,entrepreneur,married,university.degree,No,Sí,Sí
CLI003393,cellular,jul,mon,2,999,1,failure,-1.7,94.215,-40.3,0.87,4991.6,72,retired,married,basic.4y,No,Sí,No
CLI003397,cellular,jul,tue,6,13,1,success,-2.9,92.469,-33.6,0.908,5076.2,54,admin.,married,university.degree,No,No,Sí
CLI003402,cellular,may,tue,1,999,0,nonexistent,-1.8,92.893,-46.2,1.344,5099.1,35,services,married,high.school,Desconocido,,No
CLI003403,telephone,jun,thu,1,999,0,nonexistent,1.4,94.465,-41.8,4.866,5228.1,39,services,married,high.school,No,No,No
CLI003410,telephone,may,wed,2,999,0,nonexistent,1.1,93.994,-36.4,4.858,5191.0,34,blue-collar,married,basic.9y,No,No,No
CLI003423,cellular,jul,tue,13,999,0,nonexistent,1.4,93.918,-42.7,4.961,5228.1,31,blue-collar,single,professional.course,No,Sí,No
CLI003430,cellular,aug,wed,5,999,0,nonexistent,1.4,93.444,-36.1,4.967,5228.1,46,management,married,high.school,No,No,No
CLI003436,cellular,jul,thu,1,999,0,nonexistent,1.4,93.918,-42.7,4.958,5228.1,27,blue-collar,married,basic.9y,No,No,Sí
CLI003438,cellular,jul,wed,2,999,0,nonexistent,1.4,93.918,-42.7,4.963,5228.1,35,admin.,married,university.degree,No,No,
CLI003441,cellular,nov,tue,1,999,1,failure,-0.1,93.2,-42.0,4.153,5195.8,37,technician,married,professional.course,No,No,No
CLI003452,cellular,nov,wed,4,999,0,nonexistent,-0.1,93.2,-42.0,4.12,5195.8,42,entrepreneur,married,basic.4y,No,,Sí
CLI003474,cellular,nov,tue,1,999,0,nonexistent,-0.1,93.2,-42.0,4.153,5195.8,41,entrepreneur,married,university.degree,No,Sí,No
CLI003492,telephone,jun,mon,1,999,0,nonexistent,1.4,94.465,-41.8,4.96,5228.1,43,technician,single,high.school,No,No,No
CLI003502,cellular,jul,thu,2,999,0,nonexistent,1.4,93.918,-42.7,4.958,5228.1,47,blue-collar,divorced,basic.9y,No,Sí,No
CLI003503,cellular,may,thu,1,999,0,nonexistent,-1.8,92.893,-46.2,1.327,5099.1,40,unemployed,married,professional.course,No,Sí,No
CLI003505,telephone,oct,tue,1,999,0,nonexistent,-0.1,93.798,-40.4,4.968,5195.8,33,housemaid,married,high.school,No,No,No
CLI003511,cellular,aug,wed,3,999,0,nonexistent,1.4,93.444,-36.1,4.965,5228.1,51,blue-collar,married,basic.9y,Desconocido,No,No
CLI003513,telephone,may,fri,1,999,0,nonexistent,1.1,93.994,-36.4,4.857,5191.0,37,entrepreneur,married,basic.6y,Desconocido,Desconocido,Desconocido
CLI003517,telephone,may,thu,2,999,0,nonexistent,1.1,93.994,-36.4,4.86,5191.0,39,blue-collar,married,basic.4y,Desconocido,No,No
CLI003518,cellular,may,mon,1,999,1,failure,-1.8,92.893,-46.2,1.299,5099.1,30,blue-collar,married,basic.6y,No,Sí,No
CLI003534,cellular,jul,mon,3,999,0,nonexistent,-1.7,94.215,-40.3,0.793,4991.6,41,admin.,divorced,university.degree,No,No,
CLI003540,telephone,jun,fri,1,999,0,nonexistent,1.4,94.465,-41.8,4.967,5228.1,51,blue-collar,married,basic.4y,Desconocido,Sí,No
CLI003547,telephone,jun,wed,2,999,0,nonexistent,1.4,94.465,-41.8,4.959,5228.1,56,blue-collar,married,basic.4y,No,No,No
CLI003552,cellular,may,mon,1,999,0,nonexistent,-1.8,92.893,-46.2,1.244,5099.1,30,admin.,single,university.degree,Desconocido,Sí,No
CLI003557,telephone,jun,wed,2,999,0,nonexistent,1.4,94.465,-41.8,4.864,5228.1,48,blue-collar,married,basic.9y,No,Sí,No
CLI003569,telephone,jun,fri,3,999,0,nonexistent,1.4,94.465,-41.8,4.947,5228.1,44,blue-collar,single,basic.6y,No,No,No
CLI003572,cellular,jul,fri,2,999,0,nonexistent,1.4,93.918,-42.7,4.957,5228.1,53,services,divorced,basic.9y,No,Sí,No
CLI003576,cellular,may,mon,1,999,1,failure,-1.8,92.893,-46.2,1.244,5099.1,35,admin.,divorced,high.school,No,Sí,No
CLI003591,cellular,may,tue,5,999,0,nonexistent,-1.8,92.893,-46.2,1.344,5099.1,37,admin.,single,university.degree,No,,No
CLI003596,cellular,aug,mon,2,999,0,nonexistent,1.4,93.444,-36.1,4.97,5228.1,39,admin.,married,university.degree,No,No,No
CLI003597,cellular,jul,mon,3,999,0,nonexistent,1.4,93.918,-42.7,4.962,5228.1,57,blue-collar,married,basic.4y,No,Sí,No
CLI003604,cellular,may,tue,2,999,0,nonexistent,-1.8,92.893,-46.2,1.344,5099.1,25,services,married,high.school,No,No,No
CLI003605,cellular,jul,fri,3,999,0,nonexistent,1.4,93.918,-42.7,4.957,5228.1,24,blue-collar,single,basic.9y,No,No,No
CLI003612,telephone,jun,tue,2,999,0,nonexistent,1.4,94.465,-41.8,4.961,5228.1,29,student,married,high.school,No,No,Sí
CLI003619,telephone,jul,mon,1,999,0,nonexistent,1.4,93.918,-42.7,4.96,5228.1,24,blue-collar,married,basic.9y,No,No,No
CLI003634,cellular,nov,mon,1,999,0,nonexistent,-0.1,93.2,-42.0,4.191,5195.8,55,blue-collar,married,basic.9y,No,No,No
CLI003635,cellular,jul,thu,6,999,0,nonexistent,1.4,93.918,-42.7,4.968,5228.1,39,technician,married,professional.course,No,No,No
CLI003636,cellular,jun,fri,2,999,0,nonexistent,-2.9,92.963,-40.8,1.268,5076.2,21,student,single,university.degree,No,No,No
CLI003637,cellular,apr,tue,1,999,1,failure,-1.8,93.749,-34.6,0.646,5008.7,24,student,single,basic.9y,No,Sí,No
CLI003641,telephone,jun,tue,2,999,0,nonexistent,1.4,94.465,-41.8,4.864,5228.1,58,blue-collar,married,high.school,No,Sí,No
CLI003650,cellular,dec,thu,1,999,1,failure,-3.0,92.713,-33.0,0.712,5023.5,47,housemaid,married,basic.9y,No,Sí,No
CLI003660,telephone,may,tue,2,999,0,nonexistent,1.1,93.994,-36.4,4.857,5191.0,45,technician,married,basic.9y,Desconocido,No,No
CLI003672,cellular,may,fri,1,999,0,nonexistent,-1.8,92.893,-46.2,1.259,5099.1,40,technician,single,professional.course,No,Sí,No
CLI003691,cellular,may,tue,7,999,0,nonexistent,-1.8,92.893,-46.2,1.291,5099.1,31,blue-collar,married,basic.9y,No,Sí,No
CLI003694,cellular,jul,tue,1,999,0,nonexistent,1.4,93.918,-42.7,4.961,5228.1,27,blue-collar,single,basic.6y,No,No,Sí
CLI003702,cellular,aug,thu,3,999,0,nonexistent,1.4,93.444,-36.1,4.963,5228.1,37,admin.,married,university.degree,No,No,Sí
CLI003708,telephone,may,tue,2,999,0,nonexistent,1.1,93.994,-36.4,4.857,5191.0,46,housemaid,married,basic.4y,No,No,No
CLI003710,cellular,sep,fri,1,999,0,nonexistent,-3.4,92.379,-29.8,0.773,5017.5,69,retired,married,high.school,No,No,No
CLI003717,telephone,jun,thu,1,999,0,nonexistent,1.4,94.465,-41.8,4.866,5228.1,40,unemployed,divorced,high.school,No,No,Sí
CLI003726,telephone,aug,thu,7,999,0,nonexistent,1.4,93.444,-36.1,4.962,5228.1,53,housemaid,married,basic.4y,Desconocido,Sí,No
CLI003731,telephone,may,wed,4,999,0,nonexistent,1.1,93.994,-36.4,4.859,5191.0,33,blue-collar,married,high.school,No,Sí,No
CLI003737,telephone,may,fri,1,999,0,nonexistent,1.1,93.994,-36.4,4.859,5191.0,56,blue-collar,married,basic.4y,Desconocido,,No
CLI003743,cellular,nov,tue,2,999,0,nonexistent,-0.1,93.2,-42.0,4.153,5195.8,32,admin.,married,university.degree,No,No,No
CLI003748,cellular,jul,tue,4,999,0,nonexistent,1.4,93.918,-42.7,4.961,5228.1,20,student,single,high.school,No,Sí,Sí
CLI003763,telephone,may,mon,2,999,1,failure,-1.8,92.893,-46.2,1.299,5099.1,35,admin.,divorced,high.school,No,Sí,Sí
CLI003776,telephone,may,mon,6,999,0,nonexistent,1.1,93.994,-36.4,4.858,5191.0,24,admin.,single,high.school,No,Sí,No
CLI003784,cellular,jul,fri,1,999,0,nonexistent,1.4,93.918,-42.7,4.962,5228.1,57,blue-collar,married,basic.4y,Desconocido,No,Sí
CLI003785,cellular,mar,mon,4,999,1,failure,-1.8,92.843,-50.0,1.811,5099.1,26,student,single,basic.9y,No,Sí,Sí
CLI003788,cellular,may,tue,2,999,0,nonexistent,-1.8,92.893,-46.2,1.291,5099.1,32,blue-collar,married,basic.9y,Desconocido,No,No
CLI003789,cellular,apr,tue,1,999,0,nonexistent,-1.8,93.075,-47.1,1.453,5099.1,40,blue-collar,married,basic.9y,No,No,No
CLI003800,telephone,may,fri,2,999,0,nonexistent,1.1,93.994,-36.4,4.859,5191.0,32,blue-collar,married,basic.9y,No,No,No
CLI003813,cellular,aug,fri,3,999,0,nonexistent,1.4,93.444,-36.1,4.964,5228.1,41,self-employed,married,university.degree,No,Sí,No
CLI003818,cellular,oct,mon,2,999,1,failure,-3.4,92.431,-26.9,0.731,5017.5,29,admin.,single,university.degree,No,No,No
CLI003821,cellular,nov,thu,2,999,0,nonexistent,-0.1,93.2,-42.0,4.076,5195.8,31,services,divorced,high.school,No,Sí,No
CLI003835,telephone,jun,wed,5,999,0,nonexistent,1.4,94.465,-41.8,4.959,5228.1,35,admin.,married,university.degree,No,Sí,No
CLI003836,telephone,may,fri,2,999,0,nonexistent,1.1,93.994,-36.4,4.859,5191.0,28,blue-collar,married,basic.9y,No,Sí,No
CLI003842,cellular,nov,tue,1,999,0,nonexistent,-0.1,93.2,-42.0,4.153,5195.8,32,admin.,single,university.degree,No,No,No
CLI003851,telephone,may,mon,2,999,0,nonexistent,1.1,93.994,-36.4,4.857,5191.0,48,admin.,divorced,university.degree,No,Sí,No
CLI003854,cellular,jul,thu,7,999,0,nonexistent,1.4,93.918,-42.7,4.968,5228.1,45,admin.,married,university.degree,No,No,No
CLI003868,cellular,jul,thu,13,999,0,nonexistent,1.4,93.918,-42.7,4.968,5228.1,34,management,single,university.degree,No,No,No
CLI003874,cellular,nov,thu,2,999,0,nonexistent,-0.1,93.2,-42.0,4.076,5195.8,30,admin.,married,university.degree,No,Sí,No
CLI003877,telephone,jun,wed,4,999,0,nonexistent,1.4,94.465,-41.8,4.962,5228.1,56,management,married,university.degree,No,No,No
CLI003888,cellular,aug,mon,1,999,0,nonexistent,1.4,93.444,-36.1,4.963,5228.1,33,admin.,married,university.degree,No,Sí,No
CLI003897,cellular,jul,thu,27,999,0,nonexistent,1.4,93.918,-42.7,4.968,5228.1,25,admin.,single,basic.9y,No,Sí,No
CLI003900,telephone,may,thu,2,999,0,nonexistent,1.1,93.994,-36.4,4.86,5191.0,42,admin.,married,university.degree,No,No,No
CLI003925,cellular,jun,tue,1,3,1,success,-2.9,92.963,-40.8,1.262,5076.2,36,admin.,married,university.degree,Desconocido,Sí,Sí
CLI003926,telephone,jul,tue,1,999,0,nonexistent,1.4,93.918,-42.7,4.962,5228.1,34,services,single,high.school,No,Sí,No
CLI003943,cellular,aug,tue,1,999,0,nonexistent,1.4,93.444,-36.1,4.968,5228.1,34,admin.,married,university.degree,Desconocido,Sí,No
CLI003949,cellular,may,wed,1,999,1,failure,-1.8,92.893,-46.2,1.334,5099.1,39,services,single,high.school,No,Sí,No
CLI003953,telephone,may,fri,1,999,0,nonexistent,1.1,93.994,-36.4,4.859,5191.0,29,services,married,basic.9y,Desconocido,No,No
CLI003954,cellular,jul,tue,2,999,0,nonexistent,1.4,93.918,-42.7,4.961,5228.1,51,housemaid,married,basic.9y,No,Sí,No
CLI003955,telephone,may,fri,1,999,0,nonexistent,1.1,93.994,-36.4,4.859,5191.0,49,blue-collar,married,basic.4y,Desconocido,Sí,No
CLI003960,cellular,jun,tue,2,999,0,nonexistent,-2.9,92.963,-40.8,1.286,5076.2,25,unemployed,married,university.degree,No,No,No
CLI003968,cellular,aug,tue,1,999,0,nonexistent,1.4,93.444,-36.1,4.966,5228.1,31,technician,single,high.school,No,No,No
CLI003973,cellular,aug,thu,1,999,0,nonexistent,1.4,93.444,-36.1,4.963,5228.1,32,admin.,married,university.degree,No,No,No
CLI003977,telephone,jul,wed,4,999,0,nonexistent,1.4,93.918,-42.7,4.963,5228.1,39,admin.,married,university.degree,Desconocido,Sí,No
CLI003987,cellular,nov,thu,2,999,0,nonexistent,-0.1,93.2,-42.0,4.076,5195.8,55,blue-collar,divorced,basic.9y,No,Sí,No
CLI004000,telephone,may,tue,1,999,0,nonexistent,1.1,93.994,-36.4,4.857,5191.0,31,technician,single,professional.course,No,Sí,No
CLI004013,telephone,may,mon,3,999,0,nonexistent,1.1,93.994,-36.4,4.857,5191.0,35,admin.,married,university.degree,No,Sí,No
CLI004024,cellular,aug,mon,3,999,0,nonexistent,1.4,93.444,-36.1,4.965,5228.1,32,technician,married,professional.course,No,Sí,No
CLI004028,cellular,oct,fri,2,999,2,failure,-3.4,92.431,-26.9,0.72,5017.5,78,retired,divorced,basic.6y,No,No,No
CLI004030,cellular,apr,thu,2,999,0,nonexistent,-1.8,93.075,-47.1,1.41,5099.1,36,entrepreneur,married,university.degree,No,No,No
CLI004040,cellular,nov,mon,1,999,0,nonexistent,-0.1,93.2,-42.0,4.191,5195.8,51,technician,divorced,high.school,No,Sí,No
CLI004064,cellular,may,mon,1,999,0,nonexistent,-1.8,92.893,-46.2,1.244,5099.1,32,management,married,university.degree,No,No,Sí
CLI004074,cellular,may,thu,3,999,0,nonexistent,-1.8,92.893,-46.2,1.327,5099.1,36,blue-collar,married,basic.9y,No,No,No
CLI004079,cellular,jul,fri,2,999,0,nonexistent,1.4,93.918,-42.7,4.962,5228.1,45,blue-collar,married,basic.4y,No,No,No
CLI004097,cellular,aug,wed,4,999,0,nonexistent,1.4,93.444,-36.1,4.965,5228.1,30,admin.,single,university.degree,No,Sí,Sí
CLI004098,telephone,mar,wed,1,999,0,nonexistent,-1.8,93.369,-34.8,0.655,5008.7,36,management,single,university.degree,No,No,No
CLI004102,cellular,apr,wed,1,999,0,nonexistent,-1.8,93.075,-47.1,1.445,5099.1,25,unemployed,single,professional.course,No,No,No
CLI004103,cellular,may,wed,2,999,0,nonexistent,-1.8,92.893,-46.2,1.281,5099.1,27,self-employed,married,basic.9y,No,Sí,No
CLI004105,cellular,nov,fri,2,999,0,nonexistent,-0.1,93.2,-42.0,4.021,5195.8,29,services,single,high.school,No,Sí,No
CLI004125,cellular,jul,mon,3,999,0,nonexistent,1.4,93.918,-42.7,4.96,5228.1,30,management,married,university.degree,No,Sí,No
CLI004154,telephone,oct,mon,1,999,0,nonexistent,-0.1,93.798,-40.4,4.912,5195.8,27,blue-collar,single,professional.course,No,Sí,No
CLI004165,telephone,jun,thu,1,999,0,nonexistent,1.4,94.465,-41.8,4.961,5228.1,45,blue-collar,married,basic.9y,Desconocido,Sí,Sí
CLI004166,telephone,may,fri,5,999,0,nonexistent,1.1,93.994,-36.4,4.859,5191.0,32,services,married,high.school,No,No,No
CLI004172,cellular,nov,thu,1,999,0,nonexistent,-0.1,93.2,-42.0,4.076,5195.8,34,blue-collar,married,basic.9y,No,Sí,No
CLI004174,cellular,aug,thu,4,999,0,nonexistent,1.4,93.444,-36.1,4.968,5228.1,30,technician,single,professional.course,No,Sí,No
CLI004203,telephone,jun,mon,4,999,0,nonexistent,1.4,94.465,-41.8,4.96,5228.1,60,retired,married,basic.4y,Desconocido,No,No
CLI004206,telephone,jun,tue,1,999,0,nonexistent,1.4,94.465,-41.8,4.864,5228.1,36,blue-collar,single,high.school,No,No,No
CLI004228,telephone,jun,mon,3,999,0,nonexistent,1.4,94.465,-41.8,4.961,5228.1,45,self-employed,married,professional.course,Desconocido,Sí,Sí
CLI004244,cellular,aug,wed,1,999,0,nonexistent,1.4,93.444,-36.1,4.965,5228.1,30,technician,married,high.school,No,Sí,No
CLI004255,cellular,apr,thu,4,999,2,failure,-1.8,93.749,-34.6,0.644,5008.7,58,admin.,married,professional.course,No,Sí,No
CLI004260,telephone,may,thu,1,999,0,nonexistent,1.1,93.994,-36.4,4.86,5191.0,41,services,married,university.degree,No,No,
CLI004268,cellular,may,tue,1,999,0,nonexistent,-1.8,92.893,-46.2,1.291,5099.1,26,blue-collar,married,basic.4y,No,No,No
CLI004274,cellular,aug,wed,1,999,0,nonexistent,-2.9,92.201,-31.4,0.879,5076.2,28,self-employed,single,university.degree,No,Desconocido,Desconocido
CLI004281,cellular,may,mon,2,999,0,nonexistent,-1.8,92.893,-46.2,1.299,5099.1,38,services,married,high.school,Desconocido,No,
CLI004284,telephone,jun,tue,2,999,0,nonexistent,1.4,94.465,-41.8,4.961,5228.1,28,technician,single,professional.course,No,No,Sí
CLI004286,cellular,aug,tue,1,4,1,success,-2.9,92.201,-31.4,0.883,5076.2,60,retired,married,high.school,No,No,No
CLI004304,telephone,jul,wed,1,999,0,nonexistent,1.4,93.918,-42.7,4.962,5228.1,38,services,married,high.school,Desconocido,No,No
CLI004307,cellular,apr,tue,1,999,0,nonexistent,-1.8,93.075,-47.1,1.405,5099.1,54,management,married,university.degree,No,Sí,No
CLI004310,cellular,may,thu,5,999,0,nonexistent,-1.8,92.893,-46.2,1.266,5099.1,43,blue-collar,married,basic.4y,No,Sí,No
CLI004314,cellular,jul,fri,1,999,0,nonexistent,1.4,93.918,-42.7,4.962,5228.1,53,technician,married,professional.course,Desconocido,No,No
CLI004317,cellular,jul,mon,4,999,0,nonexistent,1.4,93.918,-42.7,4.96,5228.1,19,student,single,basic.9y,Desconocido,Sí,No
CLI004319,telephone,may,mon,1,999,0,nonexistent,1.1,93.994,-36.4,4.857,5191.0,30,admin.,married,high.school,No,No,No
CLI004335,cellular,aug,mon,3,999,0,nonexistent,1.4,93.444,-36.1,4.965,5228.1,31,technician,married,university.degree,No,Sí,No
CLI004342,telephone,may,tue,1,999,0,nonexistent,1.1,93.994,-36.4,4.856,5191.0,34,services,married,high.school,Desconocido,Sí,No
CLI004387,cellular,aug,mon,2,999,0,nonexistent,1.4,93.444,-36.1,4.963,5228.1,59,admin.,married,university.degree,Desconocido,Sí,No
CLI004391,telephone,may,wed,1,999,0,nonexistent,1.1,93.994,-36.4,4.857,5191.0,52,services,married,Desconocido,Desconocido,No,No
CLI004395,cellular,nov,mon,1,999,0,nonexistent,-0.1,93.2,-42.0,4.191,5195.8,52,management,divorced,university.degree,No,Sí,No
CLI004399,cellular,aug,wed,2,999,0,nonexistent,1.4,93.444,-36.1,4.964,5228.1,39,housemaid,married,basic.4y,No,No,No
CLI004402,telephone,jul,fri,4,999,0,nonexistent,1.4,93.918,-42.7,4.957,5228.1,38,entrepreneur,married,basic.9y,No,No,Sí
CLI004415,cellular,may,wed,2,999,0,nonexistent,-1.8,92.893,-46.2,1.281,5099.1,49,entrepreneur,married,basic.4y,Desconocido,Sí,No
CLI004436,telephone,may,fri,6,999,0,nonexistent,1.1,93.994,-36.4,4.857,5191.0,60,retired,married,high.school,Desconocido,Sí,No
CLI004439,cellular,nov,fri,4,999,0,nonexistent,-0.1,93.2,-42.0,4.021,5195.8,44,self-employed,married,university.degree,No,No,No
CLI004445,telephone,may,fri,1,999,0,nonexistent,1.1,93.994,-36.4,4.859,5191.0,31,blue-collar,married,basic.4y,Desconocido,No,Sí
CLI004470,cellular,may,wed,6,999,0,nonexistent,-1.8,92.893,-46.2,1.334,5099.1,45,entrepreneur,married,university.degree,No,No,No
CLI004481,cellular,aug,tue,8,999,0,nonexistent,1.4,93.444,-36.1,4.963,5228.1,60,retired,married,basic.4y,Desconocido,Sí,Sí
CLI004483,cellular,may,mon,1,999,0,nonexistent,-1.8,92.893,-46.2,1.244,5099.1,31,admin.,married,university.degree,No,Sí,Sí
CLI004501,cellular,jul,wed,2,999,0,nonexistent,1.4,93.918,-42.7,4.962,5228.1,53,admin.,divorced,university.degree,No,Sí,No
CLI004510,telephone,jun,tue,3,999,0,nonexistent,1.4,94.465,-41.8,4.961,5228.1,28,admin.,married,high.school,No,Sí,No
CLI004522,telephone,jun,thu,9,999,0,nonexistent,1.4,94.465,-41.8,4.961,5228.1,46,admin.,divorced,university.degree,No,Sí,No
CLI004529,cellular,nov,mon,1,999,0,nonexistent,-0.1,93.2,-42.0,4.191,5195.8,37,technician,single,professional.course,No,Sí,No
CLI004534,cellular,may,tue,5,999,0,nonexistent,-1.8,92.893,-46.2,1.291,5099.1,36,admin.,married,high.school,No,Sí,
CLI004548,cellular,jul,tue,4,999,0,nonexistent,1.4,93.918,-42.7,4.961,5228.1,57,admin.,married,professional.course,No,Sí,No
CLI004553,telephone,may,fri,3,999,0,nonexistent,1.1,93.994,-36.4,4.857,5191.0,48,housemaid,divorced,basic.4y,Desconocido,No,Sí
CLI004555,telephone,may,wed,1,999,0,nonexistent,1.1,93.994,-36.4,4.859,5191.0,28,services,single,high.school,No,No,No
CLI004563,cellular,jul,tue,6,999,0,nonexistent,1.4,93.918,-42.7,4.961,5228.1,35,blue-collar,single,basic.9y,No,Sí,No
CLI004578,cellular,aug,thu,1,999,0,nonexistent,1.4,93.444,-36.1,4.963,5228.1,29,technician,single,high.school,No,Sí,No
CLI004594,cellular,nov,wed,1,999,0,nonexistent,-0.1,93.2,-42.0,4.12,5195.8,32,technician,married,university.degree,No,Sí,No
CLI004598,telephone,jun,wed,1,999,0,nonexistent,1.4,94.465,-41.8,4.864,5228.1,52,retired,married,basic.4y,No,No,No
CLI004612,cellular,mar,mon,1,999,0,nonexistent,-1.8,92.843,-50.0,1.56,5099.1,27,unemployed,single,university.degree,No,Sí,No
CLI004626,telephone,may,mon,3,999,0,nonexistent,1.1,93.994,-36.4,4.858,5191.0,36,technician,married,university.degree,No,Sí,No
CLI004631,cellular,aug,fri,2,999,0,nonexistent,1.4,93.444,-36.1,4.966,5228.1,41,technician,married,university.degree,No,No,Sí
CLI004633,cellular,nov,wed,2,3,3,success,-3.4,92.649,-30.1,0.715,5017.5,20,student,single,high.school,No,No,No
CLI004638,cellular,aug,fri,2,999,0,nonexistent,1.4,93.444,-36.1,4.963,5228.1,55,retired,married,basic.9y,No,Sí,No
CLI004641,cellular,apr,thu,2,999,0,nonexistent,-1.8,93.075,-47.1,1.41,5099.1,34,blue-collar,married,basic.4y,Desconocido,Sí,No
CLI004651,cellular,apr,mon,1,999,1,failure,-1.8,93.075,-47.1,1.466,5099.1,40,services,married,Desconocido,Desconocido,No,No
CLI004663,cellular,apr,wed,1,999,0,nonexistent,-1.8,93.075,-47.1,1.415,5099.1,32,admin.,single,high.school,No,Sí,Sí
CLI004670,cellular,aug,wed,1,999,0,nonexistent,1.4,93.444,-36.1,4.965,5228.1,29,technician,married,university.degree,No,No,No
CLI004680,cellular,aug,fri,2,999,0,nonexistent,1.4,93.444,-36.1,4.963,5228.1,36,admin.,single,university.degree,No,No,Sí
CLI004689,cellular,jul,thu,1,999,0,nonexistent,1.4,93.918,-42.7,4.963,5228.1,34,technician,married,high.school,No,No,No
CLI004691,cellular,jul,fri,12,999,0,nonexistent,1.4,93.918,-42.7,4.962,5228.1,26,services,married,high.school,No,Sí,No
CLI004709,cellular,jul,tue,8,999,0,nonexistent,1.4,93.918,-42.7,4.961,5228.1,36,blue-collar,married,basic.4y,Desconocido,Sí,No
CLI004710,cellular,oct,wed,2,999,0,nonexistent,-3.4,92.431,-26.9,0.74,5017.5,48,management,married,university.degree,No,Sí,Sí
CLI004712,cellular,jul,wed,17,999,0,nonexistent,1.4,93.918,-42.7,4.963,5228.1,44,admin.,divorced,high.school,No,Sí,No
CLI004714,cellular,jul,mon,1,999,0,nonexistent,1.4,93.918,-42.7,4.96,5228.1,59,technician,divorced,university.degree,No,No,No
CLI004721,cellular,jul,thu,1,999,0,nonexistent,1.4,93.918,-42.7,4.958,5228.1,54,blue-collar,married,basic.9y,Desconocido,Sí,No
CLI004726,cellular,aug,tue,3,999,0,nonexistent,1.4,93.444,-36.1,4.963,5228.1,31,services,divorced,high.school,No,Sí,Sí
CLI004738,telephone,jun,wed,3,999,0,nonexistent,1.4,94.465,-41.8,4.959,5228.1,37,management,single,university.degree,No,No,No
CLI004751,cellular,jul,tue,2,999,1,failure,-2.9,92.469,-33.6,1.044,5076.2,50,admin.,married,high.school,No,Sí,No
CLI004756,telephone,jun,thu,3,999,0,nonexistent,1.4,94.465,-41.8,4.958,5228.1,32,management,single,university.degree,No,Sí,No
CLI004759,cellular,jul,mon,3,999,0,nonexistent,1.4,93.918,-42.7,4.962,5228.1,38,blue-collar,married,high.school,Desconocido,No,No
CLI004767,telephone,may,fri,3,999,0,nonexistent,1.1,93.994,-36.4,4.859,5191.0,40,management,married,Desconocido,No,No,No
CLI004768,cellular,nov,mon,1,999,0,nonexistent,-0.1,93.2,-42.0,4.191,5195.8,45,self-employed,married,university.degree,No,Sí,No
CLI004774,cellular,aug,tue,1,999,0,nonexistent,1.4,93.444,-36.1,4.966,5228.1,32,admin.,divorced,university.degree,No,Sí,No
CLI004779,telephone,jun,fri,9,999,0,nonexistent,1.4,94.465,-41.8,4.967,5228.1,55,admin.,married,basic.4y,Desconocido,No,No
CLI004783,telephone,jun,wed,2,999,0,nonexistent,1.4,94.465,-41.8,4.962,5228.1,39,management,married,basic.9y,No,No,No
CLI004792,telephone,may,fri,2,999,0,nonexistent,1.1,93.994,-36.4,4.859,5191.0,26,admin.,single,high.school,No,No,No
CLI004805,cellular,may,thu,1,999,0,nonexistent,-1.8,92.893,-46.2,1.327,5099.1,37,blue-collar,married,basic.9y,No,Sí,Sí
CLI004807,cellular,may,wed,1,999,0,nonexistent,-1.8,93.876,-40.0,0.697,5008.7,46,blue-collar,married,professional.course,No,Sí,No
CLI004840,telephone,may,wed,1,999,0,nonexistent,1.1,93.994,-36.4,4.859,5191.0,33,blue-collar,married,basic.9y,No,No,No
CLI004862,cellular,aug,wed,1,999,0,nonexistent,1.4,93.444,-36.1,4.967,5228.1,31,technician,single,university.degree,No,No,No
CLI004871,cellular,may,mon,2,999,0,nonexistent,-1.8,92.893,-46.2,1.244,5099.1,55,admin.,married,university.degree,No,Sí,No
CLI004878,cellular,may,fri,6,999,0,nonexistent,-1.8,92.893,-46.2,1.313,5099.1,33,admin.,married,university.degree,No,No,No
CLI004881,cellular,jul,thu,1,999,0,nonexistent,1.4,93.918,-42.7,4.968,5228.1,29,admin.,single,university.degree,No,Sí,No
CLI004893,cellular,may,thu,1,999,0,nonexistent,-1.8,92.893,-46.2,1.327,5099.1,31,housemaid,single,high.school,No,Sí,No
CLI004895,telephone,may,tue,1,999,0,nonexistent,1.1,93.994,-36.4,4.856,5191.0,47,blue-collar,married,basic.4y,Desconocido,No,Sí
CLI004914,cellular,apr,fri,1,999,0,nonexistent,-1.8,93.075,-47.1,1.405,5099.1,57,services,married,basic.9y,Desconocido,Sí,No
CLI004933,cellular,jul,wed,1,999,0,nonexistent,1.4,93.918,-42.7,4.963,5228.1,36,admin.,divorced,university.degree,Desconocido,Sí,Sí
CLI004945,telephone,jun,mon,1,999,0,nonexistent,1.4,94.465,-41.8,4.96,5228.1,29,technician,single,university.degree,No,No,No
CLI004967,telephone,jul,mon,3,999,0,nonexistent,1.4,93.918,-42.7,4.962,5228.1,53,admin.,divorced,high.school,No,Sí,No
CLI004970,cellular,apr,mon,1,9,1,success,-1.8,93.075,-47.1,1.466,5099.1,41,unemployed,married,basic.9y,No,No,Sí
CLI004971,telephone,jun,mon,1,999,0,nonexistent,1.4,94.465,-41.8,4.865,5228.1,45,blue-collar,single,basic.9y,No,No,No
CLI004989,telephone,may,thu,1,999,0,nonexistent,1.1,93.994,-36.4,4.86,5191.0,52,blue-collar,married,basic.4y,Desconocido,Desconocido,Desconocido
CLI004998,cellular,nov,fri,2,999,0,nonexistent,-0.1,93.2,-42.0,4.021,5195.8,45,technician,single,university.degree,No,No,No
CLI005024,telephone,may,wed,5,999,0,nonexistent,1.1,93.994,-36.4,4.856,5191.0,50,technician,married,high.school,No,No,No
CLI005038,cellular,apr,wed,2,999,0,nonexistent,-1.8,93.075,-47.1,1.415,5099.1,34,technician,divorced,professional.course,No,Sí,No
CLI005046,telephone,may,wed,2,999,0,nonexistent,1.1,93.994,-36.4,4.858,5191.0,51,blue-collar,married,basic.9y,No,Sí,
CLI005070,cellular,may,fri,3,999,0,nonexistent,-1.8,92.893,-46.2,1.25,5099.1,41,admin.,married,high.school,Desconocido,No,No
CLI005077,cellular,oct,thu,2,999,0,nonexistent,-1.1,94.601,-49.5,0.987,4963.6,61,blue-collar,married,professional.course,No,Sí,No
CLI005084,cellular,may,wed,1,999,1,failure,-1.8,92.893,-46.2,1.334,5099.1,40,blue-collar,married,Desconocido,No,Sí,No
CLI005087,telephone,may,fri,3,999,0,nonexistent,1.1,93.994,-36.4,4.857,5191.0,32,management,married,university.degree,No,No,No
CLI005088,cellular,nov,wed,1,999,0,nonexistent,-0.1,93.2,-42.0,4.12,5195.8,33,blue-collar,married,basic.9y,No,Sí,No
CLI005093,cellular,may,wed,3,999,0,nonexistent,-1.8,92.893,-46.2,1.281,5099.1,33,technician,single,high.school,No,Sí,No
CLI005105,cellular,may,mon,6,999,0,nonexistent,-1.8,92.893,-46.2,1.244,5099.1,23,services,married,basic.9y,Desconocido,Sí,No
CLI005108,telephone,jun,mon,1,999,0,nonexistent,1.4,94.465,-41.8,4.865,5228.1,35,services,single,basic.4y,No,No,
CLI005113,cellular,may,wed,1,999,0,nonexistent,-1.8,92.893,-46.2,1.334,5099.1,37,blue-collar,single,professional.course,No,Sí,Sí
CLI005114,cellular,nov,wed,1,999,0,nonexistent,-0.1,93.2,-42.0,4.12,5195.8,29,blue-collar,married,professional.course,No,No,No
CLI005116,telephone,jun,thu,1,999,0,nonexistent,1.4,94.465,-41.8,4.958,5228.1,35,housemaid,married,high.school,No,No,No
CLI005119,cellular,jul,thu,1,999,0,nonexistent,1.4,93.918,-42.7,4.962,5228.1,50,technician,married,professional.course,No,No,Sí
CLI005120,cellular,jul,mon,1,999,0,nonexistent,1.4,93.918,-42.7,4.96,5228.1,34,blue-collar,married,basic.6y,No,Sí,Sí
CLI005125,cellular,jul,tue,2,999,0,nonexistent,1.4,93.918,-42.7,4.961,5228.1,50,technician,single,university.degree,Desconocido,No,No
CLI005136,telephone,nov,thu,1,999,0,nonexistent,-3.4,92.649,-30.1,0.714,5017.5,66,retired,married,basic.4y,No,Sí,Sí
CLI005141,cellular,mar,tue,1,999,0,nonexistent,-1.8,92.843,-50.0,1.614,5099.1,50,admin.,divorced,university.degree,No,Sí,No
CLI005155,cellular,apr,mon,3,999,0,nonexistent,-1.8,93.749,-34.6,0.645,5008.7,46,admin.,married,high.school,No,No,No
CLI005163,cellular,aug,tue,2,3,2,success,-2.9,92.201,-31.4,0.838,5076.2,43,admin.,married,high.school,No,Sí,No
CLI005164,telephone,jun,thu,1,999,0,nonexistent,1.4,94.465,-41.8,4.958,5228.1,49,technician,married,professional.course,No,No,Sí
CLI005172,cellular,oct,thu,2,999,1,failure,-3.4,92.431,-26.9,0.733,5017.5,37,unemployed,married,university.degree,No,Sí,No
CLI005177,telephone,jun,fri,2,999,0,nonexistent,1.4,94.465,-41.8,4.947,5228.1,54,admin.,married,university.degree,No,Sí,No
CLI005182,cellular,may,tue,2,999,0,nonexistent,-1.8,92.893,-46.2,1.291,5099.1,34,admin.,divorced,professional.course,No,Sí,Sí
CLI005185,telephone,jun,tue,1,999,1,failure,-1.7,94.055,-39.8,0.702,4991.6,59,retired,divorced,professional.course,No,No,No
CLI005191,telephone,may,tue,4,999,0,nonexistent,1.1,93.994,-36.4,4.857,5191.0,38,housemaid,married,basic.9y,No,No,No
CLI005201,telephone,nov,thu,8,999,1,failure,-0.1,93.2,-42.0,4.076,5195.8,31,technician,married,basic.6y,No,Sí,No
CLI005207,cellular,aug,thu,3,999,0,nonexistent,1.4,93.444,-36.1,4.968,5228.1,48,blue-collar,married,basic.4y,Desconocido,No,Sí
CLI005214,cellular,jul,fri,1,999,0,nonexistent,1.4,93.918,-42.7,4.962,5228.1,44,admin.,married,Desconocido,No,,No
CLI005221,cellular,nov,wed,5,999,0,nonexistent,-0.1,93.2,-42.0,4.12,5195.8,44,services,single,high.school,No,Sí,No
CLI005222,cellular,jun,tue,1,999,0,nonexistent,-2.9,92.963,-40.8,1.262,5076.2,43,blue-collar,married,,No,Sí,No
CLI005231,cellular,may,wed,1,999,1,failure,-1.8,92.893,-46.2,1.281,5099.1,47,blue-collar,married,basic.4y,No,Sí,No
CLI005238,cellular,aug,mon,2,999,0,nonexistent,1.4,93.444,-36.1,4.963,5228.1,52,admin.,divorced,university.degree,No,No,No
CLI005254,telephone,aug,fri,1,999,0,nonexistent,1.4,93.444,-36.1,4.963,5228.1,49,services,married,Desconocido,No,No,No
CLI005256,telephone,oct,tue,1,999,0,nonexistent,-0.1,93.798,-40.4,4.968,5195.8,41,admin.,single,high.school,No,No,No
CLI005259,cellular,may,mon,3,3,1,success,-1.8,92.893,-46.2,1.354,5099.1,50,blue-collar,married,basic.6y,No,Sí,No
CLI005283,cellular,may,tue,2,999,1,failure,-1.8,92.893,-46.2,1.291,5099.1,31,admin.,single,university.degree,No,Sí,No
CLI005289,cellular,apr,wed,3,999,0,nonexistent,-1.8,93.075,-47.1,1.445,5099.1,29,technician,married,university.degree,No,Sí,No
CLI005294,cellular,jul,mon,1,999,0,nonexistent,1.4,93.918,-42.7,4.96,5228.1,29,technician,married,high.school,No,No,No
CLI005306,cellular,may,fri,2,999,1,failure,-1.8,92.893,-46.2,1.313,5099.1,34,technician,married,professional.course,No,No,No
CLI005307,cellular,may,fri,1,999,1,failure,-1.8,92.893,-46.2,1.25,5099.1,53,technician,divorced,professional.course,No,Sí,No
CLI005336,cellular,apr,tue,2,999,0,nonexistent,-1.8,93.075,-47.1,1.384,5099.1,38,services,married,high.school,No,No,No
CLI005377,cellular,may,tue,2,999,0,nonexistent,-1.8,92.893,-46.2,1.344,5099.1,35,services,single,high.school,No,No,No
CLI005379,cellular,apr,fri,1,999,1,failure,-1.8,93.075,-47.1,1.405,5099.1,36,services,married,high.school,Desconocido,Sí,Sí
CLI005385,cellular,aug,thu,4,999,0,nonexistent,1.4,93.444,-36.1,4.964,5228.1,30,technician,single,professional.course,No,Sí,No
CLI005391,cellular,jul,wed,2,999,0,nonexistent,1.4,93.918,-42.7,4.963,5228.1,34,technician,single,professional.course,Desconocido,Sí,No
CLI005392,cellular,aug,thu,1,999,0,nonexistent,1.4,93.444,-36.1,4.963,5228.1,37,technician,single,professional.course,No,Sí,No
CLI005393,telephone,may,mon,2,999,0,nonexistent,1.1,93.994,-36.4,4.858,5191.0,28,self-employed,single,basic.9y,No,No,No
CLI005400,cellular,may,tue,1,999,0,nonexistent,-1.8,92.893,-46.2,1.291,5099.1,26,blue-collar,married,basic.9y,No,Sí,No
CLI005405,telephone,may,thu,1,999,0,nonexistent,1.1,93.994,-36.4,4.86,5191.0,35,entrepreneur,married,basic.9y,No,No,
CLI005410,cellular,may,mon,2,999,0,nonexistent,-1.8,92.893,-46.2,1.244,5099.1,33,management,married,university.degree,No,Sí,No
CLI005412,telephone,jul,fri,2,999,0,nonexistent,1.4,93.918,-42.7,4.959,5228.1,34,technician,single,professional.course,Desconocido,Sí,No
CLI005429,cellular,jun,tue,1,999,0,nonexistent,-2.9,92.963,-40.8,1.262,5076.2,31,management,married,university.degree,No,Sí,No
CLI005437,cellular,apr,fri,1,999,0,nonexistent,-1.8,93.075,-47.1,1.405,5099.1,45,admin.,married,high.school,No,No,No
CLI005439,cellular,aug,thu,1,999,0,nonexistent,1.4,93.444,-36.1,4.968,5228.1,30,technician,single,university.degree,Desconocido,Sí,No
CLI005441,cellular,jul,tue,1,999,0,nonexistent,1.4,93.918,-42.7,4.961,5228.1,35,admin.,married,professional.course,No,No,No
CLI005446,cellular,jul,mon,1,999,0,nonexistent,1.4,93.918,-42.7,4.96,5228.1,35,technician,married,basic.9y,No,Sí,No
CLI005460,telephone,jun,wed,1,999,0,nonexistent,1.4,94.465,-41.8,4.864,5228.1,32,admin.,single,high.school,No,No,No
CLI005461,telephone,jun,thu,1,999,0,nonexistent,1.4,94.465,-41.8,4.961,5228.1,38,blue-collar,married,basic.4y,Desconocido,No,No
CLI005466,cellular,aug,tue,4,999,0,nonexistent,1.4,93.444,-36.1,4.968,5228.1,44,blue-collar,married,basic.6y,No,No,No
CLI005471,cellular,apr,fri,2,999,0,nonexistent,-1.8,93.075,-47.1,1.405,5099.1,38,services,married,high.school,No,No,No
CLI005499,cellular,oct,mon,1,999,0,nonexistent,-3.4,92.431,-26.9,0.739,5017.5,60,retired,married,basic.4y,No,Sí,No
CLI005500,cellular,nov,mon,1,999,0,nonexistent,-0.1,93.2,-42.0,4.191,5195.8,34,entrepreneur,married,basic.6y,Desconocido,Sí,No
CLI005509,cellular,may,fri,5,999,1,failure,-1.8,92.893,-46.2,1.25,5099.1,23,technician,single,high.school,No,Sí,No
CLI005513,cellular,jul,mon,3,999,0,nonexistent,1.4,93.918,-42.7,4.962,5228.1,45,admin.,married,high.school,Desconocido,Sí,No
CLI005518,telephone,may,mon,3,999,0,nonexistent,1.1,93.994,-36.4,4.857,5191.0,51,retired,married,professional.course,No,No,No
CLI005529,cellular,may,wed,3,999,1,failure,-1.8,92.893,-46.2,1.334,5099.1,34,blue-collar,married,basic.9y,No,Sí,No
CLI005540,cellular,apr,fri,2,999,0,nonexistent,-1.8,93.075,-47.1,1.405,5099.1,33,admin.,single,university.degree,No,Sí,No
CLI005546,cellular,apr,tue,4,999,1,failure,-1.8,93.075,-47.1,1.423,5099.1,45,blue-collar,married,basic.9y,Desconocido,Sí,No
CLI005559,telephone,may,thu,1,999,0,nonexistent,1.1,93.994,-36.4,4.855,5191.0,46,blue-collar,divorced,basic.6y,No,No,No
CLI005564,cellular,aug,tue,1,999,0,nonexistent,1.4,93.444,-36.1,4.963,5228.1,31,admin.,married,university.degree,No,No,No
CLI005567,cellular,aug,thu,7,999,0,nonexistent,1.4,93.444,-36.1,4.963,5228.1,42,technician,divorced,high.school,Desconocido,Sí,No
CLI005585,telephone,jun,thu,1,999,0,nonexistent,1.4,94.465,-41.8,4.866,5228.1,37,blue-collar,married,professional.course,No,Sí,No
CLI005586,cellular,aug,wed,3,999,0,nonexistent,1.4,93.444,-36.1,4.967,5228.1,37,admin.,married,university.degree,No,No,No
CLI005599,cellular,aug,fri,1,999,0,nonexistent,1.4,93.444,-36.1,4.966,5228.1,32,admin.,married,university.degree,Desconocido,No,No
CLI005604,cellular,jul,wed,2,999,0,nonexistent,1.4,93.918,-42.7,4.957,5228.1,28,blue-collar,single,basic.9y,Desconocido,No,Sí
CLI005606,cellular,nov,thu,2,999,1,failure,-0.1,93.2,-42.0,4.076,5195.8,45,services,divorced,high.school,No,No,No
CLI005608,cellular,jul,thu,2,999,0,nonexistent,-1.7,94.215,-40.3,0.846,4991.6,38,technician,married,professional.course,No,No,No
CLI005623,telephone,may,tue,2,999,0,nonexistent,1.1,93.994,-36.4,4.857,5191.0,42,services,married,high.school,No,Sí,No
CLI005625,cellular,jul,fri,1,999,0,nonexistent,1.4,93.918,-42.7,4.957,5228.1,31,technician,single,university.degree,No,No,No
CLI005642,telephone,jun,mon,3,999,0,nonexistent,1.4,94.465,-41.8,4.96,5228.1,34,admin.,married,university.degree,No,No,No
CLI005646,telephone,jun,thu,3,999,0,nonexistent,1.4,94.465,-41.8,4.961,5228.1,55,retired,divorced,professional.course,No,No,No
CLI005651,telephone,may,wed,6,999,0,nonexistent,1.1,93.994,-36.4,4.857,5191.0,45,services,married,high.school,Desconocido,Sí,No
CLI005652,cellular,jul,tue,4,999,0,nonexistent,1.4,93.918,-42.7,4.961,5228.1,32,housemaid,single,university.degree,Desconocido,Sí,No
CLI005655,cellular,jul,mon,1,999,0,nonexistent,1.4,93.918,-42.7,4.96,5228.1,36,services,divorced,university.degree,No,No,No
CLI005660,cellular,aug,mon,2,999,0,nonexistent,1.4,93.444,-36.1,4.97,5228.1,57,admin.,married,high.school,No,No,No
CLI005672,cellular,jul,mon,1,999,0,nonexistent,1.4,93.918,-42.7,4.96,5228.1,42,admin.,married,university.degree,No,Sí,No
CLI005681,cellular,jul,wed,1,999,0,nonexistent,1.4,93.918,-42.7,4.963,5228.1,34,self-employed,single,university.degree,No,No,No
CLI005700,telephone,jul,tue,1,999,0,nonexistent,-1.7,94.215,-40.3,0.893,4991.6,23,technician,single,professional.course,No,Sí,No
CLI005710,cellular,aug,thu,1,999,0,nonexistent,1.4,93.444,-36.1,4.963,5228.1,29,admin.,single,university.degree,No,Sí,Sí
CLI005715,cellular,aug,tue,1,999,0,nonexistent,1.4,93.444,-36.1,4.965,5228.1,48,housemaid,married,basic.9y,No,Sí,No
CLI005739,telephone,may,wed,1,999,0,nonexistent,1.1,93.994,-36.4,4.859,5191.0,44,admin.,married,university.degree,No,Sí,No
CLI005740,cellular,apr,mon,3,999,1,failure,-1.8,93.075,-47.1,1.405,5099.1,31,services,single,high.school,No,Sí,Sí
CLI005741,telephone,aug,mon,4,999,0,nonexistent,-2.9,92.201,-31.4,0.843,5076.2,69,housemaid,married,basic.4y,No,No,No
CLI005744,cellular,may,wed,5,999,0,nonexistent,-1.8,92.893,-46.2,1.281,5099.1,29,blue-collar,married,high.school,No,Sí,No
CLI005751,cellular,may,fri,2,999,0,nonexistent,-1.8,92.893,-46.2,1.259,5099.1,49,admin.,married,university.degree,No,Sí,No
CLI005757,telephone,may,fri,2,999,0,nonexistent,1.1,93.994,-36.4,4.855,5191.0,39,blue-collar,married,basic.9y,No,Sí,No
CLI005764,cellular,apr,fri,6,999,3,failure,-1.8,93.075,-47.1,1.4,5099.1,80,blue-collar,married,high.school,No,No,No
CLI005783,cellular,apr,wed,2,999,0,nonexistent,-1.8,93.075,-47.1,1.415,5099.1,41,entrepreneur,single,professional.course,No,Sí,No
CLI005788,telephone,jun,mon,1,999,0,nonexistent,1.4,94.465,-41.8,4.961,5228.1,25,technician,single,professional.course,No,Sí,No
CLI005802,telephone,may,fri,2,999,0,nonexistent,1.1,93.994,-36.4,4.859,5191.0,28,services,single,high.school,No,Sí,No
CLI005819,cellular,may,fri,4,999,0,nonexistent,-1.8,92.893,-46.2,1.313,5099.1,39,blue-collar,married,basic.9y,Desconocido,No,No
CLI005831,telephone,aug,mon,5,999,2,failure,-1.7,94.027,-38.3,0.904,4991.6,26,admin.,single,university.degree,No,No,No
CLI005834,telephone,jun,tue,6,999,0,nonexistent,1.4,94.465,-41.8,4.864,5228.1,36,blue-collar,single,basic.9y,Desconocido,No,No
CLI005839,cellular,nov,wed,2,999,0,nonexistent,-0.1,93.2,-42.0,4.12,5195.8,32,blue-collar,single,high.school,No,Desconocido,Desconocido
CLI005843,cellular,may,fri,1,999,0,nonexistent,-1.8,92.893,-46.2,1.313,5099.1,33,blue-collar,married,basic.9y,No,Sí,
CLI005858,cellular,apr,thu,1,999,0,nonexistent,-1.8,93.075,-47.1,1.365,5099.1,24,student,single,high.school,No,No,Sí
CLI005860,cellular,nov,mon,1,999,0,nonexistent,-0.1,93.2,-42.0,4.191,5195.8,45,admin.,married,high.school,No,No,No
CLI005877,cellular,jul,thu,2,999,0,nonexistent,1.4,93.918,-42.7,4.968,5228.1,38,services,married,,No,No,No
CLI005891,cellular,may,mon,1,999,0,nonexistent,-1.8,92.893,-46.2,1.244,5099.1,28,admin.,single,university.degree,No,No,No
CLI005892,cellular,nov,thu,3,999,0,nonexistent,-0.1,93.2,-42.0,4.076,5195.8,40,blue-collar,married,basic.4y,No,Sí,No
CLI005897,cellular,may,thu,1,999,0,nonexistent,-1.8,92.893,-46.2,1.266,5099.1,37,management,married,university.degree,No,,Sí
CLI005911,cellular,may,thu,3,999,1,failure,-1.8,92.893,-46.2,1.327,5099.1,33,services,married,basic.9y,No,No,No
CLI005914,telephone,jun,wed,4,999,0,nonexistent,1.4,94.465,-41.8,4.962,5228.1,33,services,married,basic.4y,No,Desconocido,Desconocido
CLI005936,cellular,nov,fri,2,999,0,nonexistent,-0.1,93.2,-42.0,4.021,5195.8,52,blue-collar,married,,No,No,No
CLI005940,cellular,nov,fri,1,999,0,nonexistent,-0.1,93.2,-42.0,4.021,5195.8,38,technician,single,professional.course,Desconocido,No,No
CLI005948,cellular,apr,mon,2,999,1,failure,-1.8,93.075,-47.1,1.405,5099.1,40,management,married,university.degree,No,Sí,No
CLI005952,telephone,jul,tue,1,999,0,nonexistent,1.4,93.918,-42.7,4.955,5228.1,58,management,married,university.degree,No,No,
CLI005953,cellular,nov,tue,4,999,0,nonexistent,-0.1,93.2,-42.0,4.153,5195.8,34,self-employed,single,high.school,No,Sí,No
CLI005960,cellular,may,fri,2,999,0,nonexistent,-1.8,92.893,-46.2,1.313,5099.1,52,services,married,high.school,No,No,Sí
CLI005964,telephone,may,mon,1,999,0,nonexistent,1.1,93.994,-36.4,4.857,5191.0,39,entrepreneur,married,university.degree,No,Sí,No
CLI005965,telephone,may,tue,2,999,0,nonexistent,1.1,93.994,-36.4,4.856,5191.0,50,admin.,married,basic.9y,No,Sí,Sí
CLI005975,cellular,apr,wed,2,999,0,nonexistent,-1.8,93.075,-47.1,1.415,5099.1,41,services,single,high.school,No,Sí,Sí
CLI005980,cellular,jul,wed,1,999,0,nonexistent,1.4,93.918,-42.7,4.957,5228.1,52,management,married,university.degree,Desconocido,No,No
CLI005982,cellular,jul,fri,2,999,0,nonexistent,1.4,93.918,-42.7,4.962,5228.1,45,technician,divorced,Desconocido,Desconocido,No,No
CLI005983,cellular,apr,wed,1,999,0,nonexistent,-1.8,93.075,-47.1,1.445,5099.1,35,admin.,married,high.school,No,Sí,No
CLI005988,cellular,apr,fri,1,999,1,failure,-1.8,93.075,-47.1,1.405,5099.1,31,unemployed,single,basic.9y,No,Sí,No
CLI005993,cellular,may,fri,3,999,0,nonexistent,-1.8,92.893,-46.2,1.25,5099.1,26,blue-collar,single,high.school,No,No,No
CLI005998,cellular,jul,tue,3,999,0,nonexistent,1.4,93.918,-42.7,4.962,5228.1,27,admin.,single,professional.course,No,Sí,Sí
CLI006000,cellular,jul,mon,6,999,0,nonexistent,-1.7,94.215,-40.3,0.827,4991.6,27,admin.,single,university.degree,Desconocido,No,No
CLI006004,telephone,nov,fri,3,999,0,nonexistent,-0.1,93.2,-42.0,4.021,5195.8,47,admin.,married,basic.9y,No,Sí,No
CLI006012,telephone,may,thu,4,999,0,nonexistent,1.1,93.994,-36.4,4.855,5191.0,49,unemployed,married,university.degree,No,Sí,Sí
CLI006015,telephone,may,fri,1,999,0,nonexistent,1.1,93.994,-36.4,4.859,5191.0,60,entrepreneur,married,basic.4y,No,No,No
CLI006025,telephone,may,tue,2,999,0,nonexistent,1.1,93.994,-36.4,4.856,5191.0,34,blue-collar,married,basic.4y,No,No,No
CLI006031,telephone,jun,fri,7,999,0,nonexistent,1.4,94.465,-41.8,4.959,5228.1,36,admin.,single,university.degree,No,No,No
CLI006040,cellular,jul,wed,1,999,0,nonexistent,-2.9,92.469,-33.6,1.029,5076.2,50,technician,married,professional.course,No,No,No
CLI006044,cellular,may,mon,7,2,1,success,-1.8,92.893,-46.2,1.244,5099.1,41,admin.,single,high.school,No,No,No
CLI006047,cellular,may,thu,8,999,0,nonexistent,-1.8,92.893,-46.2,1.266,5099.1,29,blue-collar,married,basic.9y,Desconocido,No,No
CLI006050,cellular,may,tue,1,999,1,failure,-1.8,92.893,-46.2,1.291,5099.1,29,blue-collar,single,basic.9y,No,Sí,No
CLI006054,telephone,may,fri,4,999,1,failure,-1.8,92.893,-46.2,1.25,5099.1,24,blue-collar,single,basic.9y,No,No,No
CLI006059,cellular,aug,wed,2,999,0,nonexistent,1.4,93.444,-36.1,4.965,5228.1,35,technician,single,professional.course,No,Sí,No
CLI006063,cellular,may,tue,1,999,1,failure,-1.8,92.893,-46.2,1.291,5099.1,43,admin.,single,university.degree,No,Sí,No
CLI006076,cellular,jul,thu,1,999,0,nonexistent,1.4,93.918,-42.7,4.968,5228.1,32,technician,single,,No,No,No
CLI006078,cellular,jun,mon,1,999,0,nonexistent,-2.9,92.963,-40.8,1.266,5076.2,24,student,single,university.degree,No,No,No
CLI006090,telephone,may,fri,1,999,0,nonexistent,1.1,93.994,-36.4,4.855,5191.0,50,management,single,university.degree,No,Sí,Sí
CLI006095,telephone,jun,mon,1,999,0,nonexistent,1.4,94.465,-41.8,4.961,5228.1,26,technician,married,basic.6y,No,No,No
CLI006100,cellular,apr,thu,1,999,0,nonexistent,-1.8,93.075,-47.1,1.483,5099.1,42,technician,divorced,professional.course,No,Sí,Sí
CLI006111,telephone,jun,mon,2,999,0,nonexistent,1.4,94.465,-41.8,4.96,5228.1,43,blue-collar,married,basic.9y,Desconocido,Sí,No
CLI006135,telephone,jun,fri,3,999,0,nonexistent,1.4,94.465,-41.8,4.959,5228.1,44,blue-collar,married,basic.4y,Desconocido,No,No
CLI006139,cellular,jul,wed,3,999,0,nonexistent,1.4,93.918,-42.7,4.963,5228.1,29,services,single,high.school,No,Sí,No
CLI006141,telephone,jun,wed,1,999,0,nonexistent,1.4,94.465,-41.8,4.864,5228.1,34,technician,divorced,basic.9y,No,No,No
CLI006142,cellular,jun,fri,1,999,0,nonexistent,-2.9,92.963,-40.8,1.268,5076.2,44,admin.,married,university.degree,No,Sí,No
CLI006161,cellular,nov,wed,5,999,1,failure,-0.1,93.2,-42.0,4.12,5195.8,49,management,divorced,university.degree,No,No,Sí
CLI006177,cellular,jul,fri,2,999,0,nonexistent,1.4,93.918,-42.7,4.962,5228.1,49,admin.,married,university.degree,No,No,No
CLI006200,cellular,aug,thu,12,999,0,nonexistent,1.4,93.444,-36.1,4.962,5228.1,30,technician,single,professional.course,No,Sí,No
CLI006210,cellular,may,tue,2,999,0,nonexistent,-1.8,92.893,-46.2,1.291,5099.1,34,services,married,high.school,Desconocido,No,No
CLI006225,cellular,jul,thu,1,999,0,nonexistent,1.4,93.918,-42.7,4.962,5228.1,42,management,married,high.school,No,No,No
CLI006229,telephone,may,wed,3,999,0,nonexistent,1.1,93.994,-36.4,4.857,5191.0,31,management,divorced,basic.6y,No,No,No
CLI006252,cellular,apr,wed,1,999,2,failure,-1.8,93.075,-47.1,1.405,5099.1,64,retired,married,basic.4y,No,Sí,No
CLI006253,cellular,may,mon,1,999,1,failure,-1.8,92.893,-46.2,1.299,5099.1,39,blue-collar,single,basic.9y,No,Sí,No
CLI006263,telephone,jun,mon,1,999,0,nonexistent,1.4,94.465,-41.8,4.961,5228.1,41,technician,single,university.degree,Desconocido,Sí,Sí
CLI006273,cellular,may,thu,4,999,1,failure,-1.8,92.893,-46.2,1.266,5099.1,24,admin.,married,high.school,No,Sí,No
CLI006281,telephone,jun,fri,3,999,0,nonexistent,1.4,94.465,-41.8,4.959,5228.1,33,services,married,high.school,Desconocido,Sí,No
CLI006282,cellular,nov,thu,2,999,0,nonexistent,-0.1,93.2,-42.0,4.076,5195.8,56,management,married,university.degree,No,Sí,No
CLI006302,cellular,may,mon,1,999,0,nonexistent,-1.8,92.893,-46.2,1.244,5099.1,21,blue-collar,single,,No,Sí,No
CLI006308,cellular,jul,tue,4,999,0,nonexistent,1.4,93.918,-42.7,4.961,5228.1,24,blue-collar,married,professional.course,No,No,No
CLI006309,cellular,may,tue,4,999,1,failure,-1.8,92.893,-46.2,1.344,5099.1,34,services,married,high.school,No,,No
CLI006311,cellular,jul,wed,1,999,0,nonexistent,1.4,93.918,-42.7,4.963,5228.1,46,admin.,married,university.degree,No,Sí,Sí
CLI006314,cellular,apr,thu,1,999,1,failure,-1.8,93.075,-47.1,1.365,5099.1,27,admin.,single,university.degree,No,Sí,No
CLI006316,cellular,may,fri,4,999,0,nonexistent,-1.8,92.893,-46.2,1.313,5099.1,40,blue-collar,married,basic.6y,Desconocido,Sí,No
CLI006342,telephone,jun,mon,25,999,0,nonexistent,1.4,94.465,-41.8,4.96,5228.1,44,blue-collar,married,basic.4y,No,Sí,No
CLI006351,cellular,nov,thu,2,3,2,success,-3.4,92.649,-30.1,0.714,5017.5,32,self-employed,married,university.degree,No,No,No
CLI006354,cellular,may,tue,8,999,0,nonexistent,-1.8,92.893,-46.2,1.291,5099.1,23,blue-collar,married,basic.6y,Desconocido,No,No
CLI006357,telephone,jun,thu,3,999,0,nonexistent,1.4,94.465,-41.8,4.866,5228.1,40,entrepreneur,married,university.degree,Desconocido,No,No
CLI006359,cellular,may,tue,1,999,0,nonexistent,-1.8,92.893,-46.2,1.291,5099.1,42,blue-collar,married,basic.4y,No,Sí,No
CLI006360,cellular,jul,mon,2,999,0,nonexistent,1.4,93.918,-42.7,4.96,5228.1,45,management,married,university.degree,Desconocido,No,No
CLI006369,cellular,aug,fri,2,999,0,nonexistent,1.4,93.444,-36.1,4.963,5228.1,39,technician,married,university.degree,Desconocido,Desconocido,Desconocido
CLI006373,cellular,may,fri,1,999,1,failure,-1.8,92.893,-46.2,1.25,5099.1,54,blue-collar,married,basic.4y,Desconocido,No,No
CLI006378,cellular,aug,thu,5,999,0,nonexistent,1.4,93.444,-36.1,4.968,5228.1,45,blue-collar,married,basic.9y,No,Sí,No
CLI006384,telephone,jun,fri,1,999,0,nonexistent,1.4,94.465,-41.8,4.967,5228.1,30,admin.,divorced,university.degree,Desconocido,Sí,No
CLI006395,telephone,may,fri,2,999,0,nonexistent,1.1,93.994,-36.4,4.864,5191.0,33,blue-collar,married,basic.4y,No,No,No
CLI006399,telephone,may,thu,1,999,0,nonexistent,1.1,93.994,-36.4,4.855,5191.0,25,technician,single,professional.course,No,No,No
CLI006400,cellular,nov,mon,2,999,0,nonexistent,-0.1,93.2,-42.0,4.191,5195.8,33,admin.,divorced,university.degree,No,Sí,No
CLI006402,telephone,may,tue,2,999,0,nonexistent,1.1,93.994,-36.4,4.857,5191.0,48,admin.,married,professional.course,No,Sí,No
CLI006409,cellular,may,wed,1,999,1,failure,-1.8,92.893,-46.2,1.334,5099.1,34,admin.,single,university.degree,No,Sí,No
CLI006414,telephone,may,wed,1,999,0,nonexistent,1.1,93.994,-36.4,4.857,5191.0,36,admin.,married,high.school,No,Sí,No
CLI006429,cellular,may,fri,1,999,1,failure,-1.8,92.893,-46.2,1.259,5099.1,38,services,married,,No,Sí,No
CLI006430,cellular,aug,mon,1,999,0,nonexistent,1.4,93.444,-36.1,4.97,5228.1,36,technician,divorced,professional.course,No,Sí,No
CLI006431,cellular,mar,mon,1,999,0,nonexistent,-1.8,92.843,-50.0,1.811,5099.1,28,technician,single,university.degree,No,Sí,Sí
CLI006440,cellular,may,mon,2,999,0,nonexistent,-1.8,92.893,-46.2,1.299,5099.1,34,technician,married,basic.9y,No,Sí,No
CLI006451,cellular,dec,mon,2,999,1,failure,-3.0,92.713,-33.0,0.706,5023.5,35,management,divorced,university.degree,No,No,No
CLI006467,cellular,aug,mon,2,999,0,nonexistent,1.4,93.444,-36.1,4.965,5228.1,56,admin.,married,Desconocido,No,Sí,No
CLI006477,cellular,apr,fri,2,999,0,nonexistent,-1.8,93.075,-47.1,1.405,5099.1,55,admin.,divorced,Desconocido,No,No,No
CLI006483,telephone,may,fri,1,999,0,nonexistent,1.1,93.994,-36.4,4.864,5191.0,41,admin.,married,professional.course,Desconocido,Sí,No
CLI006493,telephone,may,tue,2,999,0,nonexistent,1.1,93.994,-36.4,4.857,5191.0,40,blue-collar,married,basic.6y,Desconocido,No,No
CLI006497,telephone,may,wed,2,999,0,nonexistent,1.1,93.994,-36.4,4.857,5191.0,57,blue-collar,divorced,basic.9y,No,Sí,No
CLI006508,cellular,jul,wed,1,999,0,nonexistent,1.4,93.918,-42.7,4.963,5228.1,25,services,single,basic.9y,No,Sí,No
CLI006523,telephone,may,tue,1,999,0,nonexistent,1.1,93.994,-36.4,4.856,5191.0,32,Desconocido,Desconocido,university.degree,No,Sí,Sí
CLI006524,cellular,jul,fri,2,999,0,nonexistent,1.4,93.918,-42.7,4.962,5228.1,37,technician,married,basic.6y,Desconocido,No,No
CLI006527,cellular,aug,mon,2,999,0,nonexistent,-1.7,94.027,-38.3,0.896,4991.6,34,technician,single,basic.9y,No,No,No
CLI006528,telephone,jul,thu,1,999,0,nonexistent,1.4,93.918,-42.7,4.966,5228.1,36,retired,married,Desconocido,No,No,No
CLI006529,cellular,apr,thu,1,999,0,nonexistent,-1.8,93.075,-47.1,1.406,5099.1,29,student,single,high.school,No,No,No
CLI006531,cellular,aug,tue,9,999,0,nonexistent,1.4,93.444,-36.1,4.963,5228.1,33,admin.,single,university.degree,No,No,No
CLI006536,cellular,apr,mon,1,999,0,nonexistent,-1.8,93.075,-47.1,1.405,5099.1,34,blue-collar,married,basic.9y,No,No,Sí
CLI006542,cellular,may,mon,2,999,2,failure,-1.8,92.893,-46.2,1.299,5099.1,29,blue-collar,married,basic.9y,No,Sí,No
CLI006557,cellular,jul,mon,11,999,0,nonexistent,1.4,93.918,-42.7,4.96,5228.1,31,admin.,married,university.degree,No,No,Sí
CLI006559,telephone,may,wed,12,999,0,nonexistent,1.1,93.994,-36.4,4.858,5191.0,49,entrepreneur,married,high.school,Desconocido,No,No
CLI006573,cellular,may,wed,3,999,1,failure,-1.8,92.893,-46.2,1.281,5099.1,37,blue-collar,married,,No,No,No
CLI006579,telephone,may,tue,5,999,0,nonexistent,1.1,93.994,-36.4,4.857,5191.0,38,admin.,married,university.degree,No,Sí,No
CLI006580,telephone,may,mon,3,999,0,nonexistent,1.1,93.994,-36.4,4.857,5191.0,30,admin.,married,university.degree,Desconocido,Sí,No
CLI006594,cellular,jul,thu,3,999,0,nonexistent,-2.9,92.469,-33.6,0.927,5076.2,33,admin.,divorced,university.degree,No,No,Sí
CLI006598,cellular,jul,wed,1,999,0,nonexistent,1.4,93.918,-42.7,4.963,5228.1,43,admin.,married,university.degree,No,Sí,Sí
CLI006599,telephone,may,fri,1,999,0,nonexistent,1.1,93.994,-36.4,4.855,5191.0,36,technician,married,professional.course,No,No,No
CLI006605,cellular,aug,fri,4,999,0,nonexistent,1.4,93.444,-36.1,4.964,5228.1,36,technician,single,professional.course,No,No,Sí
CLI006606,telephone,oct,thu,2,6,1,success,-1.1,94.601,-49.5,1.025,4963.6,29,admin.,single,high.school,No,No,No
CLI006608,cellular,nov,wed,4,999,0,nonexistent,-0.1,93.2,-42.0,4.12,5195.8,46,blue-collar,married,basic.4y,No,Sí,No
CLI006619,telephone,sep,mon,1,999,0,nonexistent,-1.1,94.199,-37.5,0.876,4963.6,25,student,single,high.school,No,No,No
CLI006658,cellular,nov,thu,1,999,0,nonexistent,-0.1,93.2,-42.0,4.076,5195.8,34,management,married,university.degree,No,No,No
CLI006665,telephone,may,tue,1,999,0,nonexistent,1.1,93.994,-36.4,4.856,5191.0,35,admin.,married,university.degree,No,Sí,
CLI006666,cellular,aug,wed,1,999,0,nonexistent,1.4,93.444,-36.1,4.967,5228.1,38,admin.,single,high.school,No,No,No
CLI006675,telephone,jun,fri,13,999,0,nonexistent,1.4,94.465,-41.8,4.959,5228.1,52,management,married,Desconocido,Desconocido,Sí,No
CLI006680,telephone,may,fri,4,999,0,nonexistent,1.1,93.994,-36.4,4.855,5191.0,34,management,married,university.degree,No,Sí,No
CLI006689,telephone,jun,mon,1,999,0,nonexistent,1.4,94.465,-41.8,4.961,5228.1,36,technician,married,professional.course,No,No,No
CLI006690,cellular,nov,fri,2,999,1,failure,-0.1,93.2,-42.0,4.021,5195.8,40,admin.,married,university.degree,No,No,No
CLI006693,cellular,jul,tue,2,999,0,nonexistent,1.4,93.918,-42.7,4.961,5228.1,50,services,single,high.school,No,Sí,No
CLI006695,telephone,may,fri,2,999,0,nonexistent,1.1,93.994,-36.4,4.859,5191.0,35,technician,married,university.degree,No,Sí,No
CLI006705,telephone,may,wed,3,999,0,nonexistent,1.1,93.994,-36.4,4.858,5191.0,50,blue-collar,married,basic.4y,No,No,No
CLI006710,cellular,nov,thu,3,999,0,nonexistent,-3.4,92.649,-30.1,0.714,5017.5,67,retired,married,basic.4y,No,Sí,No
CLI006713,cellular,nov,thu,1,999,0,nonexistent,-0.1,93.2,-42.0,4.076,5195.8,30,services,married,basic.9y,No,Sí,No
CLI006722,cellular,aug,thu,2,999,0,nonexistent,1.4,93.444,-36.1,4.968,5228.1,44,unemployed,married,professional.course,Desconocido,No,No
CLI006732,cellular,aug,wed,1,999,0,nonexistent,1.4,93.444,-36.1,4.964,5228.1,44,technician,single,professional.course,No,Sí,No
CLI006734,telephone,may,mon,3,999,0,nonexistent,-1.8,92.893,-46.2,1.264,5099.1,28,technician,single,high.school,No,Sí,No
CLI006736,cellular,may,wed,1,999,1,failure,-1.8,92.893,-46.2,1.281,5099.1,36,blue-collar,married,basic.9y,No,Sí,Sí
CLI006748,cellular,nov,mon,2,999,1,failure,-3.4,92.649,-30.1,0.722,5017.5,34,admin.,single,high.school,No,Sí,No
CLI006770,telephone,jul,tue,1,999,0,nonexistent,1.4,93.918,-42.7,4.955,5228.1,37,admin.,married,high.school,No,No,No
CLI006782,telephone,may,wed,4,999,0,nonexistent,1.1,93.994,-36.4,4.857,5191.0,43,entrepreneur,married,university.degree,No,No,Sí
CLI006806,cellular,aug,mon,2,999,0,nonexistent,1.4,93.444,-36.1,4.965,5228.1,38,technician,divorced,high.school,No,No,No
CLI006809,cellular,may,mon,3,999,1,failure,-1.8,92.893,-46.2,1.354,5099.1,28,technician,single,high.school,No,Sí,No
CLI006815,cellular,jul,tue,3,999,0,nonexistent,1.4,93.918,-42.7,4.961,5228.1,35,blue-collar,single,basic.9y,No,No,Sí
CLI006817,telephone,may,tue,1,999,0,nonexistent,1.1,93.994,-36.4,4.857,5191.0,52,Desconocido,married,basic.4y,No,No,No
CLI006818,cellular,may,thu,1,999,0,nonexistent,-1.8,92.893,-46.2,1.327,5099.1,30,blue-collar,married,basic.4y,No,No,No
CLI006820,telephone,may,wed,2,999,0,nonexistent,1.1,93.994,-36.4,4.856,5191.0,33,management,single,Desconocido,No,Sí,No
CLI006826,cellular,may,wed,1,999,1,failure,-1.8,92.893,-46.2,1.281,5099.1,38,admin.,married,university.degree,No,Sí,No
CLI006828,cellular,may,thu,1,999,0,nonexistent,-1.8,92.893,-46.2,1.327,5099.1,32,admin.,married,university.degree,No,Sí,Sí
CLI006831,telephone,jun,tue,2,999,0,nonexistent,1.4,94.465,-41.8,4.961,5228.1,40,technician,married,basic.9y,Desconocido,Sí,No
CLI006846,cellular,may,thu,4,999,0,nonexistent,-1.8,92.893,-46.2,1.266,5099.1,38,blue-collar,married,basic.4y,Desconocido,No,No
CLI006850,cellular,sep,wed,2,999,1,failure,-3.4,92.379,-29.8,0.781,5017.5,29,admin.,single,university.degree,No,Sí,No
CLI006874,cellular,apr,fri,1,999,0,nonexistent,-1.8,93.075,-47.1,1.405,5099.1,35,services,married,high.school,No,Sí,No
CLI006887,cellular,jul,tue,1,999,1,failure,-1.7,94.215,-40.3,0.835,4991.6,22,services,single,professional.course,No,No,No
CLI006888,telephone,jun,mon,2,999,0,nonexistent,1.4,94.465,-41.8,4.961,5228.1,39,admin.,single,Desconocido,No,No,Sí
CLI006902,cellular,aug,thu,1,999,0,nonexistent,1.4,93.444,-36.1,4.968,5228.1,47,blue-collar,married,basic.4y,No,Sí,No
CLI006907,cellular,jul,thu,2,999,0,nonexistent,1.4,93.918,-42.7,4.958,5228.1,32,entrepreneur,married,basic.9y,No,Sí,No
CLI006946,cellular,jul,fri,4,999,0,nonexistent,1.4,93.918,-42.7,4.957,5228.1,30,blue-collar,married,basic.6y,Desconocido,Sí,No
CLI006977,cellular,aug,thu,1,999,0,nonexistent,1.4,93.444,-36.1,4.963,5228.1,35,technician,married,university.degree,Desconocido,No,No
CLI007000,cellular,may,wed,3,3,1,success,-1.8,92.893,-46.2,1.27,5099.1,56,technician,married,basic.4y,No,No,No
CLI007001,cellular,may,fri,3,999,0,nonexistent,-1.8,93.876,-40.0,0.699,5008.7,32,services,single,university.degree,No,No,Sí
CLI007009,cellular,jul,fri,2,999,0,nonexistent,1.4,93.918,-42.7,4.963,5228.1,33,admin.,single,university.degree,No,Sí,No
CLI007014,cellular,jul,mon,7,999,0,nonexistent,1.4,93.918,-42.7,4.962,5228.1,48,admin.,single,university.degree,No,Sí,Sí
CLI007020,cellular,apr,thu,1,999,2,failure,-1.8,93.075,-47.1,1.483,5099.1,41,blue-collar,married,basic.4y,Desconocido,Sí,Sí
CLI007023,telephone,may,thu,1,999,0,nonexistent,1.1,93.994,-36.4,4.86,5191.0,48,entrepreneur,divorced,basic.4y,No,No,No
CLI007032,cellular,aug,fri,1,999,0,nonexistent,1.4,93.444,-36.1,4.966,5228.1,37,technician,married,professional.course,No,No,No
CLI007035,telephone,may,tue,4,999,0,nonexistent,1.1,93.994,-36.4,4.856,5191.0,43,housemaid,married,basic.4y,Desconocido,No,No
CLI007041,cellular,apr,mon,2,999,0,nonexistent,-1.8,93.075,-47.1,1.405,5099.1,40,services,single,high.school,No,No,No
CLI007043,telephone,jun,fri,2,999,0,nonexistent,1.4,94.465,-41.8,4.967,5228.1,35,admin.,married,university.degree,No,No,No
CLI007050,cellular,nov,wed,3,999,1,failure,-0.1,93.2,-42.0,4.12,5195.8,30,services,married,professional.course,No,Sí,No
CLI007058,cellular,may,mon,4,999,0,nonexistent,-1.8,92.893,-46.2,1.244,5099.1,44,services,divorced,high.school,No,No,No
CLI007059,telephone,may,wed,2,999,0,nonexistent,1.1,93.994,-36.4,4.857,5191.0,35,services,married,high.school,No,No,No
CLI007068,cellular,mar,wed,1,999,0,nonexistent,-1.8,93.369,-34.8,0.634,5008.7,56,unemployed,divorced,basic.4y,No,No,No
CLI007089,telephone,may,wed,1,999,0,nonexistent,1.1,93.994,-36.4,4.857,5191.0,49,housemaid,married,basic.4y,Desconocido,No,No
CLI007091,telephone,jun,mon,3,999,0,nonexistent,1.4,94.465,-41.8,4.96,5228.1,52,technician,divorced,university.degree,No,No,No
CLI007093,cellular,aug,mon,2,999,0,nonexistent,1.4,93.444,-36.1,4.965,5228.1,32,admin.,single,university.degree,No,Sí,No
CLI007094,telephone,jul,mon,5,999,0,nonexistent,1.4,93.918,-42.7,4.962,5228.1,37,admin.,married,university.degree,No,No,No
CLI007101,cellular,jul,wed,1,999,0,nonexistent,1.4,93.918,-42.7,4.963,5228.1,35,admin.,married,high.school,No,No,No
CLI007127,telephone,may,mon,3,999,0,nonexistent,1.1,93.994,-36.4,4.857,5191.0,38,services,married,high.school,No,Sí,No
CLI007138,cellular,jul,fri,3,999,0,nonexistent,1.4,93.918,-42.7,4.957,5228.1,30,unemployed,divorced,high.school,No,No,No
CLI007140,cellular,aug,mon,1,999,0,nonexistent,1.4,93.444,-36.1,4.965,5228.1,31,admin.,married,university.degree,Desconocido,Sí,No
CLI007146,cellular,apr,wed,11,999,0,nonexistent,-1.8,93.075,-47.1,1.415,5099.1,66,retired,married,basic.4y,No,Sí,No
CLI007152,cellular,jul,mon,2,999,0,nonexistent,1.4,93.918,-42.7,4.96,5228.1,50,blue-collar,married,basic.4y,Desconocido,Sí,No
CLI007159,telephone,may,tue,1,999,0,nonexistent,1.1,93.994,-36.4,4.857,5191.0,57,blue-collar,married,basic.4y,Desconocido,No,No
CLI007161,telephone,may,fri,7,999,0,nonexistent,-1.8,92.893,-46.2,1.25,5099.1,29,blue-collar,married,basic.6y,No,Desconocido,Desconocido
CLI007162,telephone,may,wed,5,999,0,nonexistent,1.1,93.994,-36.4,4.859,5191.0,37,services,married,high.school,Desconocido,Sí,No
CLI007170,cellular,jul,mon,2,999,0,nonexistent,1.4,93.918,-42.7,4.96,5228.1,25,technician,single,professional.course,No,Sí,No
CLI007178,telephone,may,tue,2,999,0,nonexistent,1.1,93.994,-36.4,4.856,5191.0,31,unemployed,single,professional.course,No,No,No
CLI007181,telephone,may,thu,1,999,0,nonexistent,1.1,93.994,-36.4,4.855,5191.0,39,blue-collar,married,basic.6y,No,No,No
CLI007189,telephone,may,fri,1,999,0,nonexistent,1.1,93.994,-36.4,4.857,5191.0,46,admin.,single,university.degree,No,Sí,No
CLI007190,telephone,jun,tue,1,999,0,nonexistent,1.4,94.465,-41.8,4.864,5228.1,35,self-employed,married,basic.9y,No,No,Sí
CLI007196,telephone,may,tue,3,999,0,nonexistent,1.1,93.994,-36.4,4.857,5191.0,37,blue-collar,married,basic.9y,No,No,No
CLI007201,cellular,aug,tue,2,999,1,failure,-2.9,92.201,-31.4,0.884,5076.2,26,technician,single,university.degree,No,Sí,No
CLI007205,telephone,jun,thu,2,999,0,nonexistent,1.4,94.465,-41.8,4.958,5228.1,33,entrepreneur,married,university.degree,No,No,Sí
CLI007206,cellular,apr,fri,1,999,1,failure,-1.8,93.075,-47.1,1.405,5099.1,59,admin.,divorced,university.degree,No,Sí,No
CLI007212,cellular,nov,mon,4,999,0,nonexistent,-3.4,92.649,-30.1,0.722,5017.5,37,admin.,married,high.school,No,No,No
CLI007220,cellular,jul,thu,6,999,0,nonexistent,1.4,93.918,-42.7,4.958,5228.1,41,blue-collar,divorced,high.school,No,Sí,No
CLI007232,cellular,may,tue,2,999,1,failure,-1.8,92.893,-46.2,1.291,5099.1,41,technician,single,professional.course,No,Sí,No
CLI007235,telephone,may,thu,2,999,0,nonexistent,-1.8,92.893,-46.2,1.266,5099.1,45,entrepreneur,divorced,university.degree,No,Sí,Sí
CLI007241,cellular,nov,mon,2,999,0,nonexistent,-0.1,93.2,-42.0,4.191,5195.8,48,admin.,single,university.degree,No,Sí,No
CLI007247,cellular,may,mon,2,999,0,nonexistent,-1.8,92.893,-46.2,1.244,5099.1,40,admin.,single,high.school,No,Sí,Sí
CLI007248,cellular,aug,tue,3,999,0,nonexistent,1.4,93.444,-36.1,4.966,5228.1,46,blue-collar,married,basic.4y,Desconocido,Sí,No
CLI007256,cellular,may,fri,1,999,0,nonexistent,-1.8,92.893,-46.2,1.25,5099.1,56,services,married,high.school,Desconocido,Sí,No
CLI007266,telephone,may,fri,1,999,0,nonexistent,1.1,93.994,-36.4,4.864,5191.0,55,Desconocido,married,Desconocido,Desconocido,No,No
CLI007267,cellular,nov,wed,2,999,0,nonexistent,-0.1,93.2,-42.0,4.12,5195.8,36,admin.,single,university.degree,No,No,No
CLI007271,cellular,oct,wed,2,999,1,failure,-1.1,94.601,-49.5,1.043,4963.6,60,retired,married,professional.course,No,No,Sí
CLI007272,telephone,jun,fri,1,999,0,nonexistent,1.4,94.465,-41.8,4.959,5228.1,40,technician,married,basic.9y,No,Sí,No
CLI007273,telephone,jun,wed,1,999,0,nonexistent,1.4,94.465,-41.8,4.864,5228.1,28,blue-collar,single,high.school,No,Sí,Sí
CLI007277,cellular,aug,wed,4,999,0,nonexistent,1.4,93.444,-36.1,4.964,5228.1,54,admin.,married,professional.course,No,Sí,No
CLI007283,cellular,may,thu,7,999,0,nonexistent,-1.8,92.893,-46.2,1.327,5099.1,46,blue-collar,Desconocido,Desconocido,No,No,No
CLI007290,cellular,may,thu,3,999,1,failure,-1.8,92.893,-46.2,1.327,5099.1,28,services,married,basic.9y,Desconocido,Sí,Sí
CLI007291,telephone,may,fri,3,999,0,nonexistent,1.1,93.994,-36.4,4.855,5191.0,52,blue-collar,single,basic.9y,Desconocido,Sí,No
CLI007293,cellular,jun,wed,2,999,0,nonexistent,-2.9,92.963,-40.8,1.26,5076.2,30,admin.,single,university.degree,No,Sí,No
CLI007300,telephone,may,thu,5,999,0,nonexistent,1.1,93.994,-36.4,4.855,5191.0,41,blue-collar,married,basic.9y,No,No,Sí
CLI007302,cellular,may,fri,1,999,0,nonexistent,-1.8,92.893,-46.2,1.259,5099.1,81,retired,divorced,Desconocido,Desconocido,Sí,Sí
CLI007310,telephone,may,tue,2,999,0,nonexistent,1.1,93.994,-36.4,4.857,5191.0,36,services,married,high.school,No,Sí,No
CLI007311,cellular,apr,thu,2,999,1,failure,-1.8,93.749,-34.6,0.644,5008.7,59,retired,divorced,high.school,No,Sí,No
CLI007316,telephone,may,mon,2,999,0,nonexistent,1.1,93.994,-36.4,4.857,5191.0,36,technician,single,high.school,No,Sí,No
CLI007323,cellular,may,fri,2,999,1,failure,-1.8,92.893,-46.2,1.313,5099.1,57,management,married,high.school,No,Sí,No
CLI007332,cellular,may,fri,1,999,1,failure,-1.8,92.893,-46.2,1.313,5099.1,39,blue-collar,married,high.school,No,No,Sí
CLI007333,telephone,may,mon,2,999,0,nonexistent,1.1,93.994,-36.4,4.857,5191.0,32,services,married,high.school,No,Desconocido,Desconocido
CLI007341,telephone,may,thu,2,999,0,nonexistent,1.1,93.994,-36.4,4.855,5191.0,48,management,married,university.degree,Desconocido,Sí,No
CLI007345,telephone,nov,thu,1,999,0,nonexistent,-0.1,93.2,-42.0,4.245,5195.8,33,admin.,single,,No,No,No
CLI007356,cellular,nov,thu,1,999,0,nonexistent,-0.1,93.2,-42.0,4.076,5195.8,33,admin.,single,university.degree,No,Sí,No
CLI007378,cellular,jul,mon,2,999,0,nonexistent,1.4,93.918,-42.7,4.962,5228.1,27,technician,single,professional.course,No,No,No
CLI007380,cellular,nov,mon,2,999,0,nonexistent,-0.1,93.2,-42.0,4.191,5195.8,37,admin.,married,university.degree,No,Sí,No
CLI007383,cellular,apr,fri,2,999,0,nonexistent,-1.8,93.075,-47.1,1.405,5099.1,33,blue-collar,married,basic.4y,No,No,Sí
CLI007401,cellular,nov,tue,1,999,0,nonexistent,-0.1,93.2,-42.0,4.153,5195.8,50,technician,divorced,professional.course,No,No,No
CLI007408,cellular,may,thu,1,999,1,failure,-1.8,92.893,-46.2,1.327,5099.1,31,services,divorced,high.school,Desconocido,No,No
CLI007410,cellular,nov,wed,1,999,0,nonexistent,-0.1,93.2,-42.0,4.12,5195.8,37,blue-collar,married,basic.9y,No,Sí,No
CLI007411,cellular,apr,thu,2,999,0,nonexistent,-1.8,93.075,-47.1,1.365,5099.1,20,student,single,high.school,No,Sí,No
CLI007414,cellular,sep,thu,3,999,0,nonexistent,-1.1,94.199,-37.5,0.879,4963.6,29,admin.,married,high.school,No,Sí,No
CLI007422,telephone,may,wed,3,999,0,nonexistent,1.1,93.994,-36.4,4.859,5191.0,52,blue-collar,married,basic.4y,Desconocido,Sí,Sí
CLI007444,cellular,may,mon,2,999,0,nonexistent,-1.8,92.893,-46.2,1.299,5099.1,29,admin.,single,basic.9y,No,No,No
CLI007445,cellular,aug,thu,10,999,0,nonexistent,1.4,93.444,-36.1,4.962,5228.1,43,admin.,married,university.degree,No,Sí,No
CLI007469,telephone,apr,wed,2,999,0,nonexistent,-1.8,93.075,-47.1,1.415,5099.1,31,admin.,single,university.degree,No,No,No
CLI007472,telephone,may,wed,2,999,0,nonexistent,1.1,93.994,-36.4,4.856,5191.0,29,technician,married,,No,No,No
CLI007484,telephone,jun,mon,1,999,0,nonexistent,1.4,94.465,-41.8,4.865,5228.1,51,blue-collar,married,basic.4y,No,Sí,Sí
CLI007486,cellular,jul,tue,14,999,0,nonexistent,1.4,93.918,-42.7,4.961,5228.1,50,admin.,married,professional.course,No,No,No
CLI007488,cellular,sep,fri,1,1,3,success,-3.4,92.379,-29.8,0.773,5017.5,28,admin.,single,university.degree,No,Sí,No
CLI007523,cellular,apr,mon,5,999,0,nonexistent,-1.8,93.075,-47.1,1.405,5099.1,57,self-employed,married,basic.4y,No,Sí,No
CLI007529,cellular,jul,fri,2,999,0,nonexistent,-2.9,92.469,-33.6,1.059,5076.2,56,retired,married,high.school,No,Sí,
CLI007539,telephone,may,wed,1,999,0,nonexistent,1.1,93.994,-36.4,4.858,5191.0,43,admin.,married,university.degree,No,No,No
CLI007550,cellular,jun,tue,3,5,1,success,-1.7,94.055,-39.8,0.702,4991.6,29,admin.,married,university.degree,No,No,Sí
CLI007554,telephone,may,mon,6,999,0,nonexistent,1.1,93.994,-36.4,4.858,5191.0,35,Desconocido,single,basic.4y,Desconocido,Sí,Sí
CLI007563,cellular,may,fri,3,999,1,failure,-1.8,92.893,-46.2,1.313,5099.1,28,blue-collar,single,basic.9y,No,No,No
CLI007579,cellular,may,thu,3,999,0,nonexistent,-1.8,92.893,-46.2,1.266,5099.1,29,services,single,high.school,No,Sí,No
CLI007584,telephone,jun,wed,1,999,0,nonexistent,1.4,94.465,-41.8,4.958,5228.1,39,services,married,basic.6y,Desconocido,Sí,No
CLI007612,cellular,jul,tue,3,999,0,nonexistent,1.4,93.918,-42.7,4.962,5228.1,33,blue-collar,single,basic.9y,No,Sí,No
CLI007619,telephone,jun,fri,1,999,0,nonexistent,1.4,94.465,-41.8,4.959,5228.1,42,unemployed,married,high.school,Desconocido,No,No
CLI007637,cellular,jul,mon,4,999,0,nonexistent,1.4,93.918,-42.7,4.962,5228.1,47,blue-collar,married,professional.course,No,Sí,Sí
CLI007638,telephone,jul,mon,2,999,0,nonexistent,1.4,93.918,-42.7,4.962,5228.1,44,blue-collar,single,high.school,Desconocido,No,No
CLI007643,telephone,may,wed,1,999,0,nonexistent,1.1,93.994,-36.4,4.857,5191.0,37,blue-collar,single,high.school,No,No,No
CLI007648,cellular,nov,thu,2,999,0,nonexistent,-0.1,93.2,-42.0,4.076,5195.8,35,entrepreneur,married,high.school,No,Sí,No
CLI007649,cellular,aug,mon,1,999,0,nonexistent,1.4,93.444,-36.1,4.963,5228.1,41,technician,married,professional.course,No,Sí,No
CLI007652,cellular,sep,thu,1,999,0,nonexistent,-1.1,94.199,-37.5,0.879,4963.6,56,admin.,married,basic.9y,No,Sí,
CLI007657,telephone,apr,mon,8,999,0,nonexistent,-1.8,93.749,-34.6,0.645,5008.7,71,retired,married,basic.4y,No,No,No
CLI007671,telephone,may,tue,2,999,0,nonexistent,1.1,93.994,-36.4,4.857,5191.0,32,admin.,single,university.degree,No,No,No
CLI007680,cellular,may,tue,4,999,0,nonexistent,-1.8,92.893,-46.2,1.291,5099.1,27,blue-collar,single,high.school,No,No,No
CLI007685,cellular,may,mon,5,999,2,failure,-1.8,92.893,-46.2,1.299,5099.1,42,services,single,high.school,No,Sí,No
CLI007688,telephone,may,wed,1,999,0,nonexistent,1.1,93.994,-36.4,4.857,5191.0,58,Desconocido,married,basic.4y,No,Sí,No
CLI007700,cellular,nov,thu,1,999,0,nonexistent,-0.1,93.2,-42.0,4.076,5195.8,52,admin.,divorced,university.degree,No,Sí,No
CLI007705,telephone,may,fri,1,999,0,nonexistent,1.1,93.994,-36.4,4.857,5191.0,55,technician,married,university.degree,No,No,
CLI007706,cellular,apr,mon,1,999,0,nonexistent,-1.8,93.075,-47.1,1.405,5099.1,41,blue-collar,married,high.school,No,No,No
CLI007709,telephone,may,wed,6,999,0,nonexistent,1.1,93.994,-36.4,4.859,5191.0,42,admin.,married,basic.9y,No,Sí,No
CLI007719,cellular,apr,thu,1,999,0,nonexistent,-1.8,93.075,-47.1,1.365,5099.1,41,technician,divorced,professional.course,No,Desconocido,Desconocido
CLI007725,cellular,jul,thu,2,999,0,nonexistent,1.4,93.918,-42.7,4.962,5228.1,51,management,married,university.degree,Desconocido,No,No
CLI007735,cellular,may,wed,1,999,0,nonexistent,-1.8,92.893,-46.2,1.334,5099.1,28,admin.,single,university.degree,No,No,Sí
CLI007756,cellular,may,thu,3,999,0,nonexistent,-1.8,92.893,-46.2,1.266,5099.1,32,self-employed,single,professional.course,Desconocido,No,No
CLI007767,telephone,jun,wed,1,999,0,nonexistent,1.4,94.465,-41.8,4.962,5228.1,32,admin.,married,high.school,No,Sí,No
CLI007777,cellular,aug,wed,2,999,0,nonexistent,1.4,93.444,-36.1,4.964,5228.1,43,management,married,university.degree,No,No,No
CLI007784,telephone,may,thu,3,999,0,nonexistent,1.1,93.994,-36.4,4.855,5191.0,38,management,married,university.degree,Desconocido,No,No
CLI007796,cellular,aug,tue,1,999,0,nonexistent,1.4,93.444,-36.1,4.963,5228.1,35,admin.,single,university.degree,No,Sí,Sí
CLI007798,cellular,jul,tue,1,999,0,nonexistent,1.4,93.918,-42.7,4.962,5228.1,41,blue-collar,married,Desconocido,No,No,Sí
CLI007807,telephone,jun,wed,1,999,0,nonexistent,1.4,94.465,-41.8,4.959,5228.1,49,self-employed,married,professional.course,No,No,Sí
CLI007817,cellular,nov,wed,1,999,0,nonexistent,-0.1,93.2,-42.0,4.12,5195.8,48,admin.,single,university.degree,No,Sí,No
CLI007824,cellular,apr,wed,2,999,0,nonexistent,-1.8,93.075,-47.1,1.445,5099.1,46,services,married,high.school,No,Sí,No
CLI007837,cellular,jul,mon,3,999,0,nonexistent,1.4,93.918,-42.7,4.962,5228.1,43,admin.,married,high.school,No,No,No
CLI007843,telephone,jun,mon,1,999,0,nonexistent,1.4,94.465,-41.8,4.961,5228.1,46,entrepreneur,married,professional.course,Desconocido,No,No
CLI007845,cellular,nov,fri,1,999,0,nonexistent,-1.1,94.767,-50.8,1.028,4963.6,37,admin.,married,university.degree,No,Sí,No
CLI007857,cellular,sep,mon,5,6,3,success,-1.1,94.199,-37.5,0.879,4963.6,31,admin.,single,high.school,No,No,No
CLI007863,cellular,may,thu,2,999,1,failure,-1.8,92.893,-46.2,1.327,5099.1,35,services,single,high.school,No,No,Sí
CLI007880,telephone,jun,mon,1,999,0,nonexistent,1.4,94.465,-41.8,4.96,5228.1,45,management,married,Desconocido,Desconocido,No,Sí
CLI007890,cellular,aug,fri,2,999,0,nonexistent,1.4,93.444,-36.1,4.964,5228.1,42,admin.,single,university.degree,No,No,No
CLI007895,cellular,jul,wed,1,999,0,nonexistent,1.4,93.918,-42.7,4.957,5228.1,28,services,married,high.school,No,Sí,No
CLI007899,telephone,may,wed,1,999,0,nonexistent,1.1,93.994,-36.4,4.856,5191.0,55,blue-collar,married,basic.4y,No,Sí,Sí
CLI007903,telephone,may,tue,1,999,0,nonexistent,1.1,93.994,-36.4,4.856,5191.0,41,technician,married,,No,No,No
CLI007908,cellular,aug,thu,5,999,0,nonexistent,1.4,93.444,-36.1,4.962,5228.1,30,technician,married,professional.course,No,Sí,Sí
CLI007918,cellular,jun,fri,5,999,0,nonexistent,-2.9,92.963,-40.8,1.268,5076.2,25,self-employed,single,university.degree,No,Sí,No
CLI007921,cellular,aug,thu,2,999,1,failure,-2.9,92.201,-31.4,0.851,5076.2,40,admin.,divorced,high.school,No,Sí,No
CLI007922,telephone,may,wed,2,999,0,nonexistent,1.1,93.994,-36.4,4.856,5191.0,56,entrepreneur,married,university.degree,Desconocido,Sí,No
CLI007924,cellular,apr,mon,2,999,0,nonexistent,-1.8,93.075,-47.1,1.405,5099.1,45,blue-collar,married,basic.6y,No,Sí,No
CLI007925,cellular,aug,thu,1,999,0,nonexistent,1.4,93.444,-36.1,4.962,5228.1,35,technician,married,high.school,No,Sí,Sí
CLI007927,cellular,jun,mon,1,999,0,nonexistent,-2.9,92.963,-40.8,1.215,5076.2,32,technician,single,professional.course,No,No,No
CLI007969,telephone,may,thu,1,999,0,nonexistent,1.1,93.994,-36.4,4.86,5191.0,30,technician,divorced,professional.course,No,Sí,No
CLI007970,cellular,jul,thu,16,999,0,nonexistent,1.4,93.918,-42.7,4.968,5228.1,36,admin.,single,university.degree,No,No,No
CLI007973,telephone,may,thu,7,999,0,nonexistent,1.1,93.994,-36.4,4.855,5191.0,33,services,single,basic.6y,Desconocido,No,No
CLI007975,telephone,may,mon,6,999,0,nonexistent,1.1,93.994,-36.4,4.857,5191.0,48,unemployed,married,high.school,Desconocido,Sí,Sí
CLI007981,cellular,jul,tue,1,999,0,nonexistent,1.4,93.918,-42.7,4.961,5228.1,33,blue-collar,married,basic.6y,No,No,No
CLI007983,cellular,nov,tue,1,999,1,failure,-0.1,93.2,-42.0,4.153,5195.8,47,unemployed,married,high.school,No,Sí,No
CLI007985,telephone,may,mon,1,999,0,nonexistent,1.1,93.994,-36.4,4.857,5191.0,51,blue-collar,married,basic.9y,No,No,No
CLI007989,cellular,jul,fri,9,999,0,nonexistent,1.4,93.918,-42.7,4.962,5228.1,46,technician,married,professional.course,No,Sí,No
