id_cliente,edad,ocupacion,estado_civil,educacion,incumplimiento_credito,credito_vivienda,prestamo_personal
CLI000001,43,admin.,divorced,university.degree,No,No,Sí
CLI000002,38,admin.,divorced,basic.9y,No,No,No
CLI000003,44,blue-collar,married,basic.4y,No,Sí,No
CLI000004,49,admin.,divorced,professional.course,No,Sí,Sí
CLI000005,35,blue-collar,married,basic.9y,Desconocido,No,No
CLI000006,46,technician,married,high.school,No,No,No
CLI000007,38,admin.,married,high.school,No,No,No
CLI000008,47,technician,married,professional.course,No,No,No
CLI000009,28,Desconocido,single,basic.9y,Desconocido,Sí,No
CLI000010,32,blue-collar,divorced,basic.6y,Desconocido,Sí,No
CLI000011,30,admin.,married,high.school,No,Sí,No
CLI000012,26,blue-collar,single,basic.9y,No,Sí,Sí
CLI000013,45,technician,married,professional.course,No,Sí,No
CLI000014,28,services,single,high.school,No,No,No
CLI000015,42,retired,married,basic.9y,Desconocido,No,No
CLI000016,25,services,married,high.school,No,No,No
CLI000017,50,management,married,university.degree,No,Sí,No
CLI000018,41,blue-collar,married,basic.6y,No,Desconocido,Desconocido
CLI000019,29,management,married,basic.9y,No,Sí,No
CLI000020,48,blue-collar,married,basic.4y,Desconocido,Sí,Sí
CLI000021,37,unemployed,married,university.degree,No,Sí,No
CLI000022,50,blue-collar,married,Desconocido,No,Sí,No
CLI000023,57,technician,married,professional.course,No,Sí,No
CLI000024,49,management,divorced,university.degree,No,No,No
CLI000025,70,retired,divorced,high.school,No,Sí,No
CLI000026,36,admin.,single,high.school,No,Sí,No
CLI000027,25,entrepreneur,single,basic.9y,No,Sí,No
CLI000028,35,technician,married,university.degree,No,Sí,Sí
CLI000029,55,blue-collar,married,basic.4y,No,No,No
CLI000030,53,management,divorced,university.degree,No,Sí,Sí
CLI000031,33,technician,married,professional.course,No,Desconocido,Desconocido
CLI000032,41,housemaid,married,basic.4y,Desconocido,Sí,No
CLI000033,34,admin.,married,university.degree,No,No,No
CLI000034,30,management,married,basic.9y,No,Sí,No
CLI000035,43,housemaid,married,basic.4y,No,No,Sí
CLI000036,55,entrepreneur,married,professional.course,No,Sí,No
CLI000037,25,technician,married,university.degree,No,No,No
CLI000038,32,technician,single,professional.course,No,Sí,No
CLI000039,28,unemployed,married,professional.course,No,No,No
CLI000040,46,blue-collar,married,basic.9y,No,Sí,No
CLI000041,29,unemployed,divorced,high.school,No,No,No
CLI000042,40,admin.,married,university.degree,Desconocido,Sí,
CLI000043,48,services,married,basic.4y,Desconocido,No,Sí
CLI000044,53,admin.,single,high.school,No,Sí,No
CLI000045,23,admin.,single,high.school,No,No,No
CLI000046,24,admin.,married,university.degree,No,Sí,No
CLI000047,46,admin.,single,university.degree,No,No,Sí
CLI000048,50,unemployed,married,high.school,No,No,No
CLI000049,33,blue-collar,married,basic.9y,No,Sí,No
CLI000050,50,blue-collar,married,basic.6y,Desconocido,No,No
CLI000051,46,technician,married,professional.course,No,Sí,Sí
CLI000052,59,retired,married,basic.9y,Desconocido,,No
CLI000053,34,blue-collar,married,basic.9y,No,Sí,No
CLI000054,51,admin.,married,high.school,No,No,No
CLI000055,44,admin.,married,high.school,No,No,No
CLI000056,36,admin.,single,high.school,No,Sí,No
CLI000057,37,technician,divorced,high.school,No,,No
CLI000058,38,admin.,single,high.school,No,Sí,No
CLI000059,54,blue-collar,married,basic.4y,Desconocido,Sí,No
CLI000060,34,technician,married,professional.course,No,Sí,Sí
CLI000061,28,admin.,single,university.degree,No,No,No
CLI000062,33,admin.,single,university.degree,No,Sí,Sí
CLI000063,59,blue-collar,divorced,basic.4y,No,Sí,No
CLI000064,28,student,single,university.degree,Desconocido,Sí,No
CLI000065,59,Desconocido,married,Desconocido,No,Sí,No
CLI000066,42,blue-collar,married,Desconocido,Desconocido,Sí,Sí
CLI000067,39,blue-collar,married,basic.4y,Desconocido,No,Sí
CLI000068,43,technician,single,professional.course,No,No,No
CLI000069,35,admin.,single,university.degree,No,Sí,No
CLI000070,38,admin.,married,university.degree,No,No,No
CLI000071,25,blue-collar,single,basic.9y,No,Sí,No
CLI000072,29,blue-collar,single,high.school,No,Sí,No
CLI000073,28,self-employed,single,basic.9y,No,No,No
CLI000074,54,admin.,married,university.degree,Desconocido,No,Sí
CLI000075,37,technician,single,university.degree,No,No,No
CLI000076,23,services,single,high.school,No,No,No
CLI000077,39,admin.,married,university.degree,No,No,No
CLI000078,32,blue-collar,married,,No,Sí,No
CLI000079,43,services,married,high.school,Desconocido,No,No
CLI000080,45,services,married,high.school,Desconocido,No,No
CLI000081,34,services,married,high.school,No,No,No
CLI000082,35,services,married,basic.9y,No,No,No
CLI000083,25,blue-collar,single,high.school,No,No,No
CLI000084,36,blue-collar,married,basic.9y,No,No,No
CLI000085,30,services,single,basic.9y,No,Sí,No
CLI000086,41,blue-collar,married,basic.9y,No,Sí,No
CLI000087,38,admin.,married,basic.6y,No,No,No
CLI000088,51,blue-collar,married,basic.4y,Desconocido,Sí,No
CLI000089,20,student,single,high.school,No,No,No
CLI000090,26,admin.,married,university.degree,No,Sí,No
CLI000091,33,admin.,single,university.degree,No,No,No
CLI000092,59,technician,married,professional.course,No,Sí,No
CLI000093,22,technician,single,Desconocido,No,No,No
CLI000094,34,unemployed,married,high.school,No,No,No
CLI000095,45,blue-collar,married,basic.6y,Desconocido,Sí,No
CLI000096,51,housemaid,married,Desconocido,No,No,No
CLI000097,36,blue-collar,married,basic.6y,No,Sí,No
CLI000098,48,admin.,married,basic.9y,No,No,No
CLI000099,30,services,single,high.school,No,No,No
CLI000100,35,entrepreneur,married,university.degree,No,Sí,Sí
CLI000101,52,entrepreneur,single,university.degree,Desconocido,Sí,No
CLI000102,52,admin.,divorced,university.degree,Desconocido,Sí,Sí
CLI000103,40,entrepreneur,married,basic.9y,No,Sí,No
CLI000104,26,services,single,university.degree,No,Sí,No
CLI000105,35,technician,married,university.degree,No,No,No
CLI000106,42,admin.,married,high.school,No,No,No
CLI000107,40,blue-collar,married,basic.4y,Desconocido,Desconocido,Desconocido
CLI000108,50,services,divorced,basic.4y,Desconocido,Sí,Sí
CLI000109,56,management,married,basic.9y,No,Sí,Sí
CLI000110,25,admin.,married,high.school,No,No,No
CLI000111,48,technician,married,university.degree,No,,No
CLI000112,25,student,single,high.school,No,Sí,No
CLI000113,41,technician,divorced,basic.4y,No,Sí,No
CLI000114,52,services,divorced,high.school,Desconocido,Sí,Sí
CLI000115,39,blue-collar,married,basic.6y,Desconocido,Sí,No
CLI000116,37,admin.,single,high.school,No,Sí,No
CLI000117,53,self-employed,married,professional.course,No,Sí,No
CLI000118,33,self-employed,single,university.degree,No,No,No
CLI000119,50,admin.,married,high.school,No,Sí,No
CLI000120,28,blue-collar,single,basic.9y,Desconocido,No,No
CLI000121,32,technician,married,professional.course,No,Sí,No
CLI000122,27,technician,single,high.school,Desconocido,No,Sí
CLI000123,54,blue-collar,married,basic.9y,No,No,No
CLI000124,56,retired,married,basic.9y,Desconocido,Sí,No
CLI000125,51,admin.,divorced,university.degree,Desconocido,No,No
CLI000126,34,admin.,single,high.school,No,Desconocido,Desconocido
CLI000127,42,self-employed,divorced,university.degree,Desconocido,Sí,No
CLI000128,57,self-employed,married,university.degree,Desconocido,Sí,No
CLI000129,30,technician,single,professional.course,No,No,No
CLI000130,45,admin.,divorced,high.school,No,No,Sí
CLI000131,51,blue-collar,married,basic.9y,No,No,No
CLI000132,29,admin.,single,university.degree,No,No,No
CLI000133,27,blue-collar,married,basic.9y,No,Sí,No
CLI000134,53,entrepreneur,divorced,university.degree,No,Sí,No
CLI000135,34,admin.,single,high.school,No,No,Sí
CLI000136,39,management,married,university.degree,No,Sí,No
CLI000137,32,management,married,university.degree,No,Sí,No
CLI000138,30,admin.,married,university.degree,No,No,No
CLI000139,37,entrepreneur,married,basic.9y,No,Sí,No
CLI000140,33,management,married,basic.9y,Desconocido,No,No
CLI000141,40,admin.,divorced,university.degree,No,No,No
CLI000142,35,services,married,basic.6y,No,Sí,No
CLI000143,42,admin.,single,,No,No,No
CLI000144,36,blue-collar,married,basic.6y,No,No,No
CLI000145,42,retired,married,basic.4y,No,No,No
CLI000146,29,technician,single,university.degree,No,Sí,No
CLI000147,45,services,married,basic.6y,No,Sí,No
CLI000148,22,unemployed,single,high.school,No,No,No
CLI000149,33,admin.,single,high.school,No,No,No
CLI000150,30,admin.,single,university.degree,No,No,No
CLI000151,50,self-employed,married,professional.course,No,Sí,No
CLI000152,29,blue-collar,single,basic.9y,No,,No
CLI000153,45,management,married,basic.9y,No,Sí,No
CLI000154,28,services,single,high.school,No,No,Sí
CLI000155,44,technician,divorced,professional.course,No,No,No
CLI000156,51,blue-collar,divorced,Desconocido,Desconocido,No,No
CLI000157,39,admin.,married,university.degree,No,No,No
CLI000158,55,retired,married,basic.4y,Desconocido,No,No
CLI000159,41,blue-collar,married,basic.9y,No,No,No
CLI000160,40,blue-collar,married,basic.9y,No,No,Sí
CLI000161,37,admin.,married,university.degree,No,Sí,Sí
CLI000162,54,blue-collar,divorced,basic.4y,No,No,No
CLI000163,25,blue-collar,single,professional.course,No,Sí,No
CLI000164,40,admin.,married,university.degree,No,Sí,No
CLI000165,39,blue-collar,divorced,high.school,No,Sí,Sí
CLI000166,44,services,married,high.school,No,No,No
CLI000167,39,technician,single,professional.course,No,No,No
CLI000168,34,admin.,married,basic.9y,No,Desconocido,Desconocido
CLI000169,36,technician,divorced,professional.course,No,Sí,No
CLI000170,48,management,single,university.degree,No,Sí,
CLI000171,38,services,married,high.school,No,No,No
CLI000172,48,admin.,married,high.school,No,No,No
CLI000173,51,blue-collar,married,basic.4y,No,Desconocido,Desconocido
CLI000174,48,services,divorced,high.school,Desconocido,Sí,Sí
CLI000175,33,self-employed,single,basic.4y,No,,No
CLI000176,31,blue-collar,married,professional.course,Desconocido,Sí,No
CLI000177,36,admin.,single,high.school,No,Sí,No
CLI000178,55,admin.,married,basic.9y,Desconocido,,Sí
CLI000179,29,technician,single,high.school,No,Sí,No
CLI000180,35,blue-collar,married,basic.6y,No,Sí,No
CLI000181,47,technician,divorced,high.school,No,Sí,No
CLI000182,41,services,married,professional.course,No,No,Sí
CLI000183,30,entrepreneur,single,university.degree,No,Sí,No
CLI000184,32,housemaid,single,basic.4y,No,No,No
CLI000185,39,management,married,university.degree,No,Sí,No
CLI000186,31,admin.,single,high.school,No,Sí,No
CLI000187,44,blue-collar,married,professional.course,No,Sí,Sí
CLI000188,26,student,single,high.school,No,No,No
CLI000189,36,entrepreneur,divorced,university.degree,No,Sí,No
CLI000190,32,blue-collar,single,basic.6y,No,Sí,No
CLI000191,46,admin.,married,high.school,No,No,No
CLI000192,38,entrepreneur,single,basic.4y,No,Sí,Sí
CLI000193,37,self-employed,married,professional.course,No,Sí,Sí
CLI000194,28,management,single,basic.9y,No,Sí,No
CLI000195,32,admin.,single,university.degree,No,Desconocido,Desconocido
CLI000196,37,admin.,married,high.school,Desconocido,No,No
CLI000197,42,management,divorced,Desconocido,No,Sí,No
CLI000198,41,blue-collar,single,basic.6y,Desconocido,Sí,No
CLI000199,58,blue-collar,married,,No,No,No
CLI000200,54,blue-collar,married,basic.9y,No,No,
CLI000201,33,admin.,single,university.degree,No,Sí,No
CLI000202,54,housemaid,married,basic.4y,No,Sí,No
CLI000203,41,housemaid,married,basic.6y,No,No,No
CLI000204,47,technician,married,professional.course,No,Sí,No
CLI000205,34,housemaid,divorced,university.degree,No,Desconocido,Desconocido
CLI000206,52,housemaid,married,basic.4y,Desconocido,No,No
CLI000207,27,admin.,single,basic.6y,No,Sí,No
CLI000208,37,admin.,married,university.degree,Desconocido,Sí,No
CLI000209,41,entrepreneur,married,university.degree,Desconocido,Sí,No
CLI000210,34,technician,divorced,professional.course,No,No,No
CLI000211,42,blue-collar,single,basic.9y,Desconocido,No,No
CLI000212,38,services,married,high.school,No,No,No
CLI000213,49,entrepreneur,married,high.school,No,No,No
CLI000214,42,admin.,married,university.degree,No,No,No
CLI000215,30,admin.,married,university.degree,No,No,No
CLI000216,33,services,single,high.school,No,Sí,No
CLI000217,34,technician,divorced,professional.course,No,No,No
CLI000218,35,blue-collar,divorced,basic.9y,No,No,Sí
CLI000219,30,admin.,single,university.degree,No,Sí,No
CLI000220,31,technician,married,professional.course,No,No,No
CLI000221,61,retired,married,high.school,No,No,No
CLI000222,54,blue-collar,married,basic.4y,No,No,Sí
CLI000223,70,retired,married,basic.4y,No,Sí,No
CLI000224,37,management,married,university.degree,No,No,Sí
CLI000225,38,management,divorced,high.school,No,Sí,No
CLI000226,36,admin.,single,university.degree,No,No,Sí
CLI000227,36,admin.,divorced,university.degree,No,No,No
CLI000228,35,blue-collar,single,university.degree,No,Sí,Sí
CLI000229,40,technician,married,professional.course,No,No,No
CLI000230,34,services,single,high.school,No,Sí,No
CLI000231,36,technician,married,university.degree,No,Sí,No
CLI000232,53,Desconocido,married,Desconocido,Desconocido,No,No
CLI000233,49,unemployed,divorced,professional.course,No,No,No
CLI000234,27,admin.,single,professional.course,No,Sí,No
CLI000235,54,management,divorced,university.degree,No,Sí,Sí
CLI000236,36,admin.,married,high.school,No,Sí,Sí
CLI000237,56,admin.,divorced,high.school,No,,No
CLI000238,39,blue-collar,single,basic.9y,No,No,No
CLI000239,46,management,married,university.degree,No,Sí,No
CLI000240,24,student,single,professional.course,No,No,Sí
CLI000241,37,technician,single,university.degree,No,Sí,No
CLI000242,60,retired,married,high.school,Desconocido,Sí,No
CLI000243,29,services,married,high.school,No,No,No
CLI000244,39,admin.,married,university.degree,No,No,No
CLI000245,24,services,single,high.school,No,No,No
CLI000246,28,management,married,university.degree,No,Sí,Sí
CLI000247,35,technician,married,professional.course,Desconocido,Sí,No
CLI000248,58,self-employed,married,basic.9y,No,No,No
CLI000249,40,self-employed,married,high.school,Desconocido,Sí,No
CLI000250,56,Desconocido,married,Desconocido,Desconocido,Sí,No
CLI000251,46,admin.,married,high.school,No,Sí,No
CLI000252,46,technician,married,professional.course,No,No,No
CLI000253,57,technician,married,,Desconocido,No,No
CLI000254,38,blue-collar,married,basic.6y,No,No,No
CLI000255,34,blue-collar,married,basic.9y,No,No,Sí
CLI000256,32,technician,single,university.degree,No,No,Sí
CLI000257,52,blue-collar,married,basic.9y,No,No,No
CLI000258,30,entrepreneur,single,university.degree,No,Sí,No
CLI000259,45,technician,divorced,basic.9y,No,No,No
CLI000260,31,unemployed,married,university.degree,No,No,No
CLI000261,48,technician,married,professional.course,Desconocido,No,Sí
CLI000262,55,technician,married,professional.course,No,Sí,Sí
CLI000263,48,admin.,married,university.degree,No,No,No
CLI000264,27,services,single,high.school,No,No,No
CLI000265,41,self-employed,married,basic.9y,Desconocido,No,No
CLI000266,30,technician,married,basic.6y,No,,No
CLI000267,37,management,married,university.degree,No,Sí,No
CLI000268,46,admin.,single,university.degree,No,No,No
CLI000269,32,technician,single,university.degree,No,Sí,No
CLI000270,47,admin.,single,high.school,No,No,No
CLI000271,43,retired,married,basic.4y,Desconocido,Sí,No
CLI000272,35,technician,single,high.school,No,Sí,No
CLI000273,60,retired,married,university.degree,Desconocido,Sí,No
CLI000274,42,admin.,married,high.school,No,No,No
CLI000275,57,admin.,single,university.degree,Desconocido,Sí,No
CLI000276,44,blue-collar,single,high.school,No,Sí,Sí
CLI000277,38,management,married,university.degree,No,No,No
CLI000278,33,admin.,single,high.school,No,Sí,No
CLI000279,36,blue-collar,married,basic.9y,No,Sí,No
CLI000280,28,student,single,basic.9y,Desconocido,Sí,No
CLI000281,43,admin.,married,university.degree,No,No,No
CLI000282,51,management,married,university.degree,No,Sí,No
CLI000283,33,services,married,university.degree,Desconocido,Sí,No
CLI000284,30,blue-collar,single,basic.9y,No,Sí,No
CLI000285,52,blue-collar,married,basic.4y,Desconocido,,No
CLI000286,29,self-employed,married,professional.course,No,No,No
CLI000287,33,admin.,single,university.degree,No,Sí,No
CLI000288,38,technician,single,professional.course,Desconocido,Sí,No
CLI000290,53,admin.,single,university.degree,No,Sí,No
CLI000291,43,services,married,high.school,Desconocido,Desconocido,Desconocido
CLI000292,57,admin.,divorced,high.school,Desconocido,Sí,No
CLI000293,24,services,married,high.school,No,No,No
CLI000294,51,management,married,,No,No,No
CLI000295,30,blue-collar,single,basic.9y,No,No,No
CLI000296,46,services,married,high.school,No,No,No
CLI000297,33,admin.,married,university.degree,No,Desconocido,Desconocido
CLI000298,57,blue-collar,married,basic.4y,Desconocido,Sí,No
CLI000299,33,blue-collar,married,basic.4y,No,Sí,No
CLI000300,31,blue-collar,married,basic.6y,No,Sí,Sí
CLI000301,37,services,married,high.school,No,Sí,No
CLI000302,35,technician,single,university.degree,No,Sí,No
CLI000303,32,admin.,single,university.degree,No,Sí,Sí
CLI000304,32,blue-collar,married,high.school,No,Sí,No
CLI000305,35,blue-collar,single,basic.9y,No,Sí,No
CLI000306,56,blue-collar,married,basic.9y,Desconocido,Sí,No
CLI000307,35,admin.,married,university.degree,No,Sí,No
CLI000308,43,retired,married,basic.4y,Desconocido,No,No
CLI000309,33,admin.,married,university.degree,No,Sí,No
CLI000310,32,admin.,single,professional.course,No,Sí,Sí
CLI000311,47,blue-collar,divorced,basic.4y,No,Sí,No
CLI000312,42,services,married,high.school,No,Sí,No
CLI000313,31,technician,married,professional.course,No,Sí,No
CLI000314,31,admin.,single,high.school,No,Sí,No
CLI000315,26,admin.,single,high.school,No,Sí,No
CLI000316,32,student,married,high.school,No,Sí,No
CLI000317,51,admin.,married,high.school,No,Sí,No
CLI000318,36,blue-collar,single,basic.9y,No,Sí,No
CLI000319,38,technician,married,university.degree,No,No,No
CLI000320,42,services,married,professional.course,No,Sí,No
CLI000321,56,blue-collar,married,Desconocido,Desconocido,Sí,Sí
CLI000322,26,blue-collar,married,basic.4y,No,Sí,Sí
CLI000323,33,admin.,married,university.degree,Desconocido,Sí,Sí
CLI000324,42,blue-collar,married,basic.4y,Desconocido,,No
CLI000325,33,services,married,high.school,No,Sí,No
CLI000326,34,services,married,basic.4y,No,Sí,No
CLI000327,25,blue-collar,single,basic.4y,No,Sí,Sí
CLI000328,59,retired,married,professional.course,Desconocido,No,No
CLI000329,43,admin.,married,high.school,No,No,No
CLI000330,32,technician,single,professional.course,No,No,No
CLI000331,50,admin.,married,university.degree,No,Sí,No
CLI000332,45,management,married,high.school,Desconocido,No,
CLI000333,48,services,divorced,high.school,No,Sí,No
CLI000334,32,self-employed,single,professional.course,No,Desconocido,Desconocido
CLI000335,28,blue-collar,single,basic.4y,No,No,No
CLI000336,37,technician,single,professional.course,Desconocido,No,No
CLI000337,57,admin.,single,high.school,No,No,No
CLI000338,39,blue-collar,married,basic.9y,Desconocido,No,Sí
CLI000339,46,entrepreneur,married,basic.4y,No,Sí,No
CLI000340,59,management,married,basic.6y,Desconocido,Sí,No
CLI000341,48,blue-collar,married,basic.4y,No,No,Sí
CLI000342,37,blue-collar,married,basic.4y,No,Sí,No
CLI000343,49,blue-collar,married,high.school,Desconocido,Sí,No
CLI000344,33,admin.,single,university.degree,No,Sí,Sí
CLI000345,31,services,single,high.school,Desconocido,Sí,No
CLI000346,48,admin.,married,university.degree,Desconocido,Sí,No
CLI000347,31,technician,single,high.school,No,No,No
CLI000348,46,admin.,married,high.school,Desconocido,No,No
CLI000349,43,technician,single,professional.course,Desconocido,Sí,No
CLI000350,58,blue-collar,married,basic.4y,Desconocido,Sí,No
CLI000351,35,self-employed,married,basic.4y,Desconocido,No,No
CLI000352,33,blue-collar,married,basic.6y,Desconocido,No,No
CLI000353,34,services,single,high.school,No,Sí,Sí
CLI000354,41,technician,married,professional.course,No,,No
CLI000355,36,technician,married,university.degree,No,Sí,
CLI000356,57,admin.,married,high.school,No,No,No
CLI000357,46,blue-collar,married,basic.6y,No,Sí,No
CLI000358,46,technician,divorced,professional.course,No,Sí,No
CLI000359,38,technician,single,university.degree,No,No,No
CLI000360,35,services,married,high.school,No,Sí,No
CLI000361,28,admin.,single,university.degree,No,Sí,No
CLI000362,45,technician,married,professional.course,No,No,No
CLI000363,47,technician,married,professional.course,No,No,No
CLI000364,41,blue-collar,married,basic.9y,Desconocido,No,No
CLI000365,30,admin.,single,university.degree,Desconocido,No,No
CLI000366,21,admin.,single,high.school,No,No,Sí
CLI000367,30,unemployed,single,high.school,No,Sí,No
CLI000368,43,management,married,basic.6y,Desconocido,Sí,No
CLI000369,49,admin.,divorced,high.school,No,Sí,No
CLI000370,34,blue-collar,married,basic.9y,No,Sí,No
CLI000371,35,blue-collar,married,basic.6y,No,No,No
CLI000372,28,services,married,high.school,No,Sí,No
CLI000373,32,admin.,married,high.school,No,Sí,No
CLI000374,46,technician,divorced,professional.course,No,Sí,No
CLI000375,47,blue-collar,married,basic.4y,No,Sí,No
CLI000376,26,blue-collar,married,basic.6y,No,No,No
CLI000377,23,student,single,high.school,No,No,No
CLI000378,46,technician,divorced,university.degree,No,Sí,No
CLI000379,53,technician,married,university.degree,No,Sí,No
CLI000380,44,management,married,university.degree,Desconocido,No,No
CLI000381,29,admin.,single,high.school,No,No,No
CLI000382,59,retired,married,university.degree,No,Sí,No
CLI000383,55,retired,married,basic.4y,No,No,No
CLI000384,76,retired,married,university.degree,No,Sí,No
CLI000385,42,blue-collar,single,basic.9y,No,No,No
CLI000386,59,blue-collar,married,basic.4y,Desconocido,No,No
CLI000387,61,self-employed,divorced,high.school,No,No,No
CLI000388,32,admin.,single,university.degree,No,Desconocido,Desconocido
CLI000389,34,technician,married,professional.course,No,Sí,No
CLI000390,30,admin.,single,high.school,No,No,No
CLI000391,50,blue-collar,married,basic.4y,Desconocido,Sí,No
CLI000392,49,management,married,university.degree,No,Sí,No
CLI000393,25,admin.,married,high.school,No,No,No
CLI000394,23,admin.,single,high.school,No,No,No
CLI000395,31,technician,divorced,high.school,No,No,No
CLI000396,27,admin.,single,high.school,No,Sí,No
CLI000397,42,blue-collar,married,basic.9y,Desconocido,Sí,No
CLI000398,32,technician,married,university.degree,No,No,No
CLI000399,33,admin.,single,basic.9y,No,No,No
CLI000400,36,admin.,married,high.school,No,Sí,No
CLI000401,51,admin.,single,high.school,No,Sí,No
CLI000402,39,technician,single,university.degree,No,Sí,No
CLI000403,37,admin.,married,university.degree,No,No,No
CLI000404,60,entrepreneur,married,basic.4y,No,No,Sí
CLI000405,29,admin.,divorced,university.degree,No,Sí,No
CLI000406,31,blue-collar,married,basic.4y,No,No,No
CLI000407,45,blue-collar,single,university.degree,No,Sí,No
CLI000408,35,technician,married,high.school,Desconocido,No,Sí
CLI000409,31,technician,married,university.degree,No,Sí,Sí
CLI000410,33,admin.,married,university.degree,No,Sí,No
CLI000411,40,technician,married,professional.course,Desconocido,Sí,Sí
CLI000412,39,blue-collar,single,basic.4y,Desconocido,No,No
CLI000413,29,technician,married,professional.course,No,Sí,No
CLI000414,27,self-employed,married,university.degree,No,No,No
CLI000415,43,blue-collar,married,basic.9y,No,No,No
CLI000416,56,services,married,high.school,No,Sí,Sí
CLI000417,33,admin.,single,university.degree,No,Sí,No
CLI000418,31,housemaid,married,professional.course,No,Sí,No
CLI000419,40,blue-collar,single,basic.6y,Desconocido,No,Sí
CLI000420,37,blue-collar,divorced,basic.9y,Desconocido,Sí,No
CLI000421,38,unemployed,single,high.school,No,Sí,No
CLI000422,39,blue-collar,married,Desconocido,Desconocido,Sí,No
CLI000423,29,blue-collar,single,Desconocido,No,Sí,No
CLI000424,58,retired,divorced,university.degree,No,Sí,No
CLI000425,45,blue-collar,married,basic.6y,No,Sí,No
CLI000426,58,technician,divorced,university.degree,Desconocido,Sí,No
CLI000427,31,services,married,high.school,No,No,No
CLI000428,49,Desconocido,married,basic.6y,No,No,No
CLI000429,37,blue-collar,married,basic.9y,No,Sí,No
CLI000430,48,technician,married,professional.course,No,Sí,Sí
CLI000431,29,admin.,married,university.degree,No,Sí,No
CLI000432,41,unemployed,married,university.degree,No,No,No
CLI000433,35,blue-collar,married,basic.9y,Desconocido,Sí,No
CLI000434,56,Desconocido,single,basic.9y,No,No,Sí
CLI000435,57,admin.,divorced,high.school,No,No,No
CLI000436,33,blue-collar,married,high.school,No,No,No
CLI000437,58,entrepreneur,married,basic.4y,No,No,No
CLI000438,49,technician,divorced,Desconocido,No,Sí,Sí
CLI000439,49,technician,married,professional.course,Desconocido,Sí,No
CLI000440,34,technician,single,professional.course,No,No,No
CLI000441,34,blue-collar,married,basic.6y,No,No,No
CLI000442,27,services,married,basic.6y,No,No,No
CLI000443,41,blue-collar,married,basic.9y,Desconocido,No,No
CLI000444,48,technician,married,high.school,No,No,No
CLI000445,31,admin.,married,university.degree,No,No,No
CLI000446,40,technician,married,high.school,No,No,No
CLI000447,42,management,married,high.school,No,No,No
CLI000448,27,management,single,,No,Sí,No
CLI000449,57,admin.,married,university.degree,No,Sí,Sí
CLI000450,55,management,married,university.degree,No,Sí,No
CLI000451,23,admin.,single,professional.course,No,No,No
CLI000452,42,admin.,married,basic.6y,No,No,No
CLI000453,36,technician,married,basic.9y,Desconocido,No,No
CLI000454,33,technician,single,basic.9y,No,No,No
CLI000455,35,admin.,married,university.degree,No,No,No
CLI000456,26,technician,single,professional.course,No,Sí,No
CLI000457,55,retired,married,basic.4y,No,No,No
CLI000458,41,management,married,university.degree,No,Sí,Sí
CLI000459,38,admin.,single,high.school,No,Sí,No
CLI000460,38,admin.,married,university.degree,No,Sí,No
CLI000461,38,management,married,university.degree,No,Sí,No
CLI000462,26,admin.,single,university.degree,Desconocido,No,No
CLI000463,45,entrepreneur,married,high.school,No,Sí,No
CLI000464,38,entrepreneur,married,basic.6y,No,Desconocido,Desconocido
CLI000465,32,unemployed,married,professional.course,No,Sí,No
CLI000466,27,admin.,single,university.degree,No,No,No
CLI000467,54,technician,divorced,professional.course,No,Sí,No
CLI000468,54,admin.,single,university.degree,No,Sí,No
CLI000469,37,self-employed,single,university.degree,No,Sí,No
CLI000470,57,technician,single,professional.course,No,Sí,No
CLI000471,49,technician,married,high.school,No,Sí,No
CLI000472,58,retired,married,professional.course,Desconocido,No,No
CLI000473,38,admin.,single,university.degree,Desconocido,Sí,Sí
CLI000474,39,housemaid,divorced,basic.9y,No,Sí,No
CLI000475,40,technician,married,professional.course,No,No,No
CLI000476,36,blue-collar,married,basic.6y,No,Sí,No
CLI000477,33,admin.,married,high.school,No,Sí,Sí
CLI000478,34,management,married,university.degree,Desconocido,No,No
CLI000479,47,technician,married,Desconocido,Desconocido,Sí,No
CLI000480,37,self-employed,divorced,basic.9y,No,Sí,No
CLI000481,47,Desconocido,married,Desconocido,No,No,No
CLI000482,21,student,single,Desconocido,No,No,No
CLI000483,35,admin.,single,high.school,No,No,
CLI000484,43,admin.,married,high.school,No,No,Sí
CLI000485,37,blue-collar,married,basic.6y,No,Sí,No
CLI000486,37,admin.,single,university.degree,No,No,Sí
CLI000487,44,admin.,divorced,university.degree,No,Sí,No
CLI000488,35,technician,married,basic.9y,No,No,No
CLI000489,36,entrepreneur,married,university.degree,Desconocido,Desconocido,Desconocido
CLI000490,31,blue-collar,divorced,basic.6y,No,Sí,No
CLI000491,35,student,single,university.degree,No,Sí,No
CLI000492,41,services,divorced,basic.9y,No,No,No
CLI000493,31,blue-collar,single,basic.9y,Desconocido,Sí,No
CLI000494,25,technician,single,university.degree,No,Sí,Sí
CLI000495,34,blue-collar,married,basic.6y,No,No,No
CLI000496,50,blue-collar,married,basic.4y,Desconocido,Sí,No
CLI000497,31,services,married,high.school,No,No,No
CLI000498,47,blue-collar,married,Desconocido,Desconocido,Sí,No
CLI000499,50,admin.,married,professional.course,No,Sí,Sí
CLI000500,26,services,single,basic.9y,No,No,No
CLI000501,51,unemployed,married,basic.9y,No,No,No
CLI000502,53,Desconocido,married,basic.4y,Desconocido,No,No
CLI000503,37,technician,married,professional.course,No,Sí,No
CLI000504,49,technician,married,professional.course,Desconocido,Sí,No
CLI000505,56,entrepreneur,married,Desconocido,Desconocido,Sí,No
CLI000506,60,retired,married,basic.4y,No,Sí,No
CLI000507,39,management,married,,No,Sí,Sí
CLI000508,29,admin.,single,high.school,No,Sí,No
CLI000509,50,management,divorced,high.school,Desconocido,No,No
CLI000510,57,admin.,married,university.degree,No,No,Sí
CLI000511,44,technician,married,professional.course,No,No,No
CLI000512,29,blue-collar,married,basic.9y,No,No,No
CLI000513,35,technician,married,university.degree,No,Sí,No
CLI000514,55,entrepreneur,married,professional.course,No,,No
CLI000515,45,technician,divorced,Desconocido,Desconocido,No,No
CLI000516,28,entrepreneur,married,university.degree,No,No,No
CLI000517,48,admin.,single,high.school,No,No,No
CLI000518,29,housemaid,single,high.school,No,Sí,No
CLI000519,41,admin.,single,university.degree,No,No,No
CLI000520,39,services,married,high.school,No,Sí,No
CLI000521,47,blue-collar,divorced,basic.4y,No,No,No
CLI000522,33,blue-collar,single,basic.9y,No,No,No
CLI000523,38,services,married,high.school,No,Sí,No
CLI000524,50,technician,married,high.school,No,Sí,No
CLI000525,34,blue-collar,married,basic.9y,No,No,No
CLI000526,29,admin.,divorced,basic.9y,No,Sí,No
CLI000527,30,admin.,married,university.degree,No,Sí,No
CLI000528,44,admin.,married,university.degree,No,Sí,Sí
CLI000529,52,management,married,university.degree,Desconocido,Sí,Sí
CLI000530,33,blue-collar,single,basic.4y,No,Sí,No
CLI000531,35,services,single,basic.9y,No,Sí,No
CLI000532,34,blue-collar,married,basic.9y,No,Sí,No
CLI000533,45,blue-collar,married,basic.9y,No,No,No
CLI000534,30,technician,single,university.degree,No,Sí,No
CLI000535,26,admin.,single,basic.9y,Desconocido,Sí,
CLI000536,48,blue-collar,married,basic.4y,No,No,No
CLI000537,34,services,married,university.degree,No,Sí,Sí
CLI000538,50,admin.,divorced,university.degree,No,Sí,No
CLI000539,46,blue-collar,married,basic.9y,No,Sí,No
CLI000540,29,admin.,single,university.degree,No,Sí,No
CLI000541,39,technician,married,professional.course,No,No,No
CLI000542,34,blue-collar,single,basic.6y,No,No,No
CLI000543,45,entrepreneur,married,Desconocido,No,No,No
CLI000544,34,admin.,married,basic.9y,No,No,No
CLI000545,47,blue-collar,married,basic.4y,Desconocido,Sí,No
CLI000546,31,admin.,married,high.school,No,No,No
CLI000547,38,technician,single,professional.course,No,No,No
CLI000548,31,services,married,high.school,Desconocido,No,No
CLI000549,35,admin.,single,university.degree,No,No,No
CLI000550,27,entrepreneur,married,university.degree,No,No,Sí
CLI000551,30,services,single,high.school,No,No,No
CLI000552,60,retired,married,university.degree,Desconocido,Sí,Sí
CLI000553,48,admin.,married,university.degree,No,Sí,No
CLI000554,51,blue-collar,married,high.school,No,No,No
CLI000555,42,admin.,married,high.school,No,Sí,No
CLI000556,49,blue-collar,married,basic.4y,No,No,No
CLI000557,43,management,married,university.degree,No,Sí,No
CLI000558,32,blue-collar,single,basic.9y,No,Sí,No
CLI000559,35,admin.,single,high.school,No,Sí,No
CLI000560,43,admin.,married,university.degree,No,Sí,No
CLI000561,53,retired,married,basic.9y,Desconocido,No,No
CLI000562,57,management,married,basic.4y,Desconocido,No,Sí
CLI000563,49,blue-collar,married,basic.9y,No,Sí,No
CLI000564,34,technician,divorced,professional.course,No,No,No
CLI000565,62,technician,married,Desconocido,No,Sí,No
CLI000566,36,admin.,divorced,high.school,No,Sí,No
CLI000567,28,blue-collar,married,basic.6y,Desconocido,Sí,No
CLI000568,41,unemployed,married,university.degree,Desconocido,No,No
CLI000569,41,technician,divorced,professional.course,No,No,No
CLI000570,25,blue-collar,married,high.school,No,No,Sí
CLI000571,49,technician,married,university.degree,No,Sí,Sí
CLI000572,32,services,married,high.school,No,Sí,No
CLI000573,47,blue-collar,single,Desconocido,Desconocido,Sí,No
CLI000574,34,blue-collar,single,high.school,No,No,No
CLI000575,30,entrepreneur,married,professional.course,No,No,No
CLI000576,30,services,married,high.school,No,Sí,No
CLI000577,28,admin.,single,university.degree,No,Sí,No
CLI000578,37,admin.,single,university.degree,No,No,No
CLI000579,55,technician,married,Desconocido,No,No,No
CLI000580,33,services,single,,Desconocido,Sí,No
CLI000581,54,technician,divorced,university.degree,No,Sí,No
CLI000582,28,services,married,high.school,No,Sí,No
CLI000583,35,blue-collar,married,basic.9y,No,Sí,No
CLI000584,31,blue-collar,single,high.school,No,Sí,No
CLI000585,33,management,married,university.degree,No,No,No
CLI000586,34,housemaid,single,university.degree,No,No,No
CLI000587,49,services,divorced,high.school,No,No,No
CLI000588,81,retired,divorced,basic.4y,No,Sí,No
CLI000589,40,technician,married,professional.course,Desconocido,No,No
CLI000590,51,blue-collar,married,basic.9y,No,No,No
CLI000591,34,admin.,married,high.school,Desconocido,No,No
CLI000592,40,self-employed,single,university.degree,No,Sí,No
CLI000593,64,management,married,high.school,No,Sí,No
CLI000594,27,admin.,single,university.degree,No,No,No
CLI000595,43,admin.,married,high.school,No,Sí,No
CLI000596,41,blue-collar,single,basic.9y,No,No,No
CLI000597,46,admin.,married,basic.9y,No,No,No
CLI000598,49,admin.,divorced,university.degree,No,Sí,No
CLI000599,26,housemaid,married,basic.4y,No,No,No
CLI000600,40,entrepreneur,divorced,university.degree,No,Sí,No
CLI000601,58,admin.,divorced,university.degree,No,No,No
CLI000602,26,services,married,high.school,No,Sí,Sí
CLI000603,30,admin.,single,high.school,No,Desconocido,Desconocido
CLI000604,41,blue-collar,single,high.school,No,Sí,No
CLI000605,26,blue-collar,single,high.school,No,No,No
CLI000606,33,self-employed,single,high.school,No,,No
CLI000607,37,management,divorced,university.degree,No,No,No
CLI000608,57,management,divorced,university.degree,Desconocido,No,No
CLI000609,40,blue-collar,married,basic.9y,Desconocido,No,No
CLI000610,37,admin.,married,high.school,No,No,Sí
CLI000611,34,admin.,single,university.degree,Desconocido,No,Sí
CLI000612,42,services,married,high.school,No,Sí,Sí
CLI000613,69,retired,married,high.school,No,No,No
CLI000614,49,housemaid,divorced,,No,Sí,No
CLI000615,49,blue-collar,married,basic.9y,Desconocido,Sí,No
CLI000616,36,blue-collar,married,high.school,No,No,No
CLI000617,37,services,married,high.school,No,No,No
CLI000618,51,entrepreneur,married,basic.4y,Desconocido,No,No
CLI000619,42,admin.,married,university.degree,No,Sí,No
CLI000620,29,student,single,high.school,No,Sí,No
CLI000621,30,management,married,university.degree,No,No,No
CLI000622,33,technician,single,university.degree,No,No,No
CLI000623,50,self-employed,married,basic.4y,Desconocido,Sí,No
CLI000624,40,blue-collar,married,basic.6y,Desconocido,No,No
CLI000625,42,self-employed,married,Desconocido,No,Sí,No
CLI000626,56,housemaid,married,basic.9y,Desconocido,No,No
CLI000627,36,admin.,single,university.degree,No,Sí,Sí
CLI000628,35,technician,married,university.degree,No,Sí,No
CLI000629,28,student,single,high.school,No,Desconocido,Desconocido
CLI000630,31,admin.,married,university.degree,No,Sí,No
CLI000631,60,admin.,married,high.school,No,Sí,No
CLI000632,42,management,single,university.degree,No,No,No
CLI000633,53,entrepreneur,married,university.degree,Desconocido,Sí,No
CLI000634,41,blue-collar,single,basic.4y,No,Desconocido,Desconocido
CLI000635,38,admin.,married,basic.6y,No,Sí,No
CLI000636,38,technician,single,Desconocido,No,Sí,No
CLI000637,29,technician,single,professional.course,No,Sí,No
CLI000638,30,admin.,single,university.degree,No,Sí,No
CLI000639,33,blue-collar,married,professional.course,No,Sí,No
CLI000640,33,admin.,married,university.degree,No,Sí,No
CLI000641,40,self-employed,married,university.degree,No,No,No
CLI000642,24,student,single,professional.course,No,Sí,No
CLI000643,32,technician,single,professional.course,No,No,No
CLI000644,33,admin.,married,university.degree,No,No,
CLI000645,31,admin.,single,university.degree,No,No,No
CLI000646,39,admin.,married,university.degree,No,No,
CLI000647,32,technician,single,,No,Sí,No
CLI000648,41,blue-collar,married,basic.4y,Desconocido,No,Sí
CLI000649,38,services,married,high.school,No,No,No
CLI000650,24,technician,single,professional.course,No,Sí,No
CLI000651,36,blue-collar,married,basic.9y,No,No,No
CLI000652,57,entrepreneur,married,university.degree,No,Sí,No
CLI000653,27,admin.,single,high.school,Desconocido,No,No
CLI000654,28,student,married,university.degree,No,No,Sí
CLI000655,33,admin.,single,high.school,No,Sí,No
CLI000656,38,admin.,divorced,university.degree,No,Sí,
CLI000657,34,admin.,married,high.school,No,Sí,No
CLI000658,48,blue-collar,married,basic.4y,Desconocido,No,Sí
CLI000659,26,admin.,married,high.school,No,No,Sí
CLI000660,42,housemaid,married,high.school,Desconocido,Sí,No
CLI000661,33,admin.,single,university.degree,Desconocido,Desconocido,Desconocido
CLI000662,25,services,single,basic.9y,No,Sí,No
CLI000663,55,services,married,high.school,Desconocido,Sí,No
CLI000664,59,technician,married,basic.6y,Desconocido,No,No
CLI000665,37,services,single,high.school,No,No,No
CLI000666,59,admin.,married,basic.4y,Desconocido,Sí,No
CLI000667,29,management,married,university.degree,No,No,No
CLI000668,51,blue-collar,married,basic.9y,Desconocido,No,No
CLI000669,58,retired,married,high.school,Desconocido,No,No
CLI000670,24,technician,single,high.school,No,Sí,No
CLI000671,24,student,single,,No,Sí,Sí
CLI000672,33,admin.,single,university.degree,No,,No
CLI000673,40,management,divorced,university.degree,No,Sí,No
CLI000674,30,admin.,divorced,university.degree,No,No,No
CLI000675,32,admin.,single,university.degree,No,Sí,No
CLI000676,56,blue-collar,married,Desconocido,No,No,No
CLI000677,54,housemaid,married,basic.4y,Desconocido,,No
CLI000678,43,admin.,married,high.school,No,Sí,No
CLI000679,38,blue-collar,married,basic.4y,No,Sí,No
CLI000680,43,unemployed,married,university.degree,Desconocido,No,No
CLI000681,58,blue-collar,married,basic.9y,No,Sí,No
CLI000682,36,admin.,single,university.degree,Desconocido,Sí,Sí
CLI000683,29,management,single,university.degree,No,No,No
CLI000684,30,technician,married,university.degree,Desconocido,Sí,No
CLI000685,34,services,divorced,high.school,No,Sí,Sí
CLI000686,35,services,married,basic.9y,Desconocido,Sí,No
CLI000687,24,student,single,high.school,No,No,No
CLI000688,55,blue-collar,married,basic.4y,No,No,No
CLI000689,45,unemployed,married,basic.9y,No,No,No
CLI000690,31,services,single,professional.course,No,No,No
CLI000691,55,admin.,married,university.degree,Desconocido,No,Sí
CLI000692,51,blue-collar,married,basic.9y,No,Sí,No
CLI000693,45,blue-collar,married,basic.4y,Desconocido,,No
CLI000694,30,management,divorced,,No,Sí,No
CLI000695,33,technician,single,high.school,No,Desconocido,Desconocido
CLI000696,39,unemployed,married,,No,No,No
CLI000697,41,technician,divorced,professional.course,No,No,No
CLI000698,38,technician,married,professional.course,No,Sí,No
CLI000699,67,retired,married,university.degree,No,Sí,No
CLI000700,39,technician,married,high.school,No,No,No
CLI000701,50,technician,married,professional.course,No,No,No
CLI000702,39,technician,single,professional.course,Desconocido,No,No
CLI000703,42,blue-collar,married,basic.6y,No,Sí,No
CLI000704,34,management,married,university.degree,No,Sí,Sí
CLI000705,35,technician,married,professional.course,No,No,Sí
CLI000706,31,admin.,married,university.degree,No,No,No
CLI000707,44,blue-collar,single,basic.9y,No,Sí,No
CLI000708,23,blue-collar,married,basic.4y,No,No,No
CLI000709,42,blue-collar,married,basic.6y,Desconocido,No,Sí
CLI000710,50,services,single,,No,No,No
CLI000711,38,unemployed,married,basic.4y,Desconocido,No,No
CLI000712,32,technician,single,professional.course,No,No,No
CLI000713,58,retired,married,basic.4y,No,Sí,No
CLI000714,36,admin.,married,university.degree,No,No,No
CLI000715,42,admin.,married,Desconocido,No,No,No
CLI000716,39,technician,single,high.school,Desconocido,Sí,No
CLI000717,27,services,single,university.degree,No,,No
CLI000718,31,self-employed,married,university.degree,No,No,No
CLI000719,29,admin.,married,basic.9y,No,Sí,No
CLI000720,43,management,married,university.degree,Desconocido,Sí,No
CLI000721,34,admin.,single,high.school,No,No,No
CLI000722,47,technician,married,university.degree,No,Sí,No
CLI000723,42,unemployed,married,high.school,Desconocido,Sí,No
CLI000724,35,self-employed,divorced,basic.9y,No,No,Sí
CLI000725,36,admin.,married,university.degree,No,Sí,No
CLI000726,76,retired,married,professional.course,Desconocido,Sí,No
CLI000727,29,admin.,married,high.school,No,No,No
CLI000728,60,unemployed,married,high.school,No,Sí,No
CLI000729,60,technician,married,basic.4y,No,Sí,No
CLI000730,51,blue-collar,married,basic.6y,No,Sí,No
CLI000731,40,blue-collar,single,high.school,No,Sí,No
CLI000732,33,technician,single,high.school,No,Sí,No
CLI000733,54,retired,married,basic.4y,Desconocido,Sí,No
CLI000734,45,unemployed,married,basic.6y,Desconocido,No,No
CLI000735,49,admin.,divorced,university.degree,No,No,No
CLI000736,47,technician,married,,Desconocido,Sí,No
CLI000737,57,blue-collar,married,high.school,No,Sí,Sí
CLI000738,42,unemployed,married,high.school,Desconocido,No,No
CLI000739,31,admin.,married,basic.9y,Desconocido,Sí,No
CLI000740,41,technician,married,Desconocido,No,,No
CLI000741,57,technician,married,professional.course,Desconocido,No,No
CLI000742,42,blue-collar,single,basic.6y,Desconocido,No,No
CLI000743,27,blue-collar,married,basic.6y,No,Sí,No
CLI000744,34,admin.,married,basic.6y,No,Sí,No
CLI000745,33,admin.,married,high.school,No,Sí,No
CLI000746,51,entrepreneur,married,,No,No,No
CLI000747,32,admin.,single,professional.course,No,Sí,No
CLI000748,49,blue-collar,married,basic.9y,Desconocido,Sí,No
CLI000749,63,technician,married,professional.course,No,No,No
CLI000750,44,admin.,married,university.degree,No,Sí,Sí
CLI000751,33,technician,single,professional.course,No,No,No
CLI000752,43,technician,married,basic.9y,Desconocido,Sí,No
CLI000753,37,services,divorced,high.school,No,Desconocido,Desconocido
CLI000754,34,admin.,married,high.school,Desconocido,Sí,No
CLI000755,48,unemployed,single,basic.4y,No,Sí,No
CLI000756,41,technician,married,professional.course,No,Sí,No
CLI000757,32,blue-collar,married,basic.6y,Desconocido,Sí,No
CLI000758,45,admin.,married,high.school,No,No,No
CLI000759,37,admin.,married,high.school,Desconocido,Sí,No
CLI000760,41,services,married,high.school,No,Sí,No
CLI000761,36,services,single,high.school,No,Sí,No
CLI000763,54,blue-collar,single,basic.4y,Desconocido,Sí,No
CLI000764,32,blue-collar,single,high.school,No,Sí,No
CLI000765,29,admin.,single,university.degree,No,No,No
CLI000766,35,technician,single,professional.course,No,Sí,No
CLI000767,35,admin.,divorced,university.degree,No,Sí,No
CLI000768,31,student,single,university.degree,No,No,No
CLI000769,30,entrepreneur,single,university.degree,No,Sí,Sí
CLI000770,36,blue-collar,married,basic.9y,Desconocido,No,No
CLI000771,48,technician,married,professional.course,No,No,No
CLI000772,35,admin.,divorced,university.degree,No,Sí,No
CLI000773,36,blue-collar,married,basic.9y,No,Sí,Sí
CLI000774,48,admin.,single,high.school,No,Sí,No
CLI000775,52,technician,divorced,university.degree,No,No,No
CLI000776,29,technician,single,university.degree,No,Sí,No
CLI000777,55,technician,single,professional.course,No,No,No
CLI000778,81,retired,married,basic.6y,No,No,No
CLI000779,36,admin.,married,high.school,No,No,No
CLI000780,37,blue-collar,married,professional.course,No,No,No
CLI000781,28,management,single,Desconocido,No,Sí,No
CLI000782,24,services,single,high.school,No,No,No
CLI000783,25,student,single,professional.course,No,Sí,No
CLI000784,44,blue-collar,married,basic.4y,No,Sí,No
CLI000785,45,technician,divorced,professional.course,No,No,No
CLI000786,32,admin.,single,university.degree,No,No,No
CLI000787,26,technician,single,professional.course,No,Desconocido,Desconocido
CLI000788,35,blue-collar,married,high.school,No,Sí,No
CLI000789,28,admin.,divorced,university.degree,No,Sí,No
CLI000790,24,technician,single,university.degree,No,Sí,No
CLI000791,44,blue-collar,married,Desconocido,No,No,Sí
CLI000792,43,admin.,single,university.degree,No,No,Sí
CLI000793,54,admin.,married,university.degree,Desconocido,No,No
CLI000794,65,retired,married,university.degree,No,No,No
CLI000795,52,Desconocido,married,professional.course,Desconocido,Sí,No
CLI000796,33,self-employed,married,university.degree,No,No,No
CLI000797,34,admin.,single,university.degree,No,No,No
CLI000798,40,admin.,single,high.school,No,Sí,No
CLI000799,33,unemployed,married,basic.9y,No,No,No
CLI000800,31,unemployed,married,university.degree,No,Sí,No
CLI000801,54,admin.,married,university.degree,No,Sí,No
CLI000802,58,technician,divorced,basic.9y,No,No,No
CLI000803,53,technician,single,professional.course,No,Sí,No
CLI000804,43,services,divorced,high.school,No,No,No
CLI000805,32,admin.,married,university.degree,No,Sí,
CLI000806,58,entrepreneur,married,university.degree,Desconocido,No,No
CLI000807,27,blue-collar,married,basic.9y,Desconocido,No,No
CLI000808,29,admin.,single,high.school,No,Sí,Sí
CLI000809,52,admin.,married,basic.4y,No,Sí,No
CLI000810,38,technician,married,professional.course,No,Sí,Sí
CLI000811,41,blue-collar,married,basic.6y,Desconocido,Sí,No
CLI000812,34,technician,married,university.degree,No,Sí,No
CLI000813,42,technician,divorced,professional.course,No,No,No
CLI000814,31,admin.,single,university.degree,No,Sí,Sí
CLI000815,44,admin.,divorced,university.degree,No,Sí,No
CLI000816,28,student,single,high.school,No,Sí,Sí
CLI000817,56,retired,married,,Desconocido,No,No
CLI000818,31,admin.,single,professional.course,No,No,No
CLI000819,32,services,married,high.school,No,Sí,No
CLI000820,39,unemployed,married,high.school,No,Sí,No
CLI000821,34,technician,single,university.degree,No,No,No
CLI000822,48,blue-collar,single,basic.6y,Desconocido,No,No
CLI000823,35,technician,single,high.school,No,No,No
CLI000824,34,technician,single,professional.course,No,Sí,No
CLI000825,34,blue-collar,married,basic.9y,Desconocido,No,No
CLI000826,50,blue-collar,married,basic.6y,No,Sí,No
CLI000827,29,admin.,single,university.degree,No,Sí,No
CLI000828,54,blue-collar,married,basic.9y,No,Sí,No
CLI000829,31,services,single,high.school,No,Sí,No
CLI000830,36,admin.,married,university.degree,No,Sí,No
CLI000831,28,services,married,high.school,No,Sí,No
CLI000832,34,management,married,university.degree,No,Sí,Sí
CLI000833,57,management,divorced,university.degree,No,Sí,No
CLI000834,48,admin.,divorced,university.degree,No,No,Sí
CLI000835,43,blue-collar,married,basic.9y,No,Sí,No
CLI000836,47,technician,married,professional.course,No,No,No
CLI000837,49,management,married,university.degree,No,No,No
CLI000838,41,entrepreneur,married,basic.4y,No,Sí,No
CLI000839,43,services,divorced,high.school,No,No,No
CLI000840,56,technician,married,Desconocido,Desconocido,Sí,No
CLI000841,40,admin.,married,university.degree,No,No,Sí
CLI000842,33,admin.,divorced,university.degree,No,Sí,No
CLI000843,24,admin.,single,high.school,No,Sí,No
CLI000844,25,admin.,single,university.degree,No,No,No
CLI000845,34,admin.,married,high.school,No,,No
CLI000846,53,services,married,,No,No,Sí
CLI000847,43,services,single,high.school,No,No,No
CLI000848,43,unemployed,married,basic.4y,Desconocido,No,No
CLI000849,31,admin.,single,university.degree,No,Sí,No
CLI000850,46,admin.,married,university.degree,No,No,No
CLI000851,31,admin.,single,university.degree,No,,No
CLI000852,28,unemployed,single,high.school,No,No,No
CLI000853,35,admin.,married,high.school,Desconocido,No,No
CLI000854,45,blue-collar,single,basic.9y,No,Sí,Sí
CLI000855,42,unemployed,married,Desconocido,No,Sí,Sí
CLI000856,45,admin.,divorced,basic.9y,No,Sí,No
CLI000857,30,admin.,single,high.school,No,No,No
CLI000858,34,blue-collar,married,basic.9y,No,Sí,No
CLI000859,39,blue-collar,married,basic.9y,No,No,Sí
CLI000860,47,services,married,high.school,No,No,Sí
CLI000861,28,admin.,married,university.degree,No,No,No
CLI000862,31,admin.,single,university.degree,No,Sí,No
CLI000863,44,blue-collar,married,basic.9y,No,No,No
CLI000864,45,services,married,high.school,No,No,No
CLI000865,40,technician,single,professional.course,No,Sí,No
CLI000866,23,student,single,high.school,No,No,No
CLI000867,32,Desconocido,Desconocido,university.degree,No,Sí,Sí
CLI000868,52,admin.,married,Desconocido,No,No,No
CLI000869,35,blue-collar,married,professional.course,No,No,No
CLI000870,44,blue-collar,single,professional.course,No,No,No
CLI000871,46,technician,married,university.degree,No,No,No
CLI000872,29,admin.,single,university.degree,No,Sí,No
CLI000873,34,admin.,married,high.school,No,No,No
CLI000874,34,admin.,married,university.degree,No,Sí,
CLI000875,48,services,married,high.school,Desconocido,Sí,Sí
CLI000876,46,admin.,married,university.degree,No,No,
CLI000877,55,admin.,married,Desconocido,No,Sí,Sí
CLI000878,31,management,single,university.degree,No,Sí,Sí
CLI000879,42,technician,married,professional.course,No,Sí,Sí
CLI000880,49,admin.,married,university.degree,No,No,No
CLI000881,44,management,married,university.degree,No,Sí,No
CLI000882,41,blue-collar,married,basic.6y,Desconocido,Sí,No
CLI000883,30,admin.,single,high.school,No,Sí,No
CLI000884,40,services,single,high.school,No,Sí,No
CLI000885,37,technician,married,university.degree,No,Sí,No
CLI000886,55,technician,married,high.school,No,No,No
CLI000887,32,housemaid,married,basic.4y,No,Sí,No
CLI000888,23,technician,single,professional.course,No,Desconocido,Desconocido
CLI000889,30,unemployed,single,basic.9y,No,Sí,No
CLI000890,58,admin.,married,high.school,No,Sí,No
CLI000891,45,admin.,married,university.degree,No,Sí,No
CLI000892,32,technician,single,professional.course,No,No,No
CLI000893,28,management,married,university.degree,No,Sí,No
CLI000894,47,admin.,divorced,high.school,No,Sí,No
CLI000895,45,technician,married,university.degree,No,Sí,No
CLI000896,42,management,married,university.degree,Desconocido,Sí,No
CLI000897,45,admin.,divorced,university.degree,Desconocido,No,No
CLI000898,46,technician,married,basic.6y,No,Sí,No
CLI000899,33,admin.,single,high.school,No,Sí,No
CLI000900,32,blue-collar,married,basic.6y,Desconocido,Sí,No
CLI000901,52,management,married,university.degree,No,No,No
CLI000902,29,self-employed,single,university.degree,No,Sí,No
CLI000903,37,entrepreneur,married,university.degree,No,Sí,No
CLI000904,34,blue-collar,married,high.school,No,Sí,No
CLI000905,34,admin.,married,high.school,No,Sí,No
CLI000906,43,entrepreneur,married,high.school,No,Sí,No
CLI000907,47,services,single,high.school,No,No,No
CLI000908,43,retired,married,basic.9y,No,Sí,No
CLI000909,34,blue-collar,married,basic.9y,No,No,No
CLI000910,45,self-employed,married,basic.6y,No,Sí,No
CLI000911,38,technician,married,,No,Sí,No
CLI000912,33,admin.,married,university.degree,No,No,No
CLI000913,31,admin.,married,university.degree,No,Sí,No
CLI000914,57,management,divorced,university.degree,No,Sí,No
CLI000915,35,admin.,single,university.degree,No,,No
CLI000916,24,Desconocido,single,university.degree,No,No,No
CLI000917,27,services,single,university.degree,No,Sí,Sí
CLI000918,34,technician,married,high.school,No,Sí,No
CLI000919,44,admin.,divorced,Desconocido,No,No,No
CLI000920,49,blue-collar,married,basic.4y,No,Sí,Sí
CLI000921,26,services,married,high.school,No,No,Sí
CLI000922,34,admin.,single,high.school,No,Sí,No
CLI000923,45,entrepreneur,single,university.degree,No,Desconocido,Desconocido
CLI000924,42,services,married,high.school,No,No,No
CLI000925,23,admin.,single,professional.course,No,No,No
CLI000926,26,Desconocido,single,basic.9y,No,No,No
CLI000927,52,services,single,high.school,No,Sí,No
CLI000928,49,admin.,divorced,university.degree,No,Sí,No
CLI000929,38,technician,divorced,high.school,No,Sí,No
CLI000930,36,technician,married,professional.course,No,Sí,No
CLI000931,29,blue-collar,divorced,basic.4y,No,No,No
CLI000932,29,admin.,married,university.degree,No,No,
CLI000933,46,management,married,university.degree,No,Sí,No
CLI000934,29,services,divorced,high.school,No,No,Sí
CLI000935,49,management,married,university.degree,No,Sí,Sí
CLI000936,41,self-employed,married,basic.9y,No,Sí,No
CLI000937,27,services,single,basic.9y,No,Sí,Sí
CLI000938,29,blue-collar,married,basic.6y,No,No,No
CLI000939,32,blue-collar,single,high.school,No,No,No
CLI000940,34,blue-collar,married,basic.9y,Desconocido,No,No
CLI000941,59,admin.,divorced,professional.course,No,Sí,No
CLI000942,37,admin.,single,university.degree,No,No,No
CLI000943,58,retired,married,professional.course,No,Sí,Sí
CLI000944,27,admin.,single,university.degree,No,Sí,Sí
CLI000945,42,admin.,married,university.degree,No,No,Sí
CLI000946,36,technician,married,professional.course,No,No,No
CLI000947,45,blue-collar,married,professional.course,No,Sí,No
CLI000948,41,services,married,high.school,No,Sí,No
CLI000949,50,admin.,single,high.school,No,No,Sí
CLI000950,60,retired,married,high.school,Desconocido,Sí,No
CLI000951,31,technician,single,university.degree,Desconocido,No,No
CLI000952,53,admin.,married,university.degree,Desconocido,Sí,No
CLI000953,35,blue-collar,single,basic.9y,No,Sí,No
CLI000954,32,technician,single,university.degree,No,Sí,No
CLI000955,68,retired,married,university.degree,No,No,No
CLI000956,45,admin.,married,Desconocido,No,No,No
CLI000957,33,blue-collar,married,basic.6y,No,No,No
CLI000958,30,admin.,married,basic.6y,No,Sí,No
CLI000959,53,self-employed,married,university.degree,No,No,No
CLI000960,38,technician,single,university.degree,No,Sí,Sí
CLI000961,29,admin.,single,university.degree,No,Sí,No
CLI000962,59,retired,married,university.degree,Desconocido,Sí,No
CLI000963,38,unemployed,married,high.school,No,No,Sí
CLI000964,43,management,married,university.degree,Desconocido,Sí,Sí
CLI000965,47,blue-collar,married,basic.9y,No,Sí,No
CLI000966,29,admin.,single,university.degree,No,Sí,
CLI000967,34,unemployed,single,university.degree,No,No,No
CLI000968,41,admin.,single,,Desconocido,Sí,No
CLI000969,48,technician,divorced,professional.course,No,No,No
CLI000970,35,technician,single,,No,No,No
CLI000971,43,technician,married,professional.course,No,,No
CLI000972,30,blue-collar,single,basic.9y,No,Sí,No
CLI000973,42,entrepreneur,married,university.degree,Desconocido,No,No
CLI000974,33,admin.,single,university.degree,No,No,No
CLI000975,36,entrepreneur,married,high.school,No,Sí,Sí
CLI000976,31,admin.,married,university.degree,No,Sí,Sí
CLI000977,41,blue-collar,married,basic.9y,No,Sí,Sí
CLI000978,41,management,single,university.degree,No,No,No
CLI000979,38,blue-collar,married,basic.6y,Desconocido,No,No
CLI000980,38,admin.,single,university.degree,No,Sí,No
CLI000981,30,blue-collar,married,professional.course,No,Sí,No
CLI000982,45,management,married,university.degree,No,No,Sí
CLI000983,38,blue-collar,divorced,basic.9y,No,No,Sí
CLI000984,30,blue-collar,single,basic.9y,No,No,No
CLI000985,37,technician,divorced,professional.course,No,,No
CLI000986,55,technician,married,professional.course,No,No,No
CLI000987,37,services,married,,No,No,Sí
CLI000988,31,admin.,single,high.school,No,Sí,
CLI000989,31,technician,single,university.degree,No,No,No
CLI000990,37,blue-collar,married,basic.6y,Desconocido,No,Sí
CLI000991,50,management,single,university.degree,No,No,No
CLI000992,48,services,married,high.school,Desconocido,Sí,Sí
CLI000993,50,self-employed,married,basic.9y,No,Sí,No
CLI000994,30,technician,single,professional.course,No,No,No
CLI000995,41,admin.,divorced,high.school,No,Sí,No
CLI000996,33,admin.,divorced,high.school,No,No,No
CLI000997,37,services,married,high.school,No,Sí,No
CLI000998,46,admin.,married,basic.4y,No,No,No
CLI000999,34,admin.,single,high.school,No,Sí,No
CLI001000,41,services,divorced,high.school,No,No,No
CLI001001,52,management,married,university.degree,No,Sí,No
CLI001002,42,self-employed,divorced,basic.6y,Desconocido,Sí,No
CLI001003,40,technician,married,professional.course,No,Sí,No
CLI001004,40,blue-collar,married,basic.4y,No,No,No
CLI001005,48,blue-collar,married,basic.4y,Desconocido,No,No
CLI001006,36,blue-collar,married,basic.9y,No,Sí,No
CLI001007,47,services,married,high.school,Desconocido,No,No
CLI001008,51,management,married,Desconocido,Desconocido,Sí,Sí
CLI001009,46,blue-collar,married,basic.9y,No,Sí,No
CLI001010,47,blue-collar,divorced,basic.9y,Desconocido,No,No
CLI001011,47,housemaid,single,basic.4y,No,No,No
CLI001012,33,blue-collar,single,basic.6y,No,Desconocido,Desconocido
CLI001013,40,services,married,high.school,No,Sí,No
CLI001014,64,retired,married,basic.9y,No,Sí,No
CLI001015,45,technician,divorced,professional.course,No,No,No
CLI001016,44,blue-collar,married,basic.9y,Desconocido,No,No
CLI001017,51,blue-collar,married,basic.9y,Desconocido,Sí,No
CLI001018,38,blue-collar,married,basic.6y,No,Desconocido,Desconocido
CLI001019,46,housemaid,married,high.school,Desconocido,No,No
CLI001020,38,entrepreneur,married,basic.9y,No,Sí,No
CLI001021,62,entrepreneur,married,university.degree,No,No,No
CLI001022,39,blue-collar,married,basic.6y,No,No,No
CLI001023,39,technician,married,professional.course,No,Sí,No
CLI001024,41,blue-collar,married,basic.4y,No,Sí,No
CLI001025,34,admin.,married,high.school,No,Sí,Sí
CLI001026,32,blue-collar,married,professional.course,No,No,No
CLI001027,30,technician,married,high.school,No,Sí,No
CLI001028,88,retired,divorced,basic.4y,No,Sí,No
CLI001029,34,admin.,married,high.school,Desconocido,Sí,No
CLI001030,41,entrepreneur,married,basic.4y,No,Sí,No
CLI001031,34,blue-collar,married,professional.course,No,No,Sí
CLI001032,40,housemaid,married,basic.4y,No,No,No
CLI001033,24,services,single,high.school,No,Sí,No
CLI001034,23,blue-collar,single,basic.9y,No,Sí,No
CLI001035,40,entrepreneur,divorced,university.degree,No,No,No
CLI001036,39,services,married,Desconocido,Desconocido,Sí,Sí
CLI001037,57,management,married,professional.course,Desconocido,Sí,No
CLI001038,32,blue-collar,married,basic.9y,No,No,No
CLI001039,26,self-employed,single,university.degree,No,Sí,No
CLI001040,23,admin.,single,university.degree,No,No,No
CLI001041,35,technician,single,professional.course,No,Sí,Sí
CLI001042,36,blue-collar,married,basic.9y,No,No,No
CLI001043,33,technician,married,professional.course,No,Sí,
CLI001044,30,technician,single,university.degree,No,Sí,No
CLI001045,34,management,married,university.degree,No,Sí,No
CLI001046,47,blue-collar,married,basic.4y,Desconocido,,No
CLI001047,29,admin.,single,university.degree,No,Sí,No
CLI001048,29,admin.,single,university.degree,No,No,No
CLI001049,41,technician,married,professional.course,No,Sí,No
CLI001050,35,entrepreneur,married,high.school,No,No,No
CLI001051,36,blue-collar,married,Desconocido,No,No,No
CLI001052,40,technician,married,basic.4y,No,Sí,No
CLI001053,51,blue-collar,married,,Desconocido,Sí,No
CLI001054,43,blue-collar,married,basic.6y,No,No,No
CLI001055,28,student,single,basic.9y,No,Sí,No
CLI001056,29,admin.,single,university.degree,No,Sí,No
CLI001057,36,admin.,married,university.degree,No,Sí,No
CLI001058,36,entrepreneur,married,basic.9y,No,No,No
CLI001059,32,admin.,single,university.degree,No,Sí,Sí
CLI001060,50,unemployed,married,professional.course,No,No,No
CLI001061,31,services,single,university.degree,Desconocido,Desconocido,Desconocido
CLI001062,41,management,divorced,university.degree,No,No,No
CLI001063,37,management,married,high.school,No,Sí,No
CLI001064,37,technician,single,university.degree,No,No,No
CLI001065,36,blue-collar,married,,No,Sí,No
CLI001066,31,services,married,high.school,No,No,No
CLI001067,25,blue-collar,single,basic.9y,No,Sí,No
CLI001068,36,admin.,married,university.degree,No,No,
CLI001069,35,services,married,high.school,No,Sí,No
CLI001070,39,blue-collar,divorced,basic.9y,Desconocido,Sí,No
CLI001071,28,admin.,single,high.school,No,Sí,No
CLI001072,31,blue-collar,single,professional.course,No,Sí,No
CLI001073,27,admin.,divorced,high.school,No,Sí,No
CLI001074,48,entrepreneur,married,university.degree,No,Sí,No
CLI001075,36,management,single,university.degree,No,Sí,No
CLI001076,37,technician,married,university.degree,No,No,No
CLI001077,52,services,married,high.school,No,Sí,No
CLI001078,29,admin.,single,university.degree,No,No,No
CLI001079,57,management,married,professional.course,Desconocido,Sí,No
CLI001080,48,technician,married,professional.course,No,Sí,No
CLI001081,39,admin.,married,high.school,No,No,No
CLI001082,45,technician,divorced,high.school,No,Sí,No
CLI001083,42,entrepreneur,single,university.degree,No,No,No
CLI001084,68,retired,divorced,basic.4y,No,Sí,No
CLI001085,32,technician,married,university.degree,No,No,No
CLI001086,62,technician,married,Desconocido,No,Sí,No
CLI001087,29,blue-collar,married,basic.4y,No,Sí,No
CLI001088,36,admin.,married,high.school,No,No,No
CLI001089,53,blue-collar,married,,Desconocido,Sí,No
CLI001090,48,technician,married,high.school,No,No,Sí
CLI001091,30,technician,single,high.school,No,No,No
CLI001092,27,blue-collar,married,basic.9y,No,Sí,No
CLI001093,27,admin.,single,university.degree,No,Sí,No
CLI001094,32,management,single,university.degree,No,Sí,No
CLI001095,28,blue-collar,married,basic.9y,Desconocido,No,No
CLI001096,38,blue-collar,divorced,basic.6y,No,Sí,No
CLI001097,31,blue-collar,married,basic.4y,Desconocido,Sí,No
CLI001098,35,services,married,high.school,No,,Desconocido
CLI001099,36,blue-collar,married,basic.6y,No,No,No
CLI001100,60,retired,married,university.degree,No,No,No
CLI001101,33,technician,married,professional.course,No,Sí,No
CLI001102,27,self-employed,single,university.degree,No,Sí,No
CLI001103,44,self-employed,married,professional.course,No,Sí,No
CLI001104,36,student,single,basic.9y,Desconocido,Sí,No
CLI001105,38,technician,married,university.degree,No,Sí,No
CLI001106,29,admin.,married,university.degree,No,Desconocido,Desconocido
CLI001107,41,admin.,single,professional.course,No,Sí,Sí
CLI001108,29,admin.,single,university.degree,No,Sí,No
CLI001109,43,blue-collar,single,,No,Sí,Sí
CLI001110,40,blue-collar,married,high.school,No,No,No
CLI001111,58,entrepreneur,married,university.degree,Desconocido,No,No
CLI001112,57,unemployed,married,university.degree,No,Sí,Sí
CLI001113,38,admin.,married,high.school,No,No,No
CLI001114,40,admin.,married,university.degree,Desconocido,Sí,No
CLI001115,25,admin.,single,university.degree,No,Sí,No
CLI001116,35,services,married,high.school,No,Sí,No
CLI001117,53,services,divorced,high.school,No,Sí,No
CLI001118,50,admin.,married,university.degree,No,No,No
CLI001119,30,admin.,married,university.degree,No,No,No
CLI001120,30,entrepreneur,single,basic.9y,No,Sí,No
CLI001121,48,admin.,divorced,high.school,No,,No
CLI001122,47,blue-collar,married,high.school,Desconocido,No,No
CLI001123,31,student,single,high.school,No,Sí,No
CLI001124,31,admin.,married,university.degree,No,Sí,
CLI001125,31,management,single,university.degree,No,No,No
CLI001126,34,blue-collar,single,high.school,No,Sí,No
CLI001127,29,admin.,single,university.degree,No,Sí,No
CLI001128,26,entrepreneur,married,basic.4y,Desconocido,No,No
CLI001129,30,admin.,single,university.degree,No,Sí,No
CLI001130,46,admin.,divorced,university.degree,No,No,No
CLI001131,30,management,married,university.degree,No,No,No
CLI001132,56,entrepreneur,married,university.degree,No,No,No
CLI001133,39,technician,married,high.school,No,Sí,No
CLI001134,46,admin.,married,high.school,No,Desconocido,Desconocido
CLI001135,35,entrepreneur,married,university.degree,No,Sí,No
CLI001136,41,management,married,high.school,No,No,No
CLI001137,59,admin.,divorced,professional.course,No,No,No
CLI001138,27,technician,single,basic.9y,No,Sí,No
CLI001139,39,technician,married,professional.course,No,No,No
CLI001140,55,blue-collar,married,Desconocido,Desconocido,No,No
CLI001141,24,admin.,single,,No,No,No
CLI001142,38,blue-collar,single,high.school,No,No,No
CLI001143,52,admin.,married,high.school,No,No,No
CLI001144,41,services,single,university.degree,No,Sí,No
CLI001145,31,technician,married,professional.course,No,Sí,No
CLI001146,39,technician,married,professional.course,No,No,No
CLI001147,42,unemployed,divorced,high.school,No,Sí,No
CLI001148,49,management,married,university.degree,No,Sí,No
CLI001149,31,admin.,married,university.degree,No,Sí,No
CLI001150,39,admin.,single,university.degree,No,No,No
CLI001151,30,unemployed,single,university.degree,No,Sí,No
CLI001152,41,blue-collar,married,basic.4y,No,Sí,No
CLI001153,59,blue-collar,married,basic.4y,Desconocido,No,No
CLI001154,26,technician,single,university.degree,No,No,No
CLI001155,29,admin.,married,high.school,No,Sí,No
CLI001156,36,blue-collar,married,basic.6y,Desconocido,Sí,No
CLI001157,80,retired,divorced,basic.4y,No,Sí,No
CLI001158,39,admin.,married,high.school,No,No,No
CLI001159,38,blue-collar,married,basic.4y,Desconocido,No,No
CLI001160,38,unemployed,married,basic.4y,Desconocido,Sí,No
CLI001161,74,retired,married,basic.9y,No,No,No
CLI001162,28,student,single,high.school,No,No,No
CLI001163,31,blue-collar,single,professional.course,No,No,No
CLI001164,55,admin.,married,high.school,No,Sí,Sí
CLI001165,52,blue-collar,married,basic.9y,No,Sí,Sí
CLI001166,52,technician,married,professional.course,No,No,No
CLI001167,29,management,married,university.degree,No,No,No
CLI001168,33,blue-collar,married,basic.9y,No,No,No
CLI001169,24,services,single,Desconocido,No,No,No
CLI001170,31,services,single,professional.course,No,,No
CLI001171,31,management,single,university.degree,No,No,No
CLI001172,42,technician,married,basic.9y,No,No,No
CLI001173,29,services,divorced,high.school,No,Sí,No
CLI001174,30,blue-collar,married,basic.4y,No,Sí,
CLI001175,45,technician,married,professional.course,No,Sí,No
CLI001176,29,technician,single,professional.course,No,No,No
CLI001177,41,management,married,university.degree,No,Sí,No
CLI001178,48,entrepreneur,married,university.degree,No,No,No
CLI001179,48,blue-collar,married,basic.4y,No,No,No
CLI001180,45,technician,single,professional.course,No,Sí,Sí
CLI001181,38,blue-collar,married,basic.9y,No,No,
CLI001182,41,admin.,divorced,high.school,No,Sí,Sí
CLI001184,37,technician,single,university.degree,No,Sí,No
CLI001185,52,technician,married,basic.9y,No,No,No
CLI001186,33,admin.,married,university.degree,No,Sí,Sí
CLI001187,47,entrepreneur,married,professional.course,Desconocido,No,Sí
CLI001188,42,self-employed,married,university.degree,No,Sí,No
CLI001189,33,self-employed,married,university.degree,No,No,No
CLI001190,54,management,married,university.degree,No,Sí,Sí
CLI001191,41,admin.,married,university.degree,No,No,No
CLI001192,29,technician,married,professional.course,No,Sí,Sí
CLI001193,34,admin.,single,university.degree,No,Sí,No
CLI001194,50,management,married,university.degree,No,,No
CLI001195,37,admin.,married,high.school,Desconocido,Sí,No
CLI001196,41,admin.,divorced,university.degree,Desconocido,No,No
CLI001197,80,retired,married,basic.4y,No,No,No
CLI001198,29,admin.,married,university.degree,No,No,No
CLI001199,34,admin.,single,university.degree,No,No,Sí
CLI001200,32,blue-collar,married,basic.4y,Desconocido,No,No
CLI001201,32,technician,single,professional.course,No,Sí,No
CLI001202,53,blue-collar,married,basic.4y,Desconocido,Sí,Sí
CLI001203,37,admin.,single,high.school,Desconocido,No,No
CLI001204,50,blue-collar,married,Desconocido,Desconocido,No,No
CLI001205,48,retired,divorced,professional.course,No,Sí,No
CLI001206,34,housemaid,single,high.school,No,No,No
CLI001207,50,admin.,married,university.degree,No,Sí,No
CLI001208,44,self-employed,single,basic.6y,Desconocido,Sí,No
CLI001209,43,blue-collar,married,basic.4y,No,Sí,Sí
CLI001210,37,admin.,married,high.school,No,Sí,Sí
CLI001211,34,Desconocido,married,basic.4y,No,Sí,Sí
CLI001212,50,admin.,married,university.degree,No,Sí,No
CLI001213,29,admin.,married,high.school,No,,No
CLI001214,35,blue-collar,married,high.school,No,Sí,No
CLI001215,29,technician,single,professional.course,No,No,No
CLI001216,29,admin.,married,high.school,No,Sí,Sí
CLI001217,35,technician,single,university.degree,No,Sí,No
CLI001218,34,admin.,married,university.degree,No,No,No
CLI001219,50,admin.,divorced,basic.9y,No,Sí,No
CLI001220,40,entrepreneur,divorced,university.degree,No,No,No
CLI001221,27,blue-collar,single,basic.9y,No,Sí,No
CLI001222,39,blue-collar,married,,No,No,No
CLI001223,56,technician,married,professional.course,Desconocido,No,No
CLI001224,58,retired,married,basic.4y,No,No,No
CLI001226,43,technician,divorced,Desconocido,No,No,No
CLI001227,58,retired,married,professional.course,Desconocido,No,No
CLI001228,30,management,married,university.degree,No,Sí,No
CLI001229,34,technician,married,high.school,No,Sí,No
CLI001230,32,services,married,high.school,No,Sí,Sí
CLI001231,44,technician,divorced,professional.course,Desconocido,Sí,No
CLI001232,43,admin.,divorced,high.school,No,Sí,No
CLI001233,37,services,married,high.school,No,Sí,No
CLI001234,42,technician,married,professional.course,No,Sí,No
CLI001235,28,blue-collar,single,high.school,No,Sí,Sí
CLI001236,26,technician,single,professional.course,No,No,No
CLI001237,35,admin.,married,high.school,Desconocido,No,No
CLI001238,40,technician,married,professional.course,No,Sí,No
CLI001239,35,admin.,single,university.degree,No,No,No
CLI001240,52,admin.,single,Desconocido,Desconocido,No,No
CLI001241,53,services,married,basic.6y,No,No,No
CLI001242,38,admin.,married,university.degree,Desconocido,Sí,
CLI001243,44,management,married,Desconocido,No,No,No
CLI001244,27,blue-collar,married,basic.6y,No,Sí,No
CLI001245,42,blue-collar,married,basic.4y,Desconocido,No,No
CLI001246,39,services,married,basic.6y,Desconocido,Sí,No
CLI001247,32,admin.,married,high.school,No,Sí,No
CLI001248,53,services,married,high.school,Desconocido,No,No
CLI001249,31,blue-collar,single,high.school,No,Sí,No
CLI001250,35,admin.,married,high.school,No,No,
CLI001251,40,services,single,high.school,Desconocido,Sí,No
CLI001252,37,services,married,high.school,Desconocido,Sí,Sí
CLI001253,32,technician,married,professional.course,No,Sí,No
CLI001254,43,admin.,married,high.school,No,Sí,No
CLI001255,44,technician,divorced,professional.course,Desconocido,Sí,No
CLI001256,31,services,single,high.school,No,Sí,No
CLI001257,48,blue-collar,married,basic.9y,No,Sí,No
CLI001258,39,self-employed,married,university.degree,No,,No
CLI001259,29,admin.,single,university.degree,No,Sí,Sí
CLI001260,31,technician,single,professional.course,No,No,No
CLI001261,42,unemployed,divorced,high.school,Desconocido,Sí,Sí
CLI001262,47,admin.,divorced,professional.course,No,No,No
CLI001263,35,blue-collar,married,Desconocido,No,Sí,No
CLI001264,34,blue-collar,married,basic.9y,No,Sí,No
CLI001265,30,technician,married,professional.course,No,Sí,Sí
CLI001266,47,admin.,married,basic.9y,No,Sí,No
CLI001267,36,blue-collar,married,basic.4y,No,No,No
CLI001268,32,technician,single,university.degree,No,Sí,No
CLI001269,30,admin.,married,university.degree,No,No,No
CLI001270,28,technician,divorced,professional.course,No,No,No
CLI001271,29,services,single,high.school,No,Sí,No
CLI001272,32,self-employed,single,university.degree,No,Sí,No
CLI001273,53,technician,married,professional.course,Desconocido,Sí,No
CLI001274,39,technician,married,professional.course,No,Desconocido,Desconocido
CLI001275,34,technician,single,professional.course,No,Sí,No
CLI001276,34,technician,single,university.degree,No,Sí,No
CLI001277,63,housemaid,married,basic.4y,No,Sí,No
CLI001278,39,blue-collar,married,basic.9y,No,No,No
CLI001279,40,admin.,single,high.school,No,No,No
CLI001280,52,management,divorced,university.degree,No,No,No
CLI001281,59,admin.,married,high.school,No,Sí,No
CLI001282,54,technician,married,high.school,No,,No
CLI001283,36,technician,single,Desconocido,No,Sí,No
CLI001284,32,blue-collar,married,basic.6y,No,No,
CLI001285,54,technician,married,high.school,No,Sí,No
CLI001286,57,retired,married,basic.4y,No,No,No
CLI001287,33,admin.,single,university.degree,No,No,No
CLI001288,42,admin.,married,university.degree,No,Sí,No
CLI001289,50,housemaid,divorced,basic.4y,Desconocido,No,No
CLI001290,57,blue-collar,married,basic.6y,No,No,No
CLI001291,49,management,divorced,university.degree,No,No,No
CLI001292,46,technician,married,professional.course,Desconocido,No,No
CLI001293,42,services,married,high.school,Desconocido,Sí,Sí
CLI001294,43,technician,married,professional.course,No,No,No
CLI001295,39,admin.,single,university.degree,No,Sí,No
CLI001296,24,student,single,,Desconocido,Sí,No
CLI001297,47,management,married,university.degree,No,No,No
CLI001298,38,entrepreneur,married,professional.course,No,Sí,Sí
CLI001299,55,blue-collar,married,basic.4y,No,Sí,Sí
CLI001300,42,technician,divorced,university.degree,No,Sí,No
CLI001301,39,admin.,married,professional.course,No,No,No
CLI001302,46,admin.,married,high.school,Desconocido,Sí,No
CLI001303,27,admin.,married,high.school,No,Sí,Sí
CLI001304,51,blue-collar,divorced,Desconocido,Desconocido,Desconocido,Desconocido
CLI001305,24,services,single,basic.9y,No,Sí,No
CLI001306,32,blue-collar,married,basic.9y,No,No,No
CLI001307,55,technician,single,professional.course,No,No,No
CLI001308,49,unemployed,divorced,basic.9y,Desconocido,No,No
CLI001309,41,technician,married,professional.course,No,No,No
CLI001310,48,technician,married,professional.course,No,Sí,Sí
CLI001311,59,retired,married,university.degree,Desconocido,No,No
CLI001312,29,blue-collar,single,basic.9y,No,Sí,No
CLI001313,44,technician,married,professional.course,Desconocido,Sí,No
CLI001314,37,housemaid,single,professional.course,No,Sí,No
CLI001315,49,blue-collar,divorced,basic.4y,Desconocido,No,No
CLI001316,51,self-employed,married,high.school,No,Sí,No
CLI001317,45,Desconocido,married,Desconocido,No,No,Sí
CLI001318,31,blue-collar,married,basic.9y,No,Desconocido,Desconocido
CLI001319,37,technician,married,university.degree,No,Sí,Sí
CLI001320,41,entrepreneur,married,professional.course,No,Sí,No
CLI001321,43,admin.,married,high.school,No,No,Sí
CLI001322,36,blue-collar,single,high.school,No,Sí,Sí
CLI001323,32,blue-collar,single,basic.9y,No,Sí,No
CLI001324,35,admin.,married,university.degree,No,Sí,Sí
CLI001325,32,services,divorced,high.school,Desconocido,Sí,No
CLI001326,35,admin.,married,,No,Sí,Sí
CLI001327,35,housemaid,single,Desconocido,No,Sí,No
CLI001328,22,blue-collar,married,,No,Sí,No
CLI001329,34,services,Desconocido,high.school,No,Sí,Sí
CLI001330,30,technician,single,university.degree,No,No,No
CLI001331,46,blue-collar,married,basic.9y,No,No,No
CLI001332,35,blue-collar,married,basic.4y,No,Sí,No
CLI001333,36,management,married,university.degree,No,No,No
CLI001334,28,admin.,single,university.degree,No,Sí,No
CLI001335,46,self-employed,divorced,high.school,No,No,No
CLI001336,57,technician,married,university.degree,No,No,No
CLI001337,46,admin.,single,university.degree,Desconocido,Sí,No
CLI001338,52,admin.,married,basic.9y,No,No,No
CLI001339,37,blue-collar,divorced,basic.9y,No,Sí,Sí
CLI001340,34,admin.,Desconocido,university.degree,No,Sí,Sí
CLI001341,35,student,single,high.school,No,Sí,No
CLI001342,41,blue-collar,divorced,basic.6y,No,Desconocido,Desconocido
CLI001343,51,admin.,married,high.school,No,Sí,No
CLI001344,45,blue-collar,married,basic.4y,Desconocido,No,No
CLI001345,32,technician,married,high.school,No,Sí,No
CLI001346,40,admin.,single,university.degree,No,No,No
CLI001347,27,admin.,single,high.school,No,Sí,No
CLI001348,48,blue-collar,married,basic.6y,No,Desconocido,Desconocido
CLI001349,60,admin.,married,professional.course,No,Sí,No
CLI001350,33,blue-collar,married,basic.6y,Desconocido,No,No
CLI001351,46,admin.,married,university.degree,No,Sí,No
CLI001352,44,admin.,married,university.degree,No,Sí,No
CLI001353,46,admin.,married,high.school,No,Sí,No
CLI001354,98,retired,married,basic.4y,Desconocido,Sí,No
CLI001355,49,blue-collar,married,basic.6y,No,No,No
CLI001356,35,self-employed,married,university.degree,No,Sí,No
CLI001357,25,technician,single,basic.9y,No,Sí,No
CLI001358,33,admin.,single,university.degree,No,Sí,No
CLI001359,31,admin.,single,university.degree,No,Sí,Sí
CLI001360,33,admin.,single,high.school,No,No,No
CLI001361,31,technician,single,university.degree,No,Sí,Sí
CLI001362,34,management,married,university.degree,No,Sí,No
CLI001363,55,management,married,,No,Sí,Sí
CLI001364,55,services,married,basic.6y,Desconocido,Sí,No
CLI001365,35,services,single,high.school,No,No,No
CLI001366,33,admin.,single,university.degree,No,Sí,No
CLI001367,34,technician,divorced,professional.course,No,No,No
CLI001368,22,student,single,high.school,No,Sí,No
CLI001369,31,admin.,single,university.degree,No,Sí,No
CLI001370,38,admin.,single,,No,Sí,Sí
CLI001371,33,technician,married,professional.course,No,Sí,No
CLI001372,34,management,married,university.degree,No,Sí,No
CLI001373,28,blue-collar,married,high.school,No,Sí,No
CLI001374,27,blue-collar,married,university.degree,No,No,Sí
CLI001375,40,blue-collar,married,high.school,No,No,No
CLI001376,32,technician,single,professional.course,No,No,No
CLI001377,34,management,married,university.degree,No,Sí,
CLI001378,49,services,married,high.school,No,No,No
CLI001379,25,blue-collar,single,basic.9y,Desconocido,No,No
CLI001380,33,admin.,single,university.degree,No,No,No
CLI001381,48,blue-collar,married,basic.6y,Desconocido,No,No
CLI001382,52,admin.,married,university.degree,No,Sí,No
CLI001383,52,admin.,divorced,high.school,No,Sí,
CLI001384,31,technician,married,professional.course,No,No,No
CLI001385,32,technician,married,professional.course,No,No,No
CLI001386,58,entrepreneur,married,university.degree,Desconocido,Sí,Sí
CLI001387,33,admin.,married,university.degree,No,No,No
CLI001388,45,housemaid,divorced,basic.4y,No,Sí,Sí
CLI001389,43,management,married,university.degree,No,No,No
CLI001390,27,services,single,professional.course,No,Desconocido,Desconocido
CLI001391,33,admin.,married,university.degree,Desconocido,No,No
CLI001392,36,admin.,divorced,university.degree,No,Sí,Sí
CLI001393,55,admin.,married,high.school,No,Sí,No
CLI001394,39,blue-collar,married,basic.6y,No,Sí,No
CLI001395,48,admin.,married,,Desconocido,Sí,No
CLI001396,39,blue-collar,single,university.degree,No,Sí,No
CLI001397,45,services,single,professional.course,Desconocido,Desconocido,Desconocido
CLI001398,47,retired,married,basic.4y,No,No,No
CLI001399,48,blue-collar,married,basic.4y,Desconocido,Sí,No
CLI001400,32,technician,single,professional.course,No,Sí,No
CLI001401,30,technician,divorced,professional.course,Desconocido,Sí,No
CLI001402,29,student,married,high.school,Desconocido,No,No
CLI001403,55,admin.,divorced,university.degree,No,No,No
CLI001404,26,student,single,basic.9y,Desconocido,Sí,Sí
CLI001405,28,entrepreneur,married,university.degree,No,No,No
CLI001406,39,services,married,high.school,No,No,No
CLI001407,48,services,divorced,high.school,No,No,Sí
CLI001408,25,services,single,high.school,No,No,No
CLI001409,33,management,married,university.degree,Desconocido,Sí,No
CLI001410,29,admin.,single,university.degree,No,Sí,No
CLI001411,59,services,married,high.school,Desconocido,Sí,No
CLI001412,56,blue-collar,married,basic.4y,Desconocido,No,No
CLI001413,48,technician,divorced,professional.course,No,Sí,No
CLI001414,38,management,single,university.degree,No,No,No
CLI001415,28,admin.,single,professional.course,No,No,No
CLI001416,55,admin.,married,high.school,No,Sí,No
CLI001417,31,blue-collar,single,high.school,No,No,No
CLI001418,71,retired,married,basic.4y,No,Sí,No
CLI001419,45,Desconocido,Desconocido,Desconocido,No,Sí,
CLI001420,34,blue-collar,married,Desconocido,No,Sí,No
CLI001421,31,technician,married,university.degree,No,No,No
CLI001422,56,management,married,,No,Sí,No
CLI001423,59,blue-collar,married,professional.course,No,No,No
CLI001424,37,blue-collar,married,basic.6y,Desconocido,No,No
CLI001425,51,services,married,high.school,No,Sí,No
CLI001426,40,technician,single,high.school,No,Sí,No
CLI001427,41,admin.,divorced,university.degree,No,Sí,No
CLI001428,48,technician,married,professional.course,Desconocido,Sí,No
CLI001429,36,blue-collar,married,basic.9y,No,No,No
CLI001430,31,admin.,single,university.degree,No,Sí,No
CLI001431,47,services,married,professional.course,No,Sí,No
CLI001432,44,blue-collar,married,basic.6y,No,Sí,Sí
CLI001433,29,admin.,single,university.degree,No,No,No
CLI001434,33,services,married,high.school,No,No,No
CLI001435,41,admin.,divorced,university.degree,No,No,No
CLI001436,48,blue-collar,married,professional.course,No,Sí,No
CLI001437,51,entrepreneur,married,professional.course,Desconocido,No,No
CLI001438,48,admin.,married,university.degree,No,No,No
CLI001439,33,blue-collar,married,basic.9y,Desconocido,No,
CLI001440,50,admin.,divorced,university.degree,Desconocido,No,Sí
CLI001441,42,blue-collar,married,basic.9y,No,No,No
CLI001442,32,admin.,single,high.school,Desconocido,No,No
CLI001443,42,self-employed,single,basic.4y,No,Sí,No
CLI001444,49,management,married,university.degree,No,No,No
CLI001445,40,services,married,basic.6y,No,Sí,No
CLI001446,37,management,married,Desconocido,No,Sí,No
CLI001447,32,admin.,single,university.degree,Desconocido,No,No
CLI001448,38,admin.,married,university.degree,No,No,No
CLI001449,32,technician,single,university.degree,No,No,No
CLI001450,32,self-employed,married,,No,Sí,No
CLI001451,28,admin.,married,high.school,No,Sí,No
CLI001452,40,technician,married,professional.course,Desconocido,No,No
CLI001453,32,admin.,single,university.degree,No,Sí,No
CLI001454,32,services,married,basic.9y,No,No,No
CLI001455,56,retired,married,university.degree,No,Sí,No
CLI001456,38,admin.,single,university.degree,No,Sí,No
CLI001457,74,retired,married,basic.9y,No,Sí,No
CLI001458,38,services,married,high.school,Desconocido,No,No
CLI001459,26,student,single,university.degree,No,No,No
CLI001460,54,self-employed,married,university.degree,No,Sí,No
CLI001461,29,blue-collar,married,high.school,No,Sí,Sí
CLI001462,43,management,married,basic.6y,No,No,No
CLI001463,48,blue-collar,married,professional.course,No,No,Sí
CLI001464,30,admin.,single,university.degree,No,,Sí
CLI001465,35,unemployed,married,university.degree,No,Sí,No
CLI001466,25,admin.,single,high.school,No,No,No
CLI001467,40,admin.,married,university.degree,No,Sí,No
CLI001468,43,admin.,divorced,high.school,No,No,No
CLI001469,45,admin.,married,university.degree,No,No,Sí
CLI001470,58,services,married,high.school,Desconocido,No,No
CLI001471,39,entrepreneur,married,high.school,No,Desconocido,Desconocido
CLI001472,30,technician,single,university.degree,No,Sí,Sí
CLI001473,36,admin.,divorced,high.school,No,Sí,No
CLI001474,22,student,single,high.school,Desconocido,,Sí
CLI001475,30,technician,divorced,professional.course,No,Sí,No
CLI001476,49,blue-collar,married,basic.4y,Desconocido,Sí,No
CLI001477,40,technician,married,professional.course,No,No,No
CLI001478,33,housemaid,married,high.school,No,Desconocido,Desconocido
CLI001479,40,admin.,single,university.degree,No,No,No
CLI001480,62,admin.,married,high.school,No,No,No
CLI001481,41,admin.,single,high.school,No,Sí,No
CLI001482,35,admin.,married,university.degree,No,Desconocido,Desconocido
CLI001483,30,management,single,university.degree,No,No,Sí
CLI001484,39,admin.,single,university.degree,Desconocido,No,No
CLI001485,38,blue-collar,married,basic.9y,No,No,No
CLI001486,60,management,married,professional.course,Desconocido,Sí,No
CLI001487,47,services,married,high.school,No,Sí,No
CLI001488,32,admin.,single,university.degree,Desconocido,Sí,No
CLI001489,30,blue-collar,married,basic.9y,No,No,No
CLI001490,29,admin.,single,basic.9y,Desconocido,No,No
CLI001491,42,technician,married,professional.course,No,No,Sí
CLI001492,43,admin.,married,high.school,Desconocido,Sí,No
CLI001493,38,technician,single,professional.course,Desconocido,No,No
CLI001494,45,unemployed,single,professional.course,No,No,No
CLI001495,58,technician,married,Desconocido,No,No,No
CLI001496,25,student,single,high.school,No,No,No
CLI001497,43,technician,divorced,professional.course,No,Sí,No
CLI001498,36,admin.,married,university.degree,No,Sí,No
CLI001499,36,blue-collar,single,basic.9y,No,No,No
CLI001500,39,admin.,single,Desconocido,No,No,No
CLI001501,53,admin.,married,basic.9y,No,No,No
CLI001502,49,admin.,married,university.degree,No,Sí,No
CLI001503,29,technician,married,university.degree,No,Sí,No
CLI001504,33,technician,single,basic.9y,No,No,No
CLI001505,39,technician,divorced,university.degree,No,No,No
CLI001506,46,technician,married,university.degree,No,No,No
CLI001507,43,blue-collar,single,Desconocido,Desconocido,No,No
CLI001508,32,blue-collar,married,basic.9y,No,No,No
CLI001509,34,admin.,married,high.school,No,Sí,No
CLI001510,32,entrepreneur,married,university.degree,No,No,Sí
CLI001511,50,unemployed,married,professional.course,Desconocido,Sí,No
CLI001512,34,management,married,university.degree,No,Sí,No
CLI001513,31,admin.,single,university.degree,No,No,No
CLI001514,30,housemaid,married,high.school,Desconocido,Sí,No
CLI001515,53,admin.,married,university.degree,No,No,No
CLI001516,31,technician,single,university.degree,No,Sí,No
CLI001517,43,entrepreneur,single,university.degree,No,No,
CLI001518,55,management,married,university.degree,No,Sí,No
CLI001519,33,management,married,university.degree,No,No,No
CLI001520,36,management,married,university.degree,No,Desconocido,Desconocido
CLI001521,38,admin.,married,high.school,Desconocido,No,No
CLI001522,31,admin.,single,high.school,No,No,No
CLI001523,82,retired,married,professional.course,No,Sí,No
CLI001524,56,admin.,divorced,,No,Sí,No
CLI001525,34,admin.,married,high.school,No,No,No
CLI001526,29,admin.,single,university.degree,No,No,Sí
CLI001527,33,admin.,married,high.school,No,No,No
CLI001528,43,blue-collar,married,basic.4y,No,No,No
CLI001529,33,admin.,single,university.degree,No,No,No
CLI001530,54,unemployed,married,university.degree,No,Sí,Sí
CLI001531,43,management,married,university.degree,No,No,No
CLI001532,38,technician,single,professional.course,No,Desconocido,Desconocido
CLI001533,60,self-employed,married,professional.course,Desconocido,No,No
CLI001534,57,technician,married,professional.course,No,No,No
CLI001535,73,retired,married,basic.4y,No,Sí,Sí
CLI001536,51,self-employed,married,basic.4y,Desconocido,No,Sí
CLI001537,44,entrepreneur,married,high.school,No,No,No
CLI001538,58,admin.,divorced,university.degree,Desconocido,No,No
CLI001539,35,admin.,married,university.degree,No,No,Sí
CLI001540,52,management,married,Desconocido,Desconocido,Sí,No
CLI001541,33,management,married,university.degree,No,Sí,Sí
CLI001542,50,blue-collar,married,basic.4y,No,Sí,No
CLI001543,34,unemployed,married,university.degree,Desconocido,Sí,No
CLI001544,45,blue-collar,single,basic.4y,No,Sí,No
CLI001545,57,management,married,university.degree,No,No,No
CLI001546,33,admin.,married,university.degree,No,No,No
CLI001547,38,blue-collar,married,basic.9y,No,No,No
CLI001548,59,housemaid,married,basic.4y,Desconocido,Sí,Sí
CLI001549,37,services,single,high.school,No,No,Sí
CLI001550,35,student,single,university.degree,Desconocido,No,Sí
CLI001551,25,admin.,single,university.degree,No,Sí,No
CLI001552,42,technician,married,professional.course,No,No,No
CLI001553,27,self-employed,married,university.degree,No,Sí,No
CLI001554,60,entrepreneur,married,basic.4y,No,Sí,No
CLI001555,27,admin.,single,university.degree,No,No,No
CLI001556,33,blue-collar,married,basic.4y,No,No,
CLI001557,41,blue-collar,married,basic.6y,No,No,No
CLI001558,40,blue-collar,married,basic.6y,No,Sí,No
CLI001559,46,admin.,single,university.degree,No,Desconocido,Desconocido
CLI001560,56,management,married,university.degree,Desconocido,No,No
CLI001561,36,housemaid,married,basic.4y,No,Desconocido,Desconocido
CLI001562,39,admin.,married,high.school,No,No,No
CLI001563,47,services,married,high.school,Desconocido,Sí,No
CLI001564,47,blue-collar,married,basic.4y,Desconocido,No,No
CLI001565,50,unemployed,married,professional.course,Desconocido,No,No
CLI001566,34,blue-collar,married,basic.6y,Desconocido,No,Sí
CLI001567,25,technician,single,professional.course,No,Sí,No
CLI001568,51,management,married,university.degree,No,No,
CLI001569,31,admin.,married,university.degree,No,No,No
CLI001570,35,technician,single,professional.course,No,No,No
CLI001571,44,blue-collar,married,Desconocido,No,Sí,No
CLI001572,34,services,divorced,high.school,No,No,Sí
CLI001573,30,services,married,Desconocido,No,Sí,Sí
CLI001574,54,unemployed,married,basic.9y,No,No,No
CLI001575,48,housemaid,married,basic.4y,Desconocido,Sí,Sí
CLI001576,40,blue-collar,married,basic.6y,No,Sí,No
CLI001577,31,services,single,university.degree,No,Sí,No
CLI001578,42,technician,married,basic.9y,No,No,No
CLI001579,48,services,married,high.school,No,Sí,Sí
CLI001580,49,technician,married,university.degree,No,Sí,No
CLI001581,34,unemployed,married,university.degree,No,No,No
CLI001582,25,admin.,single,university.degree,No,Sí,Sí
CLI001583,41,technician,divorced,university.degree,No,No,No
CLI001584,39,admin.,married,high.school,No,Sí,No
CLI001585,39,technician,single,professional.course,No,Sí,No
CLI001586,33,blue-collar,married,basic.4y,Desconocido,No,No
CLI001587,32,admin.,married,university.degree,No,No,No
CLI001588,25,admin.,single,basic.9y,No,,No
CLI001589,41,entrepreneur,divorced,Desconocido,No,No,No
CLI001590,35,entrepreneur,married,high.school,No,No,No
CLI001591,30,technician,single,university.degree,No,Desconocido,Desconocido
CLI001592,43,entrepreneur,married,university.degree,No,No,No
CLI001593,53,blue-collar,married,basic.4y,Desconocido,No,Sí
CLI001594,37,technician,married,university.degree,No,,No
CLI001595,29,housemaid,married,university.degree,No,Sí,No
CLI001596,40,technician,married,professional.course,No,Sí,No
CLI001597,31,technician,married,university.degree,No,Sí,No
CLI001598,42,services,single,high.school,No,Sí,No
CLI001599,26,admin.,single,high.school,Desconocido,Sí,No
CLI001600,55,technician,married,high.school,Desconocido,Sí,No
CLI001601,38,services,married,high.school,No,Sí,No
CLI001602,38,blue-collar,married,basic.4y,Desconocido,Sí,No
CLI001603,30,technician,single,university.degree,No,No,No
CLI001604,35,blue-collar,married,professional.course,No,No,No
CLI001605,73,retired,married,university.degree,No,Sí,No
CLI001606,38,management,married,university.degree,No,No,No
CLI001607,29,management,married,university.degree,No,No,No
CLI001608,33,self-employed,married,university.degree,No,Sí,No
CLI001609,35,management,married,university.degree,No,Sí,No
CLI001610,42,admin.,divorced,university.degree,No,No,No
CLI001611,36,technician,married,university.degree,No,Sí,No
CLI001612,37,blue-collar,married,basic.4y,No,Sí,No
CLI001613,48,admin.,single,high.school,No,No,Sí
CLI001614,34,blue-collar,married,basic.6y,No,No,Sí
CLI001615,34,admin.,married,basic.9y,No,Sí,No
CLI001616,26,blue-collar,married,professional.course,No,Sí,No
CLI001617,24,services,single,basic.9y,No,Sí,No
CLI001618,55,admin.,married,university.degree,Desconocido,No,No
CLI001619,51,blue-collar,married,basic.9y,No,Sí,No
CLI001620,35,technician,married,professional.course,No,No,No
CLI001621,35,admin.,married,professional.course,No,No,Sí
CLI001622,27,blue-collar,married,basic.9y,No,Desconocido,Desconocido
CLI001623,25,blue-collar,single,basic.9y,No,No,No
CLI001624,46,blue-collar,married,basic.9y,No,Sí,No
CLI001625,45,management,married,university.degree,Desconocido,Sí,No
CLI001626,46,unemployed,single,university.degree,No,No,No
CLI001627,39,management,married,university.degree,No,No,No
CLI001628,46,blue-collar,married,basic.4y,No,Sí,No
CLI001629,43,blue-collar,married,basic.9y,No,No,No
CLI001630,31,technician,single,professional.course,No,Sí,No
CLI001631,46,management,married,Desconocido,No,Sí,No
CLI001632,36,blue-collar,married,high.school,Desconocido,No,No
CLI001633,42,housemaid,married,university.degree,No,Sí,Sí
CLI001634,41,services,married,high.school,No,No,No
CLI001635,45,blue-collar,married,basic.9y,Desconocido,No,No
CLI001636,35,management,married,high.school,No,Sí,No
CLI001637,46,housemaid,married,basic.4y,Desconocido,No,No
CLI001638,55,unemployed,married,university.degree,No,Sí,No
CLI001639,40,blue-collar,married,high.school,No,No,No
CLI001640,42,retired,single,basic.4y,Desconocido,Sí,Sí
CLI001641,37,blue-collar,married,basic.4y,No,Sí,No
CLI001642,31,self-employed,single,university.degree,No,No,No
CLI001643,54,services,married,basic.6y,No,Sí,No
CLI001644,28,services,single,high.school,No,Desconocido,Desconocido
CLI001645,40,technician,married,,No,Sí,No
CLI001646,35,technician,married,professional.course,No,Sí,No
CLI001647,33,technician,married,professional.course,No,No,No
CLI001648,37,technician,married,professional.course,No,Sí,No
CLI001649,23,blue-collar,single,basic.4y,No,Sí,No
CLI001650,44,services,married,high.school,No,Sí,No
CLI001651,41,blue-collar,married,basic.4y,Desconocido,No,No
CLI001652,53,blue-collar,married,basic.9y,Desconocido,Sí,Sí
CLI001653,38,services,married,high.school,No,Sí,No
CLI001654,49,housemaid,married,basic.4y,No,Sí,No
CLI001655,46,self-employed,divorced,basic.9y,No,Sí,No
CLI001656,38,management,married,university.degree,No,No,No
CLI001657,25,student,single,Desconocido,No,No,No
CLI001658,44,services,divorced,high.school,No,Sí,Sí
CLI001659,59,management,married,Desconocido,No,Sí,No
CLI001660,30,self-employed,single,university.degree,No,Sí,No
CLI001661,43,unemployed,married,basic.9y,No,Sí,No
CLI001662,30,student,single,university.degree,No,Sí,No
CLI001663,43,Desconocido,married,high.school,Desconocido,No,No
CLI001664,50,entrepreneur,married,basic.9y,No,No,No
CLI001665,34,technician,married,professional.course,No,No,No
CLI001666,37,admin.,married,university.degree,No,Sí,No
CLI001667,56,admin.,married,high.school,Desconocido,Sí,No
CLI001668,33,technician,married,professional.course,No,No,No
CLI001669,37,blue-collar,married,basic.6y,Desconocido,Sí,Sí
CLI001670,32,technician,single,university.degree,No,No,No
CLI001671,45,blue-collar,married,basic.4y,Desconocido,Sí,Sí
CLI001672,43,management,married,professional.course,No,Sí,No
CLI001673,33,services,married,basic.6y,No,Sí,Sí
CLI001674,64,Desconocido,married,Desconocido,No,No,No
CLI001675,55,technician,divorced,professional.course,No,No,No
CLI001676,30,admin.,married,university.degree,Desconocido,No,No
CLI001677,33,technician,married,professional.course,No,Sí,No
CLI001678,34,technician,single,professional.course,No,Sí,No
CLI001679,59,admin.,married,university.degree,No,Sí,Sí
CLI001680,46,admin.,married,high.school,No,No,No
CLI001681,38,Desconocido,divorced,high.school,Desconocido,Sí,No
CLI001682,26,services,single,high.school,No,No,No
CLI001683,41,blue-collar,married,basic.9y,Desconocido,No,No
CLI001684,42,technician,single,professional.course,No,No,No
CLI001685,27,blue-collar,single,basic.9y,No,No,Sí
CLI001686,53,retired,married,high.school,Desconocido,Sí,No
CLI001687,49,blue-collar,married,basic.6y,No,Sí,No
CLI001688,45,management,married,university.degree,No,No,No
CLI001689,28,management,single,university.degree,No,No,No
CLI001690,28,technician,single,Desconocido,No,Sí,No
CLI001691,28,admin.,single,high.school,No,No,No
CLI001692,51,admin.,married,basic.9y,Desconocido,Sí,No
CLI001693,33,blue-collar,married,high.school,No,Sí,No
CLI001694,41,blue-collar,married,basic.6y,No,Sí,No
CLI001695,53,management,married,university.degree,No,Sí,No
CLI001696,33,admin.,married,university.degree,No,No,No
CLI001697,49,entrepreneur,married,university.degree,No,Sí,No
CLI001698,64,Desconocido,married,Desconocido,No,Sí,Sí
CLI001699,29,admin.,single,university.degree,No,Sí,No
CLI001700,49,blue-collar,married,basic.9y,Desconocido,No,No
CLI001701,56,retired,married,high.school,Desconocido,No,No
CLI001702,27,admin.,single,university.degree,No,No,No
CLI001703,50,admin.,married,university.degree,No,Sí,No
CLI001704,31,technician,single,university.degree,No,No,No
CLI001705,34,admin.,single,university.degree,No,No,Sí
CLI001706,46,technician,married,basic.4y,Desconocido,Sí,No
CLI001707,32,admin.,married,high.school,Desconocido,Sí,No
CLI001708,39,technician,divorced,professional.course,Desconocido,No,No
CLI001709,29,technician,married,professional.course,No,No,No
CLI001710,42,admin.,married,high.school,Desconocido,No,No
CLI001711,48,management,divorced,university.degree,No,Sí,No
CLI001712,30,entrepreneur,single,high.school,No,Sí,No
CLI001713,32,management,married,high.school,No,No,No
CLI001714,57,admin.,married,university.degree,Desconocido,Sí,No
CLI001715,53,admin.,single,professional.course,No,No,No
CLI001716,43,admin.,single,high.school,No,Sí,No
CLI001717,55,self-employed,married,,No,Sí,No
CLI001718,53,services,married,basic.9y,No,Sí,No
CLI001719,39,admin.,married,university.degree,No,No,No
CLI001720,44,blue-collar,married,Desconocido,Desconocido,No,No
CLI001721,44,admin.,married,basic.6y,No,No,No
CLI001722,50,housemaid,married,Desconocido,No,No,No
CLI001723,32,admin.,married,university.degree,No,Sí,Sí
CLI001724,29,admin.,married,university.degree,Desconocido,Sí,No
CLI001725,40,blue-collar,married,basic.9y,No,Sí,
CLI001726,43,management,married,university.degree,No,No,No
CLI001727,26,student,single,basic.9y,No,No,No
CLI001728,34,technician,single,professional.course,No,Sí,No
CLI001729,30,admin.,single,university.degree,Desconocido,Sí,No
CLI001730,36,admin.,married,university.degree,No,Sí,Sí
CLI001731,35,blue-collar,married,basic.4y,Desconocido,Sí,No
CLI001732,33,blue-collar,single,basic.4y,No,No,No
CLI001733,32,technician,married,high.school,No,No,Sí
CLI001734,50,admin.,divorced,high.school,Desconocido,No,No
CLI001735,34,admin.,single,Desconocido,Desconocido,Sí,No
CLI001736,47,admin.,married,high.school,No,Sí,No
CLI001737,37,blue-collar,married,basic.9y,No,Sí,Sí
CLI001739,41,services,married,high.school,No,Sí,No
CLI001740,29,admin.,single,university.degree,Desconocido,No,No
CLI001741,27,blue-collar,married,basic.6y,Desconocido,Sí,No
CLI001742,42,admin.,single,university.degree,No,No,No
CLI001743,30,management,married,university.degree,No,Sí,No
CLI001744,52,admin.,divorced,university.degree,No,No,Sí
CLI001745,55,blue-collar,married,basic.9y,Desconocido,No,No
CLI001746,27,technician,married,professional.course,No,No,No
CLI001747,32,admin.,married,university.degree,No,No,No
CLI001748,46,blue-collar,married,basic.4y,No,No,No
CLI001749,35,services,married,basic.9y,No,No,No
CLI001750,37,services,divorced,basic.6y,No,No,No
CLI001751,49,technician,married,professional.course,Desconocido,Sí,No
CLI001752,26,services,single,high.school,No,No,No
CLI001753,35,technician,married,professional.course,No,No,No
CLI001754,45,entrepreneur,married,university.degree,No,No,No
CLI001755,47,admin.,divorced,high.school,No,Sí,No
CLI001756,53,technician,married,professional.course,Desconocido,Sí,No
CLI001757,42,self-employed,married,university.degree,No,No,No
CLI001758,38,blue-collar,single,high.school,No,Sí,No
CLI001759,43,self-employed,married,basic.4y,No,No,Sí
CLI001760,57,entrepreneur,divorced,basic.9y,No,Sí,No
CLI001761,37,unemployed,married,professional.course,Desconocido,No,No
CLI001762,30,student,single,Desconocido,No,,Sí
CLI001763,54,entrepreneur,married,professional.course,No,No,No
CLI001764,42,admin.,married,high.school,No,No,No
CLI001765,39,admin.,single,high.school,No,No,No
CLI001766,34,management,married,basic.4y,No,Sí,No
CLI001767,49,services,married,high.school,No,Sí,No
CLI001768,25,entrepreneur,single,university.degree,No,No,Sí
CLI001769,37,admin.,single,university.degree,No,Sí,No
CLI001770,47,self-employed,married,university.degree,No,Sí,No
CLI001771,48,admin.,married,professional.course,Desconocido,Sí,No
CLI001772,41,Desconocido,married,Desconocido,No,Sí,No
CLI001773,44,admin.,married,university.degree,No,Sí,Sí
CLI001774,48,technician,single,Desconocido,No,Sí,No
CLI001775,41,blue-collar,married,basic.9y,No,Sí,Sí
CLI001776,53,admin.,married,basic.9y,Desconocido,No,No
CLI001777,35,technician,married,professional.course,No,No,No
CLI001778,37,housemaid,married,university.degree,No,Sí,No
CLI001779,31,entrepreneur,married,university.degree,No,Sí,No
CLI001780,52,admin.,married,high.school,No,Sí,Sí
CLI001781,36,management,married,university.degree,No,No,No
CLI001782,40,technician,married,professional.course,No,No,No
CLI001783,28,admin.,married,university.degree,No,No,No
CLI001784,37,management,divorced,Desconocido,No,Sí,No
CLI001785,33,blue-collar,single,basic.4y,No,No,No
CLI001786,39,entrepreneur,married,basic.9y,No,Sí,No
CLI001787,28,admin.,single,university.degree,No,Sí,No
CLI001788,38,student,single,Desconocido,No,No,Sí
CLI001789,53,admin.,married,university.degree,No,Sí,No
CLI001790,48,services,divorced,high.school,No,No,Sí
CLI001791,58,technician,married,basic.9y,No,Sí,No
CLI001792,37,blue-collar,married,basic.4y,Desconocido,No,No
CLI001793,39,technician,divorced,university.degree,No,No,Sí
CLI001794,55,retired,married,professional.course,No,Sí,
CLI001795,41,management,married,high.school,No,No,No
CLI001796,31,admin.,single,university.degree,No,No,No
CLI001797,44,blue-collar,single,basic.4y,No,Sí,No
CLI001798,25,admin.,single,university.degree,No,Sí,No
CLI001799,25,student,married,university.degree,No,Sí,Sí
CLI001800,46,services,married,high.school,No,Sí,Sí
CLI001801,34,management,married,high.school,No,Sí,No
CLI001802,41,admin.,married,high.school,No,No,No
CLI001803,31,blue-collar,married,basic.6y,No,Sí,Sí
CLI001804,45,unemployed,married,basic.6y,Desconocido,No,No
CLI001806,40,management,married,university.degree,No,No,No
CLI001807,48,entrepreneur,married,,Desconocido,Sí,No
CLI001808,38,technician,married,university.degree,No,Sí,Sí
CLI001809,34,admin.,married,high.school,No,No,No
CLI001810,48,blue-collar,married,basic.4y,Desconocido,Sí,No
CLI001811,39,technician,divorced,professional.course,No,Sí,No
CLI001812,39,services,married,high.school,No,No,No
CLI001813,59,admin.,married,university.degree,No,Sí,No
CLI001814,39,admin.,married,university.degree,No,No,No
CLI001815,30,services,divorced,basic.9y,No,No,Sí
CLI001816,42,blue-collar,married,basic.4y,No,No,No
CLI001817,47,admin.,divorced,university.degree,No,No,No
CLI001818,41,admin.,married,basic.9y,Desconocido,Sí,No
CLI001819,39,blue-collar,married,professional.course,Desconocido,Sí,No
CLI001820,31,blue-collar,married,basic.9y,No,No,No
CLI001821,31,unemployed,married,university.degree,No,No,No
CLI001822,54,services,divorced,high.school,No,,No
CLI001823,34,admin.,married,high.school,No,Sí,Sí
CLI001824,30,blue-collar,married,basic.9y,No,No,No
CLI001825,41,admin.,divorced,,No,Sí,No
CLI001826,31,services,married,high.school,No,No,No
CLI001827,56,self-employed,married,basic.9y,No,Sí,No
CLI001828,32,admin.,married,university.degree,Desconocido,Sí,No
CLI001829,27,housemaid,single,high.school,No,No,No
CLI001830,26,entrepreneur,married,university.degree,No,Sí,No
CLI001831,39,services,married,university.degree,No,Sí,No
CLI001832,58,management,divorced,university.degree,No,No,No
CLI001833,46,unemployed,married,basic.9y,No,Sí,No
CLI001834,42,blue-collar,married,basic.6y,No,No,No
CLI001835,32,self-employed,single,university.degree,No,No,No
CLI001836,31,services,single,basic.6y,No,Sí,No
CLI001837,38,blue-collar,married,basic.9y,No,No,No
CLI001838,49,admin.,divorced,university.degree,No,Sí,No
CLI001839,51,admin.,single,university.degree,Desconocido,Sí,Sí
CLI001840,29,technician,divorced,high.school,No,No,No
CLI001841,38,services,married,high.school,No,,Sí
CLI001842,21,student,single,high.school,No,No,No
CLI001843,34,blue-collar,single,basic.6y,No,Sí,Sí
CLI001844,36,blue-collar,married,high.school,No,Sí,No
CLI001845,45,services,single,high.school,No,Sí,No
CLI001846,53,retired,divorced,high.school,Desconocido,Sí,No
CLI001847,47,services,divorced,basic.9y,Desconocido,No,No
CLI001848,59,admin.,married,high.school,No,No,No
CLI001849,34,self-employed,divorced,professional.course,Desconocido,No,No
CLI001850,41,management,married,high.school,No,Sí,No
CLI001851,23,admin.,single,high.school,No,No,No
CLI001852,30,admin.,married,university.degree,No,No,No
CLI001853,44,blue-collar,married,basic.4y,No,Sí,No
CLI001854,39,technician,married,professional.course,No,No,No
CLI001855,38,admin.,divorced,university.degree,No,Sí,No
CLI001856,56,admin.,married,,Desconocido,No,No
CLI001857,59,retired,married,university.degree,No,Sí,No
CLI001858,25,student,single,high.school,No,Sí,No
CLI001859,45,admin.,single,high.school,Desconocido,Desconocido,Desconocido
CLI001860,46,services,married,Desconocido,No,No,No
CLI001861,32,management,married,high.school,No,Sí,No
CLI001862,29,entrepreneur,single,basic.9y,No,No,No
CLI001863,29,blue-collar,single,basic.6y,No,Sí,No
CLI001864,41,blue-collar,married,basic.6y,No,Sí,No
CLI001865,32,admin.,single,university.degree,No,Sí,No
CLI001866,46,entrepreneur,married,basic.9y,No,No,No
CLI001867,39,unemployed,divorced,high.school,No,No,No
CLI001868,41,admin.,married,university.degree,No,Sí,No
CLI001869,33,technician,married,university.degree,Desconocido,Sí,No
CLI001870,42,management,married,university.degree,No,Sí,Sí
CLI001871,35,technician,single,professional.course,No,No,No
CLI001872,31,blue-collar,married,basic.9y,No,No,No
CLI001873,45,blue-collar,married,basic.6y,No,No,Sí
CLI001874,39,admin.,married,university.degree,No,Sí,No
CLI001875,44,blue-collar,married,basic.6y,Desconocido,Sí,No
CLI001876,31,technician,married,university.degree,No,,No
CLI001877,33,blue-collar,married,basic.6y,Desconocido,Sí,No
CLI001878,32,blue-collar,married,basic.9y,No,Sí,No
CLI001879,31,self-employed,married,basic.9y,No,No,No
CLI001880,57,management,married,basic.9y,No,No,No
CLI001881,54,retired,single,basic.4y,No,Sí,No
CLI001882,31,management,married,high.school,No,No,No
CLI001883,43,blue-collar,married,basic.6y,Desconocido,Sí,No
CLI001884,44,admin.,married,basic.9y,Desconocido,Sí,Sí
CLI001885,32,admin.,single,university.degree,No,No,No
CLI001886,58,admin.,married,university.degree,No,Sí,No
CLI001887,32,admin.,married,high.school,No,Sí,No
CLI001888,51,admin.,single,basic.6y,No,No,No
CLI001889,32,blue-collar,single,basic.9y,No,Sí,Sí
CLI001890,33,technician,single,professional.course,No,No,No
CLI001891,30,admin.,married,university.degree,No,Sí,No
CLI001892,35,blue-collar,married,basic.9y,Desconocido,No,No
CLI001893,45,admin.,married,university.degree,No,Desconocido,Desconocido
CLI001894,42,entrepreneur,married,university.degree,No,Sí,No
CLI001895,31,unemployed,married,basic.9y,No,No,No
CLI001896,57,housemaid,married,high.school,Desconocido,No,No
CLI001897,25,student,single,university.degree,No,No,No
CLI001898,31,technician,married,high.school,No,No,No
CLI001899,51,blue-collar,married,basic.9y,No,Sí,No
CLI001900,37,technician,single,university.degree,No,No,No
CLI001901,51,admin.,married,basic.9y,No,No,Sí
CLI001902,57,technician,married,high.school,No,Sí,No
CLI001903,31,admin.,married,high.school,No,No,No
CLI001904,38,admin.,single,university.degree,No,No,No
CLI001905,56,blue-collar,single,,No,Sí,No
CLI001906,46,admin.,divorced,university.degree,Desconocido,Sí,No
CLI001907,38,management,married,university.degree,No,Sí,No
CLI001908,38,admin.,single,university.degree,No,Sí,No
CLI001909,49,services,married,high.school,No,No,No
CLI001910,34,admin.,single,professional.course,No,No,No
CLI001911,38,technician,married,,No,No,No
CLI001912,41,blue-collar,divorced,basic.6y,No,No,No
CLI001913,43,management,married,university.degree,No,No,No
CLI001914,48,retired,married,basic.4y,Desconocido,No,No
CLI001915,40,technician,married,professional.course,No,No,No
CLI001916,52,management,divorced,university.degree,No,No,Sí
CLI001917,54,management,married,university.degree,No,Sí,Sí
CLI001918,38,blue-collar,married,high.school,Desconocido,No,No
CLI001919,35,admin.,single,university.degree,No,No,No
CLI001920,44,admin.,married,professional.course,No,Sí,No
CLI001921,35,technician,married,professional.course,No,Sí,Sí
CLI001922,33,technician,single,professional.course,No,No,No
CLI001923,53,admin.,married,university.degree,No,No,Sí
CLI001924,33,blue-collar,divorced,basic.9y,Desconocido,No,No
CLI001925,65,retired,single,university.degree,No,No,No
CLI001926,30,technician,married,university.degree,No,No,No
CLI001927,31,student,single,Desconocido,No,Desconocido,Desconocido
CLI001928,39,services,single,high.school,Desconocido,No,No
CLI001929,28,admin.,single,high.school,No,Sí,No
CLI001930,43,blue-collar,married,basic.4y,Desconocido,No,Sí
CLI001931,71,retired,married,Desconocido,No,Sí,No
CLI001932,34,admin.,married,high.school,No,Sí,No
CLI001933,49,blue-collar,married,basic.9y,Desconocido,No,No
CLI001934,58,retired,married,professional.course,No,Sí,No
CLI001935,27,admin.,single,high.school,No,Sí,Sí
CLI001936,44,blue-collar,divorced,Desconocido,No,Sí,Sí
CLI001937,26,admin.,single,university.degree,No,Sí,No
CLI001938,51,technician,married,basic.9y,No,No,No
CLI001939,58,management,divorced,university.degree,No,Sí,No
CLI001940,37,blue-collar,married,basic.6y,No,No,No
CLI001941,46,admin.,married,high.school,No,Sí,No
CLI001942,55,management,married,basic.6y,Desconocido,Sí,No
CLI001943,44,technician,married,professional.course,No,Sí,No
CLI001944,46,blue-collar,married,basic.9y,Desconocido,No,No
CLI001945,52,blue-collar,married,basic.4y,No,No,No
CLI001946,59,admin.,married,university.degree,No,Sí,No
CLI001947,41,blue-collar,married,basic.4y,Desconocido,No,No
CLI001948,66,retired,married,high.school,No,No,No
CLI001949,32,admin.,married,university.degree,No,No,No
CLI001950,41,admin.,married,basic.9y,No,No,No
CLI001951,34,admin.,single,basic.9y,No,No,No
CLI001952,34,technician,married,professional.course,No,No,No
CLI001953,34,admin.,married,university.degree,No,No,Sí
CLI001954,41,technician,married,professional.course,No,No,No
CLI001955,50,technician,divorced,university.degree,No,Sí,No
CLI001956,26,self-employed,single,university.degree,No,No,No
CLI001957,38,blue-collar,married,high.school,Desconocido,Sí,No
CLI001958,46,admin.,married,university.degree,No,Sí,No
CLI001959,32,self-employed,married,basic.9y,No,No,No
CLI001960,31,management,single,high.school,No,No,No
CLI001961,32,admin.,married,university.degree,No,Sí,No
CLI001962,30,admin.,single,university.degree,No,No,No
CLI001963,45,housemaid,divorced,basic.4y,Desconocido,Sí,No
CLI001964,47,blue-collar,married,basic.6y,No,Sí,No
CLI001965,28,services,married,high.school,No,Sí,No
CLI001966,36,services,married,high.school,Desconocido,Sí,No
CLI001967,32,technician,married,professional.course,No,Sí,No
CLI001968,33,blue-collar,single,basic.9y,Desconocido,No,No
CLI001969,45,technician,married,professional.course,No,No,No
CLI001970,53,blue-collar,single,basic.4y,Desconocido,Sí,No
CLI001971,43,blue-collar,single,basic.6y,No,No,No
CLI001972,41,admin.,married,high.school,No,No,No
CLI001973,29,entrepreneur,married,university.degree,No,Sí,No
CLI001974,36,admin.,married,university.degree,Desconocido,Sí,No
CLI001975,24,student,single,high.school,No,No,No
CLI001976,34,blue-collar,married,basic.9y,Desconocido,No,Sí
CLI001977,45,blue-collar,married,basic.9y,Desconocido,No,No
CLI001978,37,housemaid,married,university.degree,No,Sí,No
CLI001979,35,blue-collar,married,high.school,No,No,No
CLI001980,30,admin.,divorced,university.degree,No,No,Sí
CLI001981,39,blue-collar,married,basic.4y,No,Sí,No
CLI001982,42,services,married,professional.course,No,No,No
CLI001983,57,retired,single,university.degree,No,No,No
CLI001984,41,technician,married,professional.course,No,Sí,No
CLI001985,44,unemployed,married,basic.9y,Desconocido,No,Sí
CLI001986,46,services,married,basic.9y,No,Sí,No
CLI001987,51,blue-collar,married,basic.4y,Desconocido,No,No
CLI001988,36,technician,married,university.degree,No,No,No
CLI001989,48,admin.,single,university.degree,No,Sí,Sí
CLI001990,44,blue-collar,single,university.degree,Desconocido,Sí,Sí
CLI001991,57,retired,single,basic.4y,No,Sí,No
CLI001992,24,student,single,Desconocido,No,Sí,No
CLI001993,30,admin.,divorced,university.degree,No,Sí,Sí
CLI001994,30,technician,single,university.degree,No,Sí,No
CLI001995,33,self-employed,single,university.degree,No,No,No
CLI001996,32,technician,married,professional.course,No,Sí,Sí
CLI001997,62,retired,married,Desconocido,No,No,No
CLI001998,28,blue-collar,single,basic.9y,No,No,No
CLI001999,70,admin.,divorced,university.degree,No,No,No
CLI002000,37,services,single,high.school,No,Sí,No
CLI002001,38,management,married,university.degree,No,Sí,No
CLI002002,28,blue-collar,married,basic.6y,Desconocido,No,No
CLI002003,51,unemployed,married,basic.9y,Desconocido,Sí,No
CLI002004,38,technician,single,high.school,No,Sí,No
CLI002005,35,admin.,single,professional.course,Desconocido,Sí,No
CLI002006,42,admin.,married,university.degree,No,No,No
CLI002007,55,technician,married,professional.course,No,No,No
CLI002008,26,blue-collar,married,basic.9y,No,Sí,No
CLI002009,42,blue-collar,married,basic.4y,No,Sí,No
CLI002010,45,entrepreneur,married,university.degree,No,Sí,No
CLI002011,58,retired,married,basic.4y,No,No,No
CLI002012,30,management,single,university.degree,No,Sí,No
CLI002013,59,retired,married,basic.4y,No,No,No
CLI002014,49,housemaid,married,basic.4y,Desconocido,Sí,
CLI002015,50,admin.,married,university.degree,No,Sí,No
CLI002016,32,services,married,high.school,No,No,No
CLI002017,30,technician,single,professional.course,No,No,No
CLI002018,44,blue-collar,married,basic.4y,Desconocido,Sí,Sí
CLI002019,59,blue-collar,married,basic.4y,No,Sí,
CLI002020,34,technician,married,professional.course,No,Sí,No
CLI002021,63,technician,married,Desconocido,No,Sí,No
CLI002022,33,admin.,single,university.degree,No,Sí,No
CLI002023,46,admin.,married,basic.9y,Desconocido,No,No
CLI002024,34,admin.,married,university.degree,No,No,No
CLI002025,45,management,married,Desconocido,No,Sí,No
CLI002026,54,admin.,married,high.school,No,Sí,No
CLI002027,46,blue-collar,married,basic.6y,Desconocido,No,No
CLI002028,53,technician,married,Desconocido,No,Sí,No
CLI002029,38,technician,single,university.degree,No,No,No
CLI002030,31,student,single,Desconocido,No,Sí,No
CLI002031,24,technician,single,basic.9y,No,No,No
CLI002032,33,self-employed,married,basic.9y,Desconocido,Sí,No
CLI002033,34,technician,married,basic.6y,Desconocido,No,No
CLI002034,27,blue-collar,married,basic.9y,No,No,No
CLI002035,35,self-employed,married,university.degree,No,Sí,No
CLI002036,23,technician,single,high.school,No,No,No
CLI002037,32,technician,single,,No,No,No
CLI002038,38,admin.,divorced,university.degree,No,No,No
CLI002039,42,admin.,divorced,university.degree,No,No,No
CLI002040,36,technician,married,professional.course,No,No,No
CLI002041,29,management,single,university.degree,No,Sí,No
CLI002042,59,retired,married,university.degree,Desconocido,Sí,Sí
CLI002043,38,blue-collar,married,basic.9y,Desconocido,Desconocido,Desconocido
CLI002044,40,technician,single,university.degree,No,No,No
CLI002045,29,admin.,single,high.school,No,Sí,No
CLI002046,39,technician,married,professional.course,No,Sí,No
CLI002047,38,admin.,divorced,high.school,No,No,No
CLI002048,51,blue-collar,married,basic.4y,Desconocido,No,No
CLI002049,41,admin.,married,high.school,Desconocido,No,No
CLI002050,37,admin.,married,university.degree,No,Sí,No
CLI002051,56,technician,married,professional.course,No,No,No
CLI002052,28,admin.,single,university.degree,No,Sí,Sí
CLI002053,46,blue-collar,married,basic.4y,Desconocido,No,No
CLI002054,55,blue-collar,married,basic.4y,No,No,No
CLI002055,69,retired,married,high.school,No,,Sí
CLI002056,32,technician,married,basic.9y,Desconocido,No,No
CLI002057,37,technician,married,high.school,Desconocido,Sí,Sí
CLI002058,50,management,married,university.degree,Desconocido,Sí,No
CLI002059,31,technician,single,high.school,No,Sí,No
CLI002060,31,services,married,high.school,No,No,No
CLI002061,41,admin.,divorced,university.degree,Desconocido,Sí,No
CLI002062,25,admin.,married,Desconocido,No,No,No
CLI002063,24,services,single,high.school,No,Sí,No
CLI002064,38,blue-collar,married,basic.6y,Desconocido,No,No
CLI002065,30,blue-collar,married,basic.9y,No,No,Sí
CLI002066,36,technician,married,university.degree,No,No,No
CLI002067,31,technician,divorced,university.degree,No,Sí,No
CLI002068,41,blue-collar,married,basic.6y,No,No,No
CLI002069,47,blue-collar,married,professional.course,Desconocido,Sí,No
CLI002070,33,self-employed,married,basic.9y,No,Sí,No
CLI002071,30,technician,Desconocido,university.degree,No,No,No
CLI002072,53,management,married,university.degree,No,Sí,No
CLI002073,36,technician,married,high.school,No,Sí,No
CLI002074,45,blue-collar,single,basic.9y,No,,No
CLI002075,40,services,married,basic.6y,No,No,No
CLI002076,43,housemaid,married,basic.4y,No,Sí,No
CLI002077,30,technician,married,professional.course,No,No,No
CLI002078,56,technician,married,Desconocido,No,No,Sí
CLI002079,45,technician,married,professional.course,Desconocido,Sí,No
CLI002080,41,blue-collar,married,basic.9y,No,No,Sí
CLI002081,37,blue-collar,married,basic.6y,No,Sí,No
CLI002082,31,admin.,single,university.degree,No,Sí,Sí
CLI002083,38,technician,married,university.degree,No,No,No
CLI002084,35,student,single,high.school,No,Sí,Sí
CLI002085,37,admin.,married,high.school,No,Sí,No
CLI002086,44,blue-collar,married,basic.9y,No,Sí,
CLI002087,33,admin.,single,university.degree,No,Sí,Sí
CLI002088,35,blue-collar,married,basic.6y,Desconocido,No,No
CLI002089,41,management,married,university.degree,No,Sí,No
CLI002090,34,admin.,married,university.degree,No,No,Sí
CLI002091,33,admin.,single,university.degree,No,No,No
CLI002092,43,management,single,university.degree,No,No,No
CLI002093,38,entrepreneur,married,basic.6y,No,No,
CLI002094,43,services,married,high.school,No,Sí,No
CLI002095,53,blue-collar,married,basic.9y,No,Sí,No
CLI002096,37,services,married,high.school,No,Sí,No
CLI002097,55,blue-collar,married,high.school,No,No,No
CLI002098,33,services,married,high.school,No,No,No
CLI002099,29,technician,divorced,professional.course,Desconocido,Sí,No
CLI002100,52,housemaid,married,university.degree,No,No,Sí
CLI002101,37,admin.,single,university.degree,No,Sí,No
CLI002102,32,blue-collar,married,high.school,No,Sí,No
CLI002103,33,blue-collar,married,basic.9y,No,Sí,No
CLI002104,48,management,married,basic.9y,No,Sí,No
CLI002105,55,retired,married,basic.4y,Desconocido,Sí,Sí
CLI002106,49,admin.,divorced,high.school,No,No,No
CLI002107,39,unemployed,divorced,,Desconocido,No,No
CLI002108,31,entrepreneur,married,university.degree,No,Sí,No
CLI002109,26,services,married,high.school,No,No,No
CLI002110,28,technician,married,basic.9y,No,Sí,No
CLI002111,33,services,married,professional.course,No,Sí,Sí
CLI002112,41,entrepreneur,single,university.degree,Desconocido,Sí,No
CLI002113,27,blue-collar,single,basic.9y,No,No,No
CLI002114,33,management,married,university.degree,No,Sí,No
CLI002115,56,blue-collar,married,basic.9y,Desconocido,No,
CLI002116,30,admin.,married,basic.9y,No,Sí,Sí
CLI002117,46,self-employed,married,basic.4y,Desconocido,No,No
CLI002118,36,admin.,married,university.degree,No,Sí,Sí
CLI002119,34,technician,single,professional.course,Desconocido,Sí,No
CLI002120,58,retired,married,basic.4y,No,No,
CLI002121,44,management,married,university.degree,No,No,No
CLI002122,48,blue-collar,married,basic.9y,No,Sí,No
CLI002123,48,blue-collar,married,basic.9y,Desconocido,Sí,No
CLI002124,27,admin.,married,high.school,No,Sí,No
CLI002125,53,unemployed,married,university.degree,No,Sí,No
CLI002126,50,technician,married,professional.course,No,Sí,No
CLI002127,46,management,married,university.degree,No,Sí,No
CLI002128,24,student,single,high.school,No,Sí,No
CLI002129,58,self-employed,married,university.degree,No,No,No
CLI002130,26,admin.,married,high.school,No,No,No
CLI002131,31,blue-collar,married,basic.9y,No,No,No
CLI002132,45,technician,single,professional.course,Desconocido,Sí,Sí
CLI002133,37,admin.,married,university.degree,Desconocido,No,No
CLI002134,34,admin.,single,high.school,No,Sí,No
CLI002135,37,admin.,married,university.degree,No,No,No
CLI002136,29,technician,single,high.school,No,No,Sí
CLI002137,27,admin.,single,university.degree,No,Sí,No
CLI002138,26,services,single,high.school,No,Sí,No
CLI002139,36,management,married,basic.9y,No,Sí,Sí
CLI002140,48,admin.,divorced,high.school,No,No,No
CLI002141,46,management,married,university.degree,No,Sí,Sí
CLI002142,42,blue-collar,divorced,basic.4y,Desconocido,No,No
CLI002143,43,technician,married,university.degree,No,Sí,No
CLI002144,42,unemployed,married,high.school,Desconocido,Sí,Sí
CLI002145,29,admin.,single,university.degree,No,No,Sí
CLI002146,31,admin.,divorced,high.school,No,No,Sí
CLI002147,57,management,married,university.degree,Desconocido,No,No
CLI002148,31,management,single,university.degree,No,Sí,No
CLI002149,55,blue-collar,married,basic.9y,No,No,No
CLI002150,49,admin.,married,high.school,No,Sí,No
CLI002151,36,admin.,married,university.degree,No,Sí,No
CLI002152,30,Desconocido,married,,No,No,No
CLI002153,38,admin.,married,high.school,No,No,No
CLI002154,51,blue-collar,married,basic.9y,No,No,No
CLI002155,48,admin.,married,professional.course,Desconocido,Sí,No
CLI002156,45,admin.,married,university.degree,No,No,No
CLI002157,27,blue-collar,Desconocido,high.school,No,No,No
CLI002158,54,technician,married,professional.course,No,Sí,No
CLI002159,31,blue-collar,single,basic.9y,Desconocido,Sí,
CLI002160,37,admin.,married,basic.4y,No,Sí,No
CLI002161,36,services,single,high.school,Desconocido,No,Sí
CLI002162,41,blue-collar,married,basic.9y,Desconocido,Sí,No
CLI002163,40,admin.,single,Desconocido,Desconocido,No,Sí
CLI002164,36,technician,divorced,university.degree,Desconocido,Sí,No
CLI002165,41,blue-collar,married,basic.9y,Desconocido,No,No
CLI002166,34,technician,married,professional.course,No,Sí,No
CLI002167,30,admin.,single,university.degree,No,Sí,No
CLI002168,41,blue-collar,married,basic.4y,No,No,No
CLI002169,30,services,single,high.school,No,No,No
CLI002170,41,technician,divorced,high.school,No,Sí,No
CLI002171,27,admin.,married,high.school,No,Sí,No
CLI002172,30,admin.,single,university.degree,No,Sí,No
CLI002173,38,management,married,high.school,No,No,No
CLI002174,32,management,single,university.degree,No,No,No
CLI002175,29,admin.,married,high.school,No,No,No
CLI002176,45,blue-collar,married,basic.9y,Desconocido,Sí,Sí
CLI002177,48,technician,married,professional.course,Desconocido,Sí,No
CLI002178,39,blue-collar,single,basic.4y,Desconocido,No,No
CLI002179,47,housemaid,married,basic.4y,No,No,No
CLI002180,39,blue-collar,married,basic.9y,No,No,No
CLI002181,23,student,single,basic.9y,No,No,No
CLI002182,31,blue-collar,married,basic.4y,No,Sí,Sí
CLI002183,31,technician,single,university.degree,No,Sí,No
CLI002184,39,management,married,basic.9y,No,No,No
CLI002185,45,admin.,single,high.school,No,No,No
CLI002186,39,technician,married,professional.course,No,Sí,Sí
CLI002187,37,technician,married,professional.course,No,No,No
CLI002188,25,services,single,basic.9y,No,No,No
CLI002189,50,blue-collar,married,basic.4y,No,Desconocido,Desconocido
CLI002190,28,entrepreneur,single,high.school,No,Sí,No
CLI002191,33,services,single,high.school,No,Sí,No
CLI002192,41,admin.,married,basic.9y,Desconocido,Sí,No
CLI002193,30,housemaid,married,university.degree,No,Sí,No
CLI002194,41,technician,single,professional.course,No,Sí,No
CLI002195,59,entrepreneur,married,basic.9y,No,No,No
CLI002196,37,housemaid,single,university.degree,No,No,
CLI002197,31,blue-collar,married,basic.4y,No,Sí,No
CLI002198,31,admin.,single,university.degree,No,Sí,No
CLI002199,49,blue-collar,married,basic.9y,No,No,No
CLI002200,46,management,married,basic.9y,No,Sí,No
CLI002201,33,services,single,high.school,No,Sí,No
CLI002202,40,services,married,high.school,No,No,No
CLI002203,18,student,single,basic.9y,No,Sí,No
CLI002204,76,retired,married,basic.4y,No,,No
CLI002205,57,admin.,married,university.degree,No,No,Sí
CLI002206,73,retired,married,basic.4y,No,Sí,No
CLI002207,48,services,married,basic.4y,Desconocido,Sí,No
CLI002208,56,services,divorced,high.school,Desconocido,Sí,No
CLI002209,37,technician,single,university.degree,No,No,No
CLI002210,45,admin.,divorced,university.degree,No,No,No
CLI002211,28,technician,single,high.school,No,No,No
CLI002212,39,technician,single,university.degree,No,Sí,No
CLI002213,35,blue-collar,divorced,high.school,No,No,No
CLI002214,51,services,divorced,basic.4y,Desconocido,Sí,No
CLI002215,46,housemaid,single,university.degree,Desconocido,No,Sí
CLI002216,50,self-employed,married,,No,Sí,Sí
CLI002217,42,admin.,married,university.degree,No,No,No
CLI002218,41,blue-collar,single,basic.9y,Desconocido,No,No
CLI002219,32,blue-collar,married,basic.9y,No,No,No
CLI002220,31,management,single,university.degree,No,Sí,No
CLI002221,44,blue-collar,divorced,Desconocido,No,No,Sí
CLI002222,37,blue-collar,married,basic.4y,Desconocido,,No
CLI002223,27,blue-collar,single,basic.9y,No,Sí,No
CLI002224,37,admin.,married,university.degree,No,Sí,No
CLI002225,45,services,married,high.school,Desconocido,,No
CLI002226,41,admin.,married,basic.9y,Desconocido,Sí,No
CLI002227,32,technician,married,university.degree,No,No,Sí
CLI002228,46,admin.,married,high.school,No,No,No
CLI002229,39,technician,married,high.school,No,No,No
CLI002230,53,management,married,university.degree,No,Sí,No
CLI002231,32,technician,married,university.degree,No,No,No
CLI002232,31,services,single,high.school,No,Desconocido,Desconocido
CLI002233,33,blue-collar,married,basic.6y,No,No,No
CLI002234,40,technician,single,university.degree,No,Sí,No
CLI002235,34,technician,single,professional.course,No,Sí,No
CLI002236,23,unemployed,single,university.degree,No,Sí,No
CLI002237,53,entrepreneur,divorced,university.degree,No,No,No
CLI002238,46,admin.,single,university.degree,No,Sí,No
CLI002239,32,admin.,married,university.degree,No,Sí,No
CLI002240,30,admin.,divorced,university.degree,Desconocido,No,No
CLI002241,29,admin.,single,basic.9y,Desconocido,Sí,No
CLI002242,39,blue-collar,married,basic.9y,No,Sí,No
CLI002243,46,admin.,divorced,university.degree,No,Sí,No
CLI002244,49,admin.,single,high.school,No,No,No
CLI002245,36,services,married,high.school,No,Sí,No
CLI002246,36,entrepreneur,married,university.degree,No,Sí,No
CLI002247,20,student,single,high.school,No,No,No
CLI002248,33,management,married,university.degree,No,Sí,No
CLI002249,23,management,single,university.degree,No,Sí,No
CLI002250,58,retired,married,university.degree,No,Desconocido,Desconocido
CLI002251,36,services,married,high.school,No,Sí,Sí
CLI002252,31,technician,single,high.school,No,No,No
CLI002253,37,admin.,single,high.school,No,No,No
CLI002254,57,blue-collar,married,basic.4y,Desconocido,,No
CLI002255,34,blue-collar,divorced,basic.9y,Desconocido,Sí,No
CLI002256,29,services,divorced,high.school,No,Sí,No
CLI002257,54,admin.,divorced,university.degree,No,Sí,No
CLI002258,49,blue-collar,married,basic.9y,No,No,No
CLI002259,32,blue-collar,married,basic.9y,Desconocido,Sí,No
CLI002260,38,blue-collar,single,Desconocido,Desconocido,No,Sí
CLI002261,33,management,married,high.school,Desconocido,No,No
CLI002262,30,blue-collar,married,basic.9y,No,Sí,Sí
CLI002263,78,retired,married,basic.4y,No,Sí,No
CLI002264,35,admin.,single,high.school,No,No,Sí
CLI002265,51,blue-collar,married,basic.6y,Desconocido,Desconocido,Desconocido
CLI002266,47,management,divorced,university.degree,No,No,No
CLI002267,44,admin.,single,university.degree,No,No,No
CLI002268,47,blue-collar,married,high.school,No,No,No
CLI002269,34,admin.,single,university.degree,No,Sí,No
CLI002270,37,blue-collar,single,professional.course,No,Sí,No
CLI002271,30,technician,married,professional.course,No,Sí,No
CLI002272,30,management,married,university.degree,No,Sí,Sí
CLI002273,36,blue-collar,married,Desconocido,Desconocido,No,No
CLI002274,50,management,single,university.degree,No,No,No
CLI002275,37,blue-collar,married,Desconocido,No,No,No
CLI002276,28,admin.,single,basic.9y,Desconocido,No,No
CLI002277,35,blue-collar,married,basic.9y,No,No,Sí
CLI002278,43,blue-collar,married,high.school,Desconocido,No,Sí
CLI002279,44,Desconocido,married,Desconocido,Desconocido,Desconocido,Desconocido
CLI002280,29,admin.,single,university.degree,No,Sí,No
CLI002281,51,blue-collar,married,basic.4y,Desconocido,Sí,No
CLI002282,33,admin.,married,basic.9y,No,No,No
CLI002283,44,blue-collar,single,,Desconocido,No,No
CLI002284,51,technician,married,Desconocido,No,No,No
CLI002285,51,blue-collar,married,basic.4y,No,Sí,No
CLI002286,48,technician,married,professional.course,Desconocido,No,No
CLI002287,31,technician,married,professional.course,No,Sí,No
CLI002288,54,blue-collar,married,basic.4y,Desconocido,No,
CLI002289,42,admin.,married,university.degree,No,No,No
CLI002290,29,technician,single,professional.course,No,Sí,No
CLI002291,55,management,married,university.degree,No,No,Sí
CLI002292,35,management,married,basic.4y,No,No,No
CLI002293,30,technician,single,university.degree,Desconocido,Sí,No
CLI002294,56,blue-collar,married,basic.9y,No,Sí,No
CLI002295,59,technician,married,professional.course,No,Sí,No
CLI002296,39,unemployed,single,basic.9y,Desconocido,Sí,No
CLI002297,45,technician,divorced,high.school,No,,No
CLI002298,54,management,divorced,basic.6y,Desconocido,Sí,No
CLI002299,53,self-employed,divorced,university.degree,No,Sí,No
CLI002300,50,entrepreneur,married,basic.4y,Desconocido,No,No
CLI002301,39,admin.,married,high.school,Desconocido,Sí,No
CLI002302,26,entrepreneur,single,university.degree,No,No,No
CLI002303,29,housemaid,single,university.degree,No,No,No
CLI002304,33,admin.,married,university.degree,No,Sí,No
CLI002305,56,services,divorced,high.school,Desconocido,Sí,No
CLI002306,47,retired,married,basic.4y,No,Desconocido,Desconocido
CLI002307,27,technician,married,professional.course,No,Sí,No
CLI002308,28,student,single,high.school,No,Sí,No
CLI002309,34,technician,married,professional.course,No,No,No
CLI002310,48,admin.,married,university.degree,No,Sí,No
CLI002311,31,admin.,married,high.school,No,Sí,No
CLI002312,29,admin.,single,high.school,No,Sí,No
CLI002313,38,technician,married,university.degree,No,Sí,No
CLI002314,43,admin.,married,professional.course,Desconocido,No,No
CLI002315,28,blue-collar,single,basic.9y,No,No,No
CLI002316,29,management,married,university.degree,No,No,No
CLI002317,57,admin.,married,university.degree,Desconocido,Sí,No
CLI002318,24,services,single,high.school,No,Sí,No
CLI002319,55,blue-collar,married,basic.4y,Desconocido,Sí,Sí
CLI002320,36,admin.,married,university.degree,No,Sí,No
CLI002321,34,technician,single,professional.course,No,No,No
CLI002322,38,blue-collar,married,Desconocido,No,Sí,Sí
CLI002323,44,blue-collar,married,illiterate,No,No,No
CLI002324,44,entrepreneur,married,high.school,No,No,No
CLI002325,44,entrepreneur,single,,No,No,No
CLI002326,31,technician,married,professional.course,No,No,No
CLI002327,41,blue-collar,married,basic.6y,No,No,No
CLI002328,35,services,single,high.school,Desconocido,No,
CLI002329,43,blue-collar,married,basic.9y,No,Sí,No
CLI002330,24,technician,single,professional.course,No,No,No
CLI002331,56,admin.,married,university.degree,No,Sí,No
CLI002332,33,blue-collar,married,basic.9y,No,Sí,No
CLI002333,34,admin.,divorced,university.degree,No,No,No
CLI002334,37,self-employed,married,professional.course,No,Sí,No
CLI002335,28,technician,single,university.degree,Desconocido,No,
CLI002336,33,blue-collar,married,professional.course,No,Sí,No
CLI002337,58,retired,married,basic.9y,No,No,Sí
CLI002338,48,services,married,high.school,No,Sí,No
CLI002339,69,retired,married,basic.6y,No,Sí,No
CLI002340,37,blue-collar,single,basic.4y,No,Sí,Sí
CLI002341,37,admin.,married,university.degree,No,Sí,No
CLI002342,36,blue-collar,single,high.school,No,Sí,No
CLI002343,30,admin.,divorced,high.school,No,Sí,No
CLI002344,59,retired,married,basic.9y,No,Sí,No
CLI002345,28,blue-collar,married,basic.6y,No,Sí,No
CLI002346,32,admin.,divorced,high.school,No,Sí,No
CLI002347,32,services,single,university.degree,No,Sí,No
CLI002348,59,Desconocido,married,Desconocido,Desconocido,No,No
CLI002349,34,technician,married,professional.course,Desconocido,No,No
CLI002350,33,technician,divorced,high.school,No,Sí,No
CLI002351,43,blue-collar,divorced,high.school,No,Sí,No
CLI002352,33,admin.,single,university.degree,No,Sí,No
CLI002353,34,self-employed,married,university.degree,No,No,
CLI002354,31,admin.,single,university.degree,No,No,No
CLI002355,44,Desconocido,married,basic.6y,No,,No
CLI002356,51,blue-collar,married,basic.4y,Desconocido,Sí,No
CLI002357,46,blue-collar,married,basic.9y,No,Sí,No
CLI002358,45,self-employed,married,university.degree,No,No,No
CLI002359,33,self-employed,married,basic.4y,No,No,No
CLI002360,47,blue-collar,married,Desconocido,Desconocido,Sí,Sí
CLI002361,40,admin.,single,high.school,No,No,No
CLI002362,33,services,single,high.school,No,Sí,No
CLI002363,45,blue-collar,married,basic.9y,Desconocido,Sí,No
CLI002364,47,management,married,basic.4y,Desconocido,No,No
CLI002365,58,technician,married,basic.4y,No,Sí,No
CLI002366,41,blue-collar,married,,Desconocido,Sí,Sí
CLI002367,30,blue-collar,single,high.school,No,No,No
CLI002368,39,technician,married,professional.course,No,Desconocido,Desconocido
CLI002369,45,admin.,single,university.degree,No,Sí,No
CLI002370,34,technician,single,,No,Sí,No
CLI002371,31,services,single,high.school,No,Sí,No
CLI002372,59,blue-collar,married,basic.6y,No,Sí,No
CLI002373,59,housemaid,married,professional.course,No,No,No
CLI002374,33,services,single,high.school,No,No,No
CLI002375,38,admin.,married,high.school,No,Sí,No
CLI002376,34,blue-collar,divorced,professional.course,No,No,No
CLI002377,35,technician,single,,No,No,Sí
CLI002378,33,management,married,university.degree,No,Sí,Sí
CLI002379,32,admin.,single,university.degree,No,Sí,No
CLI002380,34,technician,married,professional.course,No,No,No
CLI002381,31,admin.,single,university.degree,No,Sí,Sí
CLI002382,30,admin.,married,university.degree,No,Sí,No
CLI002383,45,services,divorced,high.school,Desconocido,Sí,No
CLI002384,55,management,divorced,university.degree,No,Sí,No
CLI002385,31,services,married,high.school,No,Sí,No
CLI002386,30,services,married,high.school,No,No,No
CLI002388,44,blue-collar,married,high.school,No,Sí,No
CLI002389,41,blue-collar,divorced,basic.4y,Desconocido,Sí,No
CLI002390,35,services,married,basic.6y,No,No,No
CLI002391,47,services,divorced,high.school,No,Sí,No
CLI002392,26,blue-collar,single,professional.course,No,Sí,No
CLI002393,27,technician,single,professional.course,No,No,No
CLI002394,36,admin.,married,university.degree,No,No,Sí
CLI002395,52,services,divorced,high.school,Desconocido,,No
CLI002396,56,admin.,divorced,basic.6y,Desconocido,No,No
CLI002397,40,management,married,university.degree,No,Sí,
CLI002398,60,retired,married,high.school,No,Desconocido,Desconocido
CLI002399,33,technician,married,professional.course,No,Sí,No
CLI002400,33,admin.,single,university.degree,No,No,No
CLI002401,29,services,single,high.school,No,Sí,No
CLI002402,26,admin.,married,high.school,Desconocido,No,No
CLI002403,42,blue-collar,married,basic.6y,Desconocido,No,No
CLI002404,42,services,married,high.school,No,No,No
CLI002405,43,blue-collar,married,basic.4y,Desconocido,Sí,No
CLI002406,48,blue-collar,married,basic.6y,Desconocido,Sí,No
CLI002407,31,technician,married,professional.course,No,Sí,No
CLI002408,33,admin.,married,university.degree,No,Sí,No
CLI002409,30,admin.,single,university.degree,No,Sí,No
CLI002410,27,unemployed,married,basic.6y,Desconocido,Sí,No
CLI002411,42,admin.,married,university.degree,No,No,Sí
CLI002412,64,admin.,married,high.school,No,No,No
CLI002413,31,admin.,single,university.degree,No,Sí,No
CLI002414,59,admin.,married,university.degree,Desconocido,No,Sí
CLI002415,34,technician,married,professional.course,No,Sí,No
CLI002416,33,management,married,university.degree,No,Sí,No
CLI002417,34,blue-collar,married,professional.course,No,Sí,Sí
CLI002418,25,technician,single,university.degree,No,No,No
CLI002419,48,admin.,married,basic.4y,No,Sí,No
CLI002420,38,services,divorced,basic.6y,No,No,No
CLI002421,41,admin.,married,Desconocido,Desconocido,No,No
CLI002422,38,admin.,married,university.degree,No,No,No
CLI002423,47,technician,divorced,high.school,No,Sí,No
CLI002424,54,management,married,high.school,Desconocido,No,No
CLI002425,41,admin.,married,university.degree,No,No,No
CLI002426,83,retired,divorced,basic.4y,No,Sí,No
CLI002427,48,blue-collar,married,basic.9y,Desconocido,No,No
CLI002428,28,admin.,single,university.degree,No,No,No
CLI002429,58,admin.,married,high.school,No,Sí,No
CLI002430,39,blue-collar,married,basic.6y,Desconocido,Sí,No
CLI002431,44,technician,single,professional.course,No,Sí,No
CLI002432,38,admin.,married,high.school,No,No,No
CLI002433,39,unemployed,single,high.school,No,Sí,No
CLI002434,37,admin.,divorced,high.school,No,No,Sí
CLI002435,36,blue-collar,married,,No,Desconocido,Desconocido
CLI002436,54,technician,single,university.degree,No,Sí,No
CLI002437,49,blue-collar,married,basic.4y,No,Sí,No
CLI002438,40,management,married,university.degree,No,Sí,No
CLI002439,39,admin.,married,high.school,No,Sí,No
CLI002440,30,blue-collar,married,basic.6y,No,Sí,Sí
CLI002441,57,entrepreneur,single,university.degree,No,No,Sí
CLI002442,35,blue-collar,married,basic.9y,No,Sí,No
CLI002443,54,management,married,university.degree,No,Sí,No
CLI002444,28,blue-collar,married,basic.9y,No,No,No
CLI002445,60,blue-collar,married,basic.4y,Desconocido,No,No
CLI002446,33,admin.,single,high.school,No,No,Sí
CLI002447,28,technician,married,basic.9y,No,No,No
CLI002448,32,admin.,married,university.degree,No,Sí,No
CLI002449,47,blue-collar,married,basic.9y,No,Sí,No
CLI002450,43,technician,married,professional.course,No,No,No
CLI002451,26,unemployed,single,university.degree,No,Sí,No
CLI002452,31,blue-collar,single,high.school,No,Sí,No
CLI002453,61,retired,divorced,university.degree,No,Sí,No
CLI002454,51,blue-collar,divorced,basic.9y,Desconocido,No,No
CLI002455,41,self-employed,married,university.degree,No,Sí,No
CLI002456,53,admin.,married,university.degree,No,Sí,No
CLI002457,42,admin.,married,high.school,Desconocido,No,Sí
CLI002458,32,admin.,married,university.degree,No,No,
CLI002459,30,blue-collar,single,basic.9y,No,Sí,No
CLI002460,40,blue-collar,married,basic.6y,Desconocido,No,No
CLI002461,43,blue-collar,married,basic.9y,No,Sí,No
CLI002462,39,admin.,single,university.degree,No,Sí,No
CLI002463,58,management,married,university.degree,Desconocido,No,No
CLI002464,35,technician,married,high.school,Desconocido,No,No
CLI002465,30,unemployed,married,professional.course,No,Sí,No
CLI002466,31,blue-collar,married,high.school,No,No,No
CLI002467,54,self-employed,married,professional.course,Desconocido,Sí,No
CLI002468,33,services,married,high.school,No,Sí,Sí
CLI002469,38,technician,married,basic.6y,Desconocido,No,No
CLI002470,37,blue-collar,divorced,professional.course,No,,No
CLI002471,62,retired,married,high.school,No,No,No
CLI002472,57,housemaid,married,basic.4y,No,No,
CLI002473,32,blue-collar,married,basic.9y,No,Sí,Sí
CLI002474,45,technician,married,high.school,No,Sí,No
CLI002475,51,admin.,divorced,university.degree,No,No,No
CLI002476,28,blue-collar,single,basic.9y,No,Sí,No
CLI002477,35,unemployed,married,basic.4y,No,Sí,No
CLI002478,52,admin.,divorced,university.degree,No,No,No
CLI002479,34,technician,married,high.school,No,Sí,Sí
CLI002480,40,admin.,single,university.degree,No,No,Sí
CLI002481,41,blue-collar,married,basic.9y,No,No,No
CLI002482,42,technician,married,university.degree,No,No,No
CLI002483,43,entrepreneur,divorced,professional.course,No,No,Sí
CLI002484,25,admin.,single,basic.9y,No,No,No
CLI002485,30,admin.,single,university.degree,No,Sí,No
CLI002486,27,blue-collar,single,basic.9y,No,Sí,No
CLI002487,30,admin.,single,university.degree,No,No,No
CLI002488,45,management,single,basic.9y,No,Sí,No
CLI002489,53,technician,single,professional.course,Desconocido,No,No
CLI002490,34,technician,single,university.degree,No,Sí,No
CLI002491,47,services,divorced,high.school,Desconocido,No,No
CLI002492,46,blue-collar,married,basic.9y,No,Sí,No
CLI002493,39,admin.,divorced,high.school,No,Sí,
CLI002494,43,technician,single,professional.course,No,No,No
CLI002495,40,admin.,married,university.degree,No,No,No
CLI002496,28,blue-collar,single,basic.9y,No,No,No
CLI002497,52,self-employed,married,university.degree,No,No,No
CLI002498,39,unemployed,married,high.school,No,No,Sí
CLI002499,36,blue-collar,married,basic.9y,No,No,No
CLI002500,40,services,single,,No,No,No
CLI002501,31,services,single,high.school,No,No,No
CLI002502,37,blue-collar,married,basic.4y,No,No,No
CLI002503,28,self-employed,single,university.degree,No,Sí,No
CLI002504,31,admin.,single,high.school,No,No,No
CLI002505,28,self-employed,single,university.degree,No,Sí,Sí
CLI002506,40,services,divorced,basic.6y,No,No,Sí
CLI002507,37,blue-collar,single,professional.course,No,Sí,No
CLI002508,35,technician,single,university.degree,No,Sí,No
CLI002509,55,unemployed,married,basic.4y,Desconocido,Sí,
CLI002510,36,services,divorced,university.degree,No,No,No
CLI002511,51,self-employed,married,basic.9y,No,Sí,No
CLI002512,31,student,single,Desconocido,No,No,No
CLI002513,47,services,married,basic.6y,No,No,No
CLI002514,54,admin.,married,university.degree,Desconocido,Sí,No
CLI002515,45,entrepreneur,married,high.school,No,,No
CLI002516,39,management,single,high.school,Desconocido,Sí,No
CLI002517,36,admin.,married,basic.9y,No,No,Sí
CLI002518,40,services,divorced,high.school,No,No,No
CLI002519,56,technician,married,professional.course,Desconocido,No,Sí
CLI002520,37,admin.,married,university.degree,No,No,No
CLI002521,55,admin.,married,high.school,No,Sí,No
CLI002522,56,entrepreneur,married,university.degree,No,Sí,No
CLI002523,36,technician,single,university.degree,No,Desconocido,Desconocido
CLI002524,17,student,single,basic.9y,No,Sí,No
CLI002525,20,student,single,high.school,No,Sí,No
CLI002526,43,technician,married,professional.course,No,No,No
CLI002527,55,blue-collar,married,basic.4y,No,Sí,No
CLI002528,26,student,single,high.school,No,No,No
CLI002529,55,technician,married,professional.course,No,Sí,Sí
CLI002530,39,services,married,high.school,Desconocido,No,No
CLI002531,34,unemployed,married,basic.9y,Desconocido,Sí,No
CLI002532,43,blue-collar,married,basic.4y,No,Sí,Sí
CLI002534,50,admin.,married,high.school,No,No,Sí
CLI002535,35,admin.,married,high.school,No,Sí,No
CLI002536,36,blue-collar,single,high.school,No,No,No
CLI002537,34,admin.,married,high.school,No,Sí,Sí
CLI002538,52,technician,married,professional.course,No,Sí,No
CLI002539,36,admin.,single,university.degree,No,No,
CLI002540,34,blue-collar,married,basic.9y,No,No,Sí
CLI002541,46,self-employed,divorced,basic.9y,Desconocido,No,No
CLI002542,52,management,married,university.degree,No,Sí,No
CLI002543,30,admin.,divorced,university.degree,No,Sí,No
CLI002544,37,technician,married,professional.course,No,Sí,No
CLI002545,26,blue-collar,married,professional.course,No,No,No
CLI002546,42,management,married,high.school,No,No,No
CLI002547,42,blue-collar,married,basic.6y,Desconocido,Sí,No
CLI002548,23,services,single,high.school,No,No,No
CLI002549,28,blue-collar,single,basic.9y,No,No,No
CLI002550,66,retired,divorced,basic.4y,No,Sí,No
CLI002551,38,admin.,single,high.school,No,Sí,No
CLI002552,44,blue-collar,married,basic.4y,No,No,No
CLI002553,42,self-employed,married,Desconocido,No,Sí,No
CLI002554,47,admin.,single,university.degree,No,Sí,No
CLI002555,53,housemaid,married,professional.course,Desconocido,Sí,No
CLI002556,30,admin.,single,university.degree,No,No,No
CLI002557,47,admin.,married,high.school,No,No,No
CLI002558,48,admin.,married,high.school,Desconocido,Sí,No
CLI002559,52,technician,married,professional.course,No,Sí,No
CLI002560,39,entrepreneur,married,high.school,No,No,No
CLI002561,38,admin.,married,basic.9y,No,Sí,No
CLI002562,54,management,divorced,university.degree,Desconocido,Sí,No
CLI002563,36,services,married,high.school,No,No,No
CLI002564,38,management,single,university.degree,No,No,No
CLI002565,36,technician,single,,No,Sí,No
CLI002566,49,services,married,basic.9y,No,Sí,No
CLI002567,45,technician,single,professional.course,No,Sí,No
CLI002568,33,technician,married,professional.course,No,Sí,No
CLI002569,35,technician,married,professional.course,No,No,No
CLI002570,25,self-employed,married,professional.course,No,Sí,No
CLI002571,58,housemaid,married,university.degree,Desconocido,,No
CLI002572,56,management,married,university.degree,No,Sí,No
CLI002573,57,technician,married,professional.course,No,Sí,No
CLI002574,34,blue-collar,married,basic.4y,No,Sí,No
CLI002575,47,admin.,single,Desconocido,Desconocido,No,No
CLI002576,44,services,married,high.school,No,No,No
CLI002577,51,technician,married,university.degree,Desconocido,No,No
CLI002578,26,admin.,single,high.school,No,No,No
CLI002579,38,blue-collar,married,high.school,Desconocido,Sí,No
CLI002580,38,admin.,married,university.degree,No,Sí,No
CLI002581,42,technician,married,professional.course,No,No,No
CLI002582,21,student,single,Desconocido,No,No,No
CLI002583,36,blue-collar,married,basic.9y,No,Sí,No
CLI002584,32,admin.,married,university.degree,No,Sí,No
CLI002585,42,technician,divorced,professional.course,No,Sí,No
CLI002586,33,technician,single,professional.course,No,Sí,No
CLI002587,49,housemaid,married,basic.4y,Desconocido,Sí,No
CLI002588,38,admin.,married,university.degree,Desconocido,Sí,No
CLI002589,53,admin.,married,university.degree,No,Sí,No
CLI002590,36,blue-collar,married,basic.4y,Desconocido,No,No
CLI002591,51,management,married,university.degree,Desconocido,,No
CLI002592,32,technician,married,high.school,No,No,No
CLI002593,24,services,single,basic.9y,Desconocido,Sí,No
CLI002594,34,admin.,married,university.degree,No,No,No
CLI002595,46,admin.,single,university.degree,No,Sí,No
CLI002596,42,admin.,married,basic.6y,No,No,No
CLI002597,56,management,married,university.degree,No,Sí,No
CLI002598,30,technician,single,basic.9y,No,Sí,No
CLI002599,32,entrepreneur,married,university.degree,No,No,No
CLI002600,56,blue-collar,married,basic.4y,No,Sí,No
CLI002601,48,admin.,married,professional.course,No,No,No
CLI002602,49,blue-collar,married,basic.9y,No,Sí,No
CLI002603,32,blue-collar,divorced,basic.9y,No,No,No
CLI002604,42,admin.,divorced,university.degree,No,No,No
CLI002605,36,technician,divorced,professional.course,No,Sí,Sí
CLI002606,57,retired,married,high.school,No,No,No
CLI002607,43,admin.,married,university.degree,Desconocido,Sí,No
CLI002608,31,self-employed,single,university.degree,No,Sí,Sí
CLI002609,34,technician,single,professional.course,No,No,No
CLI002610,42,management,married,university.degree,No,No,No
CLI002611,44,blue-collar,married,basic.4y,No,No,No
CLI002612,36,services,single,Desconocido,No,Sí,Sí
CLI002613,34,blue-collar,single,basic.6y,No,Desconocido,Desconocido
CLI002614,37,technician,married,professional.course,Desconocido,Sí,Sí
CLI002615,37,blue-collar,divorced,basic.9y,No,Sí,Sí
CLI002616,31,technician,single,basic.9y,Desconocido,Sí,Sí
CLI002617,46,management,married,basic.9y,No,,No
CLI002618,47,admin.,married,university.degree,Desconocido,Sí,Sí
CLI002619,29,admin.,single,university.degree,Desconocido,Sí,No
CLI002620,35,admin.,married,university.degree,No,No,No
CLI002621,34,blue-collar,married,basic.4y,No,Sí,No
CLI002622,52,technician,single,professional.course,No,Sí,No
CLI002623,33,admin.,married,university.degree,No,No,No
CLI002624,28,technician,single,university.degree,No,Sí,No
CLI002625,47,management,married,university.degree,No,Sí,No
CLI002626,30,admin.,single,university.degree,No,Sí,No
CLI002627,55,admin.,married,university.degree,No,Sí,No
CLI002628,46,technician,divorced,basic.4y,Desconocido,Sí,No
CLI002629,25,services,single,Desconocido,No,Sí,No
CLI002630,38,admin.,married,university.degree,Desconocido,No,No
CLI002631,36,services,married,university.degree,No,Sí,No
CLI002632,32,admin.,divorced,high.school,No,No,No
CLI002633,32,technician,single,university.degree,Desconocido,No,No
CLI002634,30,admin.,single,university.degree,No,No,No
CLI002635,51,entrepreneur,married,professional.course,Desconocido,No,No
CLI002636,36,technician,married,university.degree,No,No,No
CLI002637,45,self-employed,divorced,university.degree,No,Sí,No
CLI002638,37,services,married,basic.6y,No,Sí,No
CLI002639,46,blue-collar,married,high.school,Desconocido,Sí,No
CLI002640,33,admin.,single,university.degree,No,Sí,Sí
CLI002641,33,admin.,married,university.degree,No,No,No
CLI002642,45,blue-collar,married,basic.9y,Desconocido,No,No
CLI002643,42,admin.,married,university.degree,No,Sí,Sí
CLI002644,27,student,married,high.school,No,Sí,
CLI002645,34,admin.,single,university.degree,No,No,Sí
CLI002646,35,student,married,basic.9y,No,Sí,No
CLI002647,47,entrepreneur,married,university.degree,No,Sí,No
CLI002648,46,entrepreneur,married,professional.course,No,Sí,No
CLI002649,27,admin.,single,university.degree,No,No,
CLI002650,28,blue-collar,single,basic.9y,No,Desconocido,Desconocido
CLI002651,39,entrepreneur,married,basic.6y,Desconocido,No,No
CLI002652,39,unemployed,married,basic.9y,Desconocido,No,No
CLI002653,42,entrepreneur,married,basic.4y,Desconocido,Sí,No
CLI002654,31,technician,married,high.school,No,No,No
CLI002655,34,admin.,married,university.degree,No,No,No
CLI002656,46,blue-collar,married,basic.6y,No,No,Sí
CLI002657,44,management,divorced,university.degree,No,Sí,No
CLI002658,59,admin.,married,professional.course,No,No,No
CLI002659,38,technician,married,university.degree,No,Sí,No
CLI002660,31,admin.,married,high.school,No,No,No
CLI002661,28,self-employed,single,university.degree,No,No,No
CLI002662,36,unemployed,married,university.degree,No,No,
CLI002663,43,entrepreneur,married,basic.9y,Desconocido,Sí,No
CLI002664,35,management,single,university.degree,Desconocido,Sí,No
CLI002665,34,admin.,single,university.degree,No,Sí,No
CLI002666,54,blue-collar,married,basic.9y,No,Sí,No
CLI002667,38,admin.,single,university.degree,No,Sí,No
CLI002668,29,technician,single,university.degree,No,No,No
CLI002669,28,admin.,single,university.degree,No,Sí,No
CLI002670,31,services,divorced,high.school,No,No,No
CLI002671,50,technician,single,university.degree,No,Sí,No
CLI002672,45,services,married,high.school,No,Sí,No
CLI002673,41,technician,single,high.school,No,Sí,No
CLI002674,29,admin.,single,high.school,No,No,Sí
CLI002675,50,technician,married,university.degree,No,Sí,No
CLI002676,63,retired,married,Desconocido,No,Sí,No
CLI002677,53,management,married,high.school,No,Sí,No
CLI002678,35,admin.,single,university.degree,No,Sí,Sí
CLI002679,32,services,single,Desconocido,Desconocido,Sí,Sí
CLI002680,48,management,divorced,university.degree,No,Sí,No
CLI002681,41,management,married,basic.6y,No,No,No
CLI002682,41,technician,divorced,high.school,No,,No
CLI002683,34,blue-collar,married,basic.9y,No,No,Sí
CLI002684,36,services,married,high.school,No,Sí,No
CLI002685,44,blue-collar,divorced,basic.9y,No,No,No
CLI002686,39,self-employed,married,basic.6y,Desconocido,No,Sí
CLI002687,42,blue-collar,married,basic.4y,Desconocido,No,No
CLI002688,52,services,divorced,high.school,No,No,No
CLI002689,43,unemployed,married,professional.course,No,No,No
CLI002690,41,admin.,married,university.degree,No,No,No
CLI002691,59,retired,married,high.school,No,No,No
CLI002692,24,technician,married,professional.course,No,Sí,Sí
CLI002693,36,self-employed,divorced,professional.course,No,Sí,No
CLI002694,33,services,married,high.school,No,Sí,No
CLI002695,35,services,married,basic.6y,Desconocido,No,No
CLI002696,46,admin.,married,university.degree,Desconocido,No,No
CLI002697,48,technician,married,university.degree,No,No,No
CLI002698,37,admin.,single,university.degree,No,Sí,No
CLI002699,35,services,married,basic.6y,Desconocido,Sí,No
CLI002700,32,technician,married,university.degree,No,Sí,No
CLI002701,46,technician,married,high.school,No,Sí,No
CLI002702,56,management,divorced,,No,No,No
CLI002703,35,admin.,single,university.degree,No,Sí,No
CLI002704,54,housemaid,divorced,university.degree,Desconocido,Sí,No
CLI002705,33,blue-collar,married,Desconocido,No,No,No
CLI002706,43,technician,married,high.school,No,Sí,No
CLI002707,46,unemployed,married,professional.course,Desconocido,Sí,No
CLI002708,41,entrepreneur,married,university.degree,No,Sí,No
CLI002709,29,services,single,basic.9y,No,No,No
CLI002710,26,blue-collar,married,basic.9y,Desconocido,No,No
CLI002711,48,admin.,married,university.degree,Desconocido,No,No
CLI002712,32,blue-collar,married,basic.9y,No,No,No
CLI002713,57,admin.,married,university.degree,No,Sí,No
CLI002714,37,admin.,married,high.school,No,Desconocido,Desconocido
CLI002715,41,admin.,single,high.school,No,Sí,No
CLI002716,56,services,married,high.school,No,No,Sí
CLI002717,41,entrepreneur,single,high.school,No,Sí,No
CLI002718,44,blue-collar,married,basic.4y,No,No,Sí
CLI002719,39,admin.,married,university.degree,No,Sí,No
CLI002720,42,admin.,married,university.degree,Desconocido,No,No
CLI002721,44,technician,married,professional.course,Desconocido,No,No
CLI002722,34,technician,divorced,professional.course,No,Sí,No
CLI002723,36,self-employed,single,basic.6y,No,No,No
CLI002724,28,blue-collar,single,professional.course,No,No,No
CLI002725,27,student,single,university.degree,No,No,Sí
CLI002726,38,admin.,married,basic.9y,No,Sí,No
CLI002727,51,blue-collar,married,basic.9y,Desconocido,No,Sí
CLI002728,47,admin.,married,university.degree,Desconocido,No,Sí
CLI002729,46,technician,married,professional.course,No,Sí,No
CLI002730,42,self-employed,married,university.degree,No,Sí,No
CLI002731,40,admin.,single,Desconocido,Desconocido,Sí,No
CLI002732,62,admin.,married,university.degree,No,Sí,No
CLI002733,37,admin.,single,high.school,No,No,No
CLI002734,34,blue-collar,married,basic.9y,No,Sí,No
CLI002735,58,technician,married,basic.4y,No,No,Sí
CLI002736,38,blue-collar,married,basic.9y,No,Sí,No
CLI002737,62,technician,married,Desconocido,No,Desconocido,Desconocido
CLI002738,42,admin.,divorced,university.degree,No,No,No
CLI002739,32,services,married,basic.9y,No,Sí,No
CLI002740,55,unemployed,divorced,university.degree,No,No,No
CLI002741,39,management,married,university.degree,No,Sí,No
CLI002742,24,blue-collar,married,basic.9y,No,No,No
CLI002743,29,technician,single,professional.course,No,No,No
CLI002744,35,entrepreneur,single,university.degree,No,Sí,No
CLI002745,19,student,single,basic.4y,No,Sí,No
CLI002746,24,student,single,Desconocido,No,Sí,No
CLI002747,35,blue-collar,single,Desconocido,No,No,No
CLI002748,44,services,married,high.school,No,Sí,No
CLI002749,31,unemployed,married,basic.9y,No,Sí,No
CLI002750,49,admin.,divorced,high.school,No,Sí,No
CLI002751,37,blue-collar,married,professional.course,No,No,No
CLI002752,32,admin.,single,university.degree,No,Desconocido,Desconocido
CLI002753,48,entrepreneur,married,professional.course,No,No,No
CLI002754,35,services,married,high.school,No,Sí,No
CLI002755,35,admin.,single,high.school,No,Sí,No
CLI002756,31,unemployed,single,university.degree,No,Sí,
CLI002757,50,services,married,university.degree,Desconocido,No,No
CLI002758,38,admin.,single,basic.6y,Desconocido,No,No
CLI002759,30,technician,married,professional.course,Desconocido,No,No
CLI002760,31,admin.,married,university.degree,No,No,Sí
CLI002761,30,services,divorced,basic.9y,No,No,No
CLI002762,31,blue-collar,married,basic.9y,No,No,No
CLI002763,34,technician,married,university.degree,No,Sí,No
CLI002764,39,technician,single,professional.course,No,Sí,No
CLI002765,44,blue-collar,married,basic.6y,No,No,No
CLI002766,38,blue-collar,single,basic.9y,No,Sí,No
CLI002767,40,blue-collar,married,basic.9y,No,Sí,No
CLI002768,32,blue-collar,married,basic.6y,No,Sí,No
CLI002769,30,management,married,university.degree,No,No,No
CLI002770,46,blue-collar,married,basic.6y,No,Sí,No
CLI002771,41,admin.,married,high.school,No,Sí,No
CLI002772,29,admin.,married,university.degree,No,Sí,Sí
CLI002773,54,services,married,high.school,Desconocido,No,Sí
CLI002774,30,self-employed,single,university.degree,No,No,No
CLI002775,36,blue-collar,married,basic.9y,No,No,No
CLI002776,42,blue-collar,married,professional.course,No,Sí,No
CLI002777,35,technician,single,professional.course,No,Sí,Sí
CLI002778,30,student,single,Desconocido,No,No,No
CLI002779,39,technician,single,university.degree,No,Sí,No
CLI002780,32,self-employed,married,university.degree,No,No,No
CLI002781,31,admin.,single,high.school,No,Sí,
CLI002782,38,management,single,university.degree,No,Sí,No
CLI002783,33,admin.,divorced,university.degree,No,Sí,No
CLI002784,39,unemployed,married,professional.course,No,Sí,No
CLI002785,48,entrepreneur,married,university.degree,Desconocido,Sí,No
CLI002786,53,technician,married,professional.course,Desconocido,No,No
CLI002787,41,services,married,high.school,Desconocido,Sí,No
CLI002788,42,admin.,single,university.degree,No,No,No
CLI002789,33,blue-collar,married,basic.9y,No,Sí,No
CLI002790,28,unemployed,single,university.degree,No,Sí,No
CLI002791,35,technician,married,professional.course,No,No,No
CLI002792,56,services,married,high.school,No,No,
CLI002793,51,blue-collar,divorced,basic.9y,No,No,Sí
CLI002794,44,self-employed,single,professional.course,No,No,No
CLI002795,47,admin.,married,university.degree,No,Desconocido,Desconocido
CLI002796,37,blue-collar,single,basic.9y,Desconocido,No,No
CLI002797,43,management,married,university.degree,No,,No
CLI002798,29,entrepreneur,married,high.school,No,No,No
CLI002799,51,admin.,single,university.degree,No,Sí,Sí
CLI002800,49,blue-collar,married,basic.9y,No,No,Sí
CLI002801,44,management,married,university.degree,No,No,No
CLI002802,50,admin.,single,university.degree,No,Sí,No
CLI002803,39,blue-collar,single,basic.4y,No,No,Sí
CLI002804,39,services,divorced,basic.6y,No,No,No
CLI002805,31,admin.,single,university.degree,Desconocido,Sí,Sí
CLI002806,25,blue-collar,divorced,basic.9y,No,Desconocido,Desconocido
CLI002808,32,entrepreneur,married,university.degree,No,No,Sí
CLI002809,39,technician,single,high.school,No,Sí,No
CLI002810,36,blue-collar,single,high.school,No,Sí,No
CLI002811,48,services,married,high.school,No,No,No
CLI002812,37,housemaid,married,high.school,No,,Sí
CLI002813,38,admin.,single,university.degree,No,Sí,Sí
CLI002814,44,technician,divorced,university.degree,Desconocido,No,No
CLI002815,36,admin.,married,university.degree,No,Desconocido,Desconocido
CLI002816,34,admin.,single,high.school,No,Sí,No
CLI002817,34,admin.,single,basic.9y,Desconocido,Sí,No
CLI002818,51,technician,married,professional.course,Desconocido,Sí,No
CLI002819,29,admin.,single,university.degree,No,No,No
CLI002820,31,admin.,single,high.school,No,Desconocido,Desconocido
CLI002821,30,services,married,high.school,No,No,No
CLI002822,56,technician,married,professional.course,Desconocido,Sí,No
CLI002823,40,admin.,married,university.degree,No,No,No
CLI002824,53,blue-collar,married,basic.9y,No,No,No
CLI002825,29,technician,married,university.degree,No,No,No
CLI002826,44,blue-collar,married,basic.4y,No,Sí,No
CLI002827,47,blue-collar,married,professional.course,Desconocido,No,No
CLI002828,27,blue-collar,divorced,Desconocido,No,No,
CLI002829,59,retired,married,Desconocido,No,Sí,Sí
CLI002830,33,blue-collar,single,basic.9y,No,Sí,Sí
CLI002831,38,blue-collar,married,basic.9y,No,Sí,No
CLI002832,36,entrepreneur,married,basic.9y,No,Sí,No
CLI002833,27,services,single,high.school,No,Sí,Sí
CLI002834,27,admin.,single,high.school,No,Sí,No
CLI002835,30,technician,single,professional.course,No,Sí,No
CLI002836,29,admin.,single,university.degree,No,Sí,No
CLI002837,43,services,married,high.school,No,No,No
CLI002838,82,housemaid,divorced,basic.4y,No,No,No
CLI002839,37,blue-collar,married,basic.9y,No,No,No
CLI002840,26,housemaid,single,Desconocido,No,Sí,Sí
CLI002841,54,technician,married,Desconocido,Desconocido,No,No
CLI002842,32,blue-collar,single,high.school,No,No,No
CLI002843,50,admin.,married,university.degree,No,Sí,No
CLI002844,60,blue-collar,married,basic.4y,Desconocido,Sí,No
CLI002845,57,blue-collar,divorced,,Desconocido,No,No
CLI002846,73,retired,married,basic.4y,No,Sí,No
CLI002847,32,management,single,university.degree,No,No,No
CLI002848,52,blue-collar,married,basic.9y,No,Sí,No
CLI002849,37,management,married,university.degree,No,Sí,Sí
CLI002850,51,blue-collar,married,basic.4y,Desconocido,No,No
CLI002851,36,management,divorced,university.degree,No,Sí,No
CLI002852,27,technician,married,high.school,No,No,No
CLI002853,43,technician,married,university.degree,No,Sí,No
CLI002854,44,blue-collar,divorced,basic.6y,No,No,No
CLI002855,44,blue-collar,single,professional.course,No,No,No
CLI002856,31,services,single,high.school,No,Sí,No
CLI002857,27,student,single,high.school,No,Sí,No
CLI002858,50,blue-collar,single,basic.4y,No,Sí,No
CLI002859,48,blue-collar,married,basic.9y,Desconocido,No,No
CLI002860,33,blue-collar,single,basic.4y,No,Sí,No
CLI002861,51,admin.,married,university.degree,No,Sí,Sí
CLI002862,47,technician,single,professional.course,Desconocido,No,No
CLI002863,32,blue-collar,married,basic.9y,No,Sí,No
CLI002864,48,self-employed,married,basic.9y,Desconocido,Sí,No
CLI002865,37,blue-collar,married,basic.4y,No,Sí,Sí
CLI002866,40,self-employed,married,basic.4y,Desconocido,No,No
CLI002867,42,entrepreneur,married,basic.4y,Desconocido,No,No
CLI002868,49,services,married,high.school,Desconocido,No,No
CLI002869,29,technician,married,professional.course,No,No,No
CLI002870,51,technician,married,professional.course,No,Sí,No
CLI002871,43,admin.,married,university.degree,No,Sí,No
CLI002872,52,services,married,Desconocido,Desconocido,No,No
CLI002873,38,unemployed,married,high.school,No,No,No
CLI002874,56,blue-collar,married,basic.9y,Desconocido,No,No
CLI002875,38,blue-collar,married,basic.6y,Desconocido,No,No
CLI002876,35,technician,single,university.degree,No,No,Sí
CLI002877,48,admin.,married,university.degree,No,Sí,No
CLI002878,31,blue-collar,married,basic.9y,No,Sí,Sí
CLI002879,38,admin.,divorced,professional.course,No,No,No
CLI002880,29,retired,single,basic.4y,Desconocido,No,No
CLI002881,46,blue-collar,married,Desconocido,No,No,No
CLI002882,56,technician,married,basic.4y,No,No,No
CLI002883,59,unemployed,married,basic.4y,No,Sí,No
CLI002884,45,blue-collar,married,Desconocido,Desconocido,No,No
CLI002885,56,retired,married,university.degree,No,No,No
CLI002886,38,blue-collar,married,basic.9y,No,Sí,No
CLI002887,57,blue-collar,married,basic.9y,No,Sí,No
CLI002888,38,entrepreneur,divorced,basic.9y,No,Sí,No
CLI002889,33,blue-collar,divorced,basic.9y,Desconocido,Sí,Sí
CLI002890,33,services,married,university.degree,No,No,No
CLI002891,40,admin.,divorced,university.degree,No,Sí,No
CLI002892,55,retired,single,university.degree,Desconocido,No,No
CLI002893,54,retired,married,high.school,Desconocido,Sí,No
CLI002894,34,technician,married,basic.9y,No,Sí,Sí
CLI002895,34,admin.,married,high.school,No,Sí,No
CLI002896,34,services,married,professional.course,No,Sí,No
CLI002897,35,technician,single,university.degree,No,No,No
CLI002898,59,blue-collar,married,basic.4y,Desconocido,No,No
CLI002899,29,self-employed,married,university.degree,No,Sí,No
CLI002900,48,admin.,divorced,university.degree,No,No,No
CLI002901,58,housemaid,single,professional.course,No,No,No
CLI002902,32,technician,single,professional.course,No,Sí,Sí
CLI002903,43,management,married,university.degree,No,Sí,No
CLI002904,37,admin.,married,high.school,No,Sí,No
CLI002905,59,technician,married,university.degree,No,No,No
CLI002906,49,admin.,married,,No,Sí,No
CLI002907,45,management,married,university.degree,No,No,Sí
CLI002908,40,blue-collar,married,basic.9y,Desconocido,Sí,No
CLI002909,52,admin.,married,Desconocido,No,Sí,No
CLI002910,28,blue-collar,married,basic.9y,No,Sí,No
CLI002911,40,blue-collar,divorced,basic.9y,No,No,No
CLI002912,34,admin.,married,high.school,No,No,No
CLI002913,34,admin.,married,university.degree,No,,Sí
CLI002914,32,technician,single,university.degree,No,Sí,Sí
CLI002915,32,admin.,single,university.degree,No,Desconocido,Desconocido
CLI002916,30,admin.,married,university.degree,No,No,No
CLI002917,41,admin.,married,university.degree,No,No,No
CLI002918,26,admin.,married,high.school,No,No,No
CLI002919,30,entrepreneur,married,high.school,No,No,No
CLI002920,31,management,married,university.degree,No,Sí,No
CLI002921,40,admin.,divorced,high.school,No,Sí,No
CLI002922,41,management,married,university.degree,No,Sí,No
CLI002923,34,admin.,single,high.school,No,Sí,No
CLI002924,57,retired,married,university.degree,No,Sí,No
CLI002925,55,blue-collar,married,basic.4y,Desconocido,Desconocido,Desconocido
CLI002926,31,technician,single,professional.course,No,No,No
CLI002927,32,services,married,high.school,No,No,No
CLI002928,25,admin.,single,basic.9y,No,Sí,Sí
CLI002929,33,student,married,high.school,No,No,No
CLI002930,52,admin.,married,high.school,No,No,No
CLI002931,39,technician,single,university.degree,No,No,No
CLI002932,22,admin.,single,basic.9y,No,Sí,Sí
CLI002933,26,services,single,high.school,No,No,No
CLI002934,26,technician,single,professional.course,No,No,No
CLI002935,45,blue-collar,divorced,basic.9y,No,Sí,No
CLI002936,39,admin.,married,high.school,No,Desconocido,Desconocido
CLI002937,36,technician,married,professional.course,No,,No
CLI002938,32,technician,single,professional.course,No,Sí,No
CLI002939,30,blue-collar,married,basic.9y,No,Sí,No
CLI002940,53,blue-collar,divorced,basic.4y,Desconocido,No,No
CLI002941,34,admin.,married,university.degree,No,No,No
CLI002942,53,admin.,single,university.degree,Desconocido,Sí,No
CLI002943,41,services,divorced,high.school,No,No,Sí
CLI002944,36,technician,divorced,professional.course,Desconocido,No,No
CLI002945,44,admin.,married,university.degree,No,No,No
CLI002946,51,admin.,single,university.degree,No,No,No
CLI002947,43,housemaid,single,basic.9y,No,No,No
CLI002948,59,blue-collar,married,basic.4y,Desconocido,Sí,No
CLI002949,23,admin.,married,basic.9y,No,Sí,No
CLI002950,33,blue-collar,married,,No,No,No
CLI002951,34,admin.,married,high.school,No,No,
CLI002952,46,admin.,married,basic.9y,Desconocido,No,No
CLI002953,50,technician,married,professional.course,Desconocido,Sí,No
CLI002954,39,unemployed,married,university.degree,Desconocido,Sí,No
CLI002955,26,blue-collar,single,basic.9y,No,Sí,No
CLI002956,34,admin.,married,high.school,No,Sí,No
CLI002957,44,entrepreneur,married,basic.4y,Desconocido,No,No
CLI002958,49,unemployed,married,basic.6y,Desconocido,No,No
CLI002959,29,admin.,married,basic.9y,No,No,No
CLI002960,42,unemployed,married,basic.6y,Desconocido,No,No
CLI002961,45,technician,single,university.degree,No,No,No
CLI002962,42,blue-collar,married,basic.9y,Desconocido,Sí,No
CLI002963,25,services,single,high.school,Desconocido,No,No
CLI002964,30,blue-collar,married,basic.9y,No,Sí,No
CLI002965,31,technician,married,high.school,No,Sí,Sí
CLI002966,37,admin.,married,university.degree,Desconocido,No,No
CLI002967,27,Desconocido,single,high.school,Desconocido,Sí,Sí
CLI002968,35,services,single,basic.4y,No,Sí,No
CLI002969,30,technician,married,professional.course,No,Sí,No
CLI002970,33,technician,married,high.school,No,Sí,No
CLI002971,50,blue-collar,married,basic.9y,Desconocido,Sí,No
CLI002972,43,admin.,married,high.school,Desconocido,Sí,No
CLI002973,34,management,married,university.degree,No,No,No
CLI002974,33,admin.,married,university.degree,No,Sí,No
CLI002975,85,retired,married,basic.4y,No,No,No
CLI002976,44,blue-collar,married,Desconocido,Desconocido,Sí,No
CLI002977,46,management,divorced,basic.4y,No,No,No
CLI002978,42,admin.,single,university.degree,No,Sí,No
CLI002979,38,blue-collar,single,basic.9y,No,Sí,No
CLI002980,32,blue-collar,married,basic.9y,No,Sí,No
CLI002981,47,blue-collar,married,basic.9y,Desconocido,No,No
CLI002982,29,blue-collar,married,Desconocido,No,No,No
CLI002983,35,technician,single,university.degree,No,Sí,No
CLI002984,38,services,married,basic.9y,No,No,Sí
CLI002985,25,blue-collar,single,basic.9y,Desconocido,Sí,No
CLI002986,38,services,married,high.school,No,No,No
CLI002987,50,management,married,professional.course,No,No,No
CLI002988,33,admin.,single,university.degree,No,Sí,No
CLI002989,30,admin.,single,university.degree,No,No,No
CLI002990,45,entrepreneur,married,high.school,No,No,No
CLI002991,39,services,single,high.school,No,No,No
CLI002992,25,blue-collar,married,basic.9y,No,Sí,No
CLI002993,49,management,married,basic.9y,Desconocido,No,Sí
CLI002994,35,blue-collar,married,basic.9y,No,Sí,No
CLI002995,35,admin.,single,university.degree,No,Sí,No
CLI002996,29,technician,married,professional.course,No,No,No
CLI002997,53,self-employed,married,university.degree,No,No,No
CLI002998,48,blue-collar,married,basic.9y,No,Sí,No
CLI002999,34,blue-collar,married,Desconocido,No,No,Sí
CLI003000,31,blue-collar,married,basic.9y,No,Sí,No
CLI003001,33,admin.,single,university.degree,No,Sí,No
CLI003002,35,services,married,,No,No,No
CLI003003,35,technician,single,high.school,No,No,No
CLI003004,39,blue-collar,married,basic.6y,Desconocido,Sí,No
CLI003005,46,technician,married,professional.course,Desconocido,Sí,No
CLI003006,41,admin.,married,high.school,No,No,No
CLI003007,38,technician,married,professional.course,Desconocido,Sí,No
CLI003008,50,technician,single,university.degree,No,No,No
CLI003009,34,self-employed,married,professional.course,No,Sí,No
CLI003010,47,blue-collar,married,basic.6y,No,No,No
CLI003011,42,blue-collar,married,high.school,No,No,Sí
CLI003012,36,blue-collar,married,basic.9y,Desconocido,No,No
CLI003013,31,entrepreneur,married,high.school,No,Sí,Sí
CLI003014,36,blue-collar,married,professional.course,Desconocido,Sí,Sí
CLI003015,51,technician,single,university.degree,No,No,No
CLI003016,57,technician,single,professional.course,No,Sí,Sí
CLI003017,37,technician,single,university.degree,No,Sí,No
CLI003018,35,admin.,single,university.degree,No,Sí,No
CLI003019,36,admin.,married,high.school,No,No,No
CLI003020,51,services,married,high.school,Desconocido,Sí,No
CLI003021,56,blue-collar,married,basic.4y,No,Sí,Sí
CLI003022,25,student,single,high.school,No,Sí,Sí
CLI003023,44,management,married,university.degree,No,No,No
CLI003024,57,management,divorced,university.degree,No,Sí,No
CLI003025,59,technician,married,professional.course,No,No,No
CLI003026,36,admin.,married,university.degree,No,No,No
CLI003027,43,blue-collar,married,basic.6y,Desconocido,No,No
CLI003028,39,management,married,high.school,No,No,No
CLI003029,42,self-employed,married,university.degree,No,No,No
CLI003030,28,admin.,married,high.school,No,No,No
CLI003031,41,services,married,high.school,No,Sí,No
CLI003032,30,blue-collar,married,basic.9y,No,No,No
CLI003033,33,technician,married,professional.course,Desconocido,Sí,No
CLI003034,53,retired,married,high.school,Desconocido,Sí,No
CLI003035,49,blue-collar,divorced,professional.course,No,No,No
CLI003036,44,technician,married,professional.course,No,No,Sí
CLI003037,40,admin.,single,university.degree,Desconocido,No,No
CLI003038,40,self-employed,single,university.degree,No,,No
CLI003039,25,admin.,single,professional.course,No,Sí,No
CLI003040,58,retired,married,university.degree,Desconocido,No,No
CLI003041,57,self-employed,married,Desconocido,Desconocido,No,Sí
CLI003042,34,admin.,single,university.degree,No,Sí,No
CLI003043,37,blue-collar,married,basic.4y,No,No,Sí
CLI003044,32,admin.,single,university.degree,No,No,No
CLI003045,30,management,married,university.degree,No,Desconocido,Desconocido
CLI003046,59,retired,divorced,basic.4y,Desconocido,No,Sí
CLI003047,41,unemployed,married,basic.9y,Desconocido,No,No
CLI003048,28,blue-collar,married,basic.6y,Desconocido,No,No
CLI003049,35,blue-collar,married,basic.9y,No,Sí,No
CLI003050,30,admin.,single,high.school,No,Sí,No
CLI003051,68,retired,married,basic.4y,No,Sí,No
CLI003052,29,management,married,university.degree,No,No,No
CLI003053,43,housemaid,married,basic.4y,No,No,No
CLI003054,39,technician,married,professional.course,No,No,No
CLI003055,33,admin.,single,university.degree,No,No,No
CLI003056,50,services,married,basic.4y,Desconocido,Sí,No
CLI003057,36,blue-collar,married,basic.9y,Desconocido,Sí,No
CLI003058,37,management,married,university.degree,Desconocido,No,No
CLI003059,46,management,married,university.degree,No,No,No
CLI003060,54,admin.,married,high.school,No,Sí,Sí
CLI003061,36,admin.,married,university.degree,Desconocido,No,No
CLI003062,24,technician,married,Desconocido,No,Sí,No
CLI003063,27,student,single,high.school,No,No,Sí
CLI003064,33,technician,Desconocido,professional.course,Desconocido,Sí,No
CLI003065,42,blue-collar,married,basic.4y,No,Sí,No
CLI003066,31,management,married,university.degree,No,Sí,No
CLI003067,34,technician,married,professional.course,No,No,No
CLI003068,35,self-employed,married,university.degree,No,Sí,No
CLI003069,41,unemployed,single,high.school,No,No,No
CLI003070,39,technician,single,professional.course,No,Sí,No
CLI003071,42,blue-collar,married,basic.9y,Desconocido,Sí,No
CLI003072,58,housemaid,married,basic.4y,Desconocido,Sí,No
CLI003073,29,blue-collar,single,high.school,No,Sí,No
CLI003074,34,services,divorced,high.school,No,Sí,Sí
CLI003075,57,blue-collar,married,high.school,Desconocido,No,No
CLI003076,37,services,married,high.school,No,No,No
CLI003077,56,admin.,married,basic.6y,No,Sí,No
CLI003078,70,retired,divorced,basic.4y,No,No,No
CLI003079,41,management,married,Desconocido,Desconocido,Sí,No
CLI003080,29,admin.,single,professional.course,No,No,No
CLI003081,44,blue-collar,single,basic.6y,No,No,Sí
CLI003082,56,retired,married,high.school,Desconocido,Sí,No
CLI003083,49,admin.,married,high.school,Desconocido,No,No
CLI003084,44,Desconocido,married,basic.6y,No,No,No
CLI003085,40,blue-collar,married,basic.6y,No,No,No
CLI003086,29,technician,single,basic.9y,No,No,No
CLI003087,29,blue-collar,married,professional.course,No,Sí,Sí
CLI003088,43,services,married,high.school,No,No,Sí
CLI003089,43,blue-collar,married,basic.9y,No,No,No
CLI003090,32,student,married,university.degree,No,No,No
CLI003091,31,blue-collar,single,high.school,No,Sí,No
CLI003092,37,admin.,married,high.school,No,No,No
CLI003093,43,admin.,married,university.degree,No,Sí,Sí
CLI003094,35,services,married,high.school,No,No,No
CLI003095,38,entrepreneur,married,basic.6y,No,No,No
CLI003096,32,admin.,single,high.school,No,No,No
CLI003097,38,blue-collar,divorced,high.school,No,No,No
CLI003098,29,technician,single,university.degree,No,Desconocido,Desconocido
CLI003099,38,technician,married,professional.course,No,Sí,No
CLI003100,38,blue-collar,married,Desconocido,Desconocido,No,Sí
CLI003101,52,blue-collar,married,basic.4y,Desconocido,Sí,No
CLI003102,45,blue-collar,married,basic.9y,Desconocido,Sí,No
CLI003103,27,admin.,single,university.degree,No,Sí,No
CLI003104,31,admin.,divorced,high.school,No,No,No
CLI003105,33,blue-collar,single,basic.4y,No,Sí,No
CLI003106,45,admin.,divorced,basic.6y,No,Sí,No
CLI003107,33,technician,single,professional.course,No,Sí,No
CLI003108,56,self-employed,single,basic.9y,Desconocido,No,No
CLI003109,43,self-employed,divorced,university.degree,No,No,No
CLI003110,38,management,married,university.degree,No,No,No
CLI003111,39,admin.,single,Desconocido,No,No,No
CLI003112,51,management,married,university.degree,No,Sí,No
CLI003113,33,admin.,single,university.degree,No,Sí,Sí
CLI003114,37,blue-collar,married,basic.9y,No,No,No
CLI003115,36,admin.,married,high.school,Desconocido,Sí,Sí
CLI003116,38,admin.,married,basic.6y,No,Sí,No
CLI003117,37,admin.,married,high.school,No,Sí,
CLI003118,37,admin.,divorced,university.degree,Desconocido,Sí,No
CLI003119,31,admin.,single,university.degree,No,Sí,No
CLI003120,25,technician,single,professional.course,No,Sí,Sí
CLI003121,39,blue-collar,single,basic.4y,Desconocido,No,No
CLI003122,32,admin.,single,university.degree,No,No,No
CLI003123,30,housemaid,married,high.school,No,,No
CLI003124,32,admin.,single,university.degree,No,No,No
CLI003125,25,management,single,university.degree,No,Sí,Sí
CLI003126,37,management,married,university.degree,No,Sí,No
CLI003127,33,admin.,single,high.school,No,No,No
CLI003128,49,blue-collar,married,basic.9y,No,Sí,No
CLI003129,30,self-employed,married,professional.course,No,No,No
CLI003130,33,management,single,university.degree,No,No,No
CLI003131,44,blue-collar,single,basic.4y,No,Sí,
CLI003132,36,admin.,divorced,university.degree,No,No,No
CLI003133,43,entrepreneur,married,high.school,No,No,Sí
CLI003134,48,blue-collar,married,basic.4y,No,No,No
CLI003135,45,technician,married,professional.course,No,No,Sí
CLI003136,49,management,married,university.degree,No,Sí,No
CLI003137,59,housemaid,divorced,basic.6y,Desconocido,Sí,No
CLI003138,35,entrepreneur,divorced,university.degree,No,No,No
CLI003139,45,technician,married,high.school,No,Sí,No
CLI003140,33,admin.,married,university.degree,No,No,No
CLI003141,59,retired,married,basic.9y,Desconocido,No,No
CLI003142,34,blue-collar,married,basic.6y,Desconocido,Sí,No
CLI003143,28,blue-collar,married,basic.4y,No,No,No
CLI003144,56,blue-collar,married,basic.6y,Desconocido,Sí,
CLI003145,46,blue-collar,single,basic.4y,No,No,No
CLI003146,37,blue-collar,divorced,high.school,No,Sí,No
CLI003147,34,services,married,high.school,No,No,No
CLI003148,42,blue-collar,married,basic.4y,Desconocido,Sí,Sí
CLI003149,27,admin.,single,university.degree,Desconocido,Sí,No
CLI003150,47,self-employed,married,basic.9y,No,Sí,No
CLI003151,78,retired,married,Desconocido,No,No,No
CLI003152,31,admin.,married,high.school,No,Sí,No
CLI003153,59,blue-collar,married,basic.4y,No,No,No
CLI003154,50,admin.,married,high.school,Desconocido,Sí,No
CLI003155,48,blue-collar,married,basic.9y,No,Sí,No
CLI003156,33,admin.,single,university.degree,No,Sí,No
CLI003157,38,admin.,married,high.school,Desconocido,No,No
CLI003158,85,retired,married,basic.4y,No,No,No
CLI003159,36,management,married,university.degree,No,Sí,No
CLI003160,38,blue-collar,single,basic.9y,Desconocido,No,No
CLI003161,49,admin.,married,university.degree,No,Sí,No
CLI003162,49,blue-collar,married,basic.9y,No,No,No
CLI003163,34,admin.,married,university.degree,No,No,No
CLI003164,42,technician,married,professional.course,No,Sí,No
CLI003165,28,student,single,high.school,No,,Sí
CLI003166,36,admin.,married,professional.course,No,Sí,No
CLI003167,38,technician,married,professional.course,No,Sí,No
CLI003168,28,admin.,single,university.degree,No,No,No
CLI003169,27,blue-collar,single,basic.4y,No,Sí,No
CLI003170,33,services,single,high.school,No,Sí,No
CLI003171,31,blue-collar,married,basic.9y,Desconocido,No,No
CLI003172,56,retired,married,basic.4y,No,Sí,No
CLI003173,31,technician,divorced,high.school,No,Sí,No
CLI003174,46,admin.,divorced,university.degree,Desconocido,Sí,No
CLI003175,36,admin.,single,high.school,No,Sí,No
CLI003176,38,admin.,married,high.school,Desconocido,No,No
CLI003177,28,blue-collar,single,basic.9y,No,Sí,No
CLI003178,42,blue-collar,divorced,basic.9y,No,No,No
CLI003179,51,services,married,basic.6y,No,No,No
CLI003180,37,blue-collar,married,basic.4y,Desconocido,Desconocido,Desconocido
CLI003181,51,admin.,married,basic.4y,Desconocido,Sí,No
CLI003182,32,technician,married,professional.course,No,Sí,No
CLI003183,38,admin.,married,university.degree,No,Desconocido,Desconocido
CLI003184,40,technician,married,basic.9y,No,Sí,No
CLI003185,51,blue-collar,married,basic.9y,No,No,No
CLI003186,38,technician,divorced,professional.course,No,No,No
CLI003187,39,blue-collar,married,basic.9y,No,Sí,Sí
CLI003188,32,management,single,university.degree,Desconocido,Sí,Sí
CLI003189,41,management,single,basic.9y,No,No,No
CLI003190,29,admin.,single,high.school,No,Sí,No
CLI003191,32,admin.,married,university.degree,No,No,No
CLI003192,55,entrepreneur,married,university.degree,Desconocido,No,No
CLI003193,33,blue-collar,married,basic.9y,No,Sí,No
CLI003194,42,management,married,university.degree,No,Sí,Sí
CLI003195,39,unemployed,married,university.degree,No,No,No
CLI003196,45,technician,divorced,professional.course,No,Sí,Sí
CLI003197,36,self-employed,married,basic.9y,No,Sí,Sí
CLI003198,43,blue-collar,divorced,basic.9y,No,No,No
CLI003199,21,student,single,high.school,No,No,No
CLI003200,59,retired,married,Desconocido,No,No,Sí
CLI003201,28,admin.,single,university.degree,No,No,No
CLI003202,62,retired,married,high.school,No,No,No
CLI003203,46,blue-collar,married,professional.course,Desconocido,No,Sí
CLI003204,43,technician,single,university.degree,No,Sí,No
CLI003205,34,technician,married,professional.course,No,Sí,No
CLI003206,43,entrepreneur,divorced,high.school,Desconocido,Sí,No
CLI003207,46,services,married,basic.9y,Desconocido,No,No
CLI003208,57,self-employed,married,basic.4y,No,Sí,No
CLI003209,39,admin.,married,high.school,Desconocido,No,No
CLI003210,28,unemployed,single,high.school,No,Sí,No
CLI003211,44,entrepreneur,single,university.degree,No,Sí,No
CLI003212,58,retired,married,professional.course,Desconocido,No,No
CLI003213,38,admin.,married,high.school,No,,No
CLI003214,57,management,divorced,university.degree,No,No,No
CLI003215,46,admin.,divorced,basic.6y,No,Sí,No
CLI003216,42,entrepreneur,married,university.degree,No,Sí,No
CLI003217,32,technician,single,university.degree,No,Sí,No
CLI003218,31,technician,single,Desconocido,No,No,No
CLI003219,36,blue-collar,married,Desconocido,No,No,No
CLI003220,29,admin.,married,high.school,No,No,No
CLI003221,34,admin.,single,university.degree,No,No,No
CLI003222,41,management,married,university.degree,Desconocido,No,No
CLI003223,28,technician,single,professional.course,No,Sí,No
CLI003224,32,blue-collar,single,basic.4y,No,Sí,No
CLI003225,43,management,married,high.school,No,Sí,No
CLI003226,31,blue-collar,single,high.school,No,Sí,No
CLI003227,38,services,single,basic.9y,No,Sí,No
CLI003228,31,housemaid,married,university.degree,No,No,Sí
CLI003229,46,housemaid,married,basic.4y,No,Desconocido,Desconocido
CLI003230,27,admin.,single,,Desconocido,Sí,No
CLI003231,57,retired,single,high.school,No,No,No
CLI003232,48,blue-collar,married,high.school,No,No,No
CLI003233,38,admin.,single,university.degree,No,No,No
CLI003234,34,technician,married,professional.course,No,Sí,No
CLI003235,39,technician,single,university.degree,No,Sí,No
CLI003236,29,technician,single,university.degree,No,Sí,No
CLI003237,34,blue-collar,married,basic.9y,No,No,No
CLI003238,35,blue-collar,married,,No,Sí,No
CLI003239,52,admin.,married,Desconocido,No,Sí,No
CLI003240,41,services,single,professional.course,No,Sí,No
CLI003241,24,admin.,single,high.school,No,No,No
CLI003242,24,admin.,single,university.degree,Desconocido,No,No
CLI003243,46,unemployed,divorced,basic.4y,No,No,No
CLI003244,33,technician,married,high.school,Desconocido,Sí,No
CLI003245,51,blue-collar,married,basic.4y,No,Sí,No
CLI003246,41,self-employed,divorced,professional.course,No,No,No
CLI003247,40,technician,married,professional.course,No,Sí,No
CLI003248,31,technician,single,university.degree,No,Sí,No
CLI003249,37,services,married,high.school,No,No,No
CLI003250,25,blue-collar,married,basic.6y,Desconocido,Sí,No
CLI003251,28,services,married,high.school,No,No,No
CLI003252,54,technician,married,university.degree,No,Sí,No
CLI003253,53,services,divorced,university.degree,No,No,Sí
CLI003254,30,blue-collar,single,basic.9y,Desconocido,No,No
CLI003255,39,technician,married,high.school,No,No,No
CLI003256,26,admin.,single,high.school,No,No,No
CLI003257,68,retired,married,basic.4y,No,No,No
CLI003258,47,admin.,married,professional.course,No,No,No
CLI003259,31,services,married,,Desconocido,Sí,No
CLI003260,45,unemployed,divorced,,No,Desconocido,Desconocido
CLI003261,48,blue-collar,married,basic.6y,Desconocido,Sí,Sí
CLI003262,58,admin.,divorced,university.degree,No,Sí,No
CLI003263,24,technician,married,professional.course,No,Sí,No
CLI003265,48,technician,married,high.school,No,Sí,No
CLI003266,34,technician,married,Desconocido,No,Sí,No
CLI003267,34,blue-collar,married,basic.4y,Desconocido,No,Sí
CLI003268,52,admin.,married,university.degree,No,No,No
CLI003269,47,blue-collar,married,basic.9y,No,Desconocido,Desconocido
CLI003270,40,blue-collar,married,basic.4y,No,No,No
CLI003271,45,blue-collar,divorced,basic.9y,No,Sí,No
CLI003272,31,technician,married,professional.course,No,Sí,No
CLI003273,43,admin.,married,university.degree,No,Sí,No
CLI003274,28,services,single,high.school,No,Sí,No
CLI003275,41,admin.,married,university.degree,No,Sí,No
CLI003276,49,services,divorced,basic.6y,Desconocido,No,No
CLI003277,43,blue-collar,divorced,basic.9y,Desconocido,No,No
CLI003278,30,services,single,high.school,Desconocido,No,No
CLI003279,35,blue-collar,married,high.school,Desconocido,No,No
CLI003280,40,admin.,married,university.degree,Desconocido,No,No
CLI003281,53,technician,married,professional.course,No,No,No
CLI003282,31,admin.,single,basic.9y,No,Sí,No
CLI003283,48,blue-collar,married,high.school,No,No,No
CLI003284,49,blue-collar,married,basic.4y,No,No,No
CLI003285,35,management,single,university.degree,No,No,No
CLI003286,28,student,single,Desconocido,No,Sí,No
CLI003288,30,admin.,married,university.degree,No,No,Sí
CLI003289,28,blue-collar,married,basic.6y,No,No,No
CLI003290,53,blue-collar,married,basic.4y,Desconocido,No,No
CLI003291,46,blue-collar,married,Desconocido,Desconocido,No,No
CLI003292,32,entrepreneur,single,basic.9y,No,No,No
CLI003293,29,technician,single,high.school,No,Sí,Sí
CLI003294,71,retired,married,basic.4y,No,No,No
CLI003295,26,services,single,university.degree,No,Sí,No
CLI003296,50,entrepreneur,married,professional.course,Desconocido,Sí,No
CLI003297,33,services,single,high.school,No,No,No
CLI003298,33,services,single,high.school,No,Sí,No
CLI003299,39,services,single,high.school,No,Sí,No
CLI003300,37,admin.,married,university.degree,No,Sí,No
CLI003301,53,admin.,married,university.degree,No,Sí,Sí
CLI003302,29,entrepreneur,married,basic.4y,Desconocido,No,No
CLI003303,32,blue-collar,married,,Desconocido,No,No
CLI003304,32,services,single,basic.9y,No,Sí,No
CLI003305,34,technician,married,university.degree,No,Sí,No
CLI003306,31,blue-collar,married,basic.9y,No,Sí,No
CLI003307,25,services,married,high.school,No,No,No
CLI003308,40,blue-collar,married,basic.4y,Desconocido,Sí,No
CLI003309,28,admin.,married,university.degree,No,Sí,No
CLI003310,25,unemployed,married,high.school,Desconocido,No,No
CLI003311,66,retired,married,high.school,No,Sí,No
CLI003312,28,admin.,married,high.school,No,No,No
CLI003313,39,self-employed,married,,No,Sí,No
CLI003314,32,admin.,single,,No,Sí,No
CLI003315,28,self-employed,married,professional.course,No,Sí,No
CLI003316,29,admin.,married,university.degree,No,Sí,Sí
CLI003317,58,retired,married,basic.4y,Desconocido,No,No
CLI003318,42,blue-collar,married,basic.9y,Desconocido,Sí,No
CLI003319,32,admin.,single,university.degree,No,Sí,Sí
CLI003320,34,self-employed,single,university.degree,No,Sí,No
CLI003321,59,blue-collar,married,basic.4y,Desconocido,Sí,No
CLI003322,43,entrepreneur,married,university.degree,No,Sí,No
CLI003323,56,blue-collar,married,basic.4y,Desconocido,Sí,No
CLI003324,34,blue-collar,single,high.school,No,Sí,
CLI003325,32,blue-collar,married,basic.6y,Desconocido,No,No
CLI003326,31,blue-collar,married,university.degree,No,Sí,No
CLI003327,24,blue-collar,single,basic.9y,Desconocido,Sí,Sí
CLI003328,33,blue-collar,divorced,basic.6y,Desconocido,No,No
CLI003329,62,technician,married,Desconocido,No,No,Sí
CLI003330,32,services,single,high.school,No,Sí,No
CLI003331,38,housemaid,married,basic.9y,No,Sí,No
CLI003332,35,services,divorced,university.degree,No,Sí,No
CLI003333,25,technician,single,high.school,No,No,No
CLI003334,39,self-employed,married,,Desconocido,No,No
CLI003335,43,services,married,high.school,No,No,No
CLI003336,40,management,married,high.school,Desconocido,Sí,No
CLI003337,48,admin.,married,university.degree,Desconocido,Sí,Sí
CLI003338,42,management,married,basic.6y,No,Sí,Sí
CLI003339,33,services,married,high.school,No,Sí,No
CLI003340,32,admin.,single,university.degree,No,No,No
CLI003341,31,blue-collar,married,basic.4y,No,No,No
CLI003342,49,blue-collar,married,basic.4y,Desconocido,No,No
CLI003343,43,technician,married,professional.course,Desconocido,No,No
CLI003344,38,entrepreneur,married,university.degree,No,Sí,No
CLI003346,43,management,married,,No,Sí,No
CLI003347,42,management,married,university.degree,No,Sí,
CLI003348,29,admin.,single,university.degree,No,No,
CLI003349,58,housemaid,married,basic.4y,Desconocido,No,No
CLI003350,57,blue-collar,married,basic.4y,Desconocido,No,No
CLI003351,59,unemployed,married,professional.course,No,No,No
CLI003352,32,technician,single,professional.course,No,No,No
CLI003353,51,management,married,university.degree,No,Sí,
CLI003354,28,blue-collar,married,high.school,No,Sí,No
CLI003355,32,admin.,married,high.school,No,No,No
CLI003356,24,blue-collar,married,basic.9y,No,Sí,No
CLI003357,53,technician,married,professional.course,Desconocido,No,Sí
CLI003358,36,admin.,single,university.degree,No,Sí,No
CLI003359,30,self-employed,married,basic.9y,No,No,No
CLI003360,52,blue-collar,married,,No,No,No
CLI003361,36,entrepreneur,married,university.degree,No,No,No
CLI003362,51,technician,married,professional.course,No,Sí,No
CLI003363,55,admin.,single,university.degree,Desconocido,Sí,No
CLI003364,47,services,married,high.school,No,No,No
CLI003365,30,admin.,married,university.degree,No,No,No
CLI003366,37,blue-collar,married,Desconocido,Desconocido,Sí,No
CLI003367,41,blue-collar,married,basic.9y,No,Sí,No
CLI003368,31,services,married,high.school,Desconocido,No,Sí
CLI003369,36,management,married,university.degree,No,No,Sí
CLI003370,36,admin.,married,professional.course,No,No,No
CLI003371,54,admin.,married,university.degree,No,Sí,No
CLI003372,60,admin.,married,high.school,Desconocido,No,No
CLI003373,38,technician,married,professional.course,No,No,
CLI003374,50,management,married,university.degree,Desconocido,No,No
CLI003375,43,admin.,married,high.school,No,Sí,No
CLI003376,40,admin.,married,basic.9y,No,No,Sí
CLI003377,29,admin.,single,university.degree,No,No,No
CLI003378,42,admin.,divorced,university.degree,No,Sí,No
CLI003379,28,services,married,high.school,Desconocido,No,No
CLI003380,40,entrepreneur,married,university.degree,Desconocido,Desconocido,Desconocido
CLI003381,26,admin.,single,high.school,No,Sí,No
CLI003382,31,admin.,married,professional.course,No,No,No
CLI003383,42,self-employed,married,university.degree,No,No,No
CLI003384,28,student,single,high.school,No,No,No
CLI003385,50,blue-collar,married,Desconocido,Desconocido,No,No
CLI003386,48,entrepreneur,married,university.degree,No,Sí,No
CLI003387,29,entrepreneur,married,university.degree,No,Sí,Sí
CLI003388,37,admin.,divorced,university.degree,No,Desconocido,Desconocido
CLI003389,33,housemaid,married,high.school,No,No,No
CLI003390,39,services,married,high.school,Desconocido,Sí,No
CLI003391,35,technician,married,university.degree,Desconocido,No,No
CLI003392,32,Desconocido,married,basic.6y,Desconocido,Sí,No
CLI003393,72,retired,married,basic.4y,No,Sí,No
CLI003394,45,blue-collar,married,Desconocido,No,Sí,Sí
CLI003395,41,technician,divorced,university.degree,No,Sí,Sí
CLI003396,27,blue-collar,single,basic.4y,No,Sí,
CLI003397,54,admin.,married,university.degree,No,No,Sí
CLI003398,39,blue-collar,married,basic.9y,No,No,No
CLI003399,31,technician,married,professional.course,No,No,No
CLI003400,33,blue-collar,married,basic.4y,No,No,No
CLI003401,31,management,married,university.degree,No,No,No
CLI003402,35,services,married,high.school,Desconocido,,No
CLI003403,39,services,married,high.school,No,No,No
CLI003404,31,admin.,single,university.degree,No,No,No
CLI003405,33,blue-collar,single,high.school,No,Sí,Sí
CLI003406,46,blue-collar,married,professional.course,No,No,No
CLI003407,30,admin.,single,university.degree,No,No,No
CLI003408,46,blue-collar,married,basic.9y,No,Sí,No
CLI003409,57,services,divorced,high.school,Desconocido,No,Sí
CLI003410,34,blue-collar,married,basic.9y,No,No,No
CLI003411,51,admin.,divorced,university.degree,No,No,No
CLI003412,50,management,divorced,high.school,Desconocido,No,No
CLI003413,31,admin.,single,university.degree,Desconocido,No,No
CLI003414,43,admin.,married,university.degree,No,No,No
CLI003415,57,entrepreneur,married,basic.9y,No,Sí,No
CLI003416,41,blue-collar,married,basic.9y,Desconocido,No,No
CLI003417,30,blue-collar,married,basic.6y,No,No,No
CLI003418,29,services,single,high.school,No,Sí,No
CLI003419,30,blue-collar,single,basic.4y,Desconocido,Sí,Sí
CLI003420,36,admin.,married,university.degree,Desconocido,No,No
CLI003421,39,admin.,single,university.degree,No,Sí,No
CLI003422,46,admin.,married,university.degree,Desconocido,No,No
CLI003423,31,blue-collar,single,professional.course,No,Sí,No
CLI003424,42,entrepreneur,single,university.degree,No,Sí,No
CLI003425,54,services,married,Desconocido,No,No,No
CLI003426,27,blue-collar,single,basic.9y,No,,No
CLI003427,39,blue-collar,married,basic.9y,No,Sí,No
CLI003428,35,admin.,single,university.degree,No,Sí,No
CLI003429,37,admin.,married,high.school,No,No,No
CLI003430,46,management,married,high.school,No,No,No
CLI003431,34,services,married,high.school,No,Sí,No
CLI003432,50,entrepreneur,married,basic.4y,Desconocido,Sí,
CLI003433,27,blue-collar,married,university.degree,No,No,Sí
CLI003434,52,retired,married,basic.9y,Desconocido,No,No
CLI003435,45,services,married,high.school,No,Sí,No
CLI003436,27,blue-collar,married,basic.9y,No,No,Sí
CLI003437,33,admin.,married,high.school,Desconocido,No,No
CLI003438,35,admin.,married,university.degree,No,No,
CLI003439,39,blue-collar,married,basic.9y,Desconocido,,Sí
CLI003440,55,services,married,high.school,No,No,No
CLI003441,37,technician,married,professional.course,No,No,No
CLI003442,31,blue-collar,married,basic.9y,No,No,No
CLI003443,27,technician,single,professional.course,No,No,No
CLI003444,38,blue-collar,married,basic.9y,No,,No
CLI003445,88,retired,divorced,basic.4y,No,Sí,No
CLI003446,44,technician,married,professional.course,Desconocido,No,No
CLI003447,51,technician,married,professional.course,No,Desconocido,Desconocido
CLI003448,39,technician,married,professional.course,No,No,Sí
CLI003449,25,student,single,high.school,No,No,No
CLI003450,41,technician,single,high.school,No,Sí,No
CLI003451,33,blue-collar,married,basic.6y,Desconocido,Sí,No
CLI003452,42,entrepreneur,married,basic.4y,No,,Sí
CLI003453,23,blue-collar,single,high.school,Desconocido,Sí,No
CLI003454,21,student,single,Desconocido,No,Sí,
CLI003455,46,technician,married,university.degree,No,Sí,No
CLI003456,32,admin.,single,university.degree,Desconocido,Sí,Sí
CLI003457,30,admin.,married,university.degree,No,Sí,No
CLI003458,53,entrepreneur,married,Desconocido,No,Sí,No
CLI003459,44,blue-collar,married,basic.9y,No,Sí,No
CLI003460,38,technician,married,,No,Sí,No
CLI003461,35,admin.,married,high.school,No,No,No
CLI003462,44,admin.,married,high.school,No,No,No
CLI003463,40,blue-collar,married,professional.course,No,No,No
CLI003464,53,admin.,married,high.school,No,No,No
CLI003465,26,admin.,single,university.degree,No,No,No
CLI003466,39,admin.,divorced,university.degree,No,Sí,No
CLI003467,48,blue-collar,married,basic.6y,No,No,Sí
CLI003468,23,student,single,high.school,No,Sí,No
CLI003469,38,technician,married,professional.course,No,No,No
CLI003470,44,blue-collar,married,basic.6y,Desconocido,Sí,Sí
CLI003471,35,admin.,married,high.school,No,Sí,No
CLI003472,51,admin.,married,high.school,No,No,Sí
CLI003473,46,entrepreneur,married,basic.9y,No,No,No
CLI003474,41,entrepreneur,married,university.degree,No,Sí,No
CLI003475,41,services,married,basic.9y,No,Sí,No
CLI003476,30,services,married,high.school,No,,No
CLI003477,29,management,single,university.degree,No,Sí,No
CLI003478,48,technician,married,basic.4y,Desconocido,No,No
CLI003479,35,technician,divorced,professional.course,No,No,No
CLI003480,31,self-employed,married,university.degree,No,No,No
CLI003481,31,technician,single,professional.course,No,No,No
CLI003482,31,blue-collar,married,basic.9y,No,,No
CLI003483,25,admin.,single,university.degree,No,No,Sí
CLI003484,31,services,married,professional.course,No,No,No
CLI003485,30,blue-collar,married,basic.9y,No,No,No
CLI003486,30,admin.,married,high.school,No,No,No
CLI003487,34,admin.,married,university.degree,No,No,No
CLI003488,35,management,married,university.degree,No,No,No
CLI003489,34,admin.,married,university.degree,No,No,No
CLI003490,31,technician,married,professional.course,No,No,No
CLI003491,54,technician,married,professional.course,No,No,No
CLI003492,43,technician,single,high.school,No,No,No
CLI003493,26,services,single,basic.9y,No,No,Sí
CLI003494,38,blue-collar,divorced,Desconocido,No,No,No
CLI003495,31,blue-collar,married,basic.6y,No,No,No
CLI003496,32,technician,married,professional.course,No,Sí,Sí
CLI003497,37,services,married,high.school,No,No,No
CLI003498,52,services,divorced,basic.6y,No,Sí,No
CLI003499,35,student,single,university.degree,Desconocido,Sí,Sí
CLI003500,24,admin.,single,university.degree,No,Sí,No
CLI003501,37,management,divorced,university.degree,No,No,No
CLI003502,47,blue-collar,divorced,basic.9y,No,Sí,No
CLI003503,40,unemployed,married,professional.course,No,Sí,No
CLI003504,48,blue-collar,married,basic.4y,No,,No
CLI003505,33,housemaid,married,high.school,No,No,No
CLI003506,35,technician,married,professional.course,No,No,No
CLI003507,33,technician,married,professional.course,No,Sí,Sí
CLI003508,40,entrepreneur,married,basic.9y,No,Sí,No
CLI003509,31,admin.,single,university.degree,No,Sí,No
CLI003510,38,admin.,married,university.degree,No,Sí,No
CLI003511,51,blue-collar,married,basic.9y,Desconocido,No,No
CLI003512,33,admin.,single,high.school,Desconocido,Sí,No
CLI003513,37,entrepreneur,married,basic.6y,Desconocido,Desconocido,Desconocido
CLI003514,39,entrepreneur,divorced,basic.4y,No,No,No
CLI003515,44,admin.,married,university.degree,No,No,No
CLI003516,32,services,married,high.school,Desconocido,Sí,
CLI003517,39,blue-collar,married,basic.4y,Desconocido,No,No
CLI003518,30,blue-collar,married,basic.6y,No,Sí,No
CLI003519,30,admin.,divorced,basic.6y,No,No,No
CLI003520,40,blue-collar,married,basic.6y,No,Sí,No
CLI003521,31,admin.,single,university.degree,No,Desconocido,Desconocido
CLI003522,37,services,married,basic.9y,No,No,Sí
CLI003523,31,admin.,single,university.degree,No,Sí,No
CLI003524,67,retired,married,professional.course,No,Sí,Sí
CLI003525,38,services,married,high.school,No,No,No
CLI003526,55,unemployed,married,university.degree,No,Sí,Sí
CLI003527,60,admin.,married,high.school,No,No,No
CLI003528,42,technician,married,professional.course,Desconocido,No,No
CLI003529,31,technician,married,university.degree,No,Sí,
CLI003530,37,blue-collar,divorced,basic.9y,No,Sí,No
CLI003531,44,admin.,divorced,high.school,No,No,No
CLI003532,24,technician,single,high.school,No,Sí,No
CLI003533,37,technician,single,professional.course,No,Sí,Sí
CLI003534,41,admin.,divorced,university.degree,No,No,
CLI003535,43,unemployed,divorced,basic.9y,No,,No
CLI003536,32,blue-collar,married,basic.4y,Desconocido,No,No
CLI003537,33,blue-collar,divorced,basic.9y,No,No,Sí
CLI003538,43,entrepreneur,married,university.degree,No,No,No
CLI003539,51,technician,married,university.degree,No,Sí,No
CLI003540,51,blue-collar,married,basic.4y,Desconocido,Sí,No
CLI003541,60,retired,divorced,basic.4y,No,Sí,No
CLI003542,30,management,married,university.degree,No,No,Sí
CLI003543,30,blue-collar,married,professional.course,No,No,No
CLI003544,27,admin.,married,basic.9y,Desconocido,Sí,Sí
CLI003545,50,blue-collar,married,basic.4y,No,Sí,No
CLI003546,37,self-employed,married,university.degree,No,No,No
CLI003547,56,blue-collar,married,basic.4y,No,No,No
CLI003548,39,services,married,Desconocido,Desconocido,Sí,No
CLI003549,34,technician,single,university.degree,No,No,No
CLI003550,59,retired,single,high.school,No,No,Sí
CLI003551,58,entrepreneur,married,basic.4y,Desconocido,Sí,No
CLI003552,30,admin.,single,university.degree,Desconocido,Sí,No
CLI003553,24,technician,single,professional.course,Desconocido,Sí,Sí
CLI003554,31,admin.,married,high.school,No,Sí,No
CLI003555,45,services,married,professional.course,No,,No
CLI003556,36,blue-collar,single,basic.9y,No,Desconocido,Desconocido
CLI003557,48,blue-collar,married,basic.9y,No,Sí,No
CLI003558,28,technician,single,professional.course,Desconocido,No,No
CLI003559,34,admin.,married,university.degree,No,Sí,No
CLI003560,45,blue-collar,divorced,high.school,Desconocido,No,No
CLI003561,37,admin.,married,high.school,Desconocido,Sí,No
CLI003562,43,services,divorced,high.school,No,No,No
CLI003563,19,student,single,basic.4y,No,No,Sí
CLI003564,58,retired,married,,No,No,Sí
CLI003565,34,admin.,married,university.degree,No,No,No
CLI003566,33,services,married,high.school,No,No,No
CLI003567,42,technician,divorced,professional.course,No,Sí,No
CLI003568,58,retired,married,basic.4y,No,No,No
CLI003569,44,blue-collar,single,basic.6y,No,No,No
CLI003570,29,blue-collar,single,basic.6y,No,No,No
CLI003571,50,admin.,single,university.degree,No,No,No
CLI003572,53,services,divorced,basic.9y,No,Sí,No
CLI003573,48,services,married,high.school,Desconocido,No,No
CLI003574,39,housemaid,single,basic.4y,Desconocido,No,No
CLI003575,20,student,single,basic.9y,No,Sí,No
CLI003576,35,admin.,divorced,high.school,No,Sí,No
CLI003577,36,admin.,married,university.degree,No,Sí,No
CLI003578,48,blue-collar,married,high.school,No,No,No
CLI003579,42,technician,divorced,basic.9y,No,No,No
CLI003580,52,housemaid,divorced,professional.course,No,Sí,No
CLI003581,39,services,married,basic.9y,No,Sí,No
CLI003582,43,management,married,basic.9y,No,No,No
CLI003583,44,blue-collar,divorced,basic.4y,No,No,No
CLI003584,60,retired,married,professional.course,No,No,No
CLI003585,26,admin.,married,high.school,No,No,No
CLI003586,32,admin.,married,university.degree,No,No,No
CLI003587,46,admin.,divorced,university.degree,No,No,No
CLI003588,31,admin.,single,university.degree,No,Sí,No
CLI003589,45,blue-collar,married,basic.9y,Desconocido,No,No
CLI003590,39,housemaid,married,basic.4y,No,Sí,No
CLI003591,37,admin.,single,university.degree,No,,No
CLI003592,41,management,married,university.degree,Desconocido,Sí,No
CLI003593,42,services,married,high.school,No,Sí,No
CLI003594,39,management,single,university.degree,No,Sí,No
CLI003595,30,technician,single,university.degree,No,Sí,No
CLI003596,39,admin.,married,university.degree,No,No,No
CLI003597,57,blue-collar,married,basic.4y,No,Sí,No
CLI003598,33,admin.,married,,No,No,Sí
CLI003599,31,entrepreneur,single,university.degree,No,Sí,No
CLI003600,32,management,single,university.degree,No,No,No
CLI003601,33,services,married,high.school,No,No,No
CLI003602,48,blue-collar,married,high.school,Desconocido,,No
CLI003603,52,management,married,university.degree,No,Sí,No
CLI003604,25,services,married,high.school,No,No,No
CLI003605,24,blue-collar,single,basic.9y,No,No,No
CLI003606,30,admin.,single,university.degree,No,Sí,No
CLI003607,32,admin.,married,university.degree,No,No,No
CLI003608,47,services,married,high.school,No,Sí,No
CLI003609,41,entrepreneur,married,university.degree,No,Sí,No
CLI003610,24,blue-collar,single,basic.4y,No,Sí,Sí
CLI003611,28,technician,single,professional.course,No,Sí,No
CLI003612,29,student,married,high.school,No,No,Sí
CLI003613,28,entrepreneur,single,professional.course,No,Sí,No
CLI003614,60,management,married,,Desconocido,No,No
CLI003615,22,student,single,high.school,No,No,No
CLI003616,49,technician,married,basic.6y,Desconocido,No,No
CLI003617,36,blue-collar,married,Desconocido,No,No,No
CLI003618,34,blue-collar,married,basic.4y,No,No,No
CLI003619,24,blue-collar,married,basic.9y,No,No,No
CLI003620,42,technician,married,university.degree,No,No,No
CLI003621,40,services,married,high.school,No,No,Sí
CLI003622,44,blue-collar,single,basic.9y,No,Sí,No
CLI003623,25,admin.,single,high.school,No,Sí,Sí
CLI003624,38,unemployed,married,basic.4y,Desconocido,No,No
CLI003625,58,technician,married,professional.course,Desconocido,Sí,No
CLI003626,50,admin.,married,basic.6y,No,Sí,No
CLI003627,50,housemaid,married,basic.4y,Desconocido,Desconocido,Desconocido
CLI003628,28,services,single,high.school,No,Desconocido,Desconocido
CLI003629,43,technician,married,university.degree,Desconocido,Desconocido,Desconocido
CLI003630,59,management,married,basic.4y,Desconocido,Sí,Sí
CLI003631,37,admin.,single,university.degree,No,Sí,No
CLI003632,36,technician,married,professional.course,No,Sí,No
CLI003633,38,unemployed,married,professional.course,No,No,No
CLI003634,55,blue-collar,married,basic.9y,No,No,No
CLI003635,39,technician,married,professional.course,No,No,No
CLI003636,21,student,single,university.degree,No,No,No
CLI003637,24,student,single,basic.9y,No,Sí,No
CLI003638,36,unemployed,married,basic.9y,No,No,No
CLI003639,32,admin.,single,university.degree,No,No,No
CLI003640,31,technician,single,high.school,No,Sí,No
CLI003641,58,blue-collar,married,high.school,No,Sí,No
CLI003642,31,admin.,single,university.degree,No,Sí,No
CLI003643,53,management,married,university.degree,No,,Sí
CLI003644,45,blue-collar,single,basic.9y,No,No,No
CLI003645,40,technician,married,professional.course,Desconocido,Sí,No
CLI003646,51,housemaid,divorced,high.school,No,Sí,No
CLI003647,51,technician,married,professional.course,No,Sí,No
CLI003648,45,unemployed,married,basic.9y,No,Sí,No
CLI003649,32,admin.,single,university.degree,No,Sí,No
CLI003650,47,housemaid,married,basic.9y,No,Sí,No
CLI003651,57,technician,married,high.school,No,Sí,No
CLI003652,49,admin.,married,basic.9y,Desconocido,No,Sí
CLI003653,26,unemployed,single,university.degree,No,Sí,No
CLI003654,59,blue-collar,married,basic.9y,Desconocido,No,No
CLI003655,43,entrepreneur,married,basic.9y,No,Sí,No
CLI003656,60,retired,married,high.school,No,No,No
CLI003657,56,entrepreneur,married,university.degree,No,No,No
CLI003658,24,management,single,university.degree,No,No,Sí
CLI003659,52,management,divorced,university.degree,No,Sí,No
CLI003660,45,technician,married,basic.9y,Desconocido,No,No
CLI003661,27,services,single,high.school,No,No,Sí
CLI003662,42,entrepreneur,married,university.degree,Desconocido,No,No
CLI003663,26,technician,single,professional.course,No,No,No
CLI003664,58,blue-collar,married,basic.9y,No,No,No
CLI003665,33,blue-collar,married,high.school,No,Sí,No
CLI003666,50,management,married,basic.4y,No,Sí,No
CLI003667,34,blue-collar,married,professional.course,No,Sí,No
CLI003668,25,student,single,high.school,No,Sí,No
CLI003669,36,blue-collar,single,university.degree,No,Sí,No
CLI003670,48,blue-collar,married,basic.4y,Desconocido,No,No
CLI003671,35,technician,single,university.degree,No,Sí,No
CLI003672,40,technician,single,professional.course,No,Sí,No
CLI003673,35,management,married,university.degree,No,Sí,No
CLI003674,42,entrepreneur,married,university.degree,No,No,No
CLI003675,58,management,married,university.degree,No,No,Sí
CLI003676,29,blue-collar,single,high.school,No,Sí,No
CLI003677,30,unemployed,single,high.school,No,No,No
CLI003678,39,management,married,university.degree,No,Sí,No
CLI003679,51,housemaid,married,high.school,Desconocido,Sí,Sí
CLI003680,29,admin.,single,university.degree,No,Sí,No
CLI003681,53,management,married,basic.9y,Desconocido,Sí,Sí
CLI003682,60,admin.,single,university.degree,No,Sí,Sí
CLI003683,32,admin.,single,high.school,No,No,No
CLI003684,56,management,divorced,university.degree,Desconocido,No,No
CLI003685,39,blue-collar,married,basic.6y,No,No,No
CLI003686,48,blue-collar,married,basic.9y,No,Sí,No
CLI003687,25,admin.,single,university.degree,No,No,No
CLI003688,61,retired,married,basic.9y,No,Sí,No
CLI003689,54,technician,married,professional.course,Desconocido,No,Sí
CLI003690,72,retired,married,professional.course,No,No,No
CLI003691,31,blue-collar,married,basic.9y,No,Sí,No
CLI003692,32,admin.,married,university.degree,No,No,No
CLI003693,57,housemaid,divorced,basic.4y,No,Sí,No
CLI003694,27,blue-collar,single,basic.6y,No,No,Sí
CLI003695,46,admin.,single,high.school,No,No,No
CLI003696,40,blue-collar,single,basic.9y,No,Desconocido,Desconocido
CLI003697,32,technician,married,professional.course,No,No,No
CLI003698,32,services,divorced,,Desconocido,Sí,No
CLI003699,27,blue-collar,married,basic.9y,No,No,No
CLI003700,30,admin.,single,university.degree,No,No,No
CLI003701,29,admin.,single,university.degree,No,Sí,No
CLI003702,37,admin.,married,university.degree,No,No,Sí
CLI003703,40,technician,married,professional.course,No,Sí,No
CLI003704,25,admin.,single,,No,Sí,No
CLI003705,34,blue-collar,married,basic.9y,No,No,No
CLI003706,32,self-employed,married,high.school,No,Sí,No
CLI003707,29,services,married,basic.6y,No,No,Sí
CLI003708,46,housemaid,married,basic.4y,No,No,No
CLI003709,39,admin.,single,high.school,No,No,Sí
CLI003710,69,retired,married,high.school,No,No,No
CLI003711,56,blue-collar,married,basic.9y,Desconocido,No,No
CLI003712,56,retired,married,basic.4y,No,No,No
CLI003713,31,unemployed,married,professional.course,No,Sí,No
CLI003714,56,blue-collar,married,basic.9y,No,Sí,No
CLI003715,24,blue-collar,single,basic.9y,No,No,Sí
CLI003716,32,admin.,single,university.degree,No,No,No
CLI003717,40,unemployed,divorced,high.school,No,No,Sí
CLI003718,36,services,married,high.school,No,Sí,No
CLI003719,56,blue-collar,married,basic.4y,Desconocido,Sí,No
CLI003720,34,admin.,married,university.degree,No,Sí,No
CLI003721,25,student,single,high.school,No,No,No
CLI003722,32,blue-collar,single,university.degree,No,Sí,Sí
CLI003723,40,services,married,high.school,No,Sí,No
CLI003724,41,admin.,divorced,university.degree,No,Sí,No
CLI003725,29,student,single,university.degree,No,Sí,No
CLI003726,53,housemaid,married,basic.4y,Desconocido,Sí,No
CLI003727,33,admin.,single,university.degree,No,Sí,No
CLI003728,40,services,single,high.school,No,No,No
CLI003729,46,admin.,divorced,university.degree,No,Sí,No
CLI003730,28,services,married,high.school,No,Sí,No
CLI003731,33,blue-collar,married,high.school,No,Sí,No
CLI003732,56,admin.,divorced,Desconocido,Desconocido,Sí,Sí
CLI003733,29,admin.,married,high.school,No,Sí,No
CLI003734,28,unemployed,single,basic.4y,No,Sí,No
CLI003735,52,services,married,high.school,Desconocido,No,No
CLI003736,38,technician,single,professional.course,No,No,No
CLI003737,56,blue-collar,married,basic.4y,Desconocido,,No
CLI003738,33,technician,married,university.degree,No,Sí,No
CLI003739,41,services,single,high.school,No,Sí,No
CLI003740,33,entrepreneur,married,basic.6y,No,Sí,No
CLI003741,32,admin.,single,university.degree,No,No,No
CLI003742,45,services,married,high.school,Desconocido,Sí,No
CLI003743,32,admin.,married,university.degree,No,No,No
CLI003744,34,admin.,divorced,university.degree,No,Sí,No
CLI003745,31,technician,married,professional.course,No,Sí,No
CLI003746,31,admin.,married,university.degree,No,No,No
CLI003747,29,blue-collar,single,basic.9y,No,Sí,No
CLI003748,20,student,single,high.school,No,Sí,Sí
CLI003749,53,management,divorced,university.degree,No,Sí,No
CLI003750,45,blue-collar,married,basic.4y,Desconocido,Sí,No
CLI003751,32,admin.,married,university.degree,No,No,No
CLI003752,41,management,married,Desconocido,Desconocido,No,Sí
CLI003753,73,retired,married,professional.course,No,Sí,No
CLI003754,32,services,married,high.school,Desconocido,Sí,No
CLI003755,37,blue-collar,married,basic.9y,No,No,No
CLI003756,45,management,married,basic.9y,No,Sí,Sí
CLI003757,52,technician,married,basic.9y,No,Sí,Sí
CLI003758,29,admin.,single,university.degree,No,Sí,No
CLI003759,56,admin.,married,university.degree,No,No,No
CLI003760,42,admin.,married,professional.course,Desconocido,Sí,Sí
CLI003761,41,blue-collar,married,,No,No,No
CLI003762,36,blue-collar,married,basic.9y,No,No,No
CLI003763,35,admin.,divorced,high.school,No,Sí,Sí
CLI003764,30,technician,married,professional.course,No,No,No
CLI003765,50,blue-collar,married,basic.9y,No,Sí,No
CLI003766,62,admin.,married,university.degree,No,No,No
CLI003767,52,services,married,high.school,Desconocido,Desconocido,Desconocido
CLI003768,28,admin.,single,Desconocido,No,Sí,No
CLI003769,30,blue-collar,married,basic.9y,No,Desconocido,Desconocido
CLI003770,40,admin.,married,high.school,No,Sí,Sí
CLI003771,32,services,single,,Desconocido,No,No
CLI003772,29,admin.,single,high.school,No,No,No
CLI003773,44,admin.,married,university.degree,No,No,No
CLI003774,49,management,divorced,university.degree,No,Sí,
CLI003775,25,admin.,married,high.school,No,Sí,No
CLI003776,24,admin.,single,high.school,No,Sí,No
CLI003777,31,technician,married,university.degree,No,No,No
CLI003778,28,blue-collar,married,basic.9y,Desconocido,No,Sí
CLI003779,48,services,married,high.school,No,Sí,No
CLI003780,29,technician,single,university.degree,No,Sí,No
CLI003781,25,Desconocido,single,university.degree,No,Sí,No
CLI003782,27,services,single,high.school,No,Sí,No
CLI003783,34,admin.,married,university.degree,No,No,No
CLI003784,57,blue-collar,married,basic.4y,Desconocido,No,Sí
CLI003785,26,student,single,basic.9y,No,Sí,Sí
CLI003786,31,blue-collar,married,basic.6y,Desconocido,Desconocido,Desconocido
CLI003787,39,admin.,single,high.school,No,Sí,No
CLI003788,32,blue-collar,married,basic.9y,Desconocido,No,No
CLI003789,40,blue-collar,married,basic.9y,No,No,No
CLI003790,30,blue-collar,married,basic.9y,No,No,No
CLI003792,40,technician,married,professional.course,No,Sí,No
CLI003793,33,technician,married,professional.course,No,No,Sí
CLI003794,39,housemaid,married,basic.9y,No,No,No
CLI003795,56,blue-collar,married,basic.9y,No,Desconocido,Desconocido
CLI003796,55,admin.,single,high.school,No,Sí,No
CLI003797,48,services,married,high.school,No,No,
CLI003798,27,admin.,married,university.degree,No,Sí,Sí
CLI003799,47,management,married,university.degree,No,Sí,No
CLI003800,32,blue-collar,married,basic.9y,No,No,No
CLI003801,40,blue-collar,married,basic.4y,Desconocido,No,No
CLI003802,34,services,married,high.school,No,No,No
CLI003803,19,student,single,Desconocido,No,Sí,No
CLI003804,48,management,married,university.degree,Desconocido,No,No
CLI003805,51,blue-collar,married,basic.4y,Desconocido,Sí,No
CLI003806,42,self-employed,married,high.school,Desconocido,Sí,No
CLI003807,47,blue-collar,married,basic.4y,Desconocido,No,No
CLI003808,36,services,married,basic.9y,No,Sí,No
CLI003809,42,blue-collar,married,basic.4y,Desconocido,No,Sí
CLI003810,34,admin.,married,basic.6y,No,Sí,No
CLI003811,46,admin.,single,university.degree,No,No,No
CLI003812,38,technician,single,university.degree,No,Sí,No
CLI003813,41,self-employed,married,university.degree,No,Sí,No
CLI003814,32,services,married,university.degree,No,No,No
CLI003815,31,blue-collar,single,high.school,No,Desconocido,Desconocido
CLI003817,42,admin.,married,high.school,No,No,No
CLI003818,29,admin.,single,university.degree,No,No,No
CLI003819,37,entrepreneur,single,university.degree,No,,No
CLI003820,56,housemaid,divorced,basic.4y,Desconocido,No,No
CLI003821,31,services,divorced,high.school,No,Sí,No
CLI003822,46,services,divorced,,Desconocido,Sí,No
CLI003823,48,technician,married,professional.course,No,Sí,Sí
CLI003824,38,self-employed,single,Desconocido,No,,No
CLI003825,47,admin.,divorced,university.degree,No,No,No
CLI003826,33,management,single,university.degree,No,No,No
CLI003827,32,services,married,basic.9y,No,No,No
CLI003828,31,blue-collar,single,high.school,No,Sí,No
CLI003829,29,technician,single,professional.course,Desconocido,Sí,Sí
CLI003830,49,admin.,married,,No,Sí,No
CLI003831,45,blue-collar,married,basic.6y,Desconocido,,No
CLI003832,35,services,married,high.school,Desconocido,No,No
CLI003833,65,retired,married,basic.4y,No,Sí,No
CLI003834,36,blue-collar,single,basic.9y,No,No,Sí
CLI003835,35,admin.,married,university.degree,No,Sí,No
CLI003836,28,blue-collar,married,basic.9y,No,Sí,No
CLI003837,42,technician,married,professional.course,No,Sí,No
CLI003838,33,admin.,married,university.degree,No,Sí,No
CLI003839,42,management,married,basic.6y,No,Sí,No
CLI003840,52,admin.,married,university.degree,No,Sí,
CLI003841,44,admin.,married,Desconocido,No,No,No
CLI003842,32,admin.,single,university.degree,No,No,No
CLI003843,62,admin.,married,high.school,No,No,No
CLI003844,38,admin.,single,university.degree,No,Sí,Sí
CLI003845,30,technician,married,professional.course,No,No,Sí
CLI003846,51,housemaid,married,basic.9y,No,No,No
CLI003847,56,services,divorced,high.school,Desconocido,No,No
CLI003848,34,blue-collar,married,basic.6y,Desconocido,No,No
CLI003849,33,admin.,married,university.degree,No,Sí,No
CLI003850,33,management,single,university.degree,No,No,Sí
CLI003851,48,admin.,divorced,university.degree,No,Sí,No
CLI003852,37,services,married,basic.6y,Desconocido,Sí,No
CLI003853,45,Desconocido,married,Desconocido,No,No,No
CLI003854,45,admin.,married,university.degree,No,No,No
CLI003855,32,admin.,single,university.degree,No,Sí,No
CLI003856,33,technician,married,professional.course,No,Sí,No
CLI003857,41,entrepreneur,divorced,Desconocido,No,Sí,No
CLI003858,25,blue-collar,single,basic.9y,No,No,Sí
CLI003859,43,admin.,divorced,university.degree,Desconocido,,No
CLI003860,34,blue-collar,married,basic.9y,No,Sí,No
CLI003861,28,services,married,high.school,No,No,
CLI003862,36,unemployed,married,basic.9y,Desconocido,Sí,Sí
CLI003863,51,management,divorced,university.degree,No,Sí,No
CLI003864,39,technician,married,university.degree,Desconocido,No,No
CLI003865,39,blue-collar,married,high.school,No,No,No
CLI003866,57,retired,married,basic.9y,Desconocido,Sí,No
CLI003867,49,admin.,married,high.school,No,No,No
CLI003868,34,management,single,university.degree,No,No,No
CLI003869,48,blue-collar,divorced,basic.4y,Desconocido,,No
CLI003870,37,unemployed,married,university.degree,No,Sí,No
CLI003871,32,services,married,high.school,No,No,No
CLI003872,35,technician,married,professional.course,No,Sí,No
CLI003873,47,services,married,basic.6y,No,No,No
CLI003874,30,admin.,married,university.degree,No,Sí,No
CLI003875,36,blue-collar,married,high.school,No,Sí,No
CLI003876,37,technician,married,high.school,Desconocido,Sí,No
CLI003877,56,management,married,university.degree,No,No,No
CLI003878,53,blue-collar,married,basic.4y,Desconocido,Sí,No
CLI003879,37,admin.,divorced,university.degree,No,Sí,
CLI003880,56,technician,married,professional.course,No,No,No
CLI003881,36,technician,single,high.school,No,Sí,No
CLI003882,31,admin.,married,high.school,Desconocido,Sí,Sí
CLI003883,35,admin.,single,high.school,No,Sí,No
CLI003884,33,services,married,high.school,No,No,No
CLI003885,31,technician,divorced,university.degree,No,No,Sí
CLI003886,48,admin.,married,basic.9y,Desconocido,No,No
CLI003887,30,services,single,high.school,No,No,No
CLI003888,33,admin.,married,university.degree,No,Sí,No
CLI003889,39,housemaid,married,basic.4y,No,No,No
CLI003890,49,housemaid,single,high.school,Desconocido,Sí,Sí
CLI003891,52,technician,married,basic.9y,No,Sí,Sí
CLI003892,46,blue-collar,divorced,basic.6y,No,,Sí
CLI003893,38,technician,married,professional.course,No,No,No
CLI003894,55,retired,married,high.school,No,No,No
CLI003895,31,management,married,university.degree,No,Sí,Sí
CLI003896,23,technician,single,professional.course,No,Sí,No
CLI003897,25,admin.,single,basic.9y,No,Sí,No
CLI003898,33,technician,married,high.school,No,Sí,No
CLI003899,46,blue-collar,married,high.school,No,Sí,No
CLI003900,42,admin.,married,university.degree,No,No,No
CLI003901,36,admin.,married,high.school,Desconocido,Sí,No
CLI003902,32,blue-collar,married,basic.4y,Desconocido,No,No
CLI003903,48,admin.,married,professional.course,Desconocido,No,No
CLI003904,58,management,divorced,university.degree,No,No,No
CLI003905,26,student,single,basic.9y,No,Sí,No
CLI003906,34,admin.,married,university.degree,No,No,No
CLI003907,42,self-employed,married,basic.4y,Desconocido,Sí,No
CLI003908,37,unemployed,single,professional.course,No,No,No
CLI003909,27,blue-collar,married,basic.4y,No,Sí,No
CLI003910,30,blue-collar,married,basic.9y,No,No,No
CLI003911,32,admin.,married,high.school,No,Sí,No
CLI003912,39,technician,married,professional.course,No,Sí,No
CLI003913,27,services,single,university.degree,No,Desconocido,Desconocido
CLI003914,46,blue-collar,divorced,basic.9y,No,No,No
CLI003915,44,admin.,single,professional.course,No,No,No
CLI003916,51,services,divorced,Desconocido,Desconocido,Sí,No
CLI003917,45,services,married,high.school,No,Sí,No
CLI003918,36,admin.,divorced,university.degree,Desconocido,Sí,Sí
CLI003919,31,services,single,high.school,No,Sí,No
CLI003920,43,management,married,university.degree,No,Sí,Sí
CLI003921,36,admin.,divorced,university.degree,Desconocido,Sí,Sí
CLI003922,51,entrepreneur,married,basic.6y,Desconocido,Sí,No
CLI003923,25,student,single,high.school,No,Sí,Sí
CLI003924,43,admin.,married,university.degree,No,Sí,No
CLI003925,36,admin.,married,university.degree,Desconocido,Sí,Sí
CLI003926,34,services,single,high.school,No,Sí,No
CLI003927,56,services,divorced,high.school,Desconocido,Sí,No
CLI003928,25,admin.,single,high.school,No,Sí,No
CLI003929,24,technician,single,basic.6y,No,No,No
CLI003930,46,admin.,single,high.school,No,No,No
CLI003931,46,admin.,married,basic.9y,No,Sí,Sí
CLI003932,40,unemployed,married,university.degree,No,Sí,Sí
CLI003933,36,services,married,high.school,Desconocido,No,No
CLI003934,41,admin.,married,university.degree,No,Sí,No
CLI003935,29,admin.,married,basic.6y,No,Sí,No
CLI003936,48,self-employed,divorced,university.degree,No,No,No
CLI003937,50,blue-collar,married,Desconocido,Desconocido,No,No
CLI003938,48,blue-collar,married,professional.course,No,Sí,Sí
CLI003939,39,admin.,single,high.school,No,No,No
CLI003940,33,blue-collar,married,basic.9y,No,Sí,No
CLI003941,44,technician,married,professional.course,Desconocido,No,No
CLI003942,35,technician,married,Desconocido,Desconocido,Sí,No
CLI003943,34,admin.,married,university.degree,Desconocido,Sí,No
CLI003944,31,services,single,basic.9y,Desconocido,Sí,No
CLI003945,38,student,single,Desconocido,No,Sí,No
CLI003946,61,retired,married,high.school,No,Sí,No
CLI003947,42,self-employed,married,university.degree,Desconocido,Sí,No
CLI003948,43,technician,married,professional.course,No,No,No
CLI003949,39,services,single,high.school,No,Sí,No
CLI003950,35,student,single,university.degree,Desconocido,Sí,Sí
CLI003951,32,admin.,single,university.degree,No,No,No
CLI003952,29,admin.,single,university.degree,No,Sí,No
CLI003953,29,services,married,basic.9y,Desconocido,No,No
CLI003954,51,housemaid,married,basic.9y,No,Sí,No
CLI003955,49,blue-collar,married,basic.4y,Desconocido,Sí,No
CLI003956,36,services,married,high.school,No,No,No
CLI003957,59,technician,married,professional.course,No,Sí,No
CLI003958,36,technician,married,high.school,No,,Sí
CLI003959,35,blue-collar,married,Desconocido,Desconocido,Sí,No
CLI003960,25,unemployed,married,university.degree,No,No,No
CLI003961,46,admin.,single,high.school,No,Sí,Sí
CLI003962,38,blue-collar,single,university.degree,Desconocido,No,No
CLI003963,56,entrepreneur,married,university.degree,No,No,No
CLI003964,34,admin.,married,high.school,No,Sí,Sí
CLI003965,29,admin.,single,university.degree,No,,No
CLI003966,42,blue-collar,married,basic.6y,Desconocido,No,No
CLI003967,36,blue-collar,single,basic.4y,No,Sí,No
CLI003968,31,technician,single,high.school,No,No,No
CLI003969,45,technician,single,professional.course,No,,No
CLI003970,58,retired,married,Desconocido,No,Desconocido,Desconocido
CLI003971,37,self-employed,single,basic.9y,No,Sí,No
CLI003972,35,blue-collar,married,high.school,No,No,No
CLI003973,32,admin.,married,university.degree,No,No,No
CLI003974,38,blue-collar,single,basic.4y,No,Sí,No
CLI003975,43,services,married,high.school,No,Sí,Sí
CLI003976,46,blue-collar,married,high.school,Desconocido,No,No
CLI003977,39,admin.,married,university.degree,Desconocido,Sí,No
CLI003978,45,admin.,single,university.degree,No,No,No
CLI003979,43,services,married,high.school,No,No,No
CLI003980,34,blue-collar,married,basic.6y,No,No,
CLI003981,47,admin.,married,high.school,Desconocido,Desconocido,Desconocido
CLI003982,29,technician,single,basic.9y,No,No,Sí
CLI003983,44,unemployed,divorced,basic.9y,No,No,No
CLI003984,56,blue-collar,divorced,basic.4y,No,Sí,No
CLI003985,32,blue-collar,single,high.school,No,No,Sí
CLI003986,29,services,married,professional.course,Desconocido,Sí,No
CLI003987,55,blue-collar,divorced,basic.9y,No,Sí,No
CLI003988,57,retired,married,professional.course,Desconocido,No,No
CLI003989,48,admin.,married,high.school,No,Sí,No
CLI003990,31,technician,married,high.school,Desconocido,No,No
CLI003991,37,services,married,high.school,Desconocido,No,No
CLI003992,37,technician,single,university.degree,No,No,No
CLI003993,47,technician,married,professional.course,No,Sí,No
CLI003994,46,housemaid,married,basic.4y,Desconocido,No,No
CLI003995,34,entrepreneur,single,basic.9y,No,No,No
CLI003996,33,admin.,married,high.school,No,No,No
CLI003997,48,unemployed,single,basic.9y,No,No,No
CLI003998,49,admin.,divorced,high.school,No,No,No
CLI003999,33,admin.,single,university.degree,No,Sí,No
CLI004000,31,technician,single,professional.course,No,Sí,No
CLI004001,39,admin.,married,professional.course,No,Sí,Sí
CLI004002,44,blue-collar,married,professional.course,No,Desconocido,Desconocido
CLI004003,42,blue-collar,married,basic.9y,No,Sí,No
CLI004004,42,blue-collar,divorced,basic.9y,No,No,No
CLI004005,37,admin.,married,university.degree,No,Sí,No
CLI004006,39,services,divorced,high.school,No,No,No
CLI004007,18,student,single,Desconocido,No,Sí,No
CLI004008,30,admin.,divorced,high.school,No,Sí,No
CLI004009,40,management,married,university.degree,No,Sí,No
CLI004010,40,admin.,married,university.degree,Desconocido,Sí,Sí
CLI004011,34,admin.,married,university.degree,No,No,No
CLI004012,48,blue-collar,married,basic.9y,No,No,No
CLI004013,35,admin.,married,university.degree,No,Sí,No
CLI004014,48,entrepreneur,married,basic.9y,Desconocido,Sí,No
CLI004015,29,services,married,high.school,No,Sí,No
CLI004016,23,blue-collar,single,basic.9y,No,Sí,No
CLI004017,28,admin.,single,university.degree,No,No,No
CLI004018,37,blue-collar,married,high.school,No,No,No
CLI004019,26,Desconocido,single,high.school,Desconocido,No,No
CLI004020,35,admin.,married,university.degree,Desconocido,Sí,No
CLI004021,43,blue-collar,married,basic.4y,Desconocido,No,
CLI004022,43,admin.,married,university.degree,No,Sí,No
CLI004023,52,blue-collar,married,basic.4y,No,Sí,No
CLI004024,32,technician,married,professional.course,No,Sí,No
CLI004025,40,admin.,married,university.degree,No,Sí,No
CLI004026,46,self-employed,married,basic.9y,Desconocido,No,Sí
CLI004027,55,technician,married,basic.6y,Desconocido,Sí,No
CLI004028,78,retired,divorced,basic.6y,No,No,No
CLI004029,41,unemployed,married,Desconocido,No,No,No
CLI004030,36,entrepreneur,married,university.degree,No,No,No
CLI004031,55,housemaid,married,basic.4y,Desconocido,Sí,No
CLI004032,33,blue-collar,married,basic.9y,No,No,Sí
CLI004033,34,blue-collar,married,basic.4y,No,Sí,No
CLI004034,54,unemployed,married,high.school,Desconocido,Sí,No
CLI004035,36,blue-collar,married,professional.course,Desconocido,Sí,No
CLI004036,58,self-employed,married,university.degree,No,Sí,No
CLI004037,58,admin.,married,basic.9y,Desconocido,No,No
CLI004038,27,admin.,single,university.degree,No,Sí,Sí
CLI004039,33,technician,single,basic.9y,No,No,No
CLI004040,51,technician,divorced,high.school,No,Sí,No
CLI004041,41,blue-collar,married,basic.4y,Desconocido,Sí,No
CLI004042,37,services,married,professional.course,Desconocido,No,No
CLI004043,43,admin.,married,high.school,No,Sí,No
CLI004044,29,management,single,university.degree,No,No,No
CLI004045,32,technician,single,university.degree,No,Sí,No
CLI004046,52,blue-collar,married,Desconocido,Desconocido,No,No
CLI004047,30,admin.,single,university.degree,No,Sí,Sí
CLI004048,29,admin.,single,university.degree,No,No,Sí
CLI004049,49,management,married,university.degree,No,Sí,No
CLI004050,33,admin.,married,university.degree,No,,No
CLI004051,49,self-employed,married,,No,No,No
CLI004052,33,blue-collar,married,basic.9y,No,No,No
CLI004053,40,blue-collar,married,basic.6y,Desconocido,Sí,No
CLI004054,33,blue-collar,married,basic.9y,No,Sí,No
CLI004055,29,unemployed,single,university.degree,No,Sí,No
CLI004056,36,blue-collar,married,basic.9y,No,Sí,Sí
CLI004057,37,unemployed,married,professional.course,No,No,No
CLI004058,28,management,single,university.degree,No,Sí,No
CLI004059,29,admin.,single,university.degree,No,No,No
CLI004060,43,technician,single,university.degree,No,No,Sí
CLI004061,34,technician,married,university.degree,No,No,No
CLI004062,21,services,single,high.school,No,No,No
CLI004063,32,management,married,high.school,No,Sí,Sí
CLI004064,32,management,married,university.degree,No,No,Sí
CLI004065,42,admin.,married,university.degree,No,Sí,No
CLI004066,36,admin.,married,university.degree,No,Sí,No
CLI004067,40,blue-collar,married,high.school,No,Sí,No
CLI004068,57,admin.,single,university.degree,Desconocido,Sí,Sí
CLI004069,36,technician,married,professional.course,No,Sí,No
CLI004070,42,blue-collar,married,,No,No,No
CLI004071,48,services,divorced,high.school,No,No,No
CLI004072,30,blue-collar,single,high.school,No,Sí,Sí
CLI004073,58,retired,married,professional.course,No,Sí,Sí
CLI004074,36,blue-collar,married,basic.9y,No,No,No
CLI004075,53,self-employed,married,university.degree,No,Sí,No
CLI004076,23,blue-collar,single,basic.4y,No,Sí,No
CLI004077,38,admin.,single,university.degree,No,No,No
CLI004078,36,blue-collar,single,basic.9y,Desconocido,No,No
CLI004079,45,blue-collar,married,basic.4y,No,No,No
CLI004080,25,technician,single,university.degree,No,No,No
CLI004081,48,technician,married,professional.course,No,Sí,No
CLI004082,27,self-employed,married,university.degree,No,Sí,No
CLI004083,31,admin.,single,high.school,No,Sí,No
CLI004084,37,technician,married,professional.course,No,No,No
CLI004085,25,self-employed,divorced,university.degree,No,Sí,No
CLI004086,50,management,married,university.degree,No,Sí,No
CLI004087,49,admin.,married,university.degree,No,Sí,Sí
CLI004088,29,admin.,single,university.degree,No,Sí,No
CLI004089,51,unemployed,married,high.school,No,No,No
CLI004090,31,admin.,single,university.degree,Desconocido,Sí,No
CLI004091,69,retired,married,high.school,No,Sí,No
CLI004092,39,blue-collar,married,Desconocido,Desconocido,No,
CLI004093,43,blue-collar,married,basic.9y,No,Sí,No
CLI004094,28,blue-collar,married,basic.4y,Desconocido,No,Sí
CLI004095,41,management,married,university.degree,No,Sí,No
CLI004096,36,admin.,divorced,high.school,No,Sí,No
CLI004097,30,admin.,single,university.degree,No,Sí,Sí
CLI004098,36,management,single,university.degree,No,No,No
CLI004099,49,blue-collar,married,basic.4y,Desconocido,No,No
CLI004100,44,entrepreneur,single,university.degree,No,No,No
CLI004101,30,admin.,single,university.degree,No,Sí,No
CLI004102,25,unemployed,single,professional.course,No,No,No
CLI004103,27,self-employed,married,basic.9y,No,Sí,No
CLI004104,49,technician,married,professional.course,No,No,No
CLI004105,29,services,single,high.school,No,Sí,No
CLI004106,29,admin.,single,university.degree,Desconocido,No,No
CLI004107,38,admin.,single,university.degree,No,Sí,Sí
CLI004108,39,unemployed,married,professional.course,No,No,Sí
CLI004109,56,self-employed,married,university.degree,No,Sí,No
CLI004110,36,admin.,married,university.degree,No,Sí,Sí
CLI004111,30,admin.,single,university.degree,No,Sí,No
CLI004112,48,retired,married,basic.4y,Desconocido,No,No
CLI004113,38,technician,single,university.degree,No,Sí,No
CLI004114,34,entrepreneur,married,high.school,No,No,Sí
CLI004115,29,blue-collar,married,high.school,No,Sí,No
CLI004116,44,admin.,divorced,university.degree,No,Sí,Sí
CLI004117,47,admin.,married,high.school,Desconocido,No,No
CLI004118,33,admin.,married,high.school,No,,Sí
CLI004119,48,blue-collar,divorced,basic.4y,Desconocido,Sí,No
CLI004120,33,admin.,single,high.school,No,Sí,No
CLI004121,35,technician,single,high.school,Desconocido,No,No
CLI004122,27,admin.,single,university.degree,No,Sí,No
CLI004123,43,management,married,university.degree,No,Sí,No
CLI004124,32,technician,single,university.degree,No,No,No
CLI004125,30,management,married,university.degree,No,Sí,No
CLI004126,29,admin.,single,high.school,No,No,No
CLI004127,37,entrepreneur,married,basic.9y,No,Sí,No
CLI004128,49,services,married,high.school,No,No,No
CLI004129,54,admin.,single,university.degree,No,Sí,No
CLI004130,38,blue-collar,married,basic.9y,No,Sí,No
CLI004131,35,blue-collar,married,basic.6y,Desconocido,No,No
CLI004132,31,blue-collar,married,high.school,No,Sí,No
CLI004133,49,blue-collar,married,basic.4y,No,No,Sí
CLI004134,32,admin.,divorced,university.degree,No,No,No
CLI004135,33,admin.,single,university.degree,No,No,No
CLI004136,38,management,married,basic.9y,Desconocido,No,No
CLI004137,41,self-employed,married,university.degree,No,No,No
CLI004138,33,blue-collar,married,high.school,No,No,No
CLI004139,36,admin.,married,university.degree,No,No,No
CLI004140,44,self-employed,married,basic.9y,No,Sí,No
CLI004141,35,admin.,single,university.degree,No,Sí,No
CLI004142,34,admin.,single,,No,Sí,No
CLI004143,42,management,single,high.school,No,Sí,No
CLI004144,33,technician,single,professional.course,No,No,No
CLI004145,28,admin.,married,university.degree,No,No,No
CLI004146,34,blue-collar,married,basic.9y,No,No,No
CLI004147,32,services,single,university.degree,No,Sí,No
CLI004148,31,blue-collar,married,basic.6y,No,No,Sí
CLI004149,47,entrepreneur,divorced,basic.9y,No,No,No
CLI004150,59,technician,single,professional.course,No,Sí,No
CLI004151,57,retired,single,professional.course,No,Sí,No
CLI004152,44,services,divorced,high.school,No,No,No
CLI004153,57,blue-collar,divorced,basic.6y,Desconocido,,Sí
CLI004154,27,blue-collar,single,professional.course,No,Sí,No
CLI004155,30,services,married,Desconocido,No,No,No
CLI004156,45,entrepreneur,divorced,professional.course,No,Sí,No
CLI004157,43,blue-collar,divorced,basic.4y,Desconocido,Sí,No
CLI004158,36,technician,married,professional.course,No,Sí,No
CLI004159,38,services,single,high.school,No,No,No
CLI004160,32,management,married,university.degree,No,Sí,Sí
CLI004161,26,blue-collar,single,basic.4y,No,No,Sí
CLI004162,56,entrepreneur,married,Desconocido,No,Sí,No
CLI004163,36,admin.,single,university.degree,No,No,No
CLI004164,48,services,married,high.school,No,No,No
CLI004165,45,blue-collar,married,basic.9y,Desconocido,Sí,Sí
CLI004166,32,services,married,high.school,No,No,No
CLI004167,54,blue-collar,married,basic.9y,No,Sí,No
CLI004168,39,self-employed,single,university.degree,No,No,No
CLI004169,46,admin.,married,high.school,No,No,No
CLI004170,36,entrepreneur,married,university.degree,Desconocido,Sí,No
CLI004171,45,blue-collar,married,basic.6y,No,Sí,Sí
CLI004172,34,blue-collar,married,basic.9y,No,Sí,No
CLI004173,33,technician,married,university.degree,Desconocido,Sí,No
CLI004174,30,technician,single,professional.course,No,Sí,No
CLI004175,35,technician,married,professional.course,No,Sí,No
CLI004176,38,admin.,divorced,university.degree,No,No,No
CLI004177,51,technician,married,basic.9y,No,Sí,No
CLI004178,58,admin.,married,Desconocido,Desconocido,Sí,No
CLI004179,31,blue-collar,married,basic.6y,Desconocido,No,No
CLI004180,34,admin.,married,university.degree,No,Sí,No
CLI004181,22,blue-collar,single,basic.9y,No,No,No
CLI004182,42,entrepreneur,married,high.school,No,Sí,No
CLI004183,52,admin.,married,university.degree,No,No,No
CLI004184,37,management,married,university.degree,No,No,No
CLI004185,46,blue-collar,married,basic.6y,No,No,No
CLI004186,49,technician,married,professional.course,Desconocido,Sí,No
CLI004187,52,blue-collar,married,basic.9y,Desconocido,No,No
CLI004188,44,blue-collar,married,basic.9y,Desconocido,Sí,No
CLI004189,44,entrepreneur,married,high.school,No,No,No
CLI004190,29,admin.,single,university.degree,No,,No
CLI004191,33,admin.,married,university.degree,No,No,No
CLI004192,33,services,single,basic.6y,No,Sí,No
CLI004193,31,admin.,married,high.school,No,Sí,No
CLI004194,26,technician,married,university.degree,No,Sí,No
CLI004195,45,Desconocido,married,high.school,Desconocido,Sí,No
CLI004196,29,technician,single,professional.course,No,Sí,No
CLI004197,40,unemployed,divorced,basic.4y,No,,No
CLI004198,59,retired,married,basic.4y,Desconocido,No,No
CLI004199,47,services,married,high.school,No,Sí,No
CLI004200,48,services,married,basic.4y,Desconocido,Sí,No
CLI004201,47,technician,married,professional.course,No,Sí,No
CLI004202,27,services,single,high.school,No,Sí,No
CLI004203,60,retired,married,basic.4y,Desconocido,No,No
CLI004204,26,services,single,basic.9y,No,Sí,No
CLI004205,24,management,married,university.degree,No,No,No
CLI004206,36,blue-collar,single,high.school,No,No,No
CLI004207,42,management,married,university.degree,Desconocido,Sí,No
CLI004208,25,blue-collar,single,basic.9y,No,Sí,No
CLI004209,47,technician,married,professional.course,No,No,No
CLI004210,36,blue-collar,married,basic.9y,No,No,No
CLI004211,35,admin.,single,university.degree,No,Sí,No
CLI004212,33,admin.,married,university.degree,No,Sí,No
CLI004213,24,blue-collar,single,Desconocido,No,No,No
CLI004214,55,technician,married,professional.course,Desconocido,No,No
CLI004215,29,technician,married,professional.course,No,No,Sí
CLI004216,31,blue-collar,married,basic.4y,No,No,No
CLI004217,40,blue-collar,married,basic.6y,No,Sí,No
CLI004218,55,management,married,university.degree,No,Sí,No
CLI004219,30,technician,single,university.degree,No,No,No
CLI004220,42,blue-collar,married,basic.9y,No,Sí,No
CLI004221,34,services,married,basic.6y,No,Sí,Sí
CLI004222,27,admin.,single,university.degree,No,No,Sí
CLI004223,30,blue-collar,single,basic.4y,No,No,No
CLI004224,37,self-employed,married,university.degree,No,Sí,No
CLI004225,56,blue-collar,married,basic.4y,Desconocido,No,No
CLI004226,45,blue-collar,divorced,basic.9y,No,No,No
CLI004227,29,admin.,single,high.school,No,Sí,No
CLI004228,45,self-employed,married,professional.course,Desconocido,Sí,Sí
CLI004229,39,blue-collar,single,basic.4y,Desconocido,No,No
CLI004230,25,self-employed,single,university.degree,No,No,No
CLI004231,37,blue-collar,single,university.degree,Desconocido,Sí,No
CLI004232,38,blue-collar,married,basic.9y,Desconocido,No,No
CLI004233,46,housemaid,married,high.school,No,Sí,No
CLI004234,36,admin.,married,high.school,No,No,No
CLI004235,36,services,married,basic.9y,No,,No
CLI004236,47,blue-collar,married,,Desconocido,Sí,No
CLI004237,62,technician,married,professional.course,No,Sí,No
CLI004238,39,management,married,,Desconocido,Sí,No
CLI004239,38,technician,single,professional.course,No,Sí,No
CLI004240,57,management,married,university.degree,No,No,No
CLI004241,34,admin.,married,university.degree,No,Sí,Sí
CLI004242,39,blue-collar,divorced,high.school,Desconocido,No,
CLI004243,39,technician,married,professional.course,No,No,No
CLI004244,30,technician,married,high.school,No,Sí,No
CLI004245,34,technician,married,professional.course,No,Sí,No
CLI004246,38,technician,single,university.degree,No,No,No
CLI004247,35,services,single,high.school,No,Sí,Sí
CLI004248,57,blue-collar,married,basic.4y,No,No,
CLI004249,51,technician,married,Desconocido,No,Sí,No
CLI004250,57,blue-collar,married,basic.9y,Desconocido,Sí,No
CLI004251,38,technician,married,professional.course,No,No,No
CLI004252,49,management,divorced,university.degree,No,No,No
CLI004253,25,admin.,single,high.school,No,No,No
CLI004254,38,admin.,married,university.degree,No,Sí,No
CLI004255,58,admin.,married,professional.course,No,Sí,No
CLI004256,72,retired,divorced,basic.6y,No,Sí,No
CLI004257,29,blue-collar,married,high.school,No,No,No
CLI004258,28,blue-collar,single,university.degree,No,No,No
CLI004259,41,technician,married,professional.course,No,No,No
CLI004260,41,services,married,university.degree,No,No,
CLI004261,49,self-employed,married,professional.course,Desconocido,No,No
CLI004262,48,unemployed,married,basic.4y,Desconocido,Sí,No
CLI004263,50,technician,married,professional.course,No,No,No
CLI004264,69,entrepreneur,married,university.degree,No,Sí,No
CLI004265,34,technician,married,professional.course,No,Sí,No
CLI004266,24,admin.,married,basic.9y,No,Sí,No
CLI004267,58,services,married,high.school,No,No,No
CLI004268,26,blue-collar,married,basic.4y,No,No,No
CLI004269,41,blue-collar,married,basic.9y,Desconocido,Sí,No
CLI004270,56,unemployed,married,basic.9y,No,Sí,Sí
CLI004271,30,services,single,high.school,No,Sí,No
CLI004272,30,unemployed,single,professional.course,No,Sí,No
CLI004273,41,blue-collar,married,basic.4y,No,Sí,No
CLI004274,28,self-employed,single,university.degree,No,Desconocido,Desconocido
CLI004275,33,admin.,married,university.degree,No,No,No
CLI004276,58,admin.,divorced,university.degree,Desconocido,Sí,No
CLI004277,29,services,married,high.school,No,Sí,
CLI004278,57,management,married,university.degree,No,Sí,No
CLI004279,25,services,divorced,high.school,No,Sí,No
CLI004280,49,blue-collar,married,basic.4y,No,Sí,No
CLI004281,38,services,married,high.school,Desconocido,No,
CLI004282,58,blue-collar,married,basic.4y,Desconocido,Sí,Sí
CLI004283,26,student,single,high.school,No,Sí,No
CLI004284,28,technician,single,professional.course,No,No,Sí
CLI004285,37,unemployed,single,university.degree,No,Sí,No
CLI004286,60,retired,married,high.school,No,No,No
CLI004287,33,services,single,high.school,No,Sí,No
CLI004288,57,retired,married,high.school,Desconocido,No,No
CLI004289,45,blue-collar,married,basic.9y,Desconocido,Sí,No
CLI004290,46,housemaid,married,basic.4y,Desconocido,,No
CLI004291,32,retired,married,high.school,No,No,No
CLI004292,49,blue-collar,married,basic.9y,Desconocido,Sí,No
CLI004293,38,admin.,single,university.degree,No,,No
CLI004294,39,services,married,basic.9y,No,No,Sí
CLI004295,36,blue-collar,married,basic.9y,No,No,Sí
CLI004296,28,services,married,high.school,No,No,No
CLI004297,47,self-employed,divorced,university.degree,No,No,No
CLI004298,38,blue-collar,married,basic.9y,Desconocido,Sí,No
CLI004299,49,blue-collar,married,basic.6y,Desconocido,Sí,No
CLI004300,30,blue-collar,married,basic.9y,No,Sí,No
CLI004301,45,admin.,married,basic.9y,No,Sí,No
CLI004302,41,blue-collar,married,basic.9y,No,Sí,No
CLI004303,28,admin.,single,university.degree,No,No,No
CLI004304,38,services,married,high.school,Desconocido,No,No
CLI004305,48,blue-collar,married,basic.4y,No,No,No
CLI004306,32,services,married,high.school,No,No,Sí
CLI004307,54,management,married,university.degree,No,Sí,No
CLI004308,48,services,divorced,high.school,No,Sí,Sí
CLI004309,25,technician,single,basic.9y,No,No,No
CLI004310,43,blue-collar,married,basic.4y,No,Sí,No
CLI004311,52,housemaid,married,basic.6y,No,Sí,No
CLI004312,32,student,single,high.school,No,No,No
CLI004313,34,services,married,high.school,No,Sí,No
CLI004314,53,technician,married,professional.course,Desconocido,No,No
CLI004315,29,technician,single,university.degree,No,Sí,No
CLI004316,33,admin.,married,university.degree,No,Sí,No
CLI004317,19,student,single,basic.9y,Desconocido,Sí,No
CLI004318,31,blue-collar,married,basic.9y,No,No,No
CLI004319,30,admin.,married,high.school,No,No,No
CLI004320,37,admin.,divorced,university.degree,Desconocido,Sí,No
CLI004321,40,admin.,married,university.degree,No,No,No
CLI004322,52,admin.,married,,No,Sí,No
CLI004323,33,blue-collar,married,basic.9y,No,No,No
CLI004324,38,admin.,married,high.school,No,Desconocido,Desconocido
CLI004325,36,admin.,single,university.degree,No,No,No
CLI004326,31,technician,single,university.degree,No,,No
CLI004327,53,entrepreneur,married,basic.9y,No,Sí,No
CLI004328,47,blue-collar,married,basic.4y,No,Sí,No
CLI004329,33,blue-collar,married,basic.9y,No,Sí,Sí
CLI004330,55,admin.,married,high.school,No,No,No
CLI004331,34,services,married,basic.9y,No,Sí,Sí
CLI004332,49,blue-collar,married,basic.9y,No,Sí,No
CLI004333,39,technician,married,professional.course,No,No,No
CLI004334,44,technician,married,professional.course,No,Sí,No
CLI004335,31,technician,married,university.degree,No,Sí,No
CLI004336,56,retired,married,basic.4y,No,No,No
CLI004337,46,admin.,single,,No,No,No
CLI004338,34,technician,divorced,professional.course,No,Sí,No
CLI004339,49,entrepreneur,married,university.degree,No,No,Sí
CLI004340,31,technician,married,university.degree,No,No,No
CLI004341,31,technician,single,university.degree,No,Desconocido,Desconocido
CLI004342,34,services,married,high.school,Desconocido,Sí,No
CLI004343,32,management,married,,No,No,No
CLI004344,49,services,married,high.school,Desconocido,Sí,No
CLI004345,35,admin.,divorced,university.degree,No,No,No
CLI004346,31,self-employed,married,basic.9y,No,No,No
CLI004347,48,admin.,married,basic.9y,No,Sí,No
CLI004348,38,admin.,single,university.degree,No,Sí,No
CLI004349,36,technician,single,university.degree,Desconocido,No,No
CLI004350,35,admin.,single,university.degree,No,Sí,No
CLI004351,60,blue-collar,married,basic.9y,Desconocido,Desconocido,Desconocido
CLI004352,31,blue-collar,single,high.school,No,No,Sí
CLI004353,40,management,married,university.degree,No,No,No
CLI004354,30,blue-collar,single,Desconocido,No,Sí,No
CLI004355,51,retired,married,basic.9y,No,Sí,No
CLI004356,48,blue-collar,married,basic.9y,Desconocido,No,
CLI004357,41,services,married,high.school,Desconocido,Sí,Sí
CLI004358,58,admin.,divorced,university.degree,No,No,No
CLI004359,31,services,single,high.school,No,No,No
CLI004360,32,blue-collar,married,basic.9y,No,Sí,No
CLI004361,58,unemployed,single,basic.4y,Desconocido,No,No
CLI004362,47,blue-collar,married,Desconocido,Desconocido,Sí,No
CLI004363,31,technician,single,university.degree,No,No,No
CLI004364,45,services,divorced,basic.9y,No,No,No
CLI004365,35,technician,single,university.degree,Desconocido,Sí,Sí
CLI004366,31,technician,single,university.degree,No,No,No
CLI004367,59,retired,single,professional.course,Desconocido,Sí,No
CLI004368,48,housemaid,married,basic.6y,Desconocido,Sí,Sí
CLI004369,50,self-employed,married,basic.9y,No,Sí,Sí
CLI004370,39,management,married,university.degree,No,No,Sí
CLI004371,37,management,married,university.degree,No,Sí,No
CLI004372,51,admin.,divorced,university.degree,No,Sí,No
CLI004373,50,retired,married,basic.4y,No,Sí,No
CLI004374,52,entrepreneur,married,university.degree,No,Sí,No
CLI004375,29,blue-collar,married,high.school,No,No,No
CLI004376,41,housemaid,divorced,basic.9y,Desconocido,No,No
CLI004377,68,retired,married,high.school,No,No,Sí
CLI004378,59,blue-collar,married,basic.4y,No,No,No
CLI004379,31,management,married,university.degree,No,Sí,No
CLI004380,32,entrepreneur,single,university.degree,No,No,Sí
CLI004381,60,retired,married,high.school,No,No,No
CLI004382,43,unemployed,married,basic.9y,No,No,No
CLI004383,43,admin.,married,basic.4y,No,Sí,Sí
CLI004384,27,services,single,high.school,No,Sí,Sí
CLI004385,46,blue-collar,married,basic.4y,Desconocido,Desconocido,Desconocido
CLI004386,37,admin.,married,high.school,No,No,No
CLI004387,59,admin.,married,university.degree,Desconocido,Sí,No
CLI004388,39,management,married,university.degree,No,No,No
CLI004389,36,self-employed,divorced,basic.9y,No,No,No
CLI004390,30,admin.,single,university.degree,No,Sí,No
CLI004391,52,services,married,Desconocido,Desconocido,No,No
CLI004392,43,admin.,married,university.degree,Desconocido,Sí,No
CLI004393,30,blue-collar,single,basic.9y,Desconocido,No,No
CLI004394,41,admin.,divorced,university.degree,No,No,No
CLI004395,52,management,divorced,university.degree,No,Sí,No
CLI004396,44,blue-collar,married,,Desconocido,No,No
CLI004397,38,technician,divorced,professional.course,No,Sí,No
CLI004398,35,admin.,single,high.school,No,Sí,No
CLI004399,39,housemaid,married,basic.4y,No,No,No
CLI004400,42,blue-collar,married,basic.6y,Desconocido,No,No
CLI004401,48,services,divorced,high.school,No,Sí,No
CLI004402,38,entrepreneur,married,basic.9y,No,No,Sí
CLI004403,37,blue-collar,divorced,basic.9y,Desconocido,Sí,No
CLI004404,50,technician,married,university.degree,No,Sí,No
CLI004405,43,technician,single,professional.course,Desconocido,Sí,No
CLI004406,52,admin.,divorced,high.school,No,No,No
CLI004407,31,admin.,divorced,professional.course,No,Sí,No
CLI004408,43,technician,married,professional.course,No,Sí,No
CLI004409,28,admin.,married,university.degree,No,Sí,No
CLI004410,34,technician,married,university.degree,No,Sí,No
CLI004411,28,admin.,single,high.school,No,No,No
CLI004412,28,admin.,single,high.school,No,Sí,No
CLI004413,44,unemployed,single,basic.4y,No,No,No
CLI004414,37,management,divorced,university.degree,No,No,No
CLI004415,49,entrepreneur,married,basic.4y,Desconocido,Sí,No
CLI004416,35,services,divorced,university.degree,No,Sí,No
CLI004417,36,entrepreneur,married,university.degree,No,Sí,No
CLI004418,33,technician,single,university.degree,No,No,No
CLI004419,35,admin.,married,university.degree,No,No,No
CLI004420,33,services,divorced,high.school,No,Sí,No
CLI004421,58,retired,divorced,high.school,No,Sí,No
CLI004422,45,management,married,university.degree,No,Sí,No
CLI004423,46,services,married,high.school,No,Sí,No
CLI004424,33,unemployed,divorced,basic.9y,No,Sí,No
CLI004425,37,admin.,single,university.degree,No,No,No
CLI004426,35,blue-collar,married,basic.9y,No,Sí,No
CLI004427,45,blue-collar,married,basic.4y,Desconocido,Sí,No
CLI004428,29,services,married,professional.course,No,Sí,No
CLI004429,36,blue-collar,married,basic.6y,Desconocido,Sí,
CLI004430,54,blue-collar,married,basic.9y,Desconocido,Sí,No
CLI004431,38,admin.,divorced,university.degree,No,No,No
CLI004432,34,technician,single,university.degree,No,No,No
CLI004433,26,blue-collar,divorced,high.school,No,No,No
CLI004434,53,technician,divorced,high.school,No,No,No
CLI004435,33,blue-collar,married,basic.6y,Desconocido,No,No
CLI004436,60,retired,married,high.school,Desconocido,Sí,No
CLI004437,31,admin.,single,university.degree,No,Sí,Sí
CLI004438,35,entrepreneur,married,basic.9y,No,No,No
CLI004439,44,self-employed,married,university.degree,No,No,No
CLI004440,32,technician,single,high.school,No,Sí,No
CLI004441,53,entrepreneur,married,university.degree,No,Sí,No
CLI004442,27,services,single,high.school,No,Sí,No
CLI004443,32,blue-collar,married,basic.6y,Desconocido,Sí,Sí
CLI004444,47,self-employed,married,basic.9y,No,Sí,No
CLI004445,31,blue-collar,married,basic.4y,Desconocido,No,Sí
CLI004446,28,blue-collar,single,basic.9y,No,No,No
CLI004447,41,blue-collar,married,Desconocido,Desconocido,Sí,Sí
CLI004448,22,student,single,high.school,No,Sí,Sí
CLI004449,47,technician,married,professional.course,No,No,No
CLI004450,31,blue-collar,single,basic.9y,No,Sí,No
CLI004451,57,management,married,university.degree,No,Sí,No
CLI004452,40,admin.,married,high.school,No,No,No
CLI004453,59,retired,married,basic.4y,No,No,No
CLI004454,42,admin.,married,university.degree,No,Sí,No
CLI004455,59,blue-collar,divorced,basic.9y,No,No,No
CLI004456,49,blue-collar,married,high.school,No,Sí,No
CLI004457,60,technician,divorced,professional.course,Desconocido,No,No
CLI004458,28,services,married,high.school,No,Sí,Sí
CLI004459,41,self-employed,married,basic.9y,Desconocido,No,No
CLI004460,31,admin.,single,university.degree,No,Sí,No
CLI004461,40,admin.,divorced,university.degree,No,Sí,No
CLI004462,31,services,married,high.school,No,No,No
CLI004463,24,student,single,high.school,No,Sí,No
CLI004464,57,technician,married,high.school,No,No,Sí
CLI004465,48,technician,married,,Desconocido,Sí,No
CLI004466,31,admin.,single,university.degree,No,No,Sí
CLI004467,39,admin.,single,university.degree,No,Sí,Sí
CLI004468,35,entrepreneur,married,high.school,No,No,No
CLI004469,51,technician,married,high.school,No,No,No
CLI004470,45,entrepreneur,married,university.degree,No,No,No
CLI004471,40,admin.,married,university.degree,No,Sí,No
CLI004472,33,self-employed,single,university.degree,No,No,No
CLI004473,48,blue-collar,married,basic.9y,Desconocido,No,No
CLI004474,45,entrepreneur,divorced,university.degree,No,No,No
CLI004475,34,blue-collar,married,basic.6y,No,Sí,Sí
CLI004476,43,blue-collar,single,high.school,No,No,Sí
CLI004477,31,technician,married,professional.course,No,Sí,No
CLI004478,48,admin.,divorced,university.degree,No,No,No
CLI004479,54,management,married,university.degree,No,Sí,Sí
CLI004480,30,technician,single,university.degree,No,No,No
CLI004481,60,retired,married,basic.4y,Desconocido,Sí,Sí
CLI004482,60,housemaid,married,basic.4y,No,Sí,No
CLI004483,31,admin.,married,university.degree,No,Sí,Sí
CLI004484,33,blue-collar,single,basic.9y,No,Sí,Sí
CLI004485,35,technician,married,professional.course,No,Sí,No
CLI004486,29,admin.,married,high.school,No,Sí,Sí
CLI004487,31,admin.,single,university.degree,No,No,No
CLI004488,34,technician,married,professional.course,No,No,
CLI004489,43,admin.,single,high.school,No,No,No
CLI004490,33,technician,divorced,professional.course,No,Sí,No
CLI004491,39,blue-collar,married,basic.9y,No,No,No
CLI004492,36,blue-collar,married,basic.6y,No,Sí,No
CLI004493,30,services,married,professional.course,Desconocido,No,No
CLI004494,42,technician,married,basic.9y,Desconocido,Sí,No
CLI004495,41,blue-collar,married,basic.4y,Desconocido,No,No
CLI004496,43,technician,married,university.degree,No,Sí,No
CLI004497,37,technician,married,high.school,No,No,No
CLI004498,28,services,married,high.school,No,No,No
CLI004499,43,blue-collar,married,basic.9y,No,No,No
CLI004500,51,admin.,married,basic.4y,Desconocido,No,No
CLI004501,53,admin.,divorced,university.degree,No,Sí,No
CLI004502,39,technician,married,Desconocido,No,Sí,Sí
CLI004503,37,technician,married,basic.9y,Desconocido,Sí,No
CLI004504,53,blue-collar,married,basic.9y,Desconocido,No,No
CLI004505,59,technician,divorced,university.degree,No,No,No
CLI004506,40,management,married,university.degree,No,No,No
CLI004507,57,blue-collar,married,basic.4y,No,No,No
CLI004508,35,admin.,single,university.degree,No,Sí,No
CLI004509,38,blue-collar,married,basic.6y,No,Sí,No
CLI004510,28,admin.,married,high.school,No,Sí,No
CLI004511,37,blue-collar,married,basic.6y,No,Desconocido,Desconocido
CLI004512,31,technician,single,university.degree,No,No,No
CLI004513,44,blue-collar,divorced,basic.6y,Desconocido,Sí,No
CLI004514,46,services,married,high.school,No,,No
CLI004515,34,admin.,single,university.degree,No,No,No
CLI004516,57,unemployed,married,basic.9y,No,Sí,No
CLI004517,50,admin.,married,university.degree,No,Sí,No
CLI004518,37,management,divorced,university.degree,No,Sí,No
CLI004519,27,services,single,high.school,No,No,No
CLI004520,40,blue-collar,married,basic.4y,Desconocido,Sí,No
CLI004521,38,technician,married,university.degree,No,Sí,No
CLI004522,46,admin.,divorced,university.degree,No,Sí,No
CLI004523,35,admin.,married,high.school,No,Sí,Sí
CLI004524,37,admin.,married,university.degree,Desconocido,Sí,No
CLI004525,38,management,married,university.degree,No,,No
CLI004526,88,retired,divorced,basic.4y,No,Sí,Sí
CLI004527,60,retired,divorced,basic.4y,Desconocido,Sí,No
CLI004528,40,admin.,divorced,university.degree,No,No,No
CLI004529,37,technician,single,professional.course,No,Sí,No
CLI004530,24,admin.,married,university.degree,No,Sí,Sí
CLI004531,24,technician,single,basic.6y,No,No,No
CLI004532,36,technician,married,professional.course,No,No,No
CLI004533,44,blue-collar,married,basic.6y,No,Sí,No
CLI004534,36,admin.,married,high.school,No,Sí,
CLI004535,32,blue-collar,divorced,basic.9y,No,Sí,No
CLI004536,45,admin.,married,university.degree,No,Sí,No
CLI004537,63,retired,married,Desconocido,No,No,No
CLI004538,42,services,married,professional.course,No,No,No
CLI004539,26,entrepreneur,married,professional.course,No,Sí,No
CLI004540,52,technician,married,professional.course,Desconocido,No,No
CLI004541,42,entrepreneur,married,high.school,No,Sí,No
CLI004542,49,technician,married,basic.4y,No,No,No
CLI004543,35,technician,married,professional.course,No,Sí,No
CLI004544,41,admin.,single,high.school,No,No,No
CLI004545,30,services,single,high.school,No,Sí,No
CLI004546,39,blue-collar,married,basic.6y,No,Sí,No
CLI004547,34,services,single,basic.6y,No,Sí,No
CLI004548,57,admin.,married,professional.course,No,Sí,No
CLI004549,32,unemployed,married,university.degree,No,Sí,No
CLI004550,42,technician,divorced,professional.course,No,No,No
CLI004551,33,housemaid,married,university.degree,No,No,No
CLI004552,51,admin.,married,university.degree,No,No,No
CLI004553,48,housemaid,divorced,basic.4y,Desconocido,No,Sí
CLI004554,42,admin.,single,high.school,No,Sí,No
CLI004555,28,services,single,high.school,No,No,No
CLI004556,50,admin.,married,basic.9y,No,Sí,No
CLI004557,37,technician,single,professional.course,No,No,No
CLI004558,34,admin.,married,high.school,No,No,No
CLI004559,59,admin.,married,professional.course,No,No,No
CLI004560,44,admin.,married,high.school,No,Sí,No
CLI004561,29,unemployed,single,basic.4y,No,No,Sí
CLI004562,37,services,single,high.school,No,Sí,No
CLI004563,35,blue-collar,single,basic.9y,No,Sí,No
CLI004564,40,technician,single,professional.course,No,No,No
CLI004565,42,technician,single,basic.9y,No,No,No
CLI004566,44,admin.,married,high.school,No,Sí,No
CLI004567,26,student,single,high.school,No,Sí,Sí
CLI004568,34,admin.,married,university.degree,No,Sí,No
CLI004569,52,services,married,high.school,Desconocido,Sí,Sí
CLI004570,30,admin.,married,basic.6y,No,Sí,No
CLI004571,33,blue-collar,divorced,basic.6y,Desconocido,Sí,No
CLI004572,34,admin.,divorced,,No,Sí,No
CLI004573,33,unemployed,married,basic.9y,No,Sí,No
CLI004574,51,admin.,single,university.degree,No,No,No
CLI004575,25,admin.,single,university.degree,No,Sí,No
CLI004576,33,services,married,high.school,No,No,No
CLI004577,39,blue-collar,married,basic.9y,No,Sí,No
CLI004578,29,technician,single,high.school,No,Sí,No
CLI004579,35,services,married,basic.6y,No,Sí,No
CLI004581,41,blue-collar,married,basic.4y,Desconocido,No,No
CLI004582,50,blue-collar,married,basic.4y,No,No,No
CLI004583,61,blue-collar,married,basic.4y,No,No,No
CLI004584,27,blue-collar,married,basic.4y,Desconocido,No,No
CLI004585,33,technician,single,professional.course,No,No,No
CLI004586,64,retired,married,university.degree,No,No,No
CLI004587,37,technician,single,professional.course,No,No,No
CLI004588,33,admin.,married,university.degree,No,No,No
CLI004589,52,admin.,divorced,university.degree,Desconocido,No,No
CLI004590,33,blue-collar,married,basic.6y,Desconocido,Sí,Sí
CLI004591,38,management,married,university.degree,No,Sí,No
CLI004592,38,admin.,married,university.degree,No,No,No
CLI004593,26,technician,single,professional.course,No,Sí,No
CLI004594,32,technician,married,university.degree,No,Sí,No
CLI004595,27,admin.,married,university.degree,No,Desconocido,Desconocido
CLI004596,42,technician,single,basic.9y,No,Sí,No
CLI004597,55,blue-collar,married,basic.9y,No,No,No
CLI004598,52,retired,married,basic.4y,No,No,No
CLI004599,49,admin.,single,university.degree,No,No,No
CLI004600,46,admin.,single,university.degree,No,No,No
CLI004601,53,blue-collar,married,basic.9y,No,No,Sí
CLI004602,29,services,married,high.school,No,Sí,Sí
CLI004603,31,blue-collar,single,Desconocido,No,No,No
CLI004604,54,admin.,divorced,university.degree,No,,Sí
CLI004605,47,housemaid,married,basic.4y,Desconocido,No,No
CLI004606,36,unemployed,divorced,high.school,No,No,No
CLI004607,51,services,divorced,basic.6y,No,No,Sí
CLI004608,28,blue-collar,married,basic.6y,No,No,No
CLI004609,27,blue-collar,single,basic.4y,No,No,Sí
CLI004610,48,technician,married,high.school,No,No,No
CLI004611,37,blue-collar,married,high.school,No,No,No
CLI004612,27,unemployed,single,university.degree,No,Sí,No
CLI004613,24,management,single,university.degree,No,Sí,No
CLI004614,28,admin.,single,university.degree,No,No,No
CLI004615,37,blue-collar,married,basic.9y,Desconocido,No,No
CLI004616,50,technician,married,,Desconocido,Sí,No
CLI004617,58,blue-collar,married,basic.4y,Desconocido,,Sí
CLI004618,46,housemaid,divorced,basic.6y,No,Sí,No
CLI004619,48,blue-collar,married,basic.4y,No,Sí,No
CLI004620,53,admin.,married,university.degree,No,Sí,Sí
CLI004621,26,admin.,single,high.school,No,No,No
CLI004622,39,admin.,single,high.school,Desconocido,No,No
CLI004623,32,admin.,single,university.degree,No,No,Sí
CLI004624,38,technician,married,professional.course,No,Sí,Sí
CLI004625,35,services,divorced,professional.course,No,Sí,Sí
CLI004626,36,technician,married,university.degree,No,Sí,No
CLI004627,47,entrepreneur,married,university.degree,No,Sí,No
CLI004628,37,services,single,professional.course,No,No,No
CLI004629,28,technician,single,university.degree,No,No,No
CLI004630,28,services,married,high.school,No,No,Sí
CLI004631,41,technician,married,university.degree,No,No,Sí
CLI004632,43,entrepreneur,married,high.school,Desconocido,No,Sí
CLI004633,20,student,single,high.school,No,No,No
CLI004634,30,services,married,high.school,Desconocido,Sí,Sí
CLI004635,42,blue-collar,married,basic.4y,No,No,No
CLI004636,44,technician,single,professional.course,No,Sí,No
CLI004637,45,admin.,divorced,basic.9y,Desconocido,No,No
CLI004638,55,retired,married,basic.9y,No,Sí,No
CLI004639,51,self-employed,married,professional.course,Desconocido,Sí,Sí
CLI004640,34,blue-collar,married,basic.9y,No,Sí,Sí
CLI004641,34,blue-collar,married,basic.4y,Desconocido,Sí,No
CLI004642,48,technician,married,professional.course,No,Sí,No
CLI004643,41,technician,married,professional.course,No,No,No
CLI004644,28,blue-collar,single,high.school,No,No,No
CLI004645,54,blue-collar,divorced,basic.4y,Desconocido,No,No
CLI004646,31,admin.,married,high.school,No,Sí,No
CLI004647,36,blue-collar,married,basic.4y,No,No,No
CLI004648,57,housemaid,married,basic.6y,Desconocido,No,No
CLI004649,32,blue-collar,married,basic.4y,Desconocido,No,No
CLI004650,35,blue-collar,married,Desconocido,No,No,No
CLI004651,40,services,married,Desconocido,Desconocido,No,No
CLI004652,32,technician,single,university.degree,No,No,No
CLI004653,35,blue-collar,divorced,basic.9y,No,No,Sí
CLI004654,56,retired,married,university.degree,Desconocido,No,No
CLI004655,34,services,single,professional.course,Desconocido,Sí,No
CLI004656,32,unemployed,married,high.school,No,Sí,No
CLI004657,45,blue-collar,married,basic.9y,No,Sí,No
CLI004658,39,blue-collar,married,basic.9y,Desconocido,No,No
CLI004659,26,blue-collar,single,high.school,No,Sí,No
CLI004660,49,blue-collar,married,basic.4y,Desconocido,No,No
CLI004661,45,admin.,married,high.school,No,No,No
CLI004662,40,admin.,married,high.school,No,No,Sí
CLI004663,32,admin.,single,high.school,No,Sí,Sí
CLI004664,28,admin.,married,university.degree,No,Sí,No
CLI004665,26,blue-collar,single,basic.9y,No,Sí,No
CLI004666,38,blue-collar,single,Desconocido,No,Sí,No
CLI004667,53,management,married,university.degree,No,No,No
CLI004668,39,services,married,high.school,No,No,No
CLI004669,35,technician,single,professional.course,No,Sí,No
CLI004670,29,technician,married,university.degree,No,No,No
CLI004671,28,blue-collar,married,basic.9y,No,No,No
CLI004672,34,blue-collar,married,basic.4y,No,Sí,No
CLI004673,37,admin.,married,university.degree,No,Sí,No
CLI004674,29,services,single,university.degree,No,Sí,No
CLI004675,33,blue-collar,married,basic.6y,No,Sí,No
CLI004676,29,admin.,married,high.school,No,No,No
CLI004677,31,admin.,married,high.school,Desconocido,Sí,No
CLI004678,36,admin.,divorced,high.school,No,Sí,No
CLI004679,29,blue-collar,married,basic.9y,No,No,No
CLI004680,36,admin.,single,university.degree,No,No,Sí
CLI004681,62,management,married,university.degree,No,Sí,Sí
CLI004682,35,entrepreneur,married,university.degree,No,Sí,Sí
CLI004683,33,unemployed,married,university.degree,No,No,No
CLI004684,35,services,single,,Desconocido,Sí,Sí
CLI004685,55,technician,Desconocido,Desconocido,Desconocido,No,No
CLI004686,36,blue-collar,married,Desconocido,No,No,No
CLI004687,39,management,married,Desconocido,No,No,No
CLI004688,39,admin.,single,high.school,No,Desconocido,Desconocido
CLI004689,34,technician,married,high.school,No,No,No
CLI004690,28,blue-collar,married,basic.6y,No,Sí,Sí
CLI004691,26,services,married,high.school,No,Sí,No
CLI004692,48,admin.,single,university.degree,No,Sí,No
CLI004693,33,admin.,married,university.degree,No,No,Sí
CLI004694,45,technician,single,professional.course,Desconocido,Sí,No
CLI004695,32,admin.,single,university.degree,No,Sí,No
CLI004696,51,management,married,university.degree,No,No,Sí
CLI004697,28,admin.,married,high.school,No,No,No
CLI004698,38,blue-collar,married,basic.9y,Desconocido,No,No
CLI004700,36,self-employed,single,university.degree,No,No,No
CLI004701,27,technician,married,professional.course,No,No,No
CLI004702,40,management,married,basic.9y,No,Sí,Sí
CLI004703,48,Desconocido,married,Desconocido,No,Sí,No
CLI004704,47,management,married,university.degree,No,No,No
CLI004705,31,admin.,single,university.degree,No,No,No
CLI004706,25,admin.,single,university.degree,No,No,No
CLI004707,55,retired,married,professional.course,No,No,Sí
CLI004708,43,services,married,high.school,No,Sí,Sí
CLI004709,36,blue-collar,married,basic.4y,Desconocido,Sí,No
CLI004710,48,management,married,university.degree,No,Sí,Sí
CLI004711,57,management,single,basic.9y,No,Sí,No
CLI004712,44,admin.,divorced,high.school,No,Sí,No
CLI004713,40,technician,married,high.school,No,Sí,No
CLI004714,59,technician,divorced,university.degree,No,No,No
CLI004715,52,self-employed,single,professional.course,No,No,Sí
CLI004716,34,admin.,married,high.school,No,Sí,No
CLI004717,36,self-employed,married,basic.9y,No,Sí,Sí
CLI004718,31,technician,single,professional.course,No,No,No
CLI004719,28,admin.,single,university.degree,No,Sí,No
CLI004720,35,blue-collar,married,basic.9y,Desconocido,Sí,No
CLI004721,54,blue-collar,married,basic.9y,Desconocido,Sí,No
CLI004722,55,housemaid,married,professional.course,No,No,No
CLI004723,41,services,married,basic.9y,No,Sí,No
CLI004724,38,blue-collar,divorced,basic.9y,No,No,No
CLI004725,57,management,married,university.degree,Desconocido,No,No
CLI004726,31,services,divorced,high.school,No,Sí,Sí
CLI004727,54,entrepreneur,divorced,high.school,Desconocido,No,Sí
CLI004728,30,blue-collar,married,basic.9y,No,Sí,No
CLI004729,29,unemployed,single,high.school,No,Sí,No
CLI004730,44,admin.,divorced,high.school,No,No,Sí
CLI004731,30,admin.,single,university.degree,No,No,Sí
CLI004732,47,services,divorced,high.school,No,Sí,No
CLI004733,36,technician,single,Desconocido,No,Sí,No
CLI004734,45,services,married,high.school,Desconocido,Sí,No
CLI004735,36,housemaid,married,basic.6y,No,Sí,No
CLI004736,32,admin.,single,university.degree,Desconocido,No,No
CLI004737,53,blue-collar,married,basic.9y,No,Sí,Sí
CLI004738,37,management,single,university.degree,No,No,No
CLI004739,57,admin.,married,university.degree,No,No,Sí
CLI004740,31,admin.,single,high.school,No,No,No
CLI004741,31,housemaid,married,basic.4y,No,No,No
CLI004742,52,technician,married,professional.course,No,Sí,No
CLI004743,37,blue-collar,married,basic.9y,Desconocido,No,No
CLI004744,50,technician,married,professional.course,Desconocido,,Sí
CLI004745,50,admin.,married,high.school,No,No,No
CLI004746,41,blue-collar,married,basic.4y,No,No,No
CLI004747,30,admin.,single,basic.9y,No,No,No
CLI004748,47,admin.,married,high.school,Desconocido,No,Sí
CLI004749,27,technician,single,university.degree,No,Sí,No
CLI004750,40,management,married,university.degree,No,Sí,No
CLI004751,50,admin.,married,high.school,No,Sí,No
CLI004752,32,blue-collar,married,basic.4y,Desconocido,Sí,No
CLI004753,51,technician,married,professional.course,No,No,No
CLI004754,38,admin.,married,university.degree,No,Sí,No
CLI004755,39,admin.,single,high.school,No,No,No
CLI004756,32,management,single,university.degree,No,Sí,No
CLI004757,36,technician,married,professional.course,No,No,Sí
CLI004758,36,admin.,married,university.degree,No,Sí,No
CLI004759,38,blue-collar,married,high.school,Desconocido,No,No
CLI004760,45,blue-collar,married,basic.9y,No,No,No
CLI004761,39,admin.,married,university.degree,No,,No
CLI004762,26,technician,single,professional.course,No,Sí,
CLI004763,29,blue-collar,married,basic.9y,No,Sí,Sí
CLI004764,39,technician,single,university.degree,No,Sí,No
CLI004765,25,student,single,high.school,No,Sí,No
CLI004766,52,blue-collar,married,basic.4y,No,No,No
CLI004767,40,management,married,Desconocido,No,No,No
CLI004768,45,self-employed,married,university.degree,No,Sí,No
CLI004769,36,technician,single,professional.course,No,No,No
CLI004770,37,admin.,married,university.degree,No,No,No
CLI004771,39,admin.,married,university.degree,No,,No
CLI004772,43,blue-collar,married,basic.6y,No,Sí,No
CLI004773,52,entrepreneur,married,basic.4y,No,No,No
CLI004774,32,admin.,divorced,university.degree,No,Sí,No
CLI004775,47,blue-collar,single,basic.4y,Desconocido,Sí,No
CLI004776,39,blue-collar,married,,No,Sí,No
CLI004777,45,entrepreneur,divorced,basic.9y,No,Sí,No
CLI004778,30,admin.,married,university.degree,No,Sí,No
CLI004779,55,admin.,married,basic.4y,Desconocido,No,No
CLI004780,40,management,single,high.school,No,No,No
CLI004781,46,management,married,university.degree,Desconocido,Sí,No
CLI004782,46,entrepreneur,married,high.school,No,Sí,No
CLI004783,39,management,married,basic.9y,No,No,No
CLI004784,31,blue-collar,married,basic.4y,Desconocido,No,No
CLI004785,57,services,divorced,high.school,Desconocido,No,No
CLI004786,43,technician,single,professional.course,No,Sí,No
CLI004787,25,admin.,married,university.degree,No,No,No
CLI004788,25,admin.,married,high.school,No,Sí,Sí
CLI004789,29,admin.,single,university.degree,No,No,No
CLI004790,36,services,married,high.school,Desconocido,Sí,
CLI004791,43,entrepreneur,married,high.school,No,Sí,Sí
CLI004792,26,admin.,single,high.school,No,No,No
CLI004793,32,blue-collar,married,professional.course,No,Sí,No
CLI004794,27,blue-collar,married,basic.9y,Desconocido,Sí,No
CLI004795,32,entrepreneur,married,high.school,Desconocido,No,No
CLI004796,34,technician,married,professional.course,Desconocido,Sí,No
CLI004797,59,retired,divorced,basic.4y,Desconocido,No,No
CLI004798,24,admin.,single,university.degree,No,Sí,No
CLI004799,77,retired,married,basic.4y,No,No,No
CLI004800,57,management,married,basic.4y,Desconocido,Sí,No
CLI004801,60,blue-collar,married,basic.4y,Desconocido,Sí,No
CLI004802,40,technician,married,professional.course,No,Sí,No
CLI004803,55,admin.,married,Desconocido,Desconocido,Sí,No
CLI004804,33,blue-collar,married,basic.6y,No,No,No
CLI004805,37,blue-collar,married,basic.9y,No,Sí,Sí
CLI004807,46,blue-collar,married,professional.course,No,Sí,No
CLI004808,30,blue-collar,single,basic.9y,Desconocido,Sí,No
CLI004809,29,technician,single,high.school,No,No,No
CLI004810,38,technician,married,basic.6y,Desconocido,No,Sí
CLI004811,58,housemaid,married,basic.4y,No,No,No
CLI004812,49,blue-collar,divorced,basic.9y,No,Sí,No
CLI004813,39,services,married,high.school,No,Sí,No
CLI004814,45,services,married,high.school,No,Sí,No
CLI004815,25,services,single,high.school,No,No,No
CLI004816,24,blue-collar,married,basic.9y,No,Sí,No
CLI004817,58,management,married,basic.4y,No,Sí,Sí
CLI004818,53,blue-collar,married,basic.6y,No,Sí,Sí
CLI004819,40,services,single,high.school,No,No,No
CLI004820,60,blue-collar,married,basic.9y,Desconocido,Sí,No
CLI004821,42,admin.,married,university.degree,No,,No
CLI004822,31,blue-collar,married,basic.9y,Desconocido,Sí,No
CLI004823,31,services,married,high.school,No,Sí,No
CLI004824,46,Desconocido,married,basic.4y,Desconocido,No,No
CLI004825,25,admin.,married,high.school,No,Sí,No
CLI004826,31,services,married,high.school,No,No,No
CLI004827,44,technician,single,Desconocido,Desconocido,Sí,No
CLI004828,45,unemployed,married,professional.course,Desconocido,No,No
CLI004829,31,admin.,married,university.degree,No,No,No
CLI004830,32,blue-collar,single,basic.4y,No,No,No
CLI004831,43,blue-collar,married,basic.9y,No,No,No
CLI004832,33,admin.,married,high.school,No,No,No
CLI004833,39,unemployed,married,basic.9y,No,Sí,No
CLI004834,48,self-employed,married,university.degree,Desconocido,No,No
CLI004835,35,blue-collar,single,basic.4y,No,Sí,No
CLI004836,34,management,married,university.degree,No,No,No
CLI004837,37,services,married,high.school,Desconocido,Sí,No
CLI004838,59,blue-collar,divorced,basic.4y,No,No,No
CLI004839,38,management,married,university.degree,No,Sí,Sí
CLI004840,33,blue-collar,married,basic.9y,No,No,No
CLI004841,30,services,single,high.school,No,No,No
CLI004842,34,services,single,high.school,No,No,No
CLI004843,29,blue-collar,married,basic.9y,No,No,Sí
CLI004844,59,self-employed,married,professional.course,Desconocido,No,No
CLI004845,35,blue-collar,married,basic.6y,No,Sí,No
CLI004846,42,admin.,married,professional.course,Desconocido,No,Sí
CLI004847,31,blue-collar,single,high.school,No,Sí,No
CLI004848,48,admin.,married,basic.6y,No,Sí,No
CLI004849,31,admin.,married,high.school,No,Desconocido,Desconocido
CLI004850,47,management,married,basic.9y,No,Sí,No
CLI004851,28,technician,single,professional.course,No,Sí,No
CLI004852,30,student,single,Desconocido,No,No,
CLI004853,39,entrepreneur,married,professional.course,No,Sí,No
CLI004854,31,admin.,single,high.school,Desconocido,No,No
CLI004855,71,retired,married,basic.4y,No,Sí,Sí
CLI004856,39,blue-collar,married,basic.9y,Desconocido,No,
CLI004857,51,blue-collar,married,basic.4y,No,Sí,No
CLI004858,52,admin.,single,basic.9y,No,No,No
CLI004859,66,housemaid,married,basic.4y,No,,Sí
CLI004860,57,admin.,divorced,basic.9y,No,No,No
CLI004861,28,blue-collar,single,high.school,No,Sí,
CLI004862,31,technician,single,university.degree,No,No,No
CLI004863,34,technician,single,university.degree,No,No,Sí
CLI004864,27,admin.,single,high.school,Desconocido,Desconocido,Desconocido
CLI004865,34,unemployed,married,high.school,No,Desconocido,Desconocido
CLI004866,30,services,divorced,basic.9y,No,No,No
CLI004867,57,retired,married,basic.4y,Desconocido,No,No
CLI004868,40,services,divorced,high.school,No,,No
CLI004869,46,admin.,married,university.degree,Desconocido,Sí,No
CLI004870,23,admin.,single,university.degree,No,Sí,No
CLI004871,55,admin.,married,university.degree,No,Sí,No
CLI004872,34,services,married,high.school,No,Sí,No
CLI004873,26,blue-collar,married,basic.4y,No,No,Sí
CLI004874,35,admin.,married,university.degree,No,Sí,No
CLI004875,36,blue-collar,married,basic.9y,Desconocido,Sí,No
CLI004876,36,services,married,high.school,No,No,No
CLI004877,31,technician,married,professional.course,No,No,No
CLI004878,33,admin.,married,university.degree,No,No,No
CLI004879,41,self-employed,married,high.school,No,No,No
CLI004880,51,blue-collar,single,basic.4y,Desconocido,Sí,No
CLI004881,29,admin.,single,university.degree,No,Sí,No
CLI004882,35,technician,married,professional.course,No,Sí,Sí
CLI004883,44,technician,single,professional.course,No,Sí,
CLI004884,34,unemployed,married,basic.9y,Desconocido,Sí,No
CLI004885,32,entrepreneur,married,high.school,No,No,No
CLI004886,54,management,married,university.degree,No,Sí,No
CLI004887,25,services,divorced,basic.4y,No,Sí,No
CLI004888,46,blue-collar,married,basic.4y,Desconocido,Sí,Sí
CLI004889,51,self-employed,married,basic.9y,No,Sí,Sí
CLI004890,32,technician,married,,No,No,No
CLI004891,34,admin.,married,university.degree,No,No,No
CLI004892,45,blue-collar,divorced,basic.4y,No,Sí,No
CLI004893,31,housemaid,single,high.school,No,Sí,No
CLI004894,35,technician,married,professional.course,No,No,No
CLI004895,47,blue-collar,married,basic.4y,Desconocido,No,Sí
CLI004896,49,services,married,high.school,No,Sí,No
CLI004897,43,blue-collar,married,Desconocido,Desconocido,No,No
CLI004898,48,blue-collar,married,basic.6y,Desconocido,Sí,No
CLI004899,32,admin.,married,university.degree,No,No,No
CLI004900,40,blue-collar,married,basic.6y,No,Sí,No
CLI004901,59,entrepreneur,married,university.degree,Desconocido,No,No
CLI004902,23,admin.,single,university.degree,No,No,Sí
CLI004903,55,technician,divorced,professional.course,Desconocido,Sí,Sí
CLI004904,32,student,single,university.degree,No,No,No
CLI004905,40,blue-collar,married,basic.9y,Desconocido,Sí,Sí
CLI004906,69,retired,married,high.school,No,No,No
CLI004907,53,blue-collar,married,basic.9y,No,No,No
CLI004908,54,blue-collar,married,basic.4y,No,Sí,No
CLI004909,32,blue-collar,married,basic.6y,No,Sí,Sí
CLI004910,31,entrepreneur,divorced,high.school,No,Sí,No
CLI004911,53,admin.,married,university.degree,No,Sí,No
CLI004912,33,admin.,married,university.degree,No,Sí,No
CLI004913,40,admin.,single,university.degree,No,No,No
CLI004914,57,services,married,basic.9y,Desconocido,Sí,No
CLI004915,47,blue-collar,married,basic.4y,No,Sí,No
CLI004916,43,admin.,married,high.school,No,Sí,No
CLI004917,52,technician,married,professional.course,No,Sí,No
CLI004918,42,management,married,university.degree,Desconocido,No,No
CLI004919,47,housemaid,single,basic.9y,No,No,No
CLI004920,41,blue-collar,divorced,basic.9y,Desconocido,No,No
CLI004921,41,services,divorced,high.school,No,Sí,No
CLI004922,33,blue-collar,married,basic.6y,Desconocido,No,No
CLI004923,53,management,married,university.degree,No,Sí,No
CLI004924,54,admin.,divorced,university.degree,No,Sí,Sí
CLI004925,57,technician,married,high.school,No,Sí,
CLI004926,30,housemaid,married,basic.6y,No,Sí,No
CLI004927,43,blue-collar,married,basic.9y,No,No,No
CLI004928,57,blue-collar,married,basic.9y,No,Sí,No
CLI004929,34,technician,married,university.degree,No,Sí,No
CLI004930,39,technician,single,professional.course,Desconocido,Sí,No
CLI004931,52,admin.,single,Desconocido,Desconocido,No,Sí
CLI004932,27,blue-collar,single,basic.4y,No,No,No
CLI004933,36,admin.,divorced,university.degree,Desconocido,Sí,Sí
CLI004934,30,self-employed,single,university.degree,No,No,No
CLI004935,60,retired,married,university.degree,No,Sí,No
CLI004936,37,unemployed,single,basic.9y,Desconocido,Sí,Sí
CLI004937,33,admin.,married,university.degree,Desconocido,Sí,Sí
CLI004938,41,admin.,married,university.degree,No,Sí,Sí
CLI004939,28,self-employed,single,university.degree,No,Sí,No
CLI004940,40,services,married,high.school,No,Sí,No
CLI004941,47,blue-collar,married,basic.4y,No,Sí,No
CLI004942,38,management,divorced,university.degree,No,No,Sí
CLI004943,29,admin.,single,high.school,No,No,No
CLI004944,54,technician,married,professional.course,No,Sí,No
CLI004945,29,technician,single,university.degree,No,No,No
CLI004946,30,admin.,single,university.degree,No,Sí,No
CLI004947,38,admin.,married,university.degree,No,Sí,No
CLI004948,24,services,single,high.school,No,No,No
CLI004949,54,management,married,university.degree,No,Sí,No
CLI004950,41,blue-collar,married,basic.9y,Desconocido,Sí,No
CLI004951,30,admin.,single,high.school,No,No,No
CLI004952,34,blue-collar,married,basic.4y,Desconocido,No,No
CLI004953,46,blue-collar,married,basic.4y,Desconocido,Sí,No
CLI004954,51,technician,married,university.degree,No,Sí,No
CLI004955,42,services,married,university.degree,No,No,No
CLI004956,40,admin.,single,university.degree,No,Sí,No
CLI004957,49,services,married,high.school,No,No,No
CLI004958,55,technician,married,university.degree,No,No,No
CLI004959,42,admin.,married,university.degree,No,No,No
CLI004960,30,self-employed,single,university.degree,No,No,No
CLI004961,31,admin.,single,university.degree,No,No,Sí
CLI004962,31,technician,married,professional.course,Desconocido,No,No
CLI004963,34,blue-collar,married,basic.9y,No,No,Sí
CLI004964,33,Desconocido,married,Desconocido,Desconocido,Sí,No
CLI004965,36,blue-collar,single,basic.6y,No,No,No
CLI004966,30,student,single,high.school,No,No,No
CLI004967,53,admin.,divorced,high.school,No,Sí,No
CLI004968,46,admin.,married,basic.6y,No,Sí,No
CLI004969,38,blue-collar,single,basic.9y,Desconocido,Sí,No
CLI004970,41,unemployed,married,basic.9y,No,No,Sí
CLI004971,45,blue-collar,single,basic.9y,No,No,No
CLI004972,37,technician,married,professional.course,Desconocido,Sí,No
CLI004973,37,blue-collar,married,basic.9y,No,Desconocido,Desconocido
CLI004974,34,housemaid,married,university.degree,No,No,No
CLI004975,47,Desconocido,divorced,basic.4y,Desconocido,No,No
CLI004976,50,entrepreneur,married,Desconocido,Desconocido,Sí,Sí
CLI004977,42,technician,divorced,basic.9y,No,Sí,No
CLI004978,58,retired,divorced,high.school,No,No,No
CLI004979,31,admin.,single,high.school,No,Sí,No
CLI004980,35,admin.,married,university.degree,No,Sí,Sí
CLI004981,47,Desconocido,married,Desconocido,No,No,Sí
CLI004982,59,technician,married,university.degree,No,No,No
CLI004983,32,technician,single,university.degree,No,Sí,Sí
CLI004984,59,technician,married,university.degree,Desconocido,Desconocido,Desconocido
CLI004985,35,technician,married,university.degree,No,No,No
CLI004986,42,technician,married,university.degree,No,No,Sí
CLI004987,32,services,single,high.school,No,Sí,No
CLI004988,54,retired,divorced,basic.4y,No,Sí,No
CLI004989,52,blue-collar,married,basic.4y,Desconocido,Desconocido,Desconocido
CLI004990,31,services,married,high.school,Desconocido,Sí,No
CLI004991,48,Desconocido,married,basic.6y,No,No,
CLI004992,37,services,married,high.school,No,No,No
CLI004993,32,self-employed,married,basic.9y,No,Sí,Sí
CLI004994,25,admin.,single,university.degree,No,Sí,No
CLI004995,34,unemployed,married,basic.9y,No,Sí,No
CLI004996,50,technician,married,professional.course,No,Desconocido,Desconocido
CLI004997,36,technician,married,professional.course,No,Sí,No
CLI004998,45,technician,single,university.degree,No,No,No
CLI004999,63,retired,married,high.school,No,No,No
CLI005000,31,admin.,married,university.degree,No,Sí,No
CLI005001,35,admin.,divorced,high.school,No,Sí,No
CLI005002,26,self-employed,married,high.school,No,Sí,
CLI005003,51,unemployed,married,basic.4y,Desconocido,Sí,No
CLI005004,42,housemaid,single,basic.4y,Desconocido,Sí,No
CLI005005,27,admin.,single,university.degree,No,Sí,No
CLI005006,45,management,married,Desconocido,Desconocido,Sí,Sí
CLI005007,40,admin.,married,high.school,No,No,No
CLI005008,29,management,single,high.school,No,Sí,No
CLI005009,35,management,married,university.degree,No,Sí,No
CLI005010,42,blue-collar,married,basic.6y,No,No,No
CLI005011,41,management,married,university.degree,No,No,No
CLI005012,35,services,married,basic.9y,No,No,Sí
CLI005013,40,unemployed,married,basic.9y,No,No,No
CLI005014,31,technician,married,university.degree,No,Sí,No
CLI005015,31,technician,married,professional.course,No,No,No
CLI005016,34,admin.,Desconocido,university.degree,No,Sí,No
CLI005017,51,management,married,university.degree,Desconocido,No,Sí
CLI005018,48,blue-collar,married,basic.9y,No,No,Sí
CLI005019,41,housemaid,married,high.school,No,Sí,No
CLI005020,31,management,married,high.school,No,Sí,No
CLI005021,37,housemaid,married,high.school,No,Sí,No
CLI005022,49,unemployed,married,high.school,Desconocido,No,No
CLI005023,51,self-employed,married,university.degree,Desconocido,No,No
CLI005024,50,technician,married,high.school,No,No,No
CLI005025,28,blue-collar,single,basic.4y,No,No,No
CLI005026,29,services,married,basic.9y,No,Sí,No
CLI005027,35,admin.,married,high.school,No,Sí,No
CLI005028,29,technician,single,professional.course,No,Sí,No
CLI005029,52,admin.,married,university.degree,No,No,Sí
CLI005030,54,management,married,university.degree,No,No,No
CLI005031,57,technician,single,university.degree,Desconocido,Sí,No
CLI005032,37,technician,married,basic.9y,No,No,No
CLI005033,38,services,single,basic.9y,No,Sí,No
CLI005034,39,technician,married,Desconocido,No,Sí,No
CLI005035,27,services,single,university.degree,No,Sí,No
CLI005036,34,services,married,high.school,No,No,No
CLI005037,49,blue-collar,married,basic.9y,Desconocido,No,No
CLI005038,34,technician,divorced,professional.course,No,Sí,No
CLI005039,34,technician,married,university.degree,No,No,No
CLI005040,44,admin.,married,university.degree,No,Sí,No
CLI005041,49,blue-collar,married,basic.9y,No,Sí,No
CLI005042,22,services,single,professional.course,No,Sí,No
CLI005043,60,self-employed,married,university.degree,No,Sí,No
CLI005044,41,blue-collar,married,basic.9y,No,Sí,Sí
CLI005045,43,entrepreneur,married,basic.9y,Desconocido,Sí,No
CLI005046,51,blue-collar,married,basic.9y,No,Sí,
CLI005047,36,services,single,basic.9y,No,Sí,No
CLI005048,45,unemployed,married,basic.9y,No,Sí,No
CLI005049,48,technician,married,high.school,No,Sí,No
CLI005050,34,admin.,single,high.school,No,Sí,No
CLI005051,30,technician,single,university.degree,No,Sí,Sí
CLI005052,48,admin.,divorced,university.degree,No,Sí,No
CLI005053,36,blue-collar,married,basic.9y,No,Sí,Sí
CLI005054,46,unemployed,married,basic.9y,No,Sí,Sí
CLI005055,43,technician,married,professional.course,No,Sí,No
CLI005056,32,admin.,single,university.degree,No,Desconocido,Desconocido
CLI005057,43,admin.,married,high.school,No,Sí,No
CLI005058,31,admin.,single,high.school,No,,No
CLI005059,43,blue-collar,married,basic.4y,Desconocido,Sí,No
CLI005060,48,entrepreneur,married,high.school,No,No,No
CLI005061,47,retired,married,university.degree,No,No,No
CLI005062,32,admin.,married,university.degree,No,Sí,Sí
CLI005063,31,services,single,high.school,No,Sí,No
CLI005064,43,blue-collar,married,basic.9y,No,Sí,Sí
CLI005065,34,blue-collar,married,professional.course,No,Sí,No
CLI005066,58,services,married,high.school,No,No,No
CLI005067,27,admin.,single,high.school,Desconocido,No,No
CLI005068,25,self-employed,single,university.degree,No,Desconocido,Desconocido
CLI005069,64,retired,married,Desconocido,No,Sí,Sí
CLI005070,41,admin.,married,high.school,Desconocido,No,No
CLI005071,41,technician,married,university.degree,No,Sí,Sí
CLI005072,51,services,divorced,high.school,No,No,
CLI005073,43,admin.,divorced,high.school,No,No,No
CLI005074,50,entrepreneur,married,basic.9y,Desconocido,No,No
CLI005075,27,student,single,university.degree,No,No,No
CLI005076,40,management,married,university.degree,No,No,No
CLI005077,61,blue-collar,married,professional.course,No,Sí,No
CLI005078,35,management,married,university.degree,No,No,No
CLI005079,31,housemaid,married,basic.4y,No,Sí,No
CLI005080,32,admin.,single,university.degree,No,Sí,No
CLI005081,37,technician,married,professional.course,No,,No
CLI005082,54,housemaid,married,high.school,No,Sí,No
CLI005083,37,blue-collar,married,basic.6y,No,No,No
CLI005084,40,blue-collar,married,Desconocido,No,Sí,No
CLI005085,38,admin.,married,high.school,No,No,No
CLI005086,25,student,single,university.degree,No,Sí,Sí
CLI005087,32,management,married,university.degree,No,No,No
CLI005088,33,blue-collar,married,basic.9y,No,Sí,No
CLI005089,39,blue-collar,married,basic.9y,Desconocido,Desconocido,Desconocido
CLI005090,40,admin.,married,high.school,Desconocido,No,No
CLI005091,31,services,single,,No,Sí,No
CLI005092,35,management,married,university.degree,No,Sí,No
CLI005093,33,technician,single,high.school,No,Sí,No
CLI005094,26,admin.,married,high.school,No,No,No
CLI005095,40,blue-collar,married,professional.course,Desconocido,No,No
CLI005096,32,blue-collar,married,basic.9y,No,Sí,Sí
CLI005097,41,admin.,single,university.degree,No,No,No
CLI005098,53,blue-collar,married,basic.4y,Desconocido,Sí,No
CLI005099,36,technician,married,professional.course,No,Sí,No
CLI005100,27,entrepreneur,divorced,university.degree,Desconocido,No,No
CLI005101,48,admin.,single,university.degree,No,Sí,No
CLI005102,30,admin.,married,university.degree,No,Sí,Sí
CLI005103,43,services,married,basic.6y,No,Sí,No
CLI005104,35,admin.,divorced,high.school,No,Sí,
CLI005105,23,services,married,basic.9y,Desconocido,Sí,No
CLI005106,40,services,married,basic.9y,Desconocido,No,No
CLI005107,44,blue-collar,married,Desconocido,Desconocido,Sí,No
CLI005108,35,services,single,basic.4y,No,No,
CLI005109,33,admin.,married,university.degree,No,Sí,No
CLI005110,28,entrepreneur,married,basic.9y,Desconocido,Sí,No
CLI005111,33,unemployed,divorced,basic.9y,No,Desconocido,Desconocido
CLI005112,32,admin.,single,university.degree,No,Sí,Sí
CLI005113,37,blue-collar,single,professional.course,No,Sí,Sí
CLI005114,29,blue-collar,married,professional.course,No,No,No
CLI005115,38,services,married,high.school,No,Sí,No
CLI005116,35,housemaid,married,high.school,No,No,No
CLI005117,51,admin.,married,basic.6y,No,Sí,No
CLI005118,25,admin.,single,university.degree,No,Sí,No
CLI005119,50,technician,married,professional.course,No,No,Sí
CLI005120,34,blue-collar,married,basic.6y,No,Sí,Sí
CLI005121,44,services,married,high.school,No,Sí,Sí
CLI005122,37,services,divorced,basic.4y,No,No,No
CLI005123,22,blue-collar,single,basic.9y,No,Sí,No
CLI005124,38,admin.,single,university.degree,No,No,Sí
CLI005125,50,technician,single,university.degree,Desconocido,No,No
CLI005126,47,technician,divorced,high.school,No,Sí,No
CLI005127,50,blue-collar,married,basic.4y,Desconocido,Sí,No
CLI005128,32,services,married,high.school,No,No,No
CLI005129,18,student,single,Desconocido,No,Sí,Sí
CLI005130,33,blue-collar,married,basic.6y,No,Sí,No
CLI005131,58,admin.,married,university.degree,No,No,No
CLI005132,59,admin.,married,university.degree,Desconocido,No,
CLI005133,33,technician,single,university.degree,No,Sí,No
CLI005134,50,unemployed,married,professional.course,No,Sí,No
CLI005135,32,technician,married,professional.course,No,Sí,Sí
CLI005136,66,retired,married,basic.4y,No,Sí,Sí
CLI005137,44,admin.,married,high.school,No,,No
CLI005138,28,technician,single,university.degree,Desconocido,No,No
CLI005139,38,blue-collar,married,basic.4y,No,No,No
CLI005140,31,technician,married,professional.course,No,Sí,No
CLI005141,50,admin.,divorced,university.degree,No,Sí,No
CLI005142,36,blue-collar,married,basic.9y,No,Sí,No
CLI005143,28,blue-collar,single,basic.4y,No,No,No
CLI005144,40,blue-collar,married,basic.4y,Desconocido,No,No
CLI005145,19,student,single,basic.9y,No,Sí,No
CLI005146,30,admin.,divorced,,No,Sí,No
CLI005147,81,retired,married,basic.4y,No,Sí,No
CLI005148,28,blue-collar,divorced,high.school,No,Sí,Sí
CLI005149,82,retired,married,high.school,Desconocido,Sí,No
CLI005150,34,services,married,high.school,No,No,No
CLI005151,38,blue-collar,married,Desconocido,No,Sí,No
CLI005152,32,self-employed,married,university.degree,No,Sí,Sí
CLI005153,44,blue-collar,married,basic.6y,No,No,No
CLI005154,31,technician,married,university.degree,No,Sí,No
CLI005155,46,admin.,married,high.school,No,No,No
CLI005156,39,blue-collar,married,basic.9y,No,No,Sí
CLI005157,29,blue-collar,married,professional.course,No,No,No
CLI005158,23,blue-collar,single,basic.9y,No,Sí,No
CLI005159,41,admin.,divorced,university.degree,No,Sí,Sí
CLI005160,36,self-employed,married,high.school,Desconocido,Sí,No
CLI005161,31,blue-collar,married,basic.6y,No,No,No
CLI005162,48,admin.,divorced,high.school,No,No,No
CLI005163,43,admin.,married,high.school,No,Sí,No
CLI005164,49,technician,married,professional.course,No,No,Sí
CLI005165,36,management,married,basic.9y,No,No,No
CLI005166,41,technician,married,high.school,No,No,No
CLI005167,31,technician,married,professional.course,No,Sí,No
CLI005168,33,blue-collar,married,professional.course,Desconocido,No,
CLI005169,42,retired,married,basic.9y,Desconocido,No,No
CLI005170,49,technician,married,professional.course,Desconocido,Sí,No
CLI005171,48,technician,divorced,professional.course,No,Sí,No
CLI005172,37,unemployed,married,university.degree,No,Sí,No
CLI005173,45,admin.,married,high.school,No,No,No
CLI005174,38,admin.,married,high.school,No,Sí,No
CLI005175,33,services,married,basic.9y,No,Sí,No
CLI005176,28,admin.,married,high.school,No,No,No
CLI005177,54,admin.,married,university.degree,No,Sí,No
CLI005178,43,services,married,high.school,No,No,
CLI005179,41,admin.,married,high.school,No,No,No
CLI005180,32,admin.,married,university.degree,No,Sí,No
CLI005181,28,blue-collar,single,basic.9y,No,Sí,No
CLI005182,34,admin.,divorced,professional.course,No,Sí,Sí
CLI005183,46,admin.,married,high.school,No,No,No
CLI005184,47,services,divorced,basic.4y,No,No,No
CLI005185,59,retired,divorced,professional.course,No,No,No
CLI005186,50,blue-collar,married,basic.4y,Desconocido,No,No
CLI005187,50,blue-collar,married,basic.9y,No,Sí,No
CLI005188,22,student,single,high.school,No,No,No
CLI005189,23,blue-collar,single,basic.9y,No,Sí,No
CLI005190,61,entrepreneur,married,university.degree,Desconocido,Sí,No
CLI005191,38,housemaid,married,basic.9y,No,No,No
CLI005192,28,admin.,married,university.degree,No,No,No
CLI005193,35,technician,single,professional.course,No,Sí,No
CLI005194,33,admin.,single,high.school,No,Sí,No
CLI005195,39,admin.,divorced,basic.9y,No,Sí,No
CLI005196,59,self-employed,married,basic.9y,No,Sí,No
CLI005197,49,blue-collar,married,basic.4y,Desconocido,No,No
CLI005198,34,admin.,married,university.degree,No,No,No
CLI005199,40,technician,divorced,professional.course,No,No,Sí
CLI005200,71,retired,married,,No,No,No
CLI005201,31,technician,married,basic.6y,No,Sí,No
CLI005202,44,self-employed,married,professional.course,No,No,No
CLI005203,33,blue-collar,married,basic.9y,Desconocido,Desconocido,Desconocido
CLI005204,50,admin.,divorced,university.degree,No,No,No
CLI005205,54,management,divorced,university.degree,No,Sí,Sí
CLI005206,44,services,divorced,high.school,No,No,No
CLI005207,48,blue-collar,married,basic.4y,Desconocido,No,Sí
CLI005208,36,blue-collar,married,basic.9y,No,Desconocido,Desconocido
CLI005209,46,admin.,married,high.school,No,Sí,No
CLI005210,36,entrepreneur,single,basic.4y,No,No,No
CLI005211,21,blue-collar,single,basic.9y,No,No,No
CLI005212,31,services,married,high.school,Desconocido,No,No
CLI005213,41,admin.,divorced,basic.6y,No,No,No
CLI005214,44,admin.,married,Desconocido,No,,No
CLI005215,28,management,single,university.degree,No,Sí,No
CLI005216,49,technician,married,professional.course,Desconocido,,Desconocido
CLI005217,31,self-employed,married,university.degree,No,No,No
CLI005218,33,admin.,single,university.degree,No,Sí,No
CLI005219,55,blue-collar,married,basic.9y,Desconocido,No,No
CLI005220,40,technician,single,university.degree,No,No,No
CLI005221,44,services,single,high.school,No,Sí,No
CLI005222,43,blue-collar,married,,No,Sí,No
CLI005223,45,admin.,married,university.degree,No,No,No
CLI005224,24,services,single,high.school,No,Sí,Sí
CLI005225,32,technician,single,professional.course,No,Sí,No
CLI005226,37,technician,married,university.degree,No,No,No
CLI005227,45,entrepreneur,married,basic.6y,No,No,No
CLI005228,44,management,married,high.school,Desconocido,Sí,No
CLI005229,35,technician,married,professional.course,No,Sí,Sí
CLI005230,49,admin.,married,high.school,No,Sí,No
CLI005231,47,blue-collar,married,basic.4y,No,Sí,No
CLI005232,32,admin.,single,university.degree,No,Sí,No
CLI005233,26,technician,married,professional.course,No,Sí,No
CLI005234,35,blue-collar,divorced,basic.9y,No,No,No
CLI005235,44,services,married,high.school,No,No,Sí
CLI005236,29,services,married,basic.9y,No,Sí,No
CLI005237,58,blue-collar,married,basic.4y,Desconocido,Sí,
CLI005238,52,admin.,divorced,university.degree,No,No,No
CLI005239,44,blue-collar,married,high.school,Desconocido,No,No
CLI005240,44,services,single,high.school,No,No,No
CLI005241,33,admin.,single,university.degree,No,Sí,Sí
CLI005242,30,admin.,single,high.school,No,No,Sí
CLI005243,60,retired,divorced,professional.course,No,No,No
CLI005244,53,unemployed,single,basic.9y,No,No,No
CLI005245,47,technician,married,professional.course,No,Sí,No
CLI005246,52,blue-collar,married,basic.4y,No,Sí,No
CLI005247,40,housemaid,divorced,high.school,Desconocido,No,Sí
CLI005248,32,self-employed,married,professional.course,No,No,Sí
CLI005249,27,admin.,single,university.degree,No,Sí,No
CLI005250,68,retired,married,,No,Sí,No
CLI005251,54,blue-collar,married,basic.4y,No,Sí,No
CLI005252,32,technician,married,professional.course,No,No,No
CLI005253,59,technician,married,Desconocido,No,No,No
CLI005254,49,services,married,Desconocido,No,No,No
CLI005255,54,blue-collar,single,basic.4y,Desconocido,Desconocido,Desconocido
CLI005256,41,admin.,single,high.school,No,No,No
CLI005257,36,admin.,married,university.degree,No,No,No
CLI005258,43,entrepreneur,married,university.degree,No,No,Sí
CLI005259,50,blue-collar,married,basic.6y,No,Sí,No
CLI005260,30,services,single,university.degree,No,Sí,No
CLI005261,51,services,married,high.school,Desconocido,Sí,No
CLI005262,55,unemployed,married,basic.9y,No,No,No
CLI005263,49,technician,divorced,professional.course,No,Sí,No
CLI005264,50,entrepreneur,married,basic.9y,No,No,No
CLI005265,29,admin.,single,high.school,No,Sí,
CLI005266,52,blue-collar,married,basic.4y,Desconocido,Sí,Sí
CLI005267,56,blue-collar,divorced,basic.6y,Desconocido,No,No
CLI005268,49,technician,divorced,Desconocido,No,No,No
CLI005269,31,blue-collar,married,basic.6y,Desconocido,No,No
CLI005270,34,unemployed,married,high.school,No,Sí,No
CLI005271,52,technician,married,,Desconocido,Sí,No
CLI005272,52,admin.,divorced,university.degree,No,Sí,Sí
CLI005273,39,housemaid,married,university.degree,No,Sí,
CLI005274,52,technician,married,basic.9y,No,No,No
CLI005275,34,blue-collar,married,basic.9y,No,No,No
CLI005276,31,blue-collar,married,basic.6y,No,No,No
CLI005277,27,self-employed,single,university.degree,No,No,No
CLI005278,74,retired,married,basic.9y,No,Sí,No
CLI005279,53,admin.,single,basic.6y,No,Sí,No
CLI005280,39,admin.,married,high.school,No,Sí,No
CLI005281,47,unemployed,married,high.school,Desconocido,,No
CLI005282,50,blue-collar,married,basic.4y,Desconocido,No,No
CLI005283,31,admin.,single,university.degree,No,Sí,No
CLI005284,34,admin.,single,university.degree,No,Sí,No
CLI005285,28,admin.,single,university.degree,No,Sí,No
CLI005286,44,admin.,married,university.degree,Desconocido,Sí,Sí
CLI005287,40,blue-collar,married,basic.6y,Desconocido,Sí,Sí
CLI005288,58,retired,divorced,university.degree,No,Sí,No
CLI005289,29,technician,married,university.degree,No,Sí,No
CLI005290,73,retired,married,university.degree,No,No,No
CLI005291,22,blue-collar,single,basic.6y,Desconocido,No,Sí
CLI005292,32,technician,single,professional.course,No,No,No
CLI005293,50,admin.,married,university.degree,No,No,No
CLI005294,29,technician,married,high.school,No,No,No
CLI005295,36,admin.,divorced,university.degree,No,No,No
CLI005296,35,technician,married,professional.course,No,No,No
CLI005297,50,admin.,married,basic.9y,No,Desconocido,Desconocido
CLI005298,40,technician,married,professional.course,Desconocido,Sí,No
CLI005299,38,technician,single,,No,No,No
CLI005300,36,admin.,single,university.degree,No,No,Sí
CLI005301,41,blue-collar,married,basic.9y,No,No,No
CLI005302,42,management,single,university.degree,Desconocido,No,Sí
CLI005303,36,management,married,university.degree,No,No,Sí
CLI005304,52,retired,married,high.school,No,No,No
CLI005305,57,blue-collar,divorced,basic.9y,No,No,No
CLI005306,34,technician,married,professional.course,No,No,No
CLI005307,53,technician,divorced,professional.course,No,Sí,No
CLI005308,40,admin.,single,,No,Sí,No
CLI005309,28,management,single,university.degree,No,No,No
CLI005310,46,Desconocido,single,Desconocido,No,Sí,Sí
CLI005311,31,services,single,basic.9y,No,No,No
CLI005312,76,retired,divorced,professional.course,No,Sí,No
CLI005313,52,housemaid,married,basic.4y,Desconocido,No,No
CLI005314,56,management,married,basic.6y,No,Sí,No
CLI005315,31,admin.,married,university.degree,No,Sí,No
CLI005316,27,services,married,university.degree,No,Sí,No
CLI005317,61,retired,married,basic.4y,No,Sí,No
CLI005318,36,blue-collar,married,basic.9y,No,No,No
CLI005319,59,services,married,high.school,Desconocido,Sí,No
CLI005320,74,retired,married,basic.4y,No,Sí,No
CLI005321,44,blue-collar,divorced,high.school,No,Sí,No
CLI005322,72,admin.,married,university.degree,Desconocido,No,Sí
CLI005323,41,admin.,single,high.school,No,No,No
CLI005324,34,entrepreneur,single,university.degree,No,No,No
CLI005325,44,admin.,married,university.degree,Desconocido,No,No
CLI005326,41,blue-collar,single,basic.9y,No,No,No
CLI005327,41,blue-collar,divorced,professional.course,No,Desconocido,
CLI005328,55,blue-collar,married,basic.4y,Desconocido,Sí,Sí
CLI005329,39,blue-collar,married,basic.6y,Desconocido,No,Sí
CLI005330,33,self-employed,married,university.degree,No,Sí,No
CLI005331,37,blue-collar,single,basic.9y,Desconocido,Sí,No
CLI005332,52,entrepreneur,married,high.school,No,Sí,No
CLI005333,35,entrepreneur,divorced,professional.course,Desconocido,No,No
CLI005334,24,technician,single,university.degree,No,Sí,No
CLI005335,37,technician,single,university.degree,No,Sí,No
CLI005336,38,services,married,high.school,No,No,No
CLI005337,40,blue-collar,married,basic.4y,Desconocido,No,No
CLI005338,50,admin.,married,high.school,No,No,No
CLI005339,26,student,single,Desconocido,No,Sí,No
CLI005340,32,blue-collar,single,professional.course,No,No,No
CLI005341,40,technician,single,professional.course,No,Sí,Sí
CLI005342,29,blue-collar,single,basic.9y,No,Sí,No
CLI005343,27,student,single,university.degree,No,Sí,No
CLI005344,59,retired,married,basic.9y,No,Sí,No
CLI005345,53,retired,married,basic.9y,No,Sí,Sí
CLI005346,42,technician,divorced,basic.9y,No,No,No
CLI005347,39,admin.,single,Desconocido,No,Sí,No
CLI005348,33,admin.,single,high.school,Desconocido,Sí,No
CLI005349,51,blue-collar,married,basic.6y,No,Sí,No
CLI005350,34,technician,married,university.degree,No,No,No
CLI005351,50,blue-collar,married,basic.9y,No,Sí,No
CLI005352,43,admin.,married,university.degree,No,Sí,No
CLI005353,34,admin.,married,university.degree,No,Sí,No
CLI005354,34,admin.,married,university.degree,No,No,No
CLI005355,58,retired,married,professional.course,Desconocido,No,No
CLI005356,45,management,single,university.degree,No,No,Sí
CLI005357,36,admin.,single,university.degree,No,Sí,No
CLI005358,25,blue-collar,single,high.school,No,Sí,No
CLI005359,42,retired,married,basic.9y,Desconocido,Sí,No
CLI005360,38,blue-collar,married,high.school,Desconocido,No,No
CLI005361,58,admin.,married,high.school,No,No,Sí
CLI005362,44,technician,married,,No,Sí,No
CLI005363,32,technician,divorced,professional.course,No,Sí,No
CLI005364,43,blue-collar,married,basic.4y,Desconocido,Sí,Sí
CLI005365,81,retired,divorced,basic.4y,No,,No
CLI005366,34,services,married,basic.9y,Desconocido,Sí,No
CLI005367,34,entrepreneur,married,Desconocido,No,No,No
CLI005368,51,services,single,high.school,Desconocido,Sí,No
CLI005369,33,admin.,married,university.degree,Desconocido,No,No
CLI005370,36,self-employed,married,basic.9y,Desconocido,No,No
CLI005371,47,management,divorced,university.degree,No,Sí,No
CLI005372,49,management,married,university.degree,No,No,No
CLI005373,26,unemployed,married,basic.9y,No,Sí,Sí
CLI005374,24,admin.,single,high.school,No,No,No
CLI005375,54,management,married,high.school,Desconocido,Sí,No
CLI005376,25,blue-collar,married,high.school,No,No,No
CLI005377,35,services,single,high.school,No,No,No
CLI005378,48,entrepreneur,married,basic.9y,Desconocido,,No
CLI005379,36,services,married,high.school,Desconocido,Sí,Sí
CLI005380,31,admin.,divorced,university.degree,No,No,No
CLI005381,26,technician,single,university.degree,No,Sí,
CLI005382,44,management,married,university.degree,Desconocido,Sí,No
CLI005383,32,blue-collar,married,professional.course,No,Sí,No
CLI005384,46,admin.,married,professional.course,No,No,No
CLI005385,30,technician,single,professional.course,No,Sí,No
CLI005386,33,technician,married,basic.9y,No,No,No
CLI005387,34,admin.,single,university.degree,No,Sí,No
CLI005388,35,blue-collar,single,basic.9y,No,Sí,No
CLI005389,45,self-employed,married,university.degree,No,Sí,No
CLI005390,40,technician,divorced,professional.course,No,No,No
CLI005391,34,technician,single,professional.course,Desconocido,Sí,No
CLI005392,37,technician,single,professional.course,No,Sí,No
CLI005393,28,self-employed,single,basic.9y,No,No,No
CLI005394,35,technician,married,professional.course,No,Sí,Sí
CLI005395,34,admin.,single,university.degree,No,Sí,No
CLI005396,48,management,married,university.degree,No,Sí,No
CLI005397,25,admin.,married,high.school,No,No,No
CLI005398,43,blue-collar,married,basic.4y,Desconocido,No,No
CLI005399,42,self-employed,married,university.degree,No,No,No
CLI005400,26,blue-collar,married,basic.9y,No,Sí,No
CLI005401,52,services,divorced,basic.6y,No,No,No
CLI005402,29,blue-collar,married,basic.4y,Desconocido,No,No
CLI005403,34,technician,single,university.degree,No,No,No
CLI005404,32,blue-collar,married,high.school,No,No,No
CLI005405,35,entrepreneur,married,basic.9y,No,No,
CLI005406,37,services,married,high.school,No,Sí,No
CLI005407,49,unemployed,married,,No,No,No
CLI005408,45,management,single,basic.9y,No,Sí,No
CLI005409,30,Desconocido,single,university.degree,No,No,No
CLI005410,33,management,married,university.degree,No,Sí,No
CLI005411,49,services,married,high.school,No,No,Sí
CLI005412,34,technician,single,professional.course,Desconocido,Sí,No
CLI005413,32,services,married,basic.9y,Desconocido,Sí,No
CLI005414,36,services,married,high.school,No,No,No
CLI005415,31,blue-collar,married,basic.9y,No,Sí,No
CLI005416,50,admin.,married,high.school,No,No,No
CLI005417,31,technician,married,university.degree,No,No,No
CLI005418,26,management,single,university.degree,No,Sí,No
CLI005419,48,technician,married,high.school,Desconocido,Sí,No
CLI005420,32,entrepreneur,married,high.school,No,Desconocido,Desconocido
CLI005421,44,unemployed,divorced,high.school,Desconocido,Sí,No
CLI005422,24,blue-collar,single,basic.9y,No,Sí,No
CLI005423,42,admin.,married,high.school,No,No,No
CLI005424,47,blue-collar,married,high.school,No,No,Sí
CLI005425,41,admin.,single,university.degree,Desconocido,Sí,Sí
CLI005426,53,technician,divorced,high.school,No,Sí,No
CLI005427,36,admin.,single,university.degree,No,Sí,No
CLI005428,38,self-employed,married,high.school,No,Sí,No
CLI005429,31,management,married,university.degree,No,Sí,No
CLI005430,45,admin.,married,high.school,No,No,No
CLI005431,25,technician,married,university.degree,No,Desconocido,Desconocido
CLI005432,40,technician,single,professional.course,No,Sí,No
CLI005433,35,management,married,university.degree,No,Sí,Sí
CLI005434,53,self-employed,married,university.degree,No,No,No
CLI005435,58,services,married,high.school,Desconocido,Sí,Sí
CLI005436,38,admin.,married,university.degree,No,No,No
CLI005437,45,admin.,married,high.school,No,No,No
CLI005438,59,retired,married,basic.4y,Desconocido,No,No
CLI005439,30,technician,single,university.degree,Desconocido,Sí,No
CLI005440,29,self-employed,married,university.degree,No,No,No
CLI005441,35,admin.,married,professional.course,No,No,No
CLI005442,29,technician,single,university.degree,No,No,No
CLI005443,53,admin.,divorced,university.degree,No,No,No
CLI005444,46,admin.,married,high.school,No,No,Sí
CLI005445,67,retired,married,professional.course,No,No,No
CLI005446,35,technician,married,basic.9y,No,Sí,No
CLI005447,58,blue-collar,married,basic.6y,Desconocido,No,No
CLI005448,45,technician,single,university.degree,No,No,No
CLI005449,28,technician,single,professional.course,No,Sí,No
CLI005450,32,admin.,single,university.degree,No,No,No
CLI005451,46,blue-collar,married,basic.9y,No,Sí,No
CLI005452,46,admin.,single,university.degree,No,No,
CLI005453,49,blue-collar,divorced,basic.9y,No,Sí,No
CLI005454,36,blue-collar,single,university.degree,Desconocido,Sí,No
CLI005455,57,retired,divorced,university.degree,No,No,No
CLI005456,46,management,married,basic.9y,No,Sí,No
CLI005457,44,housemaid,married,basic.9y,No,No,No
CLI005458,29,admin.,single,university.degree,No,No,No
CLI005459,33,management,single,university.degree,No,Sí,No
CLI005460,32,admin.,single,high.school,No,No,No
CLI005461,38,blue-collar,married,basic.4y,Desconocido,No,No
CLI005462,29,blue-collar,single,basic.9y,Desconocido,Sí,No
CLI005463,59,retired,married,basic.4y,No,Sí,No
CLI005464,42,admin.,married,university.degree,No,No,No
CLI005465,37,blue-collar,married,basic.9y,Desconocido,No,No
CLI005466,44,blue-collar,married,basic.6y,No,No,No
CLI005467,34,admin.,married,university.degree,No,Sí,No
CLI005468,48,retired,married,basic.4y,Desconocido,No,No
CLI005469,36,admin.,single,high.school,No,Sí,No
CLI005470,42,technician,married,professional.course,Desconocido,No,No
CLI005471,38,services,married,high.school,No,No,No
CLI005472,39,admin.,single,high.school,No,Sí,Sí
CLI005473,33,blue-collar,single,basic.9y,No,Sí,No
CLI005474,49,technician,married,professional.course,No,Sí,No
CLI005475,44,admin.,single,basic.6y,Desconocido,Sí,No
CLI005476,30,admin.,married,university.degree,No,Sí,No
CLI005477,50,management,married,university.degree,No,Sí,Sí
CLI005478,43,admin.,married,university.degree,No,Sí,No
CLI005479,55,retired,married,professional.course,No,Sí,No
CLI005480,50,admin.,single,high.school,No,Sí,No
CLI005481,58,blue-collar,married,basic.9y,No,Sí,No
CLI005482,37,technician,married,professional.course,No,No,No
CLI005483,47,admin.,divorced,high.school,No,Sí,No
CLI005484,42,admin.,married,university.degree,No,No,No
CLI005485,76,management,married,Desconocido,No,No,No
CLI005486,30,blue-collar,married,basic.4y,No,Sí,No
CLI005487,36,blue-collar,married,basic.9y,Desconocido,Sí,No
CLI005488,49,management,married,university.degree,No,No,No
CLI005489,25,blue-collar,married,basic.9y,No,No,No
CLI005490,41,blue-collar,divorced,basic.6y,No,Sí,No
CLI005491,51,management,married,university.degree,No,Sí,No
CLI005492,54,admin.,divorced,university.degree,No,No,No
CLI005493,38,technician,single,professional.course,No,No,Sí
CLI005494,28,self-employed,single,university.degree,No,Sí,Sí
CLI005495,38,blue-collar,married,basic.4y,Desconocido,Sí,No
CLI005496,58,management,married,university.degree,No,Sí,No
CLI005497,56,blue-collar,married,basic.4y,Desconocido,No,No
CLI005498,34,admin.,single,high.school,No,Sí,No
CLI005499,60,retired,married,basic.4y,No,Sí,No
CLI005500,34,entrepreneur,married,basic.6y,Desconocido,Sí,No
CLI005501,40,admin.,single,high.school,Desconocido,Sí,No
CLI005502,42,admin.,married,basic.4y,No,No,No
CLI005503,32,services,divorced,high.school,No,Sí,No
CLI005504,83,retired,married,Desconocido,No,Sí,No
CLI005505,28,technician,single,professional.course,No,Sí,No
CLI005506,28,blue-collar,single,high.school,No,No,No
CLI005507,55,retired,divorced,high.school,No,Sí,No
CLI005508,34,admin.,married,high.school,No,No,No
CLI005509,23,technician,single,high.school,No,Sí,No
CLI005510,47,admin.,married,high.school,No,No,No
CLI005511,31,management,single,university.degree,No,Sí,No
CLI005512,34,admin.,married,high.school,Desconocido,No,No
CLI005513,45,admin.,married,high.school,Desconocido,Sí,No
CLI005514,46,technician,divorced,professional.course,No,Sí,
CLI005515,40,blue-collar,married,high.school,No,No,No
CLI005516,33,admin.,single,university.degree,No,Sí,No
CLI005517,30,student,single,professional.course,No,Sí,No
CLI005518,51,retired,married,professional.course,No,No,No
CLI005519,41,admin.,married,high.school,No,Sí,No
CLI005520,33,admin.,married,high.school,Desconocido,,No
CLI005521,28,admin.,married,high.school,No,Desconocido,Desconocido
CLI005522,43,technician,married,professional.course,Desconocido,Sí,No
CLI005523,39,admin.,single,university.degree,No,Sí,No
CLI005524,29,services,single,high.school,No,No,No
CLI005525,30,management,single,university.degree,No,No,Sí
CLI005526,33,blue-collar,single,basic.6y,Desconocido,No,No
CLI005527,46,blue-collar,married,basic.9y,No,No,No
CLI005528,36,blue-collar,married,basic.9y,Desconocido,Sí,No
CLI005529,34,blue-collar,married,basic.9y,No,Sí,No
CLI005530,57,housemaid,married,basic.4y,No,Sí,Sí
CLI005531,37,housemaid,married,high.school,No,No,No
CLI005532,56,retired,married,university.degree,No,No,No
CLI005533,52,housemaid,married,basic.9y,No,Sí,No
CLI005534,52,admin.,divorced,university.degree,Desconocido,Sí,Sí
CLI005535,49,management,married,university.degree,No,No,No
CLI005536,40,technician,married,basic.9y,No,No,No
CLI005537,57,housemaid,married,university.degree,No,Sí,No
CLI005538,50,services,married,high.school,No,No,No
CLI005539,21,student,single,high.school,Desconocido,Sí,No
CLI005540,33,admin.,single,university.degree,No,Sí,No
CLI005541,60,retired,married,basic.6y,Desconocido,Sí,No
CLI005542,32,admin.,married,university.degree,No,Sí,No
CLI005543,53,admin.,married,,No,No,No
CLI005544,58,services,married,high.school,No,No,No
CLI005545,39,blue-collar,married,basic.6y,Desconocido,Sí,No
CLI005546,45,blue-collar,married,basic.9y,Desconocido,Sí,No
CLI005547,48,blue-collar,married,basic.9y,No,No,No
CLI005548,48,blue-collar,married,basic.9y,Desconocido,No,No
CLI005549,45,admin.,married,basic.9y,Desconocido,Sí,No
CLI005550,40,self-employed,single,university.degree,No,No,Sí
CLI005551,39,management,married,university.degree,No,Sí,No
CLI005552,26,self-employed,married,university.degree,No,No,No
CLI005553,47,blue-collar,married,basic.4y,No,Sí,No
CLI005554,32,student,single,university.degree,No,Sí,No
CLI005555,53,entrepreneur,divorced,university.degree,No,No,No
CLI005556,47,services,married,Desconocido,Desconocido,Sí,Sí
CLI005557,30,blue-collar,married,basic.9y,No,Sí,No
CLI005558,38,blue-collar,married,basic.4y,No,No,
CLI005559,46,blue-collar,divorced,basic.6y,No,No,No
CLI005560,35,blue-collar,divorced,Desconocido,No,Sí,No
CLI005561,45,management,married,university.degree,No,Sí,No
CLI005562,44,technician,married,professional.course,Desconocido,Sí,Sí
CLI005563,23,admin.,married,high.school,No,No,Sí
CLI005564,31,admin.,married,university.degree,No,No,No
CLI005565,36,technician,single,professional.course,No,No,No
CLI005566,56,technician,divorced,university.degree,No,No,No
CLI005567,42,technician,divorced,high.school,Desconocido,Sí,No
CLI005568,34,management,married,university.degree,No,No,No
CLI005569,38,blue-collar,married,basic.9y,Desconocido,No,No
CLI005570,32,admin.,single,high.school,No,Sí,No
CLI005571,34,blue-collar,married,basic.6y,No,Sí,No
CLI005572,32,technician,single,professional.course,No,No,No
CLI005573,40,blue-collar,divorced,Desconocido,Desconocido,No,No
CLI005574,35,student,married,basic.9y,No,No,No
CLI005575,47,admin.,single,university.degree,No,No,No
CLI005576,54,admin.,divorced,university.degree,No,Sí,No
CLI005577,42,entrepreneur,married,basic.9y,No,No,Sí
CLI005578,43,blue-collar,married,basic.4y,No,No,No
CLI005579,39,admin.,married,university.degree,No,No,No
CLI005580,34,technician,married,university.degree,No,No,No
CLI005581,37,admin.,single,,No,Sí,No
CLI005582,28,services,married,high.school,No,No,No
CLI005583,29,admin.,single,university.degree,No,Sí,No
CLI005584,33,unemployed,single,Desconocido,No,Sí,No
CLI005585,37,blue-collar,married,professional.course,No,Sí,No
CLI005586,37,admin.,married,university.degree,No,No,No
CLI005587,35,blue-collar,married,basic.9y,No,No,No
CLI005588,33,management,married,university.degree,No,No,No
CLI005589,27,admin.,single,,No,Sí,No
CLI005590,49,management,married,university.degree,No,No,No
CLI005591,43,services,divorced,high.school,Desconocido,Sí,No
CLI005592,46,admin.,married,university.degree,No,No,No
CLI005593,36,admin.,single,Desconocido,No,Sí,No
CLI005594,41,blue-collar,divorced,basic.4y,No,No,No
CLI005595,51,admin.,married,university.degree,No,No,Sí
CLI005596,57,technician,married,university.degree,Desconocido,No,Sí
CLI005597,42,management,divorced,high.school,No,Sí,No
CLI005598,36,blue-collar,married,basic.9y,No,Sí,No
CLI005599,32,admin.,married,university.degree,Desconocido,No,No
CLI005600,39,blue-collar,divorced,basic.9y,No,Sí,No
CLI005601,52,blue-collar,married,basic.4y,No,No,No
CLI005602,43,admin.,married,university.degree,No,Sí,No
CLI005603,60,housemaid,married,basic.4y,No,No,No
CLI005604,28,blue-collar,single,basic.9y,Desconocido,No,Sí
CLI005605,30,services,married,high.school,No,Sí,No
CLI005606,45,services,divorced,high.school,No,No,No
CLI005607,44,blue-collar,married,Desconocido,No,No,No
CLI005608,38,technician,married,professional.course,No,No,No
CLI005609,41,entrepreneur,married,high.school,No,Sí,No
CLI005610,42,management,married,university.degree,Desconocido,No,No
CLI005611,36,entrepreneur,married,high.school,No,No,Sí
CLI005612,45,self-employed,divorced,university.degree,No,Sí,No
CLI005613,31,blue-collar,single,basic.4y,No,Sí,No
CLI005614,31,admin.,single,high.school,No,No,No
CLI005615,56,blue-collar,married,basic.4y,No,Sí,No
CLI005616,36,housemaid,married,basic.6y,No,Sí,No
CLI005617,42,management,married,university.degree,No,Sí,No
CLI005618,46,services,married,high.school,No,Sí,No
CLI005619,48,admin.,married,university.degree,No,No,No
CLI005620,37,blue-collar,single,professional.course,No,Sí,No
CLI005621,41,self-employed,married,high.school,No,No,No
CLI005622,83,retired,married,basic.9y,No,No,No
CLI005623,42,services,married,high.school,No,Sí,No
CLI005624,46,services,married,high.school,No,Sí,No
CLI005625,31,technician,single,university.degree,No,No,No
CLI005626,43,services,married,high.school,No,No,No
CLI005627,28,blue-collar,married,basic.4y,Desconocido,Sí,No
CLI005628,46,blue-collar,married,basic.9y,No,Sí,No
CLI005629,32,services,married,high.school,No,No,No
CLI005630,23,admin.,married,high.school,No,No,No
CLI005631,36,technician,single,professional.course,No,Sí,No
CLI005632,58,housemaid,married,basic.4y,Desconocido,Sí,No
CLI005633,38,admin.,married,university.degree,No,Sí,No
CLI005634,58,housemaid,married,basic.4y,No,No,No
CLI005635,39,unemployed,married,basic.9y,No,,No
CLI005636,49,blue-collar,married,high.school,Desconocido,Sí,Sí
CLI005637,30,services,single,high.school,No,Sí,No
CLI005638,38,admin.,married,university.degree,No,Sí,No
CLI005639,27,services,single,high.school,No,Sí,No
CLI005640,33,blue-collar,divorced,basic.4y,No,No,No
CLI005641,32,technician,married,university.degree,No,No,No
CLI005642,34,admin.,married,university.degree,No,No,No
CLI005643,46,housemaid,married,basic.4y,No,No,Sí
CLI005644,33,admin.,married,high.school,No,Sí,No
CLI005645,24,management,single,university.degree,No,Sí,No
CLI005646,55,retired,divorced,professional.course,No,No,No
CLI005647,33,services,divorced,,No,Sí,No
CLI005648,31,admin.,divorced,high.school,No,No,No
CLI005649,54,technician,married,university.degree,Desconocido,No,No
CLI005650,46,services,married,high.school,Desconocido,No,No
CLI005651,45,services,married,high.school,Desconocido,Sí,No
CLI005652,32,housemaid,single,university.degree,Desconocido,Sí,No
CLI005653,33,management,married,university.degree,No,No,Sí
CLI005654,38,technician,married,university.degree,No,Sí,No
CLI005655,36,services,divorced,university.degree,No,No,No
CLI005656,45,management,married,university.degree,No,No,No
CLI005657,39,blue-collar,married,basic.4y,No,No,No
CLI005658,30,student,single,Desconocido,No,No,No
CLI005659,41,technician,married,professional.course,No,Sí,No
CLI005660,57,admin.,married,high.school,No,No,No
CLI005661,31,blue-collar,married,basic.9y,Desconocido,Sí,No
CLI005662,45,blue-collar,married,basic.4y,Desconocido,Sí,No
CLI005663,31,technician,single,professional.course,No,No,No
CLI005664,49,Desconocido,married,high.school,Desconocido,No,Sí
CLI005665,37,technician,married,professional.course,No,No,No
CLI005666,39,admin.,married,basic.4y,No,No,No
CLI005667,28,self-employed,single,university.degree,No,Sí,No
CLI005668,59,entrepreneur,married,university.degree,Desconocido,Sí,Sí
CLI005669,30,blue-collar,married,basic.9y,Desconocido,No,No
CLI005670,32,technician,single,high.school,No,No,No
CLI005671,60,self-employed,married,professional.course,No,Sí,No
CLI005672,42,admin.,married,university.degree,No,Sí,No
CLI005673,52,admin.,married,university.degree,No,No,No
CLI005674,33,admin.,single,high.school,No,Sí,No
CLI005675,34,admin.,married,university.degree,No,No,No
CLI005676,42,admin.,married,high.school,No,No,No
CLI005677,54,housemaid,married,professional.course,No,No,No
CLI005678,46,blue-collar,single,basic.9y,No,Sí,No
CLI005679,32,services,divorced,basic.9y,Desconocido,No,No
CLI005680,54,unemployed,married,high.school,Desconocido,No,No
CLI005681,34,self-employed,single,university.degree,No,No,No
CLI005682,29,blue-collar,married,basic.9y,No,Sí,No
CLI005683,40,blue-collar,married,basic.9y,No,No,Sí
CLI005684,31,admin.,divorced,high.school,No,No,No
CLI005685,51,admin.,single,university.degree,Desconocido,No,No
CLI005686,43,management,married,university.degree,No,No,No
CLI005687,48,technician,divorced,university.degree,No,Sí,Sí
CLI005688,36,blue-collar,single,basic.9y,Desconocido,No,
CLI005689,23,student,single,high.school,No,Sí,No
CLI005690,50,housemaid,married,basic.9y,Desconocido,Sí,Sí
CLI005691,35,technician,married,professional.course,No,No,No
CLI005692,29,management,single,university.degree,No,No,No
CLI005693,25,student,single,Desconocido,Desconocido,Sí,No
CLI005694,36,self-employed,single,university.degree,No,Sí,No
CLI005695,27,admin.,married,high.school,No,No,No
CLI005696,32,blue-collar,married,professional.course,No,No,No
CLI005697,57,technician,married,professional.course,Desconocido,Sí,No
CLI005698,31,blue-collar,single,basic.9y,No,Desconocido,Desconocido
CLI005699,55,retired,married,professional.course,No,,No
CLI005700,23,technician,single,professional.course,No,Sí,No
CLI005701,46,unemployed,divorced,basic.9y,No,No,
CLI005702,56,retired,married,basic.9y,No,Sí,Sí
CLI005703,60,housemaid,married,basic.4y,No,Sí,Sí
CLI005704,50,admin.,divorced,high.school,Desconocido,No,Sí
CLI005705,23,services,single,high.school,No,No,No
CLI005706,39,admin.,single,university.degree,Desconocido,No,Sí
CLI005707,24,admin.,single,professional.course,No,No,No
CLI005708,25,technician,single,university.degree,No,No,No
CLI005709,48,admin.,married,professional.course,No,Sí,No
CLI005710,29,admin.,single,university.degree,No,Sí,Sí
CLI005711,56,blue-collar,divorced,Desconocido,No,No,No
CLI005712,32,technician,single,university.degree,No,No,No
CLI005713,30,services,single,high.school,No,Sí,No
CLI005714,50,blue-collar,married,basic.9y,No,No,No
CLI005715,48,housemaid,married,basic.9y,No,Sí,No
CLI005716,59,admin.,divorced,university.degree,No,Sí,No
CLI005717,54,technician,divorced,professional.course,No,No,No
CLI005718,57,technician,married,high.school,Desconocido,No,Sí
CLI005719,51,admin.,divorced,university.degree,No,No,No
CLI005720,37,admin.,single,university.degree,No,No,Sí
CLI005721,45,entrepreneur,married,university.degree,Desconocido,Sí,Sí
CLI005722,40,admin.,single,high.school,Desconocido,No,No
CLI005723,51,technician,married,professional.course,No,Sí,No
CLI005724,43,entrepreneur,married,high.school,No,,No
CLI005725,54,blue-collar,married,basic.4y,Desconocido,No,No
CLI005726,55,services,married,basic.6y,Desconocido,No,No
CLI005727,62,technician,married,Desconocido,No,No,No
CLI005728,44,technician,divorced,professional.course,No,Sí,No
CLI005729,39,technician,married,professional.course,No,No,No
CLI005730,35,admin.,married,university.degree,No,Sí,No
CLI005731,36,services,married,high.school,Desconocido,Sí,No
CLI005732,38,technician,married,professional.course,No,No,No
CLI005733,57,retired,married,,No,No,No
CLI005734,31,blue-collar,married,professional.course,Desconocido,No,No
CLI005735,24,services,married,high.school,No,,No
CLI005736,29,entrepreneur,married,basic.9y,No,Sí,No
CLI005737,55,retired,married,university.degree,Desconocido,No,No
CLI005738,50,admin.,divorced,university.degree,No,Sí,No
CLI005739,44,admin.,married,university.degree,No,Sí,No
CLI005740,31,services,single,high.school,No,Sí,Sí
CLI005741,69,housemaid,married,basic.4y,No,No,No
CLI005742,35,blue-collar,married,basic.4y,Desconocido,Sí,No
CLI005743,42,services,divorced,high.school,No,Sí,Sí
CLI005744,29,blue-collar,married,high.school,No,Sí,No
CLI005745,30,technician,single,high.school,No,No,No
CLI005746,46,housemaid,married,high.school,No,Sí,No
CLI005747,26,technician,single,professional.course,No,Sí,No
CLI005748,28,admin.,single,university.degree,Desconocido,No,Sí
CLI005749,27,technician,married,professional.course,No,Sí,Sí
CLI005750,43,admin.,single,university.degree,No,Sí,No
CLI005751,49,admin.,married,university.degree,No,Sí,No
CLI005752,31,blue-collar,married,basic.6y,No,No,No
CLI005753,31,services,single,basic.9y,No,No,No
CLI005754,65,retired,married,,No,Sí,Sí
CLI005755,41,services,single,high.school,No,No,No
CLI005756,38,blue-collar,married,high.school,Desconocido,Sí,No
CLI005757,39,blue-collar,married,basic.9y,No,Sí,No
CLI005758,41,admin.,divorced,high.school,No,No,No
CLI005759,50,admin.,married,university.degree,No,Sí,Sí
CLI005760,34,admin.,single,university.degree,No,No,No
CLI005761,37,management,married,university.degree,No,No,No
CLI005762,35,self-employed,single,university.degree,No,Sí,No
CLI005763,51,unemployed,married,professional.course,No,No,No
CLI005764,80,blue-collar,married,high.school,No,No,No
CLI005765,34,admin.,married,high.school,Desconocido,No,No
CLI005766,41,housemaid,married,high.school,No,Sí,No
CLI005767,34,housemaid,single,high.school,No,No,No
CLI005768,43,admin.,married,university.degree,No,Sí,Sí
CLI005769,36,services,married,basic.6y,No,No,No
CLI005770,29,admin.,single,university.degree,No,Sí,No
CLI005771,41,housemaid,married,university.degree,Desconocido,No,No
CLI005772,29,blue-collar,married,basic.6y,No,No,No
CLI005773,46,services,married,high.school,No,No,
CLI005774,38,blue-collar,divorced,high.school,No,Sí,Sí
CLI005775,60,blue-collar,married,professional.course,No,Sí,No
CLI005776,46,self-employed,married,university.degree,No,No,No
CLI005777,29,blue-collar,married,basic.9y,No,No,No
CLI005778,59,retired,married,Desconocido,No,No,No
CLI005779,50,blue-collar,married,basic.6y,Desconocido,Sí,No
CLI005780,43,admin.,married,professional.course,No,Sí,No
CLI005781,44,admin.,married,basic.9y,Desconocido,Sí,Sí
CLI005782,35,admin.,single,university.degree,No,No,No
CLI005783,41,entrepreneur,single,professional.course,No,Sí,No
CLI005784,38,admin.,married,university.degree,No,Sí,No
CLI005785,26,admin.,single,university.degree,No,Sí,Sí
CLI005786,42,blue-collar,single,basic.4y,No,No,No
CLI005787,32,technician,married,university.degree,No,Sí,No
CLI005788,25,technician,single,professional.course,No,Sí,No
CLI005789,53,blue-collar,divorced,basic.4y,Desconocido,No,No
CLI005790,42,blue-collar,married,basic.6y,No,No,No
CLI005791,38,services,single,high.school,No,Sí,No
CLI005792,50,housemaid,married,basic.4y,No,No,No
CLI005793,38,admin.,married,university.degree,No,Sí,No
CLI005794,56,admin.,married,high.school,No,No,No
CLI005795,56,retired,married,high.school,Desconocido,Sí,No
CLI005796,29,self-employed,single,university.degree,No,Sí,No
CLI005797,25,services,single,Desconocido,No,Sí,No
CLI005798,45,housemaid,married,basic.4y,Desconocido,No,No
CLI005799,31,blue-collar,married,basic.9y,No,Sí,No
CLI005800,55,retired,married,basic.4y,Desconocido,No,Sí
CLI005801,41,self-employed,married,university.degree,No,Sí,No
CLI005802,28,services,single,high.school,No,Sí,No
CLI005803,32,admin.,divorced,high.school,No,Sí,No
CLI005804,52,technician,married,professional.course,No,Sí,No
CLI005805,29,admin.,divorced,high.school,No,Sí,No
CLI005806,28,admin.,married,high.school,No,No,Sí
CLI005807,34,management,married,university.degree,Desconocido,No,Sí
CLI005808,34,technician,single,university.degree,No,No,No
CLI005809,28,admin.,single,high.school,No,No,No
CLI005810,34,management,married,professional.course,Desconocido,No,No
CLI005811,46,management,married,Desconocido,No,Sí,No
CLI005812,28,technician,single,high.school,No,Sí,No
CLI005813,32,blue-collar,single,basic.9y,No,No,No
CLI005814,27,technician,single,Desconocido,No,Sí,No
CLI005815,39,self-employed,married,university.degree,No,No,No
CLI005816,35,blue-collar,single,basic.4y,Desconocido,Sí,No
CLI005817,34,admin.,divorced,university.degree,No,No,No
CLI005818,41,management,married,basic.6y,No,Sí,
CLI005819,39,blue-collar,married,basic.9y,Desconocido,No,No
CLI005820,40,self-employed,married,high.school,Desconocido,No,No
CLI005821,32,management,single,high.school,No,Sí,No
CLI005822,35,blue-collar,married,basic.6y,Desconocido,,Sí
CLI005823,44,blue-collar,married,basic.6y,No,No,No
CLI005824,78,retired,divorced,basic.4y,No,Sí,No
CLI005825,32,technician,married,Desconocido,No,Sí,Sí
CLI005826,31,services,divorced,high.school,No,No,No
CLI005827,56,entrepreneur,married,university.degree,Desconocido,No,Sí
CLI005828,30,admin.,married,university.degree,No,Sí,Sí
CLI005829,32,management,married,university.degree,No,Sí,No
CLI005830,53,admin.,single,university.degree,No,No,No
CLI005831,26,admin.,single,university.degree,No,No,No
CLI005832,25,blue-collar,single,basic.9y,No,Sí,Sí
CLI005833,43,blue-collar,married,basic.4y,Desconocido,Sí,No
CLI005834,36,blue-collar,single,basic.9y,Desconocido,No,No
CLI005835,22,student,single,high.school,No,Sí,No
CLI005836,46,housemaid,married,basic.4y,No,Sí,No
CLI005837,54,services,married,high.school,No,No,No
CLI005838,48,unemployed,married,university.degree,No,Sí,No
CLI005839,32,blue-collar,single,high.school,No,Desconocido,Desconocido
CLI005840,35,admin.,single,university.degree,No,No,No
CLI005841,34,admin.,married,university.degree,Desconocido,Sí,No
CLI005842,39,management,married,university.degree,No,No,No
CLI005843,33,blue-collar,married,basic.9y,No,Sí,
CLI005844,43,blue-collar,married,basic.4y,Desconocido,No,No
CLI005845,50,services,divorced,basic.9y,No,Sí,No
CLI005846,57,retired,divorced,basic.9y,No,Sí,No
CLI005847,38,entrepreneur,married,professional.course,No,Sí,No
CLI005848,40,admin.,married,high.school,No,No,No
CLI005849,33,technician,single,basic.9y,No,Sí,Sí
CLI005850,56,technician,single,professional.course,No,Sí,No
CLI005851,54,technician,married,,No,No,No
CLI005852,33,admin.,married,university.degree,No,No,No
CLI005853,37,blue-collar,married,basic.9y,No,Sí,No
CLI005854,42,blue-collar,married,basic.4y,No,Sí,No
CLI005855,25,admin.,single,high.school,No,No,No
CLI005856,39,housemaid,married,basic.4y,Desconocido,No,No
CLI005857,59,Desconocido,married,Desconocido,Desconocido,No,No
CLI005858,24,student,single,high.school,No,No,Sí
CLI005859,52,admin.,married,high.school,No,No,No
CLI005860,45,admin.,married,high.school,No,No,No
CLI005861,31,entrepreneur,single,university.degree,No,Sí,Sí
CLI005862,33,services,married,high.school,Desconocido,Sí,No
CLI005863,43,blue-collar,married,basic.6y,No,No,Sí
CLI005864,49,management,married,university.degree,Desconocido,Sí,No
CLI005865,34,technician,married,professional.course,Desconocido,Sí,No
CLI005866,46,admin.,married,university.degree,Desconocido,No,No
CLI005867,48,services,married,high.school,No,Sí,No
CLI005868,41,technician,single,professional.course,No,No,No
CLI005869,45,blue-collar,married,basic.9y,Desconocido,No,No
CLI005870,33,management,single,university.degree,No,No,No
CLI005871,28,services,single,high.school,No,No,No
CLI005872,45,admin.,married,university.degree,No,No,No
CLI005873,31,technician,single,university.degree,No,Sí,No
CLI005874,30,technician,single,professional.course,No,Sí,Sí
CLI005875,40,self-employed,married,university.degree,No,Sí,No
CLI005876,33,admin.,divorced,high.school,No,Desconocido,Desconocido
CLI005877,38,services,married,,No,No,No
CLI005878,25,admin.,single,high.school,No,No,No
CLI005879,39,services,married,high.school,No,Sí,No
CLI005880,29,blue-collar,divorced,basic.4y,No,No,No
CLI005881,54,management,married,university.degree,Desconocido,Sí,No
CLI005882,53,technician,married,,No,No,No
CLI005883,40,self-employed,married,professional.course,No,No,No
CLI005884,57,technician,married,basic.9y,No,,No
CLI005885,38,services,married,high.school,No,Sí,No
CLI005886,60,housemaid,married,high.school,No,Desconocido,Desconocido
CLI005887,49,technician,married,professional.course,No,No,No
CLI005888,28,technician,married,high.school,No,Sí,No
CLI005889,31,unemployed,single,university.degree,No,Sí,No
CLI005890,51,unemployed,married,basic.4y,No,No,Sí
CLI005891,28,admin.,single,university.degree,No,No,No
CLI005892,40,blue-collar,married,basic.4y,No,Sí,No
CLI005893,43,admin.,married,high.school,No,,No
CLI005894,38,admin.,married,high.school,No,Desconocido,Desconocido
CLI005895,31,blue-collar,divorced,high.school,No,Sí,No
CLI005896,46,admin.,married,high.school,No,Sí,No
CLI005897,37,management,married,university.degree,No,,Sí
CLI005898,55,admin.,married,high.school,No,Sí,Sí
CLI005899,53,admin.,married,,No,No,No
CLI005900,33,admin.,married,high.school,No,No,
CLI005901,35,unemployed,married,high.school,No,Sí,No
CLI005902,47,management,married,basic.9y,No,No,No
CLI005903,34,blue-collar,married,basic.9y,No,Sí,No
CLI005904,53,services,married,basic.9y,No,Sí,No
CLI005905,34,technician,married,professional.course,No,Sí,Sí
CLI005906,29,admin.,single,university.degree,No,Sí,
CLI005907,32,admin.,single,university.degree,No,No,No
CLI005908,37,blue-collar,married,basic.4y,Desconocido,,Sí
CLI005909,60,admin.,married,university.degree,Desconocido,No,No
CLI005910,31,blue-collar,married,basic.9y,No,No,No
CLI005911,33,services,married,basic.9y,No,No,No
CLI005912,40,entrepreneur,married,university.degree,No,No,No
CLI005913,28,unemployed,single,high.school,No,No,Sí
CLI005914,33,services,married,basic.4y,No,Desconocido,Desconocido
CLI005915,51,admin.,married,university.degree,No,Sí,No
CLI005916,33,admin.,single,high.school,No,Sí,No
CLI005917,31,unemployed,married,university.degree,No,No,No
CLI005918,34,blue-collar,married,high.school,No,Sí,No
CLI005919,45,technician,single,university.degree,No,No,No
CLI005920,57,admin.,married,university.degree,No,No,No
CLI005921,28,blue-collar,married,basic.6y,Desconocido,Sí,Sí
CLI005922,50,management,married,university.degree,Desconocido,Desconocido,Desconocido
CLI005923,31,blue-collar,single,basic.9y,No,Sí,No
CLI005924,46,admin.,married,,No,Desconocido,Desconocido
CLI005925,50,blue-collar,married,basic.9y,Desconocido,Sí,No
CLI005926,50,blue-collar,married,basic.4y,No,Sí,No
CLI005927,35,blue-collar,single,high.school,No,Sí,No
CLI005928,42,blue-collar,married,basic.9y,Desconocido,Sí,No
CLI005929,58,blue-collar,single,basic.4y,Desconocido,No,No
CLI005930,29,blue-collar,single,basic.9y,No,No,No
CLI005931,53,technician,divorced,university.degree,No,Sí,No
CLI005932,39,admin.,married,university.degree,No,No,No
CLI005933,47,technician,single,university.degree,No,No,Sí
CLI005934,40,technician,married,professional.course,No,Sí,No
CLI005935,49,blue-collar,married,basic.4y,No,Sí,No
CLI005936,52,blue-collar,married,,No,No,No
CLI005937,27,technician,single,university.degree,No,Sí,No
CLI005938,59,admin.,divorced,university.degree,No,No,No
CLI005939,40,admin.,single,high.school,No,Sí,No
CLI005940,38,technician,single,professional.course,Desconocido,No,No
CLI005941,54,blue-collar,married,basic.4y,No,Sí,No
CLI005942,32,management,single,university.degree,No,Sí,No
CLI005943,42,blue-collar,married,basic.9y,No,No,No
CLI005944,32,technician,single,university.degree,No,Sí,No
CLI005945,40,entrepreneur,Desconocido,high.school,No,Sí,Sí
CLI005946,33,blue-collar,married,basic.6y,No,Sí,No
CLI005947,24,management,single,university.degree,No,Sí,No
CLI005948,40,management,married,university.degree,No,Sí,No
CLI005949,50,admin.,married,high.school,No,Sí,Sí
CLI005950,42,management,married,Desconocido,Desconocido,No,No
CLI005951,29,blue-collar,single,professional.course,No,No,Sí
CLI005952,58,management,married,university.degree,No,No,
CLI005953,34,self-employed,single,high.school,No,Sí,No
CLI005954,66,retired,married,Desconocido,No,Sí,No
CLI005955,31,management,married,university.degree,No,Sí,Sí
CLI005956,37,blue-collar,married,basic.6y,No,Sí,No
CLI005957,39,services,married,basic.9y,No,No,No
CLI005958,31,admin.,single,university.degree,No,Sí,No
CLI005959,52,self-employed,married,basic.4y,Desconocido,,Sí
CLI005960,52,services,married,high.school,No,No,Sí
CLI005961,40,blue-collar,single,basic.9y,No,No,No
CLI005962,50,admin.,married,high.school,No,Sí,No
CLI005963,50,technician,married,Desconocido,No,No,No
CLI005964,39,entrepreneur,married,university.degree,No,Sí,No
CLI005965,50,admin.,married,basic.9y,No,Sí,Sí
CLI005966,32,blue-collar,married,basic.9y,No,No,No
CLI005967,37,blue-collar,married,basic.6y,No,Sí,Sí
CLI005968,30,admin.,single,university.degree,No,Sí,No
CLI005969,45,blue-collar,married,basic.9y,Desconocido,Sí,No
CLI005970,45,technician,divorced,professional.course,No,Sí,Sí
CLI005971,41,technician,single,high.school,No,Sí,No
CLI005972,35,management,married,university.degree,No,No,No
CLI005973,37,blue-collar,single,Desconocido,Desconocido,No,No
CLI005974,43,management,married,university.degree,No,No,Sí
CLI005975,41,services,single,high.school,No,Sí,Sí
CLI005976,29,admin.,single,university.degree,No,No,No
CLI005977,36,entrepreneur,married,high.school,No,Sí,No
CLI005978,31,blue-collar,married,,Desconocido,Sí,No
CLI005979,34,blue-collar,married,basic.4y,No,No,No
CLI005980,52,management,married,university.degree,Desconocido,No,No
CLI005981,36,entrepreneur,single,university.degree,No,Sí,No
CLI005982,45,technician,divorced,Desconocido,Desconocido,No,No
CLI005983,35,admin.,married,high.school,No,Sí,No
CLI005984,33,blue-collar,single,high.school,No,Sí,No
CLI005985,31,technician,divorced,professional.course,No,No,No
CLI005986,47,admin.,married,university.degree,No,Sí,Sí
CLI005987,51,technician,married,basic.9y,Desconocido,No,No
CLI005988,31,unemployed,single,basic.9y,No,Sí,No
CLI005989,40,services,married,high.school,Desconocido,Sí,No
CLI005990,45,blue-collar,divorced,basic.4y,No,Sí,No
CLI005991,37,unemployed,married,professional.course,No,Sí,No
CLI005992,31,blue-collar,single,basic.9y,No,No,No
CLI005993,26,blue-collar,single,high.school,No,No,No
CLI005994,42,technician,married,professional.course,Desconocido,Sí,No
CLI005995,46,admin.,married,university.degree,No,No,No
CLI005996,54,self-employed,married,high.school,No,Sí,Sí
CLI005997,51,blue-collar,married,basic.4y,Desconocido,Sí,No
CLI005998,27,admin.,single,professional.course,No,Sí,Sí
CLI005999,30,services,married,university.degree,Desconocido,No,Sí
CLI006000,27,admin.,single,university.degree,Desconocido,No,No
CLI006001,32,admin.,single,high.school,No,Sí,No
CLI006002,39,blue-collar,married,,No,Sí,No
CLI006003,36,technician,married,high.school,No,Sí,Sí
CLI006004,47,admin.,married,basic.9y,No,Sí,No
CLI006005,45,management,married,basic.9y,No,Sí,No
CLI006006,31,admin.,married,high.school,No,Sí,No
CLI006007,29,technician,married,university.degree,No,No,No
CLI006008,43,blue-collar,divorced,basic.9y,Desconocido,Sí,Sí
CLI006009,43,blue-collar,married,basic.4y,Desconocido,No,No
CLI006010,42,blue-collar,married,basic.6y,Desconocido,Sí,No
CLI006011,41,admin.,single,university.degree,No,Sí,No
CLI006012,49,unemployed,married,university.degree,No,Sí,Sí
CLI006013,34,technician,married,professional.course,Desconocido,No,Sí
CLI006014,50,blue-collar,divorced,professional.course,No,Sí,No
CLI006015,60,entrepreneur,married,basic.4y,No,No,No
CLI006016,36,admin.,married,university.degree,No,Sí,No
CLI006017,59,admin.,married,university.degree,Desconocido,No,No
CLI006018,33,technician,single,high.school,No,Sí,No
CLI006019,29,admin.,married,university.degree,No,Sí,No
CLI006020,39,retired,single,,Desconocido,Sí,No
CLI006021,33,admin.,married,university.degree,No,,Sí
CLI006022,32,student,married,high.school,No,No,No
CLI006023,24,management,married,basic.9y,No,No,No
CLI006024,24,admin.,single,high.school,No,Desconocido,Desconocido
CLI006025,34,blue-collar,married,basic.4y,No,No,No
CLI006026,38,admin.,divorced,university.degree,No,Sí,No
CLI006027,36,technician,married,,No,No,No
CLI006028,40,technician,married,professional.course,No,Sí,No
CLI006029,36,services,married,high.school,Desconocido,Sí,Sí
CLI006030,37,admin.,divorced,high.school,No,Sí,No
CLI006031,36,admin.,single,university.degree,No,No,No
CLI006032,37,blue-collar,married,basic.4y,No,Sí,No
CLI006033,38,blue-collar,married,basic.4y,No,Sí,No
CLI006034,29,blue-collar,married,basic.4y,No,No,Sí
CLI006035,25,services,single,Desconocido,No,Sí,No
CLI006036,34,blue-collar,single,high.school,No,Sí,No
CLI006037,41,unemployed,married,university.degree,Desconocido,No,No
CLI006038,34,technician,married,high.school,No,Sí,No
CLI006039,51,retired,divorced,professional.course,No,Sí,No
CLI006040,50,technician,married,professional.course,No,No,No
CLI006041,39,admin.,married,basic.6y,No,,No
CLI006042,43,services,divorced,basic.6y,No,Sí,No
CLI006043,32,housemaid,married,basic.4y,No,Sí,Sí
CLI006044,41,admin.,single,high.school,No,No,No
CLI006045,50,management,single,university.degree,No,Desconocido,Desconocido
CLI006046,39,admin.,single,high.school,No,Sí,No
CLI006047,29,blue-collar,married,basic.9y,Desconocido,No,No
CLI006048,58,retired,married,university.degree,No,Sí,No
CLI006049,36,technician,married,professional.course,Desconocido,Sí,No
CLI006050,29,blue-collar,single,basic.9y,No,Sí,No
CLI006051,35,services,divorced,professional.course,No,No,Sí
CLI006052,37,blue-collar,single,Desconocido,Desconocido,No,No
CLI006053,45,management,married,university.degree,No,Sí,No
CLI006054,24,blue-collar,single,basic.9y,No,No,No
CLI006055,36,unemployed,single,professional.course,No,Sí,Sí
CLI006056,56,admin.,married,university.degree,No,No,Sí
CLI006057,50,technician,married,university.degree,No,Sí,No
CLI006058,34,entrepreneur,married,Desconocido,No,Sí,No
CLI006059,35,technician,single,professional.course,No,Sí,No
CLI006060,33,technician,married,university.degree,No,Sí,No
CLI006061,32,blue-collar,married,basic.9y,No,No,No
CLI006062,54,blue-collar,married,basic.9y,Desconocido,No,No
CLI006063,43,admin.,single,university.degree,No,Sí,No
CLI006064,56,technician,married,Desconocido,No,Sí,No
CLI006065,34,management,single,high.school,No,Sí,No
CLI006066,50,entrepreneur,married,university.degree,No,No,No
CLI006067,43,management,single,high.school,No,No,No
CLI006068,29,technician,married,university.degree,No,Sí,No
CLI006069,65,retired,married,basic.6y,No,No,No
CLI006070,47,services,married,Desconocido,No,Sí,No
CLI006071,42,technician,married,high.school,No,No,No
CLI006072,48,blue-collar,married,basic.4y,Desconocido,Sí,No
CLI006073,55,entrepreneur,single,Desconocido,Desconocido,No,No
CLI006074,36,blue-collar,married,high.school,No,No,No
CLI006075,31,technician,married,university.degree,No,No,No
CLI006076,32,technician,single,,No,No,No
CLI006077,60,blue-collar,married,professional.course,No,No,No
CLI006078,24,student,single,university.degree,No,No,No
CLI006079,33,services,married,high.school,No,Sí,No
CLI006080,30,services,married,university.degree,No,Sí,No
CLI006081,31,entrepreneur,married,basic.9y,Desconocido,No,No
CLI006082,32,technician,single,university.degree,No,No,No
CLI006083,34,services,married,high.school,No,Sí,No
CLI006084,50,housemaid,married,basic.4y,No,No,No
CLI006085,30,self-employed,single,high.school,No,Sí,No
CLI006086,49,admin.,married,basic.9y,No,No,
CLI006087,46,blue-collar,married,basic.9y,Desconocido,No,No
CLI006088,25,blue-collar,single,high.school,No,No,No
CLI006089,54,admin.,married,high.school,No,No,No
CLI006090,50,management,single,university.degree,No,Sí,Sí
CLI006091,29,admin.,single,high.school,No,Sí,Sí
CLI006092,32,admin.,married,,No,Sí,No
CLI006093,44,Desconocido,married,high.school,Desconocido,No,No
CLI006094,34,blue-collar,married,professional.course,No,No,Sí
CLI006095,26,technician,married,basic.6y,No,No,No
CLI006096,44,blue-collar,married,basic.6y,Desconocido,No,No
CLI006097,58,technician,divorced,basic.9y,No,No,No
CLI006098,32,services,married,high.school,No,Sí,No
CLI006099,45,unemployed,married,professional.course,No,Sí,Sí
CLI006100,42,technician,divorced,professional.course,No,Sí,Sí
CLI006101,57,management,divorced,high.school,No,Sí,No
CLI006102,31,self-employed,married,university.degree,No,Sí,
CLI006103,40,blue-collar,divorced,basic.9y,No,Sí,No
CLI006104,49,self-employed,married,professional.course,No,,No
CLI006105,54,management,divorced,university.degree,No,Sí,No
CLI006106,33,blue-collar,married,basic.9y,No,No,Sí
CLI006107,40,blue-collar,married,high.school,Desconocido,No,No
CLI006108,26,management,single,university.degree,No,No,No
CLI006109,40,admin.,single,university.degree,No,No,No
CLI006110,40,management,married,university.degree,No,Sí,No
CLI006111,43,blue-collar,married,basic.9y,Desconocido,Sí,No
CLI006112,29,admin.,married,university.degree,No,No,No
CLI006113,34,admin.,married,university.degree,No,Sí,No
CLI006114,47,services,married,,No,Sí,No
CLI006115,73,retired,divorced,high.school,No,Sí,No
CLI006116,58,self-employed,divorced,professional.course,No,Sí,No
CLI006117,37,housemaid,married,basic.6y,Desconocido,No,No
CLI006118,56,services,married,basic.4y,Desconocido,No,No
CLI006119,45,technician,single,university.degree,No,No,No
CLI006120,41,blue-collar,married,professional.course,No,No,No
CLI006121,49,admin.,divorced,high.school,No,No,No
CLI006122,36,blue-collar,single,high.school,No,Sí,No
CLI006123,46,blue-collar,married,basic.4y,Desconocido,Sí,No
CLI006124,24,technician,single,basic.9y,No,Sí,No
CLI006125,42,technician,married,university.degree,No,Sí,No
CLI006126,29,admin.,single,university.degree,No,Sí,
CLI006127,43,services,married,high.school,No,Sí,No
CLI006128,29,services,married,high.school,Desconocido,No,No
CLI006129,52,management,married,university.degree,No,Sí,Sí
CLI006130,53,technician,married,professional.course,Desconocido,Sí,Sí
CLI006131,22,admin.,single,university.degree,No,Sí,No
CLI006132,51,management,married,university.degree,No,No,No
CLI006133,30,admin.,single,university.degree,No,No,No
CLI006134,33,technician,single,basic.9y,No,Sí,No
CLI006135,44,blue-collar,married,basic.4y,Desconocido,No,No
CLI006136,52,blue-collar,married,high.school,Desconocido,,No
CLI006137,32,blue-collar,married,basic.4y,Desconocido,Sí,No
CLI006138,26,blue-collar,single,basic.9y,No,Sí,Sí
CLI006139,29,services,single,high.school,No,Sí,No
CLI006140,41,self-employed,married,basic.4y,No,Sí,No
CLI006141,34,technician,divorced,basic.9y,No,No,No
CLI006142,44,admin.,married,university.degree,No,Sí,No
CLI006143,74,retired,married,Desconocido,No,No,Sí
CLI006144,33,blue-collar,single,basic.9y,Desconocido,No,No
CLI006145,42,blue-collar,married,high.school,Desconocido,Sí,No
CLI006146,56,self-employed,married,university.degree,No,Sí,No
CLI006147,24,admin.,single,high.school,No,Sí,Sí
CLI006148,30,technician,single,Desconocido,No,Sí,Sí
CLI006149,43,blue-collar,married,Desconocido,Desconocido,No,No
CLI006150,45,blue-collar,single,university.degree,No,No,No
CLI006151,41,admin.,married,university.degree,Desconocido,Sí,No
CLI006152,31,technician,single,Desconocido,No,Sí,No
CLI006153,47,services,married,high.school,No,No,No
CLI006154,39,blue-collar,married,basic.6y,No,Sí,No
CLI006155,47,services,married,high.school,No,No,No
CLI006156,43,admin.,married,university.degree,No,No,Sí
CLI006157,36,services,single,high.school,No,No,No
CLI006158,34,management,married,university.degree,No,No,No
CLI006159,36,technician,single,professional.course,No,,No
CLI006160,31,services,married,high.school,Desconocido,No,No
CLI006161,49,management,divorced,university.degree,No,No,Sí
CLI006162,38,entrepreneur,married,basic.9y,No,No,No
CLI006163,30,admin.,single,university.degree,No,Sí,No
CLI006164,39,technician,married,professional.course,No,Sí,No
CLI006165,46,admin.,married,high.school,No,No,No
CLI006166,35,blue-collar,single,Desconocido,No,Sí,No
CLI006167,34,management,divorced,professional.course,No,Sí,No
CLI006168,47,self-employed,married,university.degree,No,No,No
CLI006169,33,admin.,single,university.degree,No,No,No
CLI006170,46,admin.,divorced,university.degree,No,Sí,No
CLI006171,52,services,married,basic.6y,No,Sí,No
CLI006172,28,Desconocido,single,basic.9y,Desconocido,No,No
CLI006173,36,blue-collar,single,high.school,No,No,Sí
CLI006174,42,technician,married,professional.course,No,No,No
CLI006175,47,entrepreneur,married,,Desconocido,Sí,No
CLI006176,42,management,married,high.school,No,Sí,No
CLI006177,49,admin.,married,university.degree,No,No,No
CLI006178,34,blue-collar,married,university.degree,No,Sí,Sí
CLI006179,32,admin.,single,professional.course,No,Sí,Sí
CLI006180,42,blue-collar,married,professional.course,No,Sí,No
CLI006181,37,technician,married,professional.course,No,No,No
CLI006182,42,admin.,married,university.degree,No,Sí,No
CLI006183,32,technician,single,university.degree,No,No,No
CLI006184,47,entrepreneur,married,professional.course,Desconocido,Sí,No
CLI006185,47,blue-collar,married,basic.4y,No,No,No
CLI006186,58,retired,married,basic.9y,No,No,No
CLI006187,49,services,divorced,basic.9y,No,Sí,No
CLI006188,46,admin.,married,university.degree,No,Sí,No
CLI006189,25,admin.,single,university.degree,No,No,No
CLI006190,36,blue-collar,married,basic.9y,No,Sí,No
CLI006191,46,technician,single,professional.course,No,No,No
CLI006192,40,technician,married,professional.course,Desconocido,Sí,No
CLI006193,56,management,divorced,university.degree,No,Sí,No
CLI006194,44,admin.,single,university.degree,No,No,No
CLI006195,28,blue-collar,single,basic.9y,No,No,No
CLI006196,35,admin.,married,high.school,No,Sí,No
CLI006197,52,blue-collar,married,basic.9y,No,No,No
CLI006198,41,blue-collar,married,basic.4y,No,No,No
CLI006199,30,technician,single,university.degree,Desconocido,Sí,No
CLI006200,30,technician,single,professional.course,No,Sí,No
CLI006201,50,management,divorced,university.degree,Desconocido,No,No
CLI006202,54,admin.,married,Desconocido,No,Sí,No
CLI006203,27,blue-collar,married,basic.9y,Desconocido,Sí,Sí
CLI006204,41,blue-collar,divorced,basic.9y,No,No,No
CLI006205,44,technician,divorced,professional.course,No,Sí,No
CLI006206,44,blue-collar,single,basic.4y,No,No,No
CLI006207,28,technician,married,basic.9y,No,No,No
CLI006208,27,student,single,high.school,No,Sí,No
CLI006209,33,housemaid,married,basic.4y,No,No,No
CLI006210,34,services,married,high.school,Desconocido,No,No
CLI006211,31,blue-collar,divorced,basic.9y,No,,No
CLI006212,50,services,divorced,professional.course,No,Sí,No
CLI006213,50,technician,married,high.school,No,Sí,No
CLI006214,36,services,married,high.school,No,Sí,No
CLI006215,34,management,married,university.degree,No,No,No
CLI006216,40,self-employed,married,professional.course,No,No,No
CLI006217,28,technician,single,professional.course,No,Sí,No
CLI006218,35,self-employed,married,university.degree,No,Sí,No
CLI006219,31,admin.,single,basic.9y,Desconocido,Sí,Sí
CLI006220,44,admin.,single,professional.course,No,Sí,No
CLI006221,54,blue-collar,married,basic.9y,Desconocido,Sí,No
CLI006222,30,blue-collar,married,basic.6y,No,Sí,Sí
CLI006223,58,retired,divorced,professional.course,No,Sí,No
CLI006224,37,services,married,high.school,No,Sí,Sí
CLI006225,42,management,married,high.school,No,No,No
CLI006226,43,blue-collar,married,basic.6y,No,No,No
CLI006227,49,blue-collar,married,basic.4y,No,No,No
CLI006228,45,admin.,married,university.degree,No,Sí,No
CLI006229,31,management,divorced,basic.6y,No,No,No
CLI006230,39,admin.,married,high.school,No,Sí,No
CLI006231,32,admin.,single,university.degree,No,No,No
CLI006232,46,admin.,married,Desconocido,No,No,No
CLI006233,40,technician,divorced,university.degree,No,Sí,No
CLI006234,46,services,married,Desconocido,No,No,No
CLI006235,38,blue-collar,single,high.school,No,Sí,No
CLI006236,44,management,single,high.school,No,No,No
CLI006237,33,technician,married,professional.course,No,Sí,No
CLI006238,29,admin.,married,high.school,No,Sí,No
CLI006239,45,self-employed,married,basic.4y,No,Sí,Sí
CLI006240,36,blue-collar,married,basic.4y,Desconocido,Sí,No
CLI006241,48,technician,married,Desconocido,No,No,No
CLI006242,25,student,single,Desconocido,No,No,No
CLI006243,67,retired,married,university.degree,No,No,No
CLI006244,32,technician,single,university.degree,No,Sí,No
CLI006245,37,admin.,married,university.degree,No,Sí,No
CLI006246,35,services,single,professional.course,Desconocido,Sí,No
CLI006247,50,technician,single,university.degree,No,Sí,No
CLI006248,46,admin.,single,university.degree,No,No,No
CLI006249,46,services,married,high.school,Desconocido,No,No
CLI006250,57,services,divorced,basic.4y,No,No,No
CLI006251,57,management,married,university.degree,Desconocido,No,No
CLI006252,64,retired,married,basic.4y,No,Sí,No
CLI006253,39,blue-collar,single,basic.9y,No,Sí,No
CLI006254,32,admin.,single,university.degree,No,No,No
CLI006255,35,blue-collar,married,basic.4y,Desconocido,Sí,No
CLI006256,39,blue-collar,married,,Desconocido,No,No
CLI006257,33,unemployed,single,university.degree,No,,Sí
CLI006258,33,technician,married,university.degree,No,No,No
CLI006259,45,technician,married,professional.course,No,No,No
CLI006260,45,blue-collar,married,basic.4y,Desconocido,Sí,Sí
CLI006261,36,entrepreneur,married,university.degree,No,Sí,No
CLI006262,26,admin.,single,high.school,No,No,No
CLI006263,41,technician,single,university.degree,Desconocido,Sí,Sí
CLI006264,37,management,married,university.degree,Desconocido,No,No
CLI006265,34,blue-collar,married,basic.4y,Desconocido,,No
CLI006266,33,blue-collar,single,basic.9y,No,Sí,No
CLI006267,48,admin.,married,professional.course,No,No,No
CLI006268,49,admin.,Desconocido,university.degree,No,Sí,No
CLI006269,50,retired,married,basic.4y,No,No,No
CLI006270,26,student,single,university.degree,No,No,Sí
CLI006271,30,admin.,married,university.degree,No,No,No
CLI006272,55,blue-collar,married,professional.course,Desconocido,Sí,Sí
CLI006273,24,admin.,married,high.school,No,Sí,No
CLI006274,45,self-employed,divorced,university.degree,No,Sí,Sí
CLI006275,34,technician,married,high.school,Desconocido,Sí,
CLI006276,38,technician,single,high.school,No,Sí,No
CLI006277,30,unemployed,married,high.school,No,Sí,Sí
CLI006278,26,admin.,married,high.school,Desconocido,No,No
CLI006279,42,blue-collar,married,basic.6y,No,Sí,No
CLI006280,49,unemployed,married,high.school,Desconocido,Sí,No
CLI006281,33,services,married,high.school,Desconocido,Sí,No
CLI006282,56,management,married,university.degree,No,Sí,No
CLI006283,33,entrepreneur,married,high.school,No,Sí,No
CLI006284,41,management,married,Desconocido,No,Sí,No
CLI006285,47,admin.,divorced,high.school,No,Sí,No
CLI006286,34,admin.,single,high.school,No,Desconocido,Desconocido
CLI006287,33,admin.,married,university.degree,No,Sí,No
CLI006288,57,blue-collar,married,basic.9y,No,Sí,No
CLI006289,35,unemployed,married,basic.9y,Desconocido,No,No
CLI006290,56,admin.,married,Desconocido,No,Sí,No
CLI006291,51,entrepreneur,married,professional.course,Desconocido,No,No
CLI006292,44,admin.,married,high.school,No,No,No
CLI006293,49,entrepreneur,married,university.degree,No,Sí,No
CLI006294,50,blue-collar,married,basic.4y,No,Sí,No
CLI006295,27,student,single,Desconocido,Desconocido,Sí,No
CLI006296,75,retired,married,basic.4y,No,Sí,No
CLI006297,35,admin.,single,high.school,No,Sí,Sí
CLI006298,39,blue-collar,single,basic.9y,No,Sí,Sí
CLI006299,27,blue-collar,married,basic.4y,No,Sí,No
CLI006300,33,management,married,high.school,No,Sí,No
CLI006301,43,technician,married,professional.course,No,No,No
CLI006302,21,blue-collar,single,,No,Sí,No
CLI006303,30,admin.,single,university.degree,No,No,No
CLI006304,37,admin.,married,university.degree,No,Sí,No
CLI006305,37,admin.,divorced,university.degree,No,No,No
CLI006306,28,services,married,high.school,No,No,No
CLI006307,59,retired,divorced,Desconocido,No,No,No
CLI006308,24,blue-collar,married,professional.course,No,No,No
CLI006309,34,services,married,high.school,No,,No
CLI006310,34,unemployed,single,professional.course,No,No,No
CLI006311,46,admin.,married,university.degree,No,Sí,Sí
CLI006312,28,blue-collar,married,professional.course,Desconocido,Sí,No
CLI006313,36,housemaid,single,basic.4y,Desconocido,No,No
CLI006314,27,admin.,single,university.degree,No,Sí,No
CLI006315,48,blue-collar,married,professional.course,No,Sí,No
CLI006316,40,blue-collar,married,basic.6y,Desconocido,Sí,No
CLI006317,57,admin.,married,basic.6y,Desconocido,Sí,No
CLI006318,36,admin.,married,university.degree,No,Sí,No
CLI006319,53,unemployed,married,basic.6y,Desconocido,Sí,No
CLI006320,41,management,married,university.degree,No,Sí,No
CLI006321,35,technician,married,university.degree,Desconocido,Sí,No
CLI006322,26,student,single,basic.9y,No,No,No
CLI006323,31,admin.,single,high.school,No,Sí,No
CLI006324,43,blue-collar,married,basic.4y,Desconocido,No,No
CLI006325,41,self-employed,married,high.school,No,Sí,No
CLI006326,45,blue-collar,married,basic.4y,Desconocido,No,No
CLI006327,30,admin.,married,university.degree,No,Sí,No
CLI006328,33,admin.,married,university.degree,No,Sí,No
CLI006329,34,blue-collar,married,basic.4y,No,Sí,No
CLI006330,32,admin.,single,university.degree,No,Desconocido,Desconocido
CLI006331,40,management,married,,No,Sí,No
CLI006332,38,blue-collar,married,,Desconocido,No,No
CLI006333,53,blue-collar,married,basic.9y,No,Sí,No
CLI006334,28,blue-collar,single,high.school,Desconocido,Sí,
CLI006335,46,admin.,single,high.school,No,No,No
CLI006336,46,blue-collar,married,basic.9y,Desconocido,No,No
CLI006337,42,blue-collar,single,basic.4y,No,Sí,Sí
CLI006338,34,technician,married,high.school,No,Sí,No
CLI006339,37,technician,divorced,professional.course,No,Sí,No
CLI006340,44,admin.,married,high.school,No,No,No
CLI006341,35,technician,married,professional.course,Desconocido,Sí,No
CLI006342,44,blue-collar,married,basic.4y,No,Sí,No
CLI006343,69,retired,divorced,professional.course,No,Sí,No
CLI006344,43,management,married,university.degree,No,Sí,No
CLI006345,34,admin.,married,university.degree,No,No,Sí
CLI006346,58,technician,married,professional.course,No,No,No
CLI006347,31,services,single,,Desconocido,No,No
CLI006348,43,admin.,married,high.school,No,No,No
CLI006349,37,management,married,university.degree,No,No,No
CLI006350,85,retired,married,,No,Sí,No
CLI006351,32,self-employed,married,university.degree,No,No,No
CLI006352,28,blue-collar,married,basic.9y,No,No,No
CLI006353,33,blue-collar,married,basic.9y,No,No,Sí
CLI006354,23,blue-collar,married,basic.6y,Desconocido,No,No
CLI006355,31,entrepreneur,single,basic.6y,Desconocido,Sí,Sí
CLI006356,35,technician,single,professional.course,No,No,No
CLI006357,40,entrepreneur,married,university.degree,Desconocido,No,No
CLI006358,35,admin.,married,high.school,No,Sí,No
CLI006359,42,blue-collar,married,basic.4y,No,Sí,No
CLI006360,45,management,married,university.degree,Desconocido,No,No
CLI006361,46,blue-collar,married,basic.9y,No,Sí,No
CLI006362,46,blue-collar,married,basic.9y,No,No,No
CLI006363,77,retired,divorced,Desconocido,No,Sí,No
CLI006364,32,student,single,university.degree,No,Sí,No
CLI006365,23,admin.,single,professional.course,No,No,Sí
CLI006366,39,unemployed,married,basic.9y,No,No,No
CLI006367,31,services,married,basic.9y,No,Sí,No
CLI006368,36,technician,married,professional.course,No,Sí,No
CLI006369,39,technician,married,university.degree,Desconocido,Desconocido,Desconocido
CLI006370,51,entrepreneur,married,basic.4y,Desconocido,Sí,No
CLI006371,27,blue-collar,single,basic.9y,No,Sí,No
CLI006372,35,technician,married,professional.course,No,Sí,No
CLI006373,54,blue-collar,married,basic.4y,Desconocido,No,No
CLI006374,41,admin.,single,Desconocido,No,Sí,Sí
CLI006375,35,technician,divorced,professional.course,No,Sí,No
CLI006376,36,services,single,high.school,No,No,No
CLI006377,53,admin.,married,high.school,Desconocido,No,No
CLI006378,45,blue-collar,married,basic.9y,No,Sí,No
CLI006379,37,blue-collar,married,basic.4y,No,Sí,No
CLI006380,36,management,married,high.school,Desconocido,Sí,No
CLI006381,36,admin.,married,university.degree,No,No,No
CLI006382,41,technician,married,professional.course,No,No,No
CLI006383,49,services,divorced,basic.9y,No,No,No
CLI006384,30,admin.,divorced,university.degree,Desconocido,Sí,No
CLI006385,32,admin.,single,high.school,No,No,No
CLI006386,35,admin.,married,high.school,No,Sí,Sí
CLI006387,53,services,married,high.school,No,Sí,No
CLI006388,39,admin.,single,high.school,No,No,No
CLI006389,37,blue-collar,divorced,basic.6y,No,No,No
CLI006390,21,student,single,high.school,No,No,No
CLI006391,31,services,single,high.school,No,No,Sí
CLI006392,32,blue-collar,married,basic.4y,No,No,
CLI006393,27,blue-collar,married,high.school,No,Desconocido,Desconocido
CLI006394,40,admin.,divorced,university.degree,Desconocido,No,No
CLI006395,33,blue-collar,married,basic.4y,No,No,No
CLI006396,25,admin.,single,university.degree,No,No,No
CLI006397,43,blue-collar,married,basic.6y,Desconocido,Sí,No
CLI006398,24,admin.,single,high.school,Desconocido,Sí,No
CLI006399,25,technician,single,professional.course,No,No,No
CLI006400,33,admin.,divorced,university.degree,No,Sí,No
CLI006401,34,admin.,married,university.degree,No,Sí,No
CLI006402,48,admin.,married,professional.course,No,Sí,No
CLI006403,41,blue-collar,divorced,high.school,Desconocido,Sí,No
CLI006404,28,admin.,single,university.degree,No,Sí,Sí
CLI006405,25,housemaid,single,basic.9y,No,No,No
CLI006406,39,management,married,university.degree,No,No,No
CLI006407,52,blue-collar,single,basic.9y,Desconocido,Sí,No
CLI006408,28,services,married,Desconocido,No,,No
CLI006409,34,admin.,single,university.degree,No,Sí,No
CLI006410,51,blue-collar,married,basic.9y,Desconocido,No,No
CLI006411,46,technician,single,university.degree,No,Sí,No
CLI006412,36,management,married,university.degree,No,No,Sí
CLI006413,53,management,married,basic.4y,No,Sí,No
CLI006414,36,admin.,married,high.school,No,Sí,No
CLI006415,41,blue-collar,married,basic.4y,Desconocido,No,No
CLI006416,41,technician,married,university.degree,No,No,No
CLI006417,46,management,married,basic.6y,Desconocido,No,No
CLI006418,32,blue-collar,married,basic.9y,No,Desconocido,Desconocido
CLI006419,32,services,single,high.school,No,No,No
CLI006420,24,student,single,basic.4y,No,No,No
CLI006421,42,self-employed,divorced,professional.course,No,Sí,No
CLI006422,40,admin.,single,high.school,No,Sí,No
CLI006423,44,blue-collar,married,professional.course,Desconocido,No,No
CLI006424,51,technician,married,professional.course,No,No,Sí
CLI006425,44,admin.,married,university.degree,No,Sí,No
CLI006426,42,self-employed,married,basic.6y,No,Sí,Sí
CLI006427,39,blue-collar,married,basic.6y,No,No,No
CLI006428,38,services,married,high.school,No,Sí,No
CLI006429,38,services,married,,No,Sí,No
CLI006430,36,technician,divorced,professional.course,No,Sí,No
CLI006431,28,technician,single,university.degree,No,Sí,Sí
CLI006432,32,admin.,single,Desconocido,No,Sí,Sí
CLI006433,49,technician,married,professional.course,No,Sí,Sí
CLI006434,67,retired,married,basic.6y,No,No,No
CLI006435,35,technician,married,university.degree,Desconocido,No,No
CLI006436,50,entrepreneur,married,university.degree,Desconocido,Sí,No
CLI006437,27,technician,single,university.degree,No,No,Sí
CLI006438,58,blue-collar,married,basic.6y,No,Sí,No
CLI006439,43,technician,single,professional.course,No,No,No
CLI006440,34,technician,married,basic.9y,No,Sí,No
CLI006441,52,blue-collar,married,basic.9y,No,Sí,No
CLI006442,45,admin.,married,high.school,No,Sí,No
CLI006443,47,technician,married,professional.course,No,No,No
CLI006444,46,technician,married,basic.9y,No,No,No
CLI006445,32,admin.,single,high.school,No,No,No
CLI006446,54,blue-collar,married,professional.course,No,No,No
CLI006447,33,technician,married,professional.course,No,Sí,No
CLI006448,35,services,married,high.school,No,Sí,No
CLI006449,46,services,married,high.school,No,No,No
CLI006450,52,admin.,divorced,university.degree,No,Sí,No
CLI006451,35,management,divorced,university.degree,No,No,No
CLI006452,31,blue-collar,single,professional.course,No,No,Sí
CLI006453,36,technician,married,high.school,No,Sí,No
CLI006454,30,technician,single,university.degree,Desconocido,Sí,No
CLI006455,45,admin.,married,university.degree,No,Sí,No
CLI006456,30,blue-collar,single,Desconocido,No,No,No
CLI006457,26,services,single,high.school,Desconocido,Sí,No
CLI006458,44,admin.,married,university.degree,No,Sí,No
CLI006459,38,management,married,university.degree,No,No,No
CLI006460,30,admin.,married,university.degree,No,Sí,No
CLI006461,37,admin.,single,high.school,No,Sí,Sí
CLI006462,20,blue-collar,single,high.school,No,,No
CLI006463,47,admin.,married,basic.9y,No,Sí,Sí
CLI006464,42,admin.,married,university.degree,No,No,
CLI006465,46,blue-collar,married,basic.9y,No,Sí,No
CLI006466,29,technician,married,university.degree,No,Sí,No
CLI006467,56,admin.,married,Desconocido,No,Sí,No
CLI006468,75,retired,divorced,basic.9y,No,No,No
CLI006469,53,management,divorced,professional.course,No,Sí,No
CLI006470,35,blue-collar,married,basic.9y,Desconocido,Sí,No
CLI006471,37,blue-collar,married,basic.6y,No,No,No
CLI006472,49,blue-collar,married,basic.9y,No,No,No
CLI006473,36,services,married,high.school,No,No,No
CLI006474,43,admin.,married,high.school,No,No,No
CLI006475,27,admin.,single,high.school,No,No,No
CLI006476,54,self-employed,married,professional.course,No,No,No
CLI006477,55,admin.,divorced,Desconocido,No,No,No
CLI006478,60,admin.,single,university.degree,No,No,No
CLI006479,21,services,single,high.school,No,No,No
CLI006480,55,admin.,married,basic.4y,No,No,No
CLI006481,41,admin.,married,university.degree,No,Sí,No
CLI006482,25,technician,single,professional.course,No,Desconocido,Desconocido
CLI006483,41,admin.,married,professional.course,Desconocido,Sí,No
CLI006484,55,management,single,Desconocido,No,No,Sí
CLI006485,38,blue-collar,single,basic.6y,No,No,No
CLI006486,35,technician,married,professional.course,No,Sí,No
CLI006487,36,admin.,single,professional.course,No,No,
CLI006488,29,admin.,single,university.degree,Desconocido,No,No
CLI006489,31,self-employed,single,university.degree,No,No,No
CLI006490,34,blue-collar,married,basic.6y,Desconocido,Sí,No
CLI006491,30,admin.,married,university.degree,No,No,No
CLI006492,39,management,divorced,university.degree,No,No,No
CLI006493,40,blue-collar,married,basic.6y,Desconocido,No,No
CLI006494,33,technician,married,professional.course,No,Sí,No
CLI006495,52,blue-collar,married,basic.4y,Desconocido,Sí,Sí
CLI006496,37,entrepreneur,married,university.degree,Desconocido,Sí,No
CLI006497,57,blue-collar,divorced,basic.9y,No,Sí,No
CLI006498,52,technician,married,professional.course,No,No,Sí
CLI006499,32,student,single,university.degree,No,Sí,No
CLI006500,50,unemployed,Desconocido,university.degree,No,No,No
CLI006501,42,blue-collar,married,basic.9y,Desconocido,No,No
CLI006502,31,services,single,high.school,No,Sí,No
CLI006503,38,admin.,divorced,high.school,No,No,No
CLI006504,41,technician,married,professional.course,No,Sí,No
CLI006505,34,admin.,divorced,university.degree,No,Sí,No
CLI006506,34,admin.,single,university.degree,No,Sí,No
CLI006507,50,blue-collar,divorced,basic.4y,No,No,No
CLI006508,25,services,single,basic.9y,No,Sí,No
CLI006509,45,unemployed,married,high.school,No,No,No
CLI006510,63,retired,married,high.school,No,No,No
CLI006511,41,technician,single,professional.course,No,No,No
CLI006512,23,blue-collar,single,basic.9y,No,No,No
CLI006513,32,services,single,high.school,No,No,No
CLI006514,47,self-employed,married,university.degree,No,No,No
CLI006515,34,technician,single,university.degree,No,No,No
CLI006516,50,technician,single,university.degree,No,Sí,No
CLI006517,59,housemaid,married,Desconocido,Desconocido,Sí,No
CLI006518,32,self-employed,married,professional.course,No,No,
CLI006519,45,technician,married,Desconocido,Desconocido,Sí,No
CLI006520,46,entrepreneur,married,university.degree,Desconocido,No,No
CLI006521,36,services,single,basic.6y,Desconocido,Sí,No
CLI006522,39,entrepreneur,married,high.school,No,No,No
CLI006523,32,Desconocido,Desconocido,university.degree,No,Sí,Sí
CLI006524,37,technician,married,basic.6y,Desconocido,No,No
CLI006525,34,technician,married,professional.course,No,Sí,No
CLI006526,26,technician,married,professional.course,No,Sí,No
CLI006527,34,technician,single,basic.9y,No,No,No
CLI006528,36,retired,married,Desconocido,No,No,No
CLI006529,29,student,single,high.school,No,No,No
CLI006530,35,technician,married,university.degree,No,Sí,Sí
CLI006531,33,admin.,single,university.degree,No,No,No
CLI006532,27,student,single,basic.9y,No,No,No
CLI006533,29,blue-collar,married,Desconocido,Desconocido,No,No
CLI006534,28,admin.,single,high.school,No,No,No
CLI006535,30,technician,married,high.school,No,No,No
CLI006536,34,blue-collar,married,basic.9y,No,No,Sí
CLI006537,34,technician,married,professional.course,No,Sí,Sí
CLI006538,45,blue-collar,married,illiterate,No,Sí,
CLI006539,41,admin.,married,high.school,No,Sí,No
CLI006540,51,blue-collar,married,basic.4y,Desconocido,Sí,Sí
CLI006541,54,blue-collar,married,basic.4y,No,Sí,Sí
CLI006542,29,blue-collar,married,basic.9y,No,Sí,No
CLI006543,29,blue-collar,single,,Desconocido,Sí,No
CLI006544,30,self-employed,single,university.degree,No,Sí,No
CLI006545,33,unemployed,married,high.school,No,Sí,Sí
CLI006546,33,admin.,married,high.school,No,Sí,No
CLI006547,31,admin.,married,university.degree,No,Sí,No
CLI006548,33,admin.,married,university.degree,No,No,No
CLI006549,40,technician,married,professional.course,No,Sí,Sí
CLI006550,35,admin.,single,high.school,No,Sí,Sí
CLI006551,32,unemployed,single,high.school,Desconocido,Sí,No
CLI006552,35,blue-collar,single,basic.6y,Desconocido,Sí,No
CLI006553,38,technician,single,basic.9y,No,Sí,No
CLI006554,53,blue-collar,married,high.school,No,Sí,No
CLI006555,56,admin.,married,university.degree,No,No,No
CLI006556,40,admin.,divorced,high.school,No,No,Sí
CLI006557,31,admin.,married,university.degree,No,No,Sí
CLI006558,33,services,divorced,high.school,No,No,No
CLI006559,49,entrepreneur,married,high.school,Desconocido,No,No
CLI006560,30,services,single,high.school,No,No,No
CLI006561,49,blue-collar,married,basic.4y,Desconocido,No,No
CLI006562,40,blue-collar,married,Desconocido,Desconocido,No,No
CLI006563,58,blue-collar,married,high.school,Desconocido,No,No
CLI006564,29,technician,single,university.degree,No,,No
CLI006565,38,admin.,single,university.degree,No,Sí,No
CLI006566,33,management,married,university.degree,No,No,No
CLI006567,25,blue-collar,married,basic.9y,Desconocido,Sí,No
CLI006568,42,technician,single,professional.course,No,Sí,No
CLI006569,34,entrepreneur,married,basic.4y,No,,No
CLI006570,48,blue-collar,married,basic.9y,No,Sí,No
CLI006571,55,retired,married,basic.9y,Desconocido,Sí,No
CLI006572,38,admin.,married,basic.9y,Desconocido,No,No
CLI006573,37,blue-collar,married,,No,No,No
CLI006574,39,technician,divorced,professional.course,No,No,No
CLI006575,46,admin.,married,high.school,Desconocido,Sí,No
CLI006576,57,admin.,married,university.degree,Desconocido,Sí,No
CLI006577,35,technician,married,high.school,No,No,No
CLI006578,40,services,married,high.school,Desconocido,Sí,No
CLI006579,38,admin.,married,university.degree,No,Sí,No
CLI006580,30,admin.,married,university.degree,Desconocido,Sí,No
CLI006581,45,services,married,high.school,Desconocido,Sí,Sí
CLI006582,45,admin.,divorced,university.degree,Desconocido,Desconocido,Desconocido
CLI006583,50,technician,married,professional.course,Desconocido,No,No
CLI006584,26,blue-collar,married,basic.9y,Desconocido,Sí,No
CLI006585,59,technician,married,university.degree,No,Sí,No
CLI006586,37,admin.,single,university.degree,No,Sí,Sí
CLI006587,58,technician,married,professional.course,No,No,No
CLI006588,57,management,married,university.degree,No,Sí,No
CLI006589,36,technician,married,high.school,No,Sí,No
CLI006590,52,retired,divorced,basic.4y,No,Sí,Sí
CLI006591,35,blue-collar,married,high.school,No,Sí,No
CLI006592,29,services,married,basic.9y,No,No,Sí
CLI006593,32,blue-collar,single,basic.9y,No,Sí,No
CLI006594,33,admin.,divorced,university.degree,No,No,Sí
CLI006595,34,blue-collar,married,basic.9y,No,No,No
CLI006596,31,blue-collar,married,basic.9y,No,Sí,No
CLI006597,34,housemaid,married,high.school,Desconocido,No,No
CLI006598,43,admin.,married,university.degree,No,Sí,Sí
CLI006599,36,technician,married,professional.course,No,No,No
CLI006600,24,student,married,university.degree,No,No,No
CLI006601,29,services,single,high.school,No,Sí,No
CLI006602,50,admin.,married,university.degree,No,Sí,No
CLI006603,46,services,married,basic.4y,Desconocido,No,No
CLI006604,35,admin.,married,university.degree,No,Sí,No
CLI006605,36,technician,single,professional.course,No,No,Sí
CLI006606,29,admin.,single,high.school,No,No,No
CLI006607,63,retired,married,Desconocido,No,No,No
CLI006608,46,blue-collar,married,basic.4y,No,Sí,No
CLI006609,31,management,married,university.degree,No,No,Sí
CLI006610,27,technician,single,basic.9y,No,No,Sí
CLI006611,30,student,single,high.school,No,Sí,No
CLI006612,32,admin.,single,university.degree,Desconocido,No,No
CLI006613,56,housemaid,married,basic.4y,Desconocido,No,No
CLI006614,36,management,married,university.degree,No,Sí,Sí
CLI006615,40,admin.,divorced,university.degree,No,No,No
CLI006616,47,blue-collar,married,basic.4y,No,Desconocido,Desconocido
CLI006617,50,services,married,basic.9y,No,Sí,Sí
CLI006618,38,entrepreneur,married,basic.6y,No,No,No
CLI006619,25,student,single,high.school,No,No,No
CLI006620,63,retired,married,university.degree,No,Sí,No
CLI006621,40,services,married,high.school,No,Sí,No
CLI006622,24,blue-collar,single,basic.4y,No,No,No
CLI006623,33,admin.,single,university.degree,No,Sí,No
CLI006624,45,blue-collar,married,basic.6y,Desconocido,Sí,No
CLI006625,43,housemaid,married,basic.4y,Desconocido,No,No
CLI006626,37,technician,divorced,professional.course,No,Desconocido,Desconocido
CLI006627,32,technician,divorced,professional.course,No,Sí,No
CLI006628,24,services,single,high.school,No,No,No
CLI006629,36,technician,single,professional.course,No,No,No
CLI006630,41,admin.,single,high.school,No,No,No
CLI006631,47,services,married,high.school,Desconocido,No,No
CLI006632,36,admin.,single,high.school,No,Sí,No
CLI006633,33,management,married,university.degree,No,Sí,No
CLI006634,43,blue-collar,married,basic.9y,Desconocido,Sí,No
CLI006635,30,admin.,married,high.school,No,No,No
CLI006636,29,admin.,single,high.school,No,No,No
CLI006637,32,services,single,basic.9y,No,Sí,No
CLI006638,26,services,single,high.school,No,No,No
CLI006639,31,services,married,high.school,No,Sí,No
CLI006640,31,services,married,university.degree,No,Sí,No
CLI006641,25,services,single,high.school,No,Sí,
CLI006642,53,management,married,Desconocido,Desconocido,Sí,No
CLI006643,31,admin.,single,university.degree,No,No,
CLI006644,35,Desconocido,married,basic.9y,No,Sí,Sí
CLI006645,47,blue-collar,married,basic.9y,No,Sí,No
CLI006646,31,admin.,single,high.school,No,No,No
CLI006647,61,retired,married,basic.9y,No,No,Sí
CLI006648,32,admin.,single,university.degree,No,No,No
CLI006649,30,technician,divorced,university.degree,No,No,No
CLI006650,19,student,single,high.school,Desconocido,No,Sí
CLI006651,48,blue-collar,married,basic.9y,Desconocido,Sí,No
CLI006652,30,technician,single,professional.course,No,Sí,No
CLI006653,52,management,married,university.degree,No,No,No
CLI006654,26,services,married,high.school,No,Sí,No
CLI006655,35,admin.,single,university.degree,No,Sí,No
CLI006656,21,student,single,high.school,No,Sí,No
CLI006657,28,admin.,single,university.degree,No,Sí,No
CLI006658,34,management,married,university.degree,No,No,No
CLI006659,49,management,married,university.degree,No,Sí,No
CLI006660,46,entrepreneur,single,professional.course,No,Sí,No
CLI006661,57,blue-collar,divorced,basic.6y,Desconocido,Sí,No
CLI006662,36,services,married,high.school,No,Sí,Sí
CLI006663,38,admin.,married,high.school,No,Sí,No
CLI006664,51,blue-collar,married,basic.9y,No,Sí,No
CLI006665,35,admin.,married,university.degree,No,Sí,
CLI006666,38,admin.,single,high.school,No,No,No
CLI006667,47,admin.,married,basic.9y,No,No,No
CLI006668,47,blue-collar,married,basic.4y,No,No,No
CLI006669,42,blue-collar,married,basic.4y,Desconocido,No,No
CLI006670,32,admin.,married,university.degree,No,No,No
CLI006671,30,blue-collar,married,basic.6y,No,No,No
CLI006672,35,technician,married,university.degree,No,Sí,No
CLI006673,37,admin.,married,university.degree,No,Sí,No
CLI006674,50,admin.,married,basic.6y,No,No,No
CLI006675,52,management,married,Desconocido,Desconocido,Sí,No
CLI006676,32,services,married,high.school,No,No,No
CLI006677,35,self-employed,married,university.degree,No,No,No
CLI006678,35,services,married,basic.9y,No,Sí,No
CLI006679,36,admin.,married,university.degree,No,No,No
CLI006680,34,management,married,university.degree,No,Sí,No
CLI006681,49,blue-collar,married,high.school,Desconocido,Sí,No
CLI006682,37,admin.,married,university.degree,No,No,No
CLI006683,45,management,married,university.degree,No,No,No
CLI006684,50,management,married,basic.4y,Desconocido,No,No
CLI006685,34,management,married,university.degree,No,No,Sí
CLI006686,55,retired,married,university.degree,No,Sí,No
CLI006687,35,blue-collar,married,basic.9y,No,No,No
CLI006688,37,technician,single,professional.course,No,Sí,No
CLI006689,36,technician,married,professional.course,No,No,No
CLI006690,40,admin.,married,university.degree,No,No,No
CLI006691,29,admin.,single,basic.9y,Desconocido,No,No
CLI006692,25,blue-collar,married,high.school,No,No,No
CLI006693,50,services,single,high.school,No,Sí,No
CLI006694,53,blue-collar,single,Desconocido,No,Sí,No
CLI006695,35,technician,married,university.degree,No,Sí,No
CLI006696,47,blue-collar,married,basic.4y,Desconocido,Sí,No
CLI006697,36,services,single,basic.6y,Desconocido,Sí,No
CLI006698,50,services,married,Desconocido,Desconocido,No,No
CLI006699,20,student,single,Desconocido,No,Sí,No
CLI006700,33,admin.,married,Desconocido,No,Sí,No
CLI006701,50,self-employed,married,Desconocido,No,Desconocido,Desconocido
CLI006702,30,technician,single,professional.course,No,No,No
CLI006703,54,admin.,divorced,university.degree,No,Sí,No
CLI006704,50,self-employed,married,basic.9y,Desconocido,No,No
CLI006705,50,blue-collar,married,basic.4y,No,No,No
CLI006706,57,services,married,high.school,Desconocido,No,Sí
CLI006707,58,unemployed,married,basic.9y,No,Sí,No
CLI006709,35,admin.,married,,No,Sí,No
CLI006710,67,retired,married,basic.4y,No,Sí,No
CLI006711,35,admin.,divorced,high.school,No,Sí,No
CLI006712,47,technician,married,university.degree,No,Sí,No
CLI006713,30,services,married,basic.9y,No,Sí,No
CLI006714,58,blue-collar,married,basic.9y,No,Sí,No
CLI006715,49,admin.,single,university.degree,No,Sí,No
CLI006716,38,blue-collar,married,Desconocido,No,No,No
CLI006717,54,management,married,university.degree,No,Sí,No
CLI006718,34,admin.,single,university.degree,No,Sí,No
CLI006719,33,services,married,university.degree,No,Sí,No
CLI006720,27,entrepreneur,single,university.degree,No,Sí,No
CLI006721,55,technician,married,basic.9y,No,No,No
CLI006722,44,unemployed,married,professional.course,Desconocido,No,No
CLI006723,31,management,single,university.degree,No,No,No
CLI006724,39,blue-collar,single,basic.9y,Desconocido,Sí,No
CLI006725,31,technician,married,professional.course,No,Sí,No
CLI006726,42,blue-collar,married,basic.9y,No,Sí,No
CLI006727,33,management,single,university.degree,No,Sí,Sí
CLI006728,36,blue-collar,married,high.school,Desconocido,Sí,No
CLI006729,24,admin.,single,high.school,No,Sí,Sí
CLI006730,40,management,divorced,university.degree,No,No,No
CLI006731,32,blue-collar,married,basic.9y,No,Sí,No
CLI006732,44,technician,single,professional.course,No,Sí,No
CLI006733,33,blue-collar,married,basic.6y,Desconocido,No,Sí
CLI006734,28,technician,single,high.school,No,Sí,No
CLI006735,45,services,married,high.school,Desconocido,No,No
CLI006736,36,blue-collar,married,basic.9y,No,Sí,Sí
CLI006737,28,admin.,single,high.school,No,No,No
CLI006738,59,blue-collar,married,basic.9y,No,Sí,Sí
CLI006739,51,blue-collar,married,basic.9y,Desconocido,Sí,No
CLI006740,47,blue-collar,married,Desconocido,Desconocido,No,No
CLI006741,31,blue-collar,single,basic.9y,No,Sí,No
CLI006742,37,blue-collar,married,basic.6y,Desconocido,No,No
CLI006743,50,self-employed,married,basic.4y,Desconocido,Sí,No
CLI006744,30,admin.,married,high.school,Desconocido,No,No
CLI006745,38,admin.,married,university.degree,No,No,Sí
CLI006746,57,retired,married,basic.6y,No,Sí,No
CLI006747,45,blue-collar,divorced,basic.9y,No,No,No
CLI006748,34,admin.,single,high.school,No,Sí,No
CLI006749,33,unemployed,single,university.degree,No,Sí,No
CLI006750,40,blue-collar,married,basic.6y,Desconocido,No,No
CLI006751,58,admin.,divorced,high.school,No,No,No
CLI006752,24,blue-collar,married,basic.9y,No,Sí,No
CLI006753,60,housemaid,divorced,professional.course,No,Sí,No
CLI006754,50,blue-collar,married,basic.9y,No,Sí,No
CLI006755,32,self-employed,married,university.degree,No,No,Sí
CLI006756,40,unemployed,divorced,university.degree,No,No,No
CLI006757,31,admin.,married,university.degree,No,No,No
CLI006758,51,technician,married,professional.course,No,Sí,No
CLI006759,27,services,married,high.school,No,No,No
CLI006760,34,admin.,married,high.school,Desconocido,Sí,
CLI006761,54,entrepreneur,married,basic.4y,Desconocido,Sí,No
CLI006762,31,admin.,single,university.degree,No,No,No
CLI006763,29,admin.,single,high.school,No,Sí,No
CLI006764,44,management,married,university.degree,No,No,No
CLI006765,44,services,married,Desconocido,No,Sí,Sí
CLI006766,57,retired,married,basic.6y,No,No,Sí
CLI006767,31,admin.,married,university.degree,No,No,No
CLI006768,49,admin.,married,high.school,No,Sí,No
CLI006769,52,management,married,university.degree,No,Sí,No
CLI006770,37,admin.,married,high.school,No,No,No
CLI006771,49,admin.,married,university.degree,No,No,No
CLI006772,41,technician,married,professional.course,Desconocido,No,No
CLI006773,32,admin.,married,high.school,No,No,No
CLI006774,34,services,married,high.school,No,,No
CLI006775,55,technician,married,professional.course,No,No,No
CLI006776,37,technician,married,professional.course,No,Sí,No
CLI006777,46,blue-collar,married,basic.4y,Desconocido,No,No
CLI006778,31,admin.,divorced,university.degree,No,Sí,No
CLI006779,59,admin.,married,Desconocido,No,Sí,Sí
CLI006780,50,services,married,basic.6y,No,Sí,No
CLI006781,53,retired,divorced,professional.course,No,No,No
CLI006782,43,entrepreneur,married,university.degree,No,No,Sí
CLI006783,32,blue-collar,married,basic.9y,Desconocido,No,No
CLI006784,53,admin.,divorced,university.degree,No,Sí,No
CLI006785,48,management,married,high.school,Desconocido,No,No
CLI006786,46,technician,married,high.school,No,Desconocido,Desconocido
CLI006787,26,services,single,high.school,No,Sí,No
CLI006788,39,entrepreneur,married,professional.course,No,No,No
CLI006789,51,technician,married,professional.course,No,Sí,No
CLI006790,51,admin.,divorced,professional.course,No,Sí,No
CLI006791,24,self-employed,single,Desconocido,No,No,Sí
CLI006792,46,management,married,university.degree,No,Sí,No
CLI006793,51,blue-collar,married,basic.4y,No,Sí,No
CLI006794,49,technician,married,professional.course,No,No,No
CLI006795,57,blue-collar,married,high.school,Desconocido,Sí,No
CLI006796,55,admin.,married,high.school,No,Sí,No
CLI006797,41,admin.,married,university.degree,No,No,No
CLI006798,30,management,married,university.degree,No,No,No
CLI006799,29,admin.,single,university.degree,No,Sí,No
CLI006800,54,services,married,Desconocido,No,No,No
CLI006801,42,admin.,married,university.degree,No,Sí,No
CLI006802,38,technician,married,professional.course,Desconocido,No,No
CLI006803,28,admin.,single,university.degree,No,Sí,No
CLI006804,25,admin.,single,high.school,No,Sí,No
CLI006805,41,technician,divorced,professional.course,No,No,Sí
CLI006806,38,technician,divorced,high.school,No,No,No
CLI006807,40,self-employed,married,high.school,No,No,No
CLI006808,30,management,single,university.degree,No,No,Sí
CLI006809,28,technician,single,high.school,No,Sí,No
CLI006810,42,self-employed,single,professional.course,No,Sí,No
CLI006811,25,services,single,high.school,No,Sí,No
CLI006812,49,entrepreneur,married,high.school,Desconocido,Sí,No
CLI006813,36,management,single,high.school,No,Sí,No
CLI006814,31,admin.,single,university.degree,No,No,No
CLI006815,35,blue-collar,single,basic.9y,No,No,Sí
CLI006816,58,admin.,married,high.school,No,No,No
CLI006817,52,Desconocido,married,basic.4y,No,No,No
CLI006818,30,blue-collar,married,basic.4y,No,No,No
CLI006819,38,blue-collar,married,basic.6y,No,Sí,No
CLI006820,33,management,single,Desconocido,No,Sí,No
CLI006821,34,technician,married,university.degree,No,No,No
CLI006822,35,blue-collar,married,basic.4y,Desconocido,No,No
CLI006823,41,technician,single,university.degree,Desconocido,Sí,No
CLI006824,24,blue-collar,single,high.school,No,Desconocido,Desconocido
CLI006825,60,retired,divorced,professional.course,No,Sí,Sí
CLI006826,38,admin.,married,university.degree,No,Sí,No
CLI006827,23,blue-collar,single,basic.4y,No,Sí,No
CLI006828,32,admin.,married,university.degree,No,Sí,Sí
CLI006829,32,blue-collar,married,basic.9y,Desconocido,No,No
CLI006830,26,services,married,high.school,No,Sí,No
CLI006831,40,technician,married,basic.9y,Desconocido,Sí,No
CLI006832,30,self-employed,married,basic.9y,No,No,No
CLI006833,48,blue-collar,married,basic.6y,Desconocido,No,No
CLI006834,32,admin.,married,high.school,No,No,No
CLI006835,47,admin.,married,basic.6y,No,Sí,No
CLI006836,43,admin.,divorced,high.school,No,No,No
CLI006837,49,admin.,divorced,high.school,No,Sí,No
CLI006838,29,admin.,single,university.degree,No,Sí,No
CLI006839,43,management,divorced,,No,Sí,No
CLI006840,30,blue-collar,single,basic.9y,No,Sí,No
CLI006841,37,technician,single,professional.course,No,Sí,No
CLI006842,38,blue-collar,divorced,basic.9y,No,No,Sí
CLI006843,32,admin.,married,high.school,No,No,No
CLI006844,36,technician,married,basic.4y,No,No,No
CLI006845,28,services,single,high.school,No,Sí,No
CLI006846,38,blue-collar,married,basic.4y,Desconocido,No,No
CLI006847,41,services,married,high.school,No,No,No
CLI006848,31,blue-collar,married,basic.9y,No,Sí,No
CLI006849,37,housemaid,single,university.degree,No,Sí,No
CLI006850,29,admin.,single,university.degree,No,Sí,No
CLI006851,69,retired,divorced,professional.course,No,No,No
CLI006852,53,housemaid,married,basic.4y,No,Sí,No
CLI006853,27,student,single,high.school,No,Sí,No
CLI006854,25,admin.,single,university.degree,No,No,No
CLI006855,25,blue-collar,married,basic.9y,No,Sí,No
CLI006856,40,admin.,married,university.degree,No,Sí,No
CLI006857,73,retired,married,basic.4y,No,Sí,No
CLI006858,47,management,married,university.degree,No,Sí,No
CLI006859,29,self-employed,single,university.degree,No,No,No
CLI006860,32,services,married,high.school,No,No,No
CLI006861,34,technician,married,professional.course,No,No,No
CLI006862,40,self-employed,married,Desconocido,Desconocido,Sí,No
CLI006863,46,admin.,married,high.school,Desconocido,Sí,No
CLI006864,52,services,divorced,high.school,No,No,No
CLI006865,53,blue-collar,married,basic.4y,No,No,No
CLI006866,34,admin.,married,university.degree,No,Sí,No
CLI006867,37,admin.,married,high.school,No,No,Sí
CLI006868,50,blue-collar,married,high.school,Desconocido,Sí,No
CLI006869,53,services,married,university.degree,No,No,
CLI006870,37,technician,divorced,professional.course,No,Sí,No
CLI006871,42,technician,single,professional.course,Desconocido,Desconocido,
CLI006872,39,services,married,high.school,Desconocido,No,No
CLI006873,47,entrepreneur,single,university.degree,Desconocido,Sí,No
CLI006874,35,services,married,high.school,No,Sí,No
CLI006875,32,admin.,single,university.degree,No,Sí,Sí
CLI006876,37,services,single,high.school,No,No,No
CLI006877,51,entrepreneur,single,basic.9y,No,No,No
CLI006878,26,unemployed,single,university.degree,No,Sí,No
CLI006879,40,admin.,married,university.degree,Desconocido,Sí,No
CLI006880,26,admin.,single,university.degree,No,Sí,No
CLI006881,40,technician,married,professional.course,Desconocido,Sí,No
CLI006882,42,management,married,high.school,Desconocido,No,No
CLI006883,36,services,married,high.school,No,No,No
CLI006884,55,self-employed,married,university.degree,No,Sí,No
CLI006885,35,admin.,married,high.school,No,No,No
CLI006886,37,housemaid,married,university.degree,No,No,No
CLI006887,22,services,single,professional.course,No,No,No
CLI006888,39,admin.,single,Desconocido,No,No,Sí
CLI006889,52,technician,married,high.school,Desconocido,Sí,No
CLI006890,43,admin.,married,university.degree,No,No,No
CLI006891,24,services,single,high.school,No,No,No
CLI006892,40,blue-collar,married,high.school,No,Sí,No
CLI006893,42,services,married,high.school,No,Sí,No
CLI006894,40,services,single,university.degree,No,No,No
CLI006895,40,admin.,single,high.school,No,No,Sí
CLI006896,27,admin.,single,professional.course,No,Sí,Sí
CLI006897,49,services,married,high.school,Desconocido,Desconocido,Desconocido
CLI006898,26,admin.,married,high.school,No,No,No
CLI006899,28,services,married,basic.9y,Desconocido,No,No
CLI006900,40,services,married,basic.9y,No,Sí,No
CLI006901,36,admin.,married,university.degree,No,No,Sí
CLI006902,47,blue-collar,married,basic.4y,No,Sí,No
CLI006903,55,blue-collar,divorced,basic.4y,Desconocido,No,Sí
CLI006904,29,management,single,university.degree,No,Sí,No
CLI006905,40,technician,single,professional.course,No,Sí,No
CLI006906,38,admin.,married,high.school,No,Sí,No
CLI006907,32,entrepreneur,married,basic.9y,No,Sí,No
CLI006908,30,technician,single,university.degree,No,No,No
CLI006909,29,student,single,professional.course,No,No,No
CLI006910,46,entrepreneur,married,university.degree,No,Sí,No
CLI006911,29,technician,single,professional.course,Desconocido,Sí,No
CLI006912,51,housemaid,married,basic.4y,Desconocido,No,No
CLI006913,42,technician,married,high.school,Desconocido,Sí,No
CLI006914,47,services,married,high.school,No,No,No
CLI006915,37,admin.,married,university.degree,No,Sí,Sí
CLI006916,30,admin.,single,university.degree,No,Sí,No
CLI006917,36,management,married,high.school,Desconocido,Sí,No
CLI006918,29,services,married,high.school,No,Sí,No
CLI006919,44,admin.,divorced,university.degree,Desconocido,Sí,No
CLI006920,35,admin.,single,university.degree,No,Sí,No
CLI006921,58,retired,married,university.degree,No,No,No
CLI006922,32,services,single,university.degree,No,Sí,No
CLI006923,28,technician,single,professional.course,No,Sí,No
CLI006924,39,management,single,high.school,Desconocido,No,
CLI006925,33,technician,divorced,professional.course,No,No,No
CLI006926,29,admin.,single,university.degree,No,No,No
CLI006927,53,management,married,university.degree,No,Sí,No
CLI006928,31,admin.,married,university.degree,No,No,No
CLI006929,47,admin.,married,high.school,No,No,No
CLI006930,52,management,married,university.degree,No,No,No
CLI006931,22,student,single,Desconocido,No,Sí,No
CLI006932,38,technician,divorced,university.degree,Desconocido,No,No
CLI006933,36,admin.,single,university.degree,No,No,No
CLI006934,39,admin.,married,,No,Sí,No
CLI006935,42,services,divorced,high.school,No,Sí,Sí
CLI006936,41,services,single,high.school,No,No,No
CLI006937,52,blue-collar,married,basic.4y,No,No,No
CLI006938,40,blue-collar,married,basic.9y,No,Sí,No
CLI006939,24,blue-collar,single,basic.9y,No,Sí,No
CLI006940,33,admin.,divorced,university.degree,No,Desconocido,Desconocido
CLI006941,47,services,married,high.school,No,Sí,No
CLI006942,35,admin.,single,university.degree,No,No,No
CLI006943,49,admin.,married,Desconocido,No,Sí,Sí
CLI006944,34,blue-collar,married,basic.9y,Desconocido,Sí,No
CLI006945,25,technician,single,professional.course,No,Sí,No
CLI006946,30,blue-collar,married,basic.6y,Desconocido,Sí,No
CLI006947,38,entrepreneur,married,professional.course,No,No,Sí
CLI006948,32,technician,married,professional.course,No,Sí,No
CLI006949,34,services,married,high.school,No,No,No
CLI006950,27,technician,single,university.degree,No,Sí,No
CLI006951,32,blue-collar,married,basic.9y,No,Sí,No
CLI006952,26,blue-collar,single,high.school,No,No,No
CLI006953,33,blue-collar,married,basic.4y,No,No,No
CLI006954,35,admin.,single,university.degree,No,No,Sí
CLI006955,41,blue-collar,married,Desconocido,No,No,Sí
CLI006956,41,admin.,married,university.degree,No,No,No
CLI006957,32,admin.,married,university.degree,No,Sí,No
CLI006958,44,admin.,single,university.degree,No,Sí,No
CLI006959,31,services,married,high.school,No,No,No
CLI006960,44,admin.,single,high.school,No,Sí,No
CLI006961,36,management,married,university.degree,Desconocido,No,No
CLI006962,39,self-employed,married,high.school,No,No,No
CLI006963,28,blue-collar,married,basic.9y,Desconocido,Sí,No
CLI006964,52,blue-collar,married,basic.4y,No,Sí,No
CLI006965,43,blue-collar,married,basic.6y,Desconocido,No,No
CLI006966,57,retired,divorced,basic.9y,No,Sí,No
CLI006967,31,entrepreneur,married,university.degree,Desconocido,Sí,No
CLI006968,39,admin.,divorced,high.school,No,Sí,No
CLI006969,51,housemaid,divorced,high.school,Desconocido,No,No
CLI006970,43,admin.,married,high.school,No,Sí,No
CLI006971,32,technician,married,professional.course,No,Sí,No
CLI006972,46,blue-collar,married,basic.9y,Desconocido,Sí,No
CLI006973,44,blue-collar,married,basic.9y,Desconocido,No,No
CLI006974,33,blue-collar,single,basic.9y,Desconocido,Desconocido,Desconocido
CLI006975,30,Desconocido,married,university.degree,No,Sí,No
CLI006976,33,technician,divorced,professional.course,No,Sí,Sí
CLI006977,35,technician,married,university.degree,Desconocido,No,No
CLI006978,29,self-employed,single,university.degree,No,Sí,Sí
CLI006979,35,technician,single,professional.course,No,Sí,No
CLI006980,41,technician,married,high.school,No,Sí,No
CLI006981,52,retired,married,university.degree,No,Sí,No
CLI006982,58,blue-collar,divorced,basic.4y,No,Sí,No
CLI006983,34,blue-collar,married,high.school,No,Sí,No
CLI006984,41,services,divorced,high.school,No,Sí,No
CLI006985,43,admin.,single,high.school,No,No,No
CLI006986,34,admin.,married,university.degree,No,No,Sí
CLI006987,30,admin.,single,high.school,No,,No
CLI006988,54,admin.,divorced,university.degree,No,No,No
CLI006989,48,management,married,university.degree,Desconocido,Sí,No
CLI006990,25,admin.,single,university.degree,No,Desconocido,Desconocido
CLI006991,25,services,married,high.school,No,Sí,No
CLI006992,59,technician,divorced,basic.9y,No,Sí,
CLI006993,66,management,married,university.degree,No,No,No
CLI006994,42,technician,divorced,high.school,No,,No
CLI006995,34,services,married,professional.course,No,Sí,Sí
CLI006996,42,blue-collar,married,basic.6y,No,No,No
CLI006997,35,blue-collar,single,Desconocido,No,No,No
CLI006998,39,housemaid,married,,No,No,No
CLI006999,47,technician,divorced,professional.course,No,Sí,No
CLI007000,56,technician,married,basic.4y,No,No,No
CLI007001,32,services,single,university.degree,No,No,Sí
CLI007002,55,technician,married,university.degree,Desconocido,Sí,No
CLI007003,35,admin.,single,basic.6y,No,Sí,No
CLI007004,43,management,divorced,university.degree,No,Sí,No
CLI007005,49,admin.,divorced,university.degree,No,No,No
CLI007006,46,admin.,married,university.degree,No,No,No
CLI007007,51,retired,married,basic.4y,No,No,No
CLI007008,49,housemaid,married,basic.9y,Desconocido,No,No
CLI007009,33,admin.,single,university.degree,No,Sí,No
CLI007010,65,retired,married,basic.4y,No,Sí,Sí
CLI007011,43,services,divorced,Desconocido,Desconocido,Sí,Sí
CLI007012,37,unemployed,married,,Desconocido,No,No
CLI007013,41,admin.,single,university.degree,Desconocido,Sí,No
CLI007014,48,admin.,single,university.degree,No,Sí,Sí
CLI007015,29,services,single,high.school,No,Sí,Sí
CLI007016,38,housemaid,married,basic.6y,No,Sí,No
CLI007017,36,self-employed,married,basic.9y,No,,Sí
CLI007018,38,technician,divorced,professional.course,No,Sí,No
CLI007019,35,management,married,university.degree,No,No,No
CLI007020,41,blue-collar,married,basic.4y,Desconocido,Sí,Sí
CLI007021,27,services,married,high.school,Desconocido,No,No
CLI007022,50,blue-collar,married,basic.4y,No,Sí,
CLI007023,48,entrepreneur,divorced,basic.4y,No,No,No
CLI007024,45,technician,married,high.school,No,Sí,No
CLI007025,54,self-employed,married,,No,Sí,No
CLI007026,47,admin.,divorced,university.degree,No,Sí,No
CLI007027,56,admin.,divorced,Desconocido,Desconocido,Sí,No
CLI007028,34,technician,married,university.degree,No,Sí,No
CLI007029,41,admin.,single,Desconocido,Desconocido,Sí,No
CLI007030,31,technician,married,high.school,No,No,No
CLI007031,43,management,married,professional.course,No,Sí,No
CLI007032,37,technician,married,professional.course,No,No,No
CLI007033,45,blue-collar,married,professional.course,No,Sí,No
CLI007034,30,services,single,high.school,No,No,No
CLI007035,43,housemaid,married,basic.4y,Desconocido,No,No
CLI007036,29,services,married,basic.9y,No,Sí,Sí
CLI007037,46,services,married,professional.course,No,No,No
CLI007038,58,housemaid,married,basic.4y,No,No,No
CLI007039,29,self-employed,married,university.degree,No,No,No
CLI007040,27,blue-collar,married,basic.6y,Desconocido,Sí,No
CLI007041,40,services,single,high.school,No,No,No
CLI007042,55,management,divorced,university.degree,No,,No
CLI007043,35,admin.,married,university.degree,No,No,No
CLI007044,59,blue-collar,married,basic.9y,Desconocido,,No
CLI007045,24,blue-collar,married,basic.9y,No,No,No
CLI007046,28,blue-collar,single,Desconocido,No,No,No
CLI007047,26,entrepreneur,married,professional.course,No,No,No
CLI007048,25,services,divorced,high.school,No,No,No
CLI007049,35,blue-collar,married,high.school,No,No,Sí
CLI007050,30,services,married,professional.course,No,Sí,No
CLI007051,35,technician,single,university.degree,No,No,No
CLI007052,26,blue-collar,single,basic.9y,No,No,No
CLI007053,28,admin.,married,high.school,No,No,Sí
CLI007054,36,services,divorced,basic.9y,No,No,No
CLI007055,31,services,married,high.school,No,Sí,
CLI007056,35,services,married,high.school,No,No,No
CLI007057,43,entrepreneur,married,high.school,Desconocido,Sí,No
CLI007058,44,services,divorced,high.school,No,No,No
CLI007059,35,services,married,high.school,No,No,No
CLI007060,42,technician,married,university.degree,No,No,No
CLI007061,44,blue-collar,married,basic.9y,No,No,No
CLI007062,44,blue-collar,single,basic.9y,No,Sí,Sí
CLI007063,47,technician,married,professional.course,No,No,No
CLI007064,30,admin.,divorced,high.school,No,Sí,No
CLI007065,43,management,married,university.degree,No,No,No
CLI007066,46,technician,married,professional.course,No,No,Sí
CLI007067,35,blue-collar,married,basic.9y,Desconocido,No,No
CLI007068,56,unemployed,divorced,basic.4y,No,No,No
CLI007069,31,services,married,high.school,No,Sí,No
CLI007070,65,retired,married,Desconocido,No,Desconocido,Desconocido
CLI007071,35,services,married,high.school,No,No,No
CLI007072,33,services,married,high.school,No,No,No
CLI007073,29,admin.,single,university.degree,No,No,Sí
CLI007074,49,management,married,university.degree,Desconocido,No,Sí
CLI007075,40,management,married,university.degree,Desconocido,No,No
CLI007076,40,admin.,married,professional.course,No,Sí,Sí
CLI007077,47,services,married,high.school,No,No,No
CLI007078,27,admin.,married,university.degree,No,No,No
CLI007079,30,services,married,high.school,Desconocido,No,Sí
CLI007080,54,technician,married,professional.course,No,Sí,No
CLI007081,41,blue-collar,single,basic.6y,Desconocido,No,No
CLI007082,27,technician,single,high.school,No,Sí,No
CLI007083,57,admin.,married,university.degree,No,No,Sí
CLI007084,43,blue-collar,single,basic.4y,No,Sí,No
CLI007085,32,admin.,single,university.degree,No,Sí,Sí
CLI007086,52,technician,married,professional.course,No,Sí,Sí
CLI007087,47,management,married,high.school,No,Desconocido,Desconocido
CLI007088,41,services,married,high.school,No,No,No
CLI007089,49,housemaid,married,basic.4y,Desconocido,No,No
CLI007090,41,entrepreneur,single,basic.4y,No,No,No
CLI007091,52,technician,divorced,university.degree,No,No,No
CLI007092,53,admin.,married,basic.9y,No,No,No
CLI007093,32,admin.,single,university.degree,No,Sí,No
CLI007094,37,admin.,married,university.degree,No,No,No
CLI007095,32,technician,married,university.degree,No,No,No
CLI007096,42,admin.,single,high.school,No,No,No
CLI007097,44,unemployed,married,professional.course,No,No,No
CLI007098,56,retired,married,basic.4y,No,Sí,Sí
CLI007099,39,technician,single,professional.course,Desconocido,No,No
CLI007100,51,blue-collar,divorced,basic.9y,No,Sí,No
CLI007101,35,admin.,married,high.school,No,No,No
CLI007102,43,technician,married,professional.course,No,No,No
CLI007103,45,admin.,married,university.degree,No,No,No
CLI007104,41,services,married,high.school,Desconocido,Sí,No
CLI007105,44,blue-collar,single,high.school,Desconocido,No,No
CLI007106,46,blue-collar,married,Desconocido,No,No,Sí
CLI007107,26,admin.,single,high.school,No,Sí,No
CLI007108,49,technician,married,professional.course,No,No,No
CLI007109,46,management,married,basic.9y,Desconocido,No,No
CLI007110,34,blue-collar,married,basic.9y,No,Sí,No
CLI007111,30,blue-collar,single,basic.9y,No,No,Sí
CLI007112,33,admin.,married,Desconocido,No,Desconocido,Desconocido
CLI007113,46,self-employed,married,basic.9y,Desconocido,Sí,Sí
CLI007114,35,management,married,university.degree,No,Sí,Sí
CLI007115,34,technician,married,university.degree,No,No,No
CLI007116,29,admin.,married,high.school,No,Sí,No
CLI007117,71,retired,single,university.degree,No,Desconocido,Desconocido
CLI007118,51,self-employed,married,university.degree,Desconocido,No,No
CLI007119,41,technician,divorced,professional.course,No,Sí,Sí
CLI007120,58,unemployed,divorced,high.school,Desconocido,No,No
CLI007121,52,blue-collar,single,Desconocido,Desconocido,No,Sí
CLI007122,24,services,single,basic.9y,No,Sí,Sí
CLI007123,41,technician,married,basic.9y,No,,No
CLI007124,41,admin.,single,high.school,No,No,No
CLI007125,60,management,married,basic.4y,Desconocido,No,No
CLI007126,29,admin.,married,university.degree,No,Sí,No
CLI007127,38,services,married,high.school,No,Sí,No
CLI007128,28,blue-collar,married,basic.6y,Desconocido,Sí,No
CLI007129,31,admin.,single,high.school,No,Sí,No
CLI007130,31,admin.,married,university.degree,No,Sí,No
CLI007131,58,admin.,married,basic.4y,No,No,No
CLI007132,53,self-employed,married,university.degree,No,No,No
CLI007133,60,admin.,married,university.degree,No,No,No
CLI007134,33,admin.,married,professional.course,No,No,No
CLI007135,40,blue-collar,single,basic.6y,Desconocido,No,No
CLI007136,31,technician,married,professional.course,No,No,No
CLI007137,34,admin.,single,basic.6y,No,No,No
CLI007138,30,unemployed,divorced,high.school,No,No,No
CLI007139,42,technician,divorced,university.degree,No,No,No
CLI007140,31,admin.,married,university.degree,Desconocido,Sí,No
CLI007141,38,entrepreneur,married,basic.4y,No,Sí,No
CLI007142,31,management,married,university.degree,No,Sí,Sí
CLI007143,33,entrepreneur,married,university.degree,No,Sí,Sí
CLI007144,54,management,married,university.degree,Desconocido,Sí,No
CLI007145,51,admin.,married,university.degree,No,Sí,No
CLI007146,66,retired,married,basic.4y,No,Sí,No
CLI007147,35,services,divorced,high.school,Desconocido,No,Sí
CLI007148,32,admin.,married,,No,Sí,No
CLI007149,29,management,single,university.degree,No,No,No
CLI007150,67,admin.,married,basic.4y,Desconocido,No,No
CLI007151,34,services,single,high.school,No,No,No
CLI007152,50,blue-collar,married,basic.4y,Desconocido,Sí,No
CLI007153,22,student,single,Desconocido,No,No,No
CLI007154,33,admin.,single,university.degree,No,Sí,No
CLI007155,36,admin.,married,university.degree,No,Sí,No
CLI007156,30,technician,married,university.degree,No,Sí,No
CLI007157,52,blue-collar,single,basic.4y,No,Sí,No
CLI007158,38,technician,married,professional.course,No,No,No
CLI007159,57,blue-collar,married,basic.4y,Desconocido,No,No
CLI007160,63,housemaid,married,basic.4y,No,No,No
CLI007161,29,blue-collar,married,basic.6y,No,Desconocido,Desconocido
CLI007162,37,services,married,high.school,Desconocido,Sí,No
CLI007163,33,services,married,high.school,No,No,Sí
CLI007164,41,self-employed,divorced,university.degree,No,No,No
CLI007165,36,services,married,high.school,No,Sí,No
CLI007166,33,admin.,married,university.degree,Desconocido,Sí,No
CLI007167,34,technician,married,university.degree,No,No,No
CLI007168,37,management,married,basic.9y,No,Sí,No
CLI007169,29,admin.,single,basic.9y,No,No,No
CLI007170,25,technician,single,professional.course,No,Sí,No
CLI007171,29,admin.,single,university.degree,No,Sí,No
CLI007172,35,blue-collar,single,professional.course,No,No,No
CLI007173,38,technician,married,professional.course,No,Sí,No
CLI007174,42,blue-collar,single,basic.9y,No,Desconocido,Desconocido
CLI007175,49,management,married,university.degree,No,No,No
CLI007176,34,admin.,married,university.degree,No,Sí,No
CLI007177,43,blue-collar,married,basic.9y,No,Sí,No
CLI007178,31,unemployed,single,professional.course,No,No,No
CLI007179,56,admin.,divorced,university.degree,No,Sí,No
CLI007180,49,services,married,basic.4y,No,No,No
CLI007181,39,blue-collar,married,basic.6y,No,No,No
CLI007182,54,blue-collar,married,basic.4y,No,No,No
CLI007183,32,blue-collar,married,basic.9y,Desconocido,Sí,No
CLI007184,33,blue-collar,married,basic.4y,Desconocido,No,No
CLI007185,66,retired,divorced,high.school,No,No,No
CLI007186,54,admin.,divorced,university.degree,No,,No
CLI007187,49,admin.,married,high.school,No,No,No
CLI007188,33,admin.,single,high.school,No,Sí,No
CLI007189,46,admin.,single,university.degree,No,Sí,No
CLI007190,35,self-employed,married,basic.9y,No,No,Sí
CLI007191,30,admin.,divorced,high.school,No,Sí,No
CLI007192,41,admin.,married,high.school,No,Sí,Sí
CLI007193,47,blue-collar,single,basic.9y,Desconocido,Sí,No
CLI007194,31,blue-collar,married,basic.4y,No,No,No
CLI007195,26,student,single,university.degree,Desconocido,No,No
CLI007196,37,blue-collar,married,basic.9y,No,No,No
CLI007197,27,student,single,high.school,No,No,No
CLI007198,20,blue-collar,single,basic.9y,Desconocido,Sí,No
CLI007199,33,admin.,married,high.school,No,No,No
CLI007200,49,blue-collar,married,basic.4y,Desconocido,Sí,No
CLI007201,26,technician,single,university.degree,No,Sí,No
CLI007202,55,management,married,university.degree,Desconocido,,No
CLI007203,30,technician,single,high.school,No,Sí,No
CLI007204,33,services,single,university.degree,No,No,No
CLI007205,33,entrepreneur,married,university.degree,No,No,Sí
CLI007206,59,admin.,divorced,university.degree,No,Sí,No
CLI007207,34,technician,single,professional.course,No,No,No
CLI007208,27,services,married,university.degree,No,No,No
CLI007209,36,blue-collar,married,basic.9y,No,Sí,No
CLI007210,39,blue-collar,married,basic.6y,No,Sí,No
CLI007211,31,blue-collar,single,high.school,No,Sí,No
CLI007212,37,admin.,married,high.school,No,No,No
CLI007213,29,admin.,single,university.degree,No,No,No
CLI007214,51,management,married,university.degree,No,Sí,Sí
CLI007215,48,blue-collar,married,basic.4y,Desconocido,No,No
CLI007216,32,blue-collar,married,basic.9y,No,No,No
CLI007217,56,blue-collar,married,basic.4y,Desconocido,No,No
CLI007218,45,blue-collar,married,basic.6y,No,No,No
CLI007219,60,retired,married,high.school,No,No,No
CLI007220,41,blue-collar,divorced,high.school,No,Sí,No
CLI007221,51,technician,divorced,professional.course,No,No,No
CLI007222,28,unemployed,married,university.degree,No,Sí,No
CLI007223,28,blue-collar,single,basic.9y,No,Sí,No
CLI007224,30,unemployed,single,high.school,No,,No
CLI007225,51,blue-collar,divorced,basic.9y,No,No,No
CLI007226,39,admin.,married,university.degree,No,No,No
CLI007227,44,admin.,divorced,high.school,No,No,No
CLI007228,32,management,married,high.school,No,No,Sí
CLI007229,23,admin.,single,high.school,No,No,No
CLI007230,38,blue-collar,married,basic.4y,No,Sí,No
CLI007231,32,management,single,university.degree,No,No,No
CLI007232,41,technician,single,professional.course,No,Sí,No
CLI007233,33,technician,married,university.degree,No,Sí,No
CLI007234,54,admin.,divorced,high.school,No,No,No
CLI007235,45,entrepreneur,divorced,university.degree,No,Sí,Sí
CLI007236,40,blue-collar,married,basic.9y,No,Sí,Sí
CLI007237,35,student,single,university.degree,Desconocido,Sí,No
CLI007238,35,student,single,university.degree,Desconocido,Sí,No
CLI007239,26,services,married,high.school,No,Sí,No
CLI007240,29,admin.,single,university.degree,No,No,No
CLI007241,48,admin.,single,university.degree,No,Sí,No
CLI007242,42,housemaid,divorced,basic.4y,No,Sí,No
CLI007243,51,management,married,university.degree,No,No,No
CLI007244,33,blue-collar,divorced,basic.9y,No,No,No
CLI007245,47,technician,married,university.degree,Desconocido,No,No
CLI007246,31,blue-collar,single,basic.4y,No,No,No
CLI007247,40,admin.,single,high.school,No,Sí,Sí
CLI007248,46,blue-collar,married,basic.4y,Desconocido,Sí,No
CLI007249,45,admin.,married,university.degree,No,Sí,No
CLI007250,28,technician,divorced,university.degree,No,No,No
CLI007251,58,admin.,married,university.degree,No,Sí,No
CLI007252,39,technician,divorced,professional.course,Desconocido,Sí,No
CLI007253,30,admin.,single,university.degree,No,No,No
CLI007254,29,services,married,high.school,No,No,No
CLI007255,32,blue-collar,married,basic.6y,No,No,No
CLI007256,56,services,married,high.school,Desconocido,Sí,No
CLI007257,38,admin.,married,high.school,Desconocido,Sí,Sí
CLI007258,32,admin.,married,university.degree,No,No,No
CLI007259,48,technician,divorced,professional.course,No,Sí,Sí
CLI007260,34,technician,married,professional.course,No,Sí,No
CLI007261,55,retired,married,basic.4y,No,Sí,No
CLI007262,36,blue-collar,married,basic.6y,No,Sí,No
CLI007263,52,self-employed,married,university.degree,No,Sí,No
CLI007264,48,management,married,basic.9y,No,Desconocido,Desconocido
CLI007265,29,services,married,high.school,No,No,No
CLI007266,55,Desconocido,married,Desconocido,Desconocido,No,No
CLI007267,36,admin.,single,university.degree,No,No,No
CLI007268,42,housemaid,married,basic.4y,Desconocido,Sí,No
CLI007269,38,unemployed,married,basic.9y,Desconocido,Sí,No
CLI007270,19,student,single,Desconocido,No,No,No
CLI007271,60,retired,married,professional.course,No,No,Sí
CLI007272,40,technician,married,basic.9y,No,Sí,No
CLI007273,28,blue-collar,single,high.school,No,Sí,Sí
CLI007274,31,technician,married,university.degree,No,No,No
CLI007275,37,blue-collar,single,university.degree,Desconocido,No,No
CLI007276,48,technician,married,professional.course,Sí,No,No
CLI007277,54,admin.,married,professional.course,No,Sí,No
CLI007278,31,management,single,university.degree,Desconocido,Sí,No
CLI007279,42,self-employed,married,university.degree,No,No,No
CLI007280,35,technician,divorced,high.school,Desconocido,Sí,No
CLI007281,30,blue-collar,married,basic.4y,No,Sí,No
CLI007282,45,technician,married,high.school,No,Sí,No
CLI007283,46,blue-collar,Desconocido,Desconocido,No,No,No
CLI007284,47,blue-collar,divorced,basic.4y,No,No,No
CLI007285,34,technician,single,university.degree,No,No,No
CLI007286,57,admin.,married,university.degree,Desconocido,Sí,Sí
CLI007287,26,student,single,high.school,No,No,No
CLI007288,44,management,married,university.degree,Desconocido,No,Sí
CLI007289,24,student,single,Desconocido,No,Sí,No
CLI007290,28,services,married,basic.9y,Desconocido,Sí,Sí
CLI007291,52,blue-collar,single,basic.9y,Desconocido,Sí,No
CLI007292,37,admin.,single,university.degree,No,No,No
CLI007293,30,admin.,single,university.degree,No,Sí,No
CLI007294,34,admin.,single,university.degree,No,No,No
CLI007295,45,technician,married,university.degree,No,No,No
CLI007296,42,blue-collar,married,basic.6y,Desconocido,No,No
CLI007297,24,blue-collar,married,basic.9y,No,Sí,No
CLI007298,26,admin.,single,high.school,No,Sí,No
CLI007299,36,management,divorced,university.degree,No,Desconocido,Desconocido
CLI007300,41,blue-collar,married,basic.9y,No,No,Sí
CLI007301,29,admin.,married,basic.9y,No,Sí,No
CLI007302,81,retired,divorced,Desconocido,Desconocido,Sí,Sí
CLI007303,36,blue-collar,married,high.school,No,No,No
CLI007304,59,blue-collar,married,basic.9y,No,No,No
CLI007305,43,blue-collar,divorced,basic.4y,No,Sí,No
CLI007306,34,services,divorced,basic.6y,Desconocido,Desconocido,Desconocido
CLI007307,57,retired,married,university.degree,No,Sí,No
CLI007308,26,student,single,university.degree,No,Sí,No
CLI007309,28,management,married,university.degree,No,Sí,No
CLI007310,36,services,married,high.school,No,Sí,No
CLI007311,59,retired,divorced,high.school,No,Sí,No
CLI007312,45,management,married,university.degree,No,No,No
CLI007313,19,student,single,basic.9y,No,Sí,No
CLI007314,30,technician,single,university.degree,Desconocido,No,No
CLI007315,45,blue-collar,married,professional.course,No,No,No
CLI007316,36,technician,single,high.school,No,Sí,No
CLI007317,39,technician,married,professional.course,No,Sí,No
CLI007318,36,unemployed,married,high.school,No,Sí,No
CLI007319,51,blue-collar,married,basic.9y,Desconocido,Sí,Sí
CLI007320,39,services,married,high.school,No,Sí,No
CLI007321,59,admin.,married,university.degree,No,Sí,
CLI007322,30,entrepreneur,single,high.school,No,No,No
CLI007323,57,management,married,high.school,No,Sí,No
CLI007324,53,admin.,divorced,high.school,No,Sí,No
CLI007325,45,blue-collar,married,basic.9y,Desconocido,Sí,No
CLI007326,46,admin.,married,high.school,No,Sí,No
CLI007327,52,management,divorced,university.degree,Desconocido,No,No
CLI007328,72,retired,divorced,university.degree,No,No,No
CLI007329,33,admin.,divorced,high.school,No,No,No
CLI007330,29,blue-collar,married,basic.6y,No,Sí,No
CLI007331,32,admin.,married,basic.9y,No,No,No
CLI007332,39,blue-collar,married,high.school,No,No,Sí
CLI007333,32,services,married,high.school,No,Desconocido,Desconocido
CLI007334,33,admin.,single,high.school,No,No,No
CLI007335,32,entrepreneur,married,high.school,No,Sí,No
CLI007336,39,management,single,basic.9y,No,Sí,No
CLI007337,36,technician,single,professional.course,No,Sí,No
CLI007338,39,housemaid,married,,No,Sí,No
CLI007339,55,admin.,married,high.school,No,No,No
CLI007340,57,blue-collar,married,Desconocido,Desconocido,No,No
CLI007341,48,management,married,university.degree,Desconocido,Sí,No
CLI007342,26,admin.,married,university.degree,No,Sí,Sí
CLI007343,52,housemaid,married,basic.4y,No,No,Sí
CLI007344,48,blue-collar,married,basic.9y,No,Sí,No
CLI007345,33,admin.,single,,No,No,No
CLI007346,51,blue-collar,married,basic.9y,Desconocido,Sí,No
CLI007347,31,technician,married,university.degree,No,Sí,No
CLI007348,35,services,divorced,high.school,Desconocido,Sí,No
CLI007349,34,admin.,single,,No,No,No
CLI007350,25,admin.,single,university.degree,No,Sí,No
CLI007351,35,technician,married,high.school,No,Sí,No
CLI007352,43,admin.,married,university.degree,Desconocido,No,No
CLI007353,44,admin.,single,university.degree,No,Sí,No
CLI007354,41,blue-collar,divorced,basic.4y,No,Sí,No
CLI007356,33,admin.,single,university.degree,No,Sí,No
CLI007357,33,technician,married,professional.course,Desconocido,Sí,No
CLI007358,31,technician,single,professional.course,Desconocido,Sí,No
CLI007359,52,admin.,divorced,Desconocido,No,No,
CLI007360,28,student,single,Desconocido,No,Sí,No
CLI007361,36,admin.,married,university.degree,Desconocido,Sí,No
CLI007362,40,admin.,divorced,high.school,No,Sí,No
CLI007363,36,self-employed,divorced,basic.4y,No,No,No
CLI007364,32,self-employed,divorced,professional.course,No,Sí,No
CLI007365,30,technician,single,,No,Sí,No
CLI007366,28,services,single,,No,Sí,Sí
CLI007367,44,blue-collar,single,basic.9y,No,Sí,No
CLI007368,41,blue-collar,married,Desconocido,No,No,No
CLI007369,48,unemployed,married,basic.4y,Desconocido,Sí,No
CLI007370,53,blue-collar,married,basic.4y,Desconocido,Sí,No
CLI007371,35,admin.,married,high.school,Desconocido,Sí,No
CLI007372,31,admin.,married,high.school,No,Sí,No
CLI007373,27,blue-collar,single,basic.4y,No,Sí,
CLI007374,29,management,single,university.degree,No,Sí,No
CLI007375,34,admin.,single,university.degree,No,Sí,Sí
CLI007376,47,blue-collar,married,basic.6y,No,No,No
CLI007377,47,technician,married,professional.course,No,Sí,Sí
CLI007378,27,technician,single,professional.course,No,No,No
CLI007379,46,housemaid,married,basic.4y,Desconocido,Sí,No
CLI007380,37,admin.,married,university.degree,No,Sí,No
CLI007381,31,admin.,single,high.school,No,No,No
CLI007382,33,blue-collar,married,basic.6y,Desconocido,,No
CLI007383,33,blue-collar,married,basic.4y,No,No,Sí
CLI007384,41,blue-collar,divorced,basic.4y,No,Sí,No
CLI007385,31,technician,single,professional.course,No,Sí,No
CLI007386,57,blue-collar,married,basic.4y,Desconocido,No,No
CLI007387,43,technician,married,professional.course,No,No,Sí
CLI007388,43,admin.,married,university.degree,No,Sí,No
CLI007389,49,admin.,married,university.degree,Desconocido,Sí,No
CLI007390,33,services,married,high.school,No,No,No
CLI007391,33,admin.,single,university.degree,No,Sí,Sí
CLI007392,28,technician,married,basic.9y,No,Sí,No
CLI007393,41,admin.,single,university.degree,No,No,No
CLI007394,38,blue-collar,single,basic.9y,No,No,No
CLI007395,50,unemployed,married,high.school,No,No,Sí
CLI007396,37,blue-collar,married,basic.6y,No,Sí,No
CLI007397,36,admin.,married,high.school,No,Sí,No
CLI007398,50,services,married,high.school,Desconocido,Sí,No
CLI007399,39,blue-collar,married,basic.9y,No,No,No
CLI007400,26,blue-collar,single,basic.9y,Desconocido,No,Sí
CLI007401,50,technician,divorced,professional.course,No,No,No
CLI007402,42,blue-collar,married,basic.4y,Desconocido,Sí,No
CLI007403,38,technician,single,professional.course,No,,No
CLI007404,30,services,married,high.school,No,Sí,No
CLI007405,53,technician,married,,Desconocido,Sí,No
CLI007406,82,retired,married,university.degree,Desconocido,No,No
CLI007407,48,blue-collar,divorced,professional.course,No,No,No
CLI007408,31,services,divorced,high.school,Desconocido,No,No
CLI007409,59,blue-collar,married,,Desconocido,Sí,No
CLI007410,37,blue-collar,married,basic.9y,No,Sí,No
CLI007411,20,student,single,high.school,No,Sí,No
CLI007412,29,blue-collar,married,basic.4y,Desconocido,Sí,Sí
CLI007413,49,management,married,basic.4y,No,Sí,No
CLI007414,29,admin.,married,high.school,No,Sí,No
CLI007415,52,housemaid,married,basic.4y,Desconocido,No,No
CLI007416,62,retired,married,university.degree,No,No,No
CLI007417,58,management,married,university.degree,No,Sí,No
CLI007418,46,blue-collar,married,basic.6y,Desconocido,Sí,Sí
CLI007419,31,technician,single,university.degree,No,No,No
CLI007420,34,services,married,high.school,No,No,Sí
CLI007421,49,technician,married,high.school,Desconocido,No,No
CLI007422,52,blue-collar,married,basic.4y,Desconocido,Sí,Sí
CLI007423,31,admin.,married,high.school,No,No,No
CLI007424,30,unemployed,married,high.school,No,No,No
CLI007425,45,blue-collar,married,basic.9y,No,Sí,No
CLI007426,28,management,single,,No,No,No
CLI007427,38,technician,married,university.degree,No,Sí,No
CLI007428,33,admin.,single,Desconocido,No,No,Sí
CLI007429,70,retired,married,basic.4y,No,Sí,No
CLI007430,44,blue-collar,married,basic.9y,Desconocido,No,No
CLI007431,33,admin.,married,high.school,No,No,No
CLI007432,60,technician,married,university.degree,No,Sí,No
CLI007433,46,services,divorced,high.school,Desconocido,Sí,No
CLI007434,39,admin.,married,high.school,No,No,No
CLI007435,60,retired,married,basic.4y,Desconocido,Sí,Sí
CLI007436,38,technician,single,professional.course,No,Sí,Sí
CLI007437,54,management,married,university.degree,No,No,No
CLI007438,23,blue-collar,single,basic.9y,No,Sí,No
CLI007439,33,technician,married,professional.course,No,Sí,No
CLI007440,46,blue-collar,married,basic.9y,Desconocido,Sí,No
CLI007441,33,admin.,single,university.degree,No,Sí,No
CLI007442,34,blue-collar,married,basic.9y,No,No,No
CLI007443,19,student,single,Desconocido,No,Desconocido,Desconocido
CLI007444,29,admin.,single,basic.9y,No,No,No
CLI007445,43,admin.,married,university.degree,No,Sí,No
CLI007446,57,unemployed,married,university.degree,No,Sí,No
CLI007447,35,blue-collar,married,Desconocido,No,No,No
CLI007448,40,blue-collar,married,basic.4y,Desconocido,Sí,Sí
CLI007449,33,admin.,married,university.degree,No,Sí,Sí
CLI007450,24,services,single,high.school,Desconocido,Sí,No
CLI007451,30,blue-collar,single,basic.9y,No,No,Sí
CLI007452,35,management,married,high.school,No,Sí,
CLI007453,40,blue-collar,married,basic.9y,No,Sí,Sí
CLI007454,36,blue-collar,married,university.degree,Desconocido,No,No
CLI007455,30,admin.,single,,No,No,No
CLI007456,58,blue-collar,married,basic.4y,Desconocido,Sí,No
CLI007457,36,admin.,married,high.school,No,Sí,No
CLI007458,28,blue-collar,married,basic.9y,No,Sí,No
CLI007459,36,blue-collar,married,basic.9y,Desconocido,Sí,No
CLI007460,38,admin.,married,university.degree,No,Sí,Sí
CLI007461,53,services,married,high.school,No,Sí,No
CLI007462,29,admin.,married,university.degree,No,No,No
CLI007463,68,retired,divorced,professional.course,No,Sí,No
CLI007464,39,self-employed,married,university.degree,Desconocido,Sí,No
CLI007465,39,blue-collar,married,basic.6y,No,No,No
CLI007466,71,retired,single,university.degree,No,No,No
CLI007467,59,admin.,married,university.degree,No,No,No
CLI007468,51,technician,married,professional.course,No,No,No
CLI007469,31,admin.,single,university.degree,No,No,No
CLI007470,38,services,married,basic.4y,No,No,Sí
CLI007471,51,admin.,married,basic.6y,Desconocido,Sí,No
CLI007472,29,technician,married,,No,No,No
CLI007473,57,housemaid,married,basic.4y,No,Sí,No
CLI007474,41,admin.,married,university.degree,No,Sí,No
CLI007475,58,blue-collar,married,high.school,No,Sí,No
CLI007476,31,admin.,married,high.school,No,No,No
CLI007477,21,housemaid,single,high.school,No,No,No
CLI007478,43,services,divorced,high.school,No,Sí,No
CLI007479,30,blue-collar,single,basic.9y,No,Sí,No
CLI007480,48,services,single,basic.4y,Desconocido,Sí,Sí
CLI007481,33,technician,married,high.school,No,No,No
CLI007482,32,technician,married,professional.course,No,No,No
CLI007483,31,services,single,high.school,No,Sí,No
CLI007484,51,blue-collar,married,basic.4y,No,Sí,Sí
CLI007485,41,entrepreneur,married,basic.4y,No,No,No
CLI007486,50,admin.,married,professional.course,No,No,No
CLI007487,46,services,married,high.school,Desconocido,Sí,No
CLI007488,28,admin.,single,university.degree,No,Sí,No
CLI007489,49,blue-collar,married,basic.9y,No,Sí,No
CLI007490,59,self-employed,married,,No,Sí,No
CLI007491,29,blue-collar,married,professional.course,No,Sí,No
CLI007492,37,technician,single,university.degree,No,Sí,No
CLI007493,32,blue-collar,married,professional.course,No,Sí,No
CLI007494,30,admin.,married,university.degree,No,No,No
CLI007495,46,technician,divorced,university.degree,Desconocido,No,No
CLI007496,37,admin.,divorced,university.degree,No,No,No
CLI007497,53,technician,married,high.school,No,Sí,No
CLI007498,33,services,married,basic.6y,No,No,No
CLI007499,43,services,married,basic.6y,Desconocido,No,No
CLI007500,37,admin.,married,university.degree,No,Sí,No
CLI007501,52,admin.,married,university.degree,No,Sí,Sí
CLI007502,44,blue-collar,single,basic.9y,Desconocido,Sí,No
CLI007503,43,admin.,single,professional.course,No,No,Sí
CLI007504,45,management,married,basic.9y,No,No,Sí
CLI007505,79,retired,married,basic.4y,No,Sí,No
CLI007506,47,management,married,basic.4y,No,No,Sí
CLI007507,42,entrepreneur,married,professional.course,No,No,No
CLI007508,37,admin.,married,high.school,Desconocido,Sí,No
CLI007509,50,blue-collar,married,basic.4y,No,No,No
CLI007510,45,admin.,divorced,university.degree,No,Sí,No
CLI007511,36,technician,married,high.school,No,Sí,No
CLI007512,42,technician,single,professional.course,No,Sí,No
CLI007513,56,blue-collar,divorced,basic.4y,No,No,No
CLI007514,30,services,married,Desconocido,No,Sí,No
CLI007515,52,services,married,basic.9y,Desconocido,No,No
CLI007516,31,unemployed,married,university.degree,No,Sí,No
CLI007517,52,technician,married,basic.9y,No,No,No
CLI007518,51,admin.,divorced,university.degree,No,Sí,No
CLI007519,59,admin.,married,university.degree,No,No,No
CLI007520,29,technician,single,university.degree,No,No,Sí
CLI007521,69,retired,married,high.school,No,No,No
CLI007522,58,management,married,university.degree,Desconocido,Sí,Sí
CLI007523,57,self-employed,married,basic.4y,No,Sí,No
CLI007524,35,management,single,university.degree,No,Sí,No
CLI007525,51,technician,married,basic.9y,Desconocido,Sí,Sí
CLI007526,40,management,married,university.degree,No,Sí,No
CLI007527,31,services,single,high.school,Desconocido,Sí,No
CLI007528,50,services,married,high.school,No,No,No
CLI007529,56,retired,married,high.school,No,Sí,
CLI007530,57,blue-collar,married,basic.9y,Desconocido,No,Sí
CLI007531,50,management,married,university.degree,No,No,No
CLI007532,27,student,single,Desconocido,Desconocido,Sí,No
CLI007533,31,entrepreneur,married,university.degree,Desconocido,Sí,No
CLI007534,21,student,single,high.school,No,No,No
CLI007535,32,admin.,married,university.degree,No,No,No
CLI007536,37,admin.,single,high.school,No,No,No
CLI007537,42,blue-collar,divorced,basic.9y,No,Sí,No
CLI007538,46,technician,married,professional.course,No,No,No
CLI007539,43,admin.,married,university.degree,No,No,No
CLI007540,47,admin.,divorced,university.degree,Desconocido,No,No
CLI007541,36,technician,divorced,professional.course,No,Desconocido,Desconocido
CLI007542,35,admin.,married,university.degree,No,No,No
CLI007543,55,admin.,married,Desconocido,No,Sí,No
CLI007544,37,services,married,high.school,No,No,No
CLI007545,54,technician,married,high.school,No,No,No
CLI007546,22,blue-collar,married,professional.course,No,Sí,No
CLI007547,47,technician,married,university.degree,No,No,No
CLI007548,54,technician,divorced,professional.course,No,Sí,Sí
CLI007549,21,blue-collar,married,basic.9y,No,No,No
CLI007550,29,admin.,married,university.degree,No,No,Sí
CLI007551,37,blue-collar,married,high.school,No,Sí,No
CLI007552,42,blue-collar,divorced,basic.4y,No,Sí,No
CLI007553,36,services,married,basic.6y,Desconocido,Sí,No
CLI007554,35,Desconocido,single,basic.4y,Desconocido,Sí,Sí
CLI007555,42,admin.,single,university.degree,Desconocido,Sí,No
CLI007556,45,blue-collar,married,basic.9y,No,No,No
CLI007557,30,admin.,married,university.degree,No,No,No
CLI007558,37,admin.,married,professional.course,No,Sí,No
CLI007559,39,blue-collar,married,basic.9y,Desconocido,Sí,No
CLI007560,41,blue-collar,married,basic.9y,Desconocido,No,No
CLI007561,42,housemaid,married,basic.9y,No,Sí,No
CLI007562,49,admin.,married,high.school,Desconocido,No,No
CLI007563,28,blue-collar,single,basic.9y,No,No,No
CLI007564,29,technician,single,professional.course,No,No,Sí
CLI007565,33,self-employed,married,basic.9y,Desconocido,No,No
CLI007566,30,services,married,high.school,Desconocido,Sí,No
CLI007567,53,services,divorced,basic.4y,Desconocido,Sí,No
CLI007568,37,blue-collar,married,,No,No,No
CLI007569,26,blue-collar,single,basic.9y,No,No,No
CLI007570,34,technician,married,high.school,Desconocido,No,No
CLI007571,36,blue-collar,married,basic.9y,No,Sí,Sí
CLI007572,44,management,married,university.degree,No,No,No
CLI007573,57,housemaid,married,basic.4y,No,No,No
CLI007574,47,admin.,married,university.degree,No,No,No
CLI007575,36,admin.,married,university.degree,Desconocido,No,No
CLI007576,49,blue-collar,divorced,Desconocido,Desconocido,No,No
CLI007577,55,entrepreneur,married,university.degree,No,No,No
CLI007578,45,admin.,single,university.degree,No,No,Sí
CLI007579,29,services,single,high.school,No,Sí,No
CLI007581,24,student,single,basic.4y,No,No,No
CLI007582,34,services,single,high.school,No,No,No
CLI007583,31,admin.,single,basic.9y,No,No,No
CLI007584,39,services,married,basic.6y,Desconocido,Sí,No
CLI007585,35,management,married,basic.9y,No,Sí,Sí
CLI007586,34,technician,married,professional.course,No,No,No
CLI007587,41,management,married,high.school,No,Sí,No
CLI007588,37,housemaid,single,basic.9y,Desconocido,Sí,Sí
CLI007589,30,admin.,married,basic.6y,No,No,No
CLI007590,43,unemployed,single,university.degree,No,No,No
CLI007591,59,retired,divorced,basic.4y,No,No,No
CLI007592,54,admin.,married,university.degree,No,Desconocido,Desconocido
CLI007593,26,blue-collar,single,high.school,No,Sí,Sí
CLI007594,45,technician,single,university.degree,No,No,No
CLI007595,27,student,single,basic.9y,No,Sí,Sí
CLI007596,88,retired,divorced,basic.4y,No,Sí,No
CLI007597,38,blue-collar,married,basic.9y,No,No,No
CLI007598,51,self-employed,married,university.degree,No,Sí,No
CLI007599,30,technician,married,professional.course,No,Sí,No
CLI007600,39,admin.,married,university.degree,No,No,No
CLI007601,36,services,married,high.school,Desconocido,No,No
CLI007602,30,admin.,single,university.degree,No,Sí,Sí
CLI007603,28,self-employed,single,university.degree,No,Sí,No
CLI007604,35,technician,married,basic.6y,No,No,No
CLI007605,41,blue-collar,married,basic.4y,No,Sí,Sí
CLI007606,34,admin.,single,high.school,No,No,No
CLI007607,28,admin.,single,high.school,No,Sí,No
CLI007608,60,retired,married,basic.4y,Desconocido,No,No
CLI007609,40,blue-collar,married,basic.6y,No,,No
CLI007610,51,blue-collar,married,basic.6y,No,No,No
CLI007611,34,management,single,basic.9y,No,Sí,No
CLI007612,33,blue-collar,single,basic.9y,No,Sí,No
CLI007613,26,blue-collar,single,basic.4y,No,Sí,Sí
CLI007614,61,retired,married,university.degree,No,No,No
CLI007615,34,self-employed,married,university.degree,No,Desconocido,
CLI007616,44,blue-collar,divorced,basic.4y,Desconocido,Sí,No
CLI007617,38,admin.,married,university.degree,No,No,No
CLI007618,32,admin.,single,university.degree,No,Sí,No
CLI007619,42,unemployed,married,high.school,Desconocido,No,No
CLI007620,40,technician,single,professional.course,No,No,No
CLI007621,29,technician,single,professional.course,No,Sí,Sí
CLI007622,56,technician,married,basic.4y,Desconocido,No,No
CLI007623,35,blue-collar,married,basic.9y,Desconocido,Sí,Sí
CLI007624,30,Desconocido,married,university.degree,No,Sí,No
CLI007625,35,housemaid,married,basic.4y,No,Sí,No
CLI007626,41,technician,married,professional.course,Desconocido,Sí,No
CLI007627,53,management,married,university.degree,No,Sí,No
CLI007628,37,management,married,university.degree,No,No,No
CLI007629,41,technician,married,basic.6y,No,Sí,No
CLI007630,45,blue-collar,divorced,basic.4y,Desconocido,No,No
CLI007631,41,admin.,divorced,high.school,No,No,No
CLI007632,45,management,married,high.school,Desconocido,No,No
CLI007633,44,technician,single,professional.course,Desconocido,Sí,Sí
CLI007634,37,technician,divorced,professional.course,No,,No
CLI007635,46,housemaid,married,university.degree,Desconocido,Sí,No
CLI007636,52,blue-collar,married,basic.9y,Desconocido,Sí,No
CLI007637,47,blue-collar,married,professional.course,No,Sí,Sí
CLI007638,44,blue-collar,single,high.school,Desconocido,No,No
CLI007639,53,admin.,married,university.degree,No,Sí,No
CLI007640,41,technician,married,professional.course,No,Sí,No
CLI007641,33,blue-collar,married,basic.9y,No,Sí,No
CLI007642,27,services,married,high.school,No,Sí,No
CLI007643,37,blue-collar,single,high.school,No,No,No
CLI007644,35,unemployed,single,basic.9y,No,No,No
CLI007645,37,self-employed,married,professional.course,No,Sí,No
CLI007646,34,technician,married,high.school,Desconocido,Sí,No
CLI007647,32,admin.,married,university.degree,Desconocido,Desconocido,Desconocido
CLI007648,35,entrepreneur,married,high.school,No,Sí,No
CLI007649,41,technician,married,professional.course,No,Sí,No
CLI007650,41,blue-collar,married,Desconocido,Desconocido,No,No
CLI007651,24,admin.,single,high.school,No,,No
CLI007652,56,admin.,married,basic.9y,No,Sí,
CLI007653,55,retired,divorced,high.school,Desconocido,Sí,No
CLI007654,46,blue-collar,married,basic.9y,Desconocido,Sí,Sí
CLI007655,29,admin.,married,,No,No,No
CLI007656,40,admin.,married,high.school,No,Sí,Sí
CLI007657,71,retired,married,basic.4y,No,No,No
CLI007658,35,admin.,divorced,high.school,No,Sí,No
CLI007659,47,housemaid,married,basic.4y,Desconocido,No,Sí
CLI007660,37,admin.,single,university.degree,No,Sí,No
CLI007661,52,blue-collar,divorced,basic.6y,Desconocido,Sí,No
CLI007662,37,blue-collar,married,basic.6y,Desconocido,Sí,No
CLI007663,31,management,married,university.degree,No,Sí,No
CLI007664,38,self-employed,married,basic.9y,No,Sí,Sí
CLI007665,55,blue-collar,divorced,basic.9y,No,Sí,No
CLI007666,55,retired,divorced,basic.6y,Desconocido,No,No
CLI007667,52,self-employed,married,university.degree,Desconocido,No,No
CLI007668,38,technician,married,university.degree,No,Sí,Sí
CLI007669,37,admin.,married,high.school,No,Sí,No
CLI007670,35,technician,single,professional.course,No,Desconocido,Desconocido
CLI007671,32,admin.,single,university.degree,No,No,No
CLI007672,33,technician,married,professional.course,No,No,No
CLI007673,62,blue-collar,married,high.school,No,Sí,No
CLI007674,33,blue-collar,married,basic.9y,No,No,Sí
CLI007675,36,entrepreneur,married,university.degree,Desconocido,No,No
CLI007676,38,blue-collar,married,Desconocido,No,Sí,No
CLI007677,33,self-employed,married,basic.9y,Desconocido,Sí,No
CLI007678,31,management,married,university.degree,No,No,No
CLI007679,55,management,single,basic.4y,No,Sí,No
CLI007680,27,blue-collar,single,high.school,No,No,No
CLI007681,61,retired,married,university.degree,No,No,No
CLI007682,27,admin.,single,university.degree,No,Sí,No
CLI007683,47,blue-collar,single,basic.6y,Desconocido,No,No
CLI007684,37,admin.,married,professional.course,No,No,No
CLI007685,42,services,single,high.school,No,Sí,No
CLI007686,50,admin.,married,university.degree,No,Sí,No
CLI007687,34,technician,divorced,professional.course,No,Sí,No
CLI007688,58,Desconocido,married,basic.4y,No,Sí,No
CLI007689,37,unemployed,married,university.degree,Desconocido,Sí,No
CLI007690,29,blue-collar,single,basic.9y,No,No,No
CLI007691,30,technician,single,professional.course,No,Sí,No
CLI007692,52,management,married,university.degree,No,Sí,No
CLI007693,38,admin.,divorced,university.degree,No,Sí,No
CLI007694,29,blue-collar,married,high.school,No,Sí,
CLI007695,60,admin.,married,high.school,No,Desconocido,Desconocido
CLI007696,30,self-employed,single,university.degree,No,Sí,No
CLI007697,33,services,single,basic.6y,Desconocido,No,No
CLI007698,26,admin.,single,Desconocido,No,No,Sí
CLI007699,41,services,married,high.school,No,Sí,No
CLI007700,52,admin.,divorced,university.degree,No,Sí,No
CLI007701,53,blue-collar,divorced,,No,Sí,No
CLI007702,28,admin.,single,high.school,No,Sí,Sí
CLI007703,76,retired,married,basic.4y,No,Sí,No
CLI007704,57,services,divorced,Desconocido,No,No,No
CLI007705,55,technician,married,university.degree,No,No,
CLI007706,41,blue-collar,married,high.school,No,No,No
CLI007707,44,technician,married,professional.course,No,No,No
CLI007708,32,technician,married,university.degree,No,Sí,No
CLI007709,42,admin.,married,basic.9y,No,Sí,No
CLI007710,33,admin.,single,university.degree,No,Sí,Sí
CLI007711,31,admin.,married,university.degree,No,No,No
CLI007712,34,blue-collar,married,basic.9y,No,Sí,No
CLI007713,56,blue-collar,married,basic.4y,No,No,No
CLI007714,36,entrepreneur,married,high.school,No,Sí,No
CLI007715,36,admin.,single,university.degree,No,No,No
CLI007716,24,technician,single,professional.course,No,No,No
CLI007717,26,technician,married,professional.course,No,,No
CLI007718,31,blue-collar,single,high.school,No,Sí,No
CLI007719,41,technician,divorced,professional.course,No,Desconocido,Desconocido
CLI007720,31,blue-collar,married,basic.6y,No,No,No
CLI007721,25,admin.,married,high.school,No,No,Sí
CLI007722,36,management,married,university.degree,No,No,No
CLI007723,43,blue-collar,single,basic.4y,No,No,No
CLI007724,47,admin.,married,university.degree,No,Sí,No
CLI007725,51,management,married,university.degree,Desconocido,No,No
CLI007726,36,entrepreneur,married,university.degree,No,Sí,Sí
CLI007727,41,blue-collar,divorced,basic.6y,No,Sí,No
CLI007728,47,admin.,single,university.degree,No,No,Sí
CLI007729,59,admin.,married,high.school,No,Sí,No
CLI007730,27,self-employed,married,basic.9y,No,Sí,No
CLI007731,32,admin.,single,university.degree,No,Sí,No
CLI007732,59,management,married,,No,Sí,No
CLI007733,37,blue-collar,married,professional.course,No,No,Sí
CLI007734,40,services,married,basic.6y,No,No,No
CLI007735,28,admin.,single,university.degree,No,No,Sí
CLI007736,54,technician,married,professional.course,Desconocido,Sí,No
CLI007737,42,housemaid,married,university.degree,No,Sí,No
CLI007738,29,admin.,married,high.school,No,Sí,No
CLI007739,33,admin.,married,high.school,No,No,Sí
CLI007740,46,housemaid,married,basic.4y,Desconocido,Sí,No
CLI007741,39,management,single,university.degree,No,No,No
CLI007742,45,technician,divorced,professional.course,No,No,No
CLI007743,37,management,married,university.degree,No,No,No
CLI007744,36,services,married,high.school,No,Desconocido,Desconocido
CLI007745,23,blue-collar,single,basic.9y,No,No,No
CLI007746,45,services,single,high.school,Desconocido,Sí,No
CLI007747,29,management,married,university.degree,No,Sí,No
CLI007748,37,housemaid,married,high.school,No,Sí,
CLI007749,38,entrepreneur,married,university.degree,No,Sí,No
CLI007750,34,blue-collar,married,high.school,No,Sí,No
CLI007751,28,services,married,high.school,No,No,No
CLI007752,46,blue-collar,married,basic.4y,Desconocido,No,No
CLI007753,31,blue-collar,single,high.school,No,No,No
CLI007754,27,management,single,university.degree,No,Sí,No
CLI007755,43,blue-collar,married,basic.4y,Desconocido,Sí,No
CLI007756,32,self-employed,single,professional.course,Desconocido,No,No
CLI007757,30,admin.,single,university.degree,No,Sí,No
CLI007758,36,admin.,divorced,high.school,No,No,Sí
CLI007759,48,blue-collar,married,basic.4y,Desconocido,No,No
CLI007760,28,technician,single,professional.course,No,Sí,No
CLI007761,30,blue-collar,married,basic.4y,No,Sí,No
CLI007762,50,blue-collar,single,basic.9y,Desconocido,No,No
CLI007763,50,management,married,basic.6y,No,No,No
CLI007764,44,housemaid,married,basic.4y,No,Sí,No
CLI007765,30,technician,married,university.degree,Desconocido,Sí,No
CLI007766,37,technician,married,professional.course,No,Sí,No
CLI007767,32,admin.,married,high.school,No,Sí,No
CLI007768,41,services,single,high.school,No,Sí,Sí
CLI007769,42,entrepreneur,single,university.degree,No,Sí,No
CLI007770,35,blue-collar,married,basic.4y,Desconocido,Sí,No
CLI007771,45,blue-collar,married,basic.4y,No,Sí,No
CLI007772,48,blue-collar,married,basic.9y,No,Sí,No
CLI007773,58,management,Desconocido,university.degree,No,Sí,No
CLI007774,56,blue-collar,married,basic.4y,Desconocido,Sí,No
CLI007775,41,self-employed,married,university.degree,No,No,No
CLI007776,46,services,married,basic.4y,Desconocido,No,No
CLI007777,43,management,married,university.degree,No,No,No
CLI007778,37,self-employed,married,university.degree,No,No,No
CLI007779,51,services,married,high.school,No,Sí,No
CLI007780,29,technician,single,professional.course,No,No,No
CLI007781,43,blue-collar,married,basic.4y,Desconocido,No,No
CLI007782,33,admin.,married,university.degree,No,Sí,No
CLI007783,58,blue-collar,married,basic.9y,No,No,No
CLI007784,38,management,married,university.degree,Desconocido,No,No
CLI007785,37,technician,married,professional.course,No,No,No
CLI007786,52,entrepreneur,married,Desconocido,No,Sí,No
CLI007787,41,blue-collar,married,basic.9y,No,Sí,Sí
CLI007788,45,housemaid,married,basic.4y,Desconocido,No,No
CLI007789,32,admin.,single,university.degree,No,No,No
CLI007790,56,admin.,married,professional.course,No,Sí,No
CLI007791,71,retired,married,basic.4y,No,Sí,No
CLI007792,81,retired,married,professional.course,No,Sí,No
CLI007793,36,admin.,single,university.degree,No,Sí,No
CLI007794,56,management,married,university.degree,No,Sí,No
CLI007795,37,technician,single,university.degree,No,No,Sí
CLI007796,35,admin.,single,university.degree,No,Sí,Sí
CLI007797,41,technician,married,professional.course,No,Desconocido,Desconocido
CLI007798,41,blue-collar,married,Desconocido,No,No,Sí
CLI007799,55,retired,married,basic.4y,No,No,No
CLI007800,43,blue-collar,married,basic.9y,No,No,
CLI007801,45,blue-collar,married,basic.4y,No,Sí,No
CLI007802,49,admin.,divorced,university.degree,No,Sí,No
CLI007803,34,self-employed,single,university.degree,No,No,No
CLI007804,32,admin.,single,high.school,No,No,No
CLI007805,52,admin.,divorced,university.degree,No,Sí,Sí
CLI007806,60,retired,married,basic.4y,No,No,No
CLI007807,49,self-employed,married,professional.course,No,No,Sí
CLI007808,33,blue-collar,married,basic.6y,No,Sí,No
CLI007809,31,technician,single,university.degree,No,No,Sí
CLI007810,32,admin.,married,high.school,No,No,No
CLI007811,38,admin.,married,high.school,No,Sí,Sí
CLI007812,27,admin.,single,university.degree,Desconocido,Sí,No
CLI007813,58,blue-collar,married,basic.9y,Desconocido,Sí,No
CLI007814,39,services,married,high.school,No,Sí,No
CLI007815,31,technician,single,high.school,No,Sí,No
CLI007816,57,admin.,married,university.degree,Desconocido,No,
CLI007817,48,admin.,single,university.degree,No,Sí,No
CLI007818,54,management,divorced,university.degree,No,Sí,No
CLI007819,31,management,married,university.degree,No,Sí,Sí
CLI007820,32,unemployed,divorced,high.school,No,No,No
CLI007821,35,technician,married,professional.course,No,No,No
CLI007822,98,retired,married,basic.4y,Desconocido,Sí,No
CLI007823,33,technician,divorced,professional.course,No,No,No
CLI007824,46,services,married,high.school,No,Sí,No
CLI007825,60,entrepreneur,married,Desconocido,No,No,No
CLI007826,48,technician,married,university.degree,No,No,No
CLI007827,36,blue-collar,married,basic.6y,No,Sí,Sí
CLI007828,32,blue-collar,married,basic.4y,No,Sí,No
CLI007829,64,housemaid,married,basic.4y,No,,Sí
CLI007830,38,admin.,single,university.degree,No,Sí,No
CLI007831,37,technician,single,university.degree,No,No,No
CLI007832,49,blue-collar,married,basic.9y,Desconocido,No,No
CLI007833,49,services,married,basic.6y,No,Sí,No
CLI007834,48,blue-collar,married,basic.6y,No,No,No
CLI007835,19,student,single,Desconocido,No,Sí,Sí
CLI007836,33,admin.,single,high.school,No,No,No
CLI007837,43,admin.,married,high.school,No,No,No
CLI007838,40,blue-collar,married,basic.9y,No,No,No
CLI007839,39,student,single,Desconocido,No,Sí,No
CLI007840,43,blue-collar,married,basic.4y,No,No,No
CLI007841,32,technician,single,Desconocido,No,Sí,Sí
CLI007842,47,management,married,university.degree,No,No,No
CLI007843,46,entrepreneur,married,professional.course,Desconocido,No,No
CLI007844,29,services,single,high.school,No,Sí,No
CLI007845,37,admin.,married,university.degree,No,Sí,No
CLI007846,42,technician,single,high.school,No,Sí,No
CLI007847,29,technician,single,university.degree,No,Sí,No
CLI007848,30,unemployed,married,high.school,No,No,Sí
CLI007849,52,entrepreneur,married,university.degree,Desconocido,Sí,No
CLI007850,26,management,single,university.degree,Desconocido,Sí,No
CLI007851,44,technician,married,university.degree,No,No,No
CLI007852,44,technician,single,professional.course,No,Sí,No
CLI007853,56,admin.,married,university.degree,No,Desconocido,Desconocido
CLI007854,38,management,married,university.degree,No,No,No
CLI007855,56,technician,married,professional.course,Desconocido,Sí,
CLI007856,45,services,married,basic.9y,No,No,No
CLI007857,31,admin.,single,high.school,No,No,No
CLI007858,25,blue-collar,single,high.school,Desconocido,Sí,No
CLI007859,37,admin.,married,high.school,No,No,No
CLI007860,44,admin.,married,university.degree,No,,Sí
CLI007861,31,blue-collar,single,high.school,No,Sí,Sí
CLI007862,36,admin.,single,university.degree,No,Sí,No
CLI007863,35,services,single,high.school,No,No,Sí
CLI007864,42,blue-collar,married,basic.4y,Desconocido,Desconocido,Desconocido
CLI007865,28,technician,married,university.degree,No,Sí,No
CLI007866,44,admin.,divorced,high.school,No,No,No
CLI007867,36,technician,married,university.degree,No,Sí,No
CLI007868,38,admin.,divorced,university.degree,No,No,No
CLI007869,36,blue-collar,married,basic.9y,No,No,No
CLI007870,46,management,married,university.degree,No,No,No
CLI007871,23,services,single,high.school,No,No,No
CLI007872,60,management,married,university.degree,Desconocido,No,Sí
CLI007873,29,admin.,married,professional.course,No,Sí,No
CLI007874,60,retired,married,university.degree,No,No,No
CLI007875,57,housemaid,married,basic.6y,No,No,Sí
CLI007876,37,admin.,married,high.school,Desconocido,Sí,No
CLI007877,44,management,divorced,university.degree,No,No,No
CLI007878,35,unemployed,married,university.degree,No,No,No
CLI007879,51,services,married,high.school,No,Desconocido,Desconocido
CLI007880,45,management,married,Desconocido,Desconocido,No,Sí
CLI007881,35,unemployed,single,university.degree,No,No,No
CLI007882,49,management,married,university.degree,No,Sí,No
CLI007883,42,admin.,married,university.degree,No,No,No
CLI007884,31,admin.,single,university.degree,No,Sí,No
CLI007885,30,services,married,high.school,No,No,Sí
CLI007886,52,unemployed,divorced,high.school,No,No,No
CLI007887,39,entrepreneur,single,university.degree,No,Sí,No
CLI007888,38,technician,single,,No,Sí,No
CLI007889,39,admin.,married,,No,No,No
CLI007890,42,admin.,single,university.degree,No,No,No
CLI007891,38,services,married,basic.9y,No,No,No
CLI007892,51,blue-collar,married,basic.6y,Desconocido,Sí,No
CLI007893,35,technician,divorced,professional.course,No,No,Sí
CLI007894,39,blue-collar,divorced,basic.9y,No,No,No
CLI007895,28,services,married,high.school,No,Sí,No
CLI007896,40,admin.,married,high.school,No,,No
CLI007897,76,retired,married,university.degree,No,Sí,No
CLI007898,30,blue-collar,single,high.school,No,Sí,No
CLI007899,55,blue-collar,married,basic.4y,No,Sí,Sí
CLI007900,39,blue-collar,single,professional.course,No,No,No
CLI007901,35,technician,married,professional.course,No,Sí,No
CLI007902,34,unemployed,married,high.school,No,Desconocido,Desconocido
CLI007903,41,technician,married,,No,No,No
CLI007904,40,services,divorced,high.school,No,Sí,No
CLI007905,54,retired,married,basic.9y,No,No,Sí
CLI007906,45,blue-collar,married,basic.4y,Desconocido,Sí,
CLI007907,40,blue-collar,single,basic.9y,No,Sí,Sí
CLI007908,30,technician,married,professional.course,No,Sí,Sí
CLI007909,33,services,married,high.school,No,Sí,Sí
CLI007910,39,management,divorced,basic.9y,Desconocido,Sí,No
CLI007911,27,self-employed,single,university.degree,No,No,No
CLI007912,29,admin.,single,high.school,No,Sí,No
CLI007913,44,blue-collar,single,basic.6y,Desconocido,Sí,No
CLI007914,43,services,divorced,high.school,No,Sí,No
CLI007915,51,blue-collar,married,basic.9y,Desconocido,,No
CLI007916,40,admin.,married,high.school,Desconocido,No,Sí
CLI007917,59,admin.,married,Desconocido,No,No,No
CLI007918,25,self-employed,single,university.degree,No,Sí,No
CLI007919,37,Desconocido,single,university.degree,No,No,No
CLI007920,45,admin.,divorced,university.degree,No,Sí,No
CLI007921,40,admin.,divorced,high.school,No,Sí,No
CLI007922,56,entrepreneur,married,university.degree,Desconocido,Sí,No
CLI007923,28,blue-collar,married,basic.9y,Desconocido,Sí,No
CLI007924,45,blue-collar,married,basic.6y,No,Sí,No
CLI007925,35,technician,married,high.school,No,Sí,Sí
CLI007926,60,blue-collar,married,basic.4y,No,Sí,No
CLI007927,32,technician,single,professional.course,No,No,No
CLI007928,29,blue-collar,single,high.school,No,Sí,Sí
CLI007929,35,admin.,divorced,basic.9y,Desconocido,Sí,No
CLI007930,36,management,married,university.degree,No,Desconocido,Desconocido
CLI007931,53,admin.,divorced,university.degree,No,Sí,Sí
CLI007932,76,retired,married,university.degree,No,Desconocido,Desconocido
CLI007933,45,blue-collar,married,high.school,Desconocido,Sí,No
CLI007934,33,admin.,married,high.school,No,Sí,No
CLI007935,46,technician,single,basic.9y,No,No,No
CLI007936,51,management,married,university.degree,No,Sí,No
CLI007937,39,blue-collar,married,high.school,No,Sí,No
CLI007938,29,self-employed,single,university.degree,No,Sí,Sí
CLI007939,51,blue-collar,married,basic.4y,No,Sí,No
CLI007940,33,blue-collar,single,high.school,No,Sí,No
CLI007941,49,blue-collar,divorced,Desconocido,Desconocido,Sí,No
CLI007942,53,retired,married,high.school,Desconocido,No,No
CLI007943,26,services,single,university.degree,No,Sí,
CLI007944,57,services,married,high.school,Desconocido,Sí,No
CLI007945,32,housemaid,married,basic.4y,No,No,No
CLI007946,27,admin.,single,high.school,No,Sí,No
CLI007947,47,management,married,university.degree,No,No,No
CLI007948,39,admin.,married,basic.4y,No,Sí,No
CLI007949,54,management,divorced,university.degree,No,Sí,No
CLI007950,47,blue-collar,married,basic.4y,Desconocido,No,No
CLI007951,31,admin.,single,basic.9y,No,Sí,No
CLI007952,32,admin.,single,university.degree,No,Sí,No
CLI007953,30,services,married,basic.9y,No,Sí,No
CLI007954,29,admin.,single,university.degree,Desconocido,Sí,No
CLI007955,38,blue-collar,married,basic.9y,No,Sí,Sí
CLI007956,39,admin.,married,high.school,No,Sí,No
CLI007957,33,admin.,married,basic.9y,No,No,No
CLI007958,28,technician,married,basic.9y,No,Sí,No
CLI007959,37,technician,married,professional.course,No,No,No
CLI007960,31,admin.,single,university.degree,No,No,No
CLI007961,62,retired,married,professional.course,No,Sí,Sí
CLI007962,32,services,single,high.school,No,Sí,No
CLI007963,45,self-employed,married,university.degree,Desconocido,No,No
CLI007964,28,admin.,single,university.degree,No,Sí,Sí
CLI007965,50,blue-collar,married,Desconocido,Desconocido,Sí,No
CLI007966,55,blue-collar,married,basic.9y,No,Sí,No
CLI007967,32,technician,divorced,professional.course,No,No,No
CLI007968,45,technician,married,high.school,No,Sí,No
CLI007969,30,technician,divorced,professional.course,No,Sí,No
CLI007970,36,admin.,single,university.degree,No,No,No
CLI007971,50,management,divorced,university.degree,No,Sí,No
CLI007972,29,student,single,high.school,Desconocido,No,No
CLI007973,33,services,single,basic.6y,Desconocido,No,No
CLI007974,57,retired,married,professional.course,No,Sí,No
CLI007975,48,unemployed,married,high.school,Desconocido,Sí,Sí
CLI007976,35,blue-collar,single,professional.course,No,No,Sí
CLI007977,36,admin.,single,university.degree,No,No,No
CLI007978,33,blue-collar,married,basic.6y,No,No,No
CLI007979,47,management,married,university.degree,Desconocido,,No
CLI007980,46,admin.,married,university.degree,No,Sí,No
CLI007981,33,blue-collar,married,basic.6y,No,No,No
CLI007982,50,blue-collar,married,basic.6y,Desconocido,No,No
CLI007983,47,unemployed,married,high.school,No,Sí,No
CLI007984,39,admin.,married,professional.course,No,No,No
CLI007985,51,blue-collar,married,basic.9y,No,No,No
CLI007986,55,management,divorced,university.degree,No,Sí,No
CLI007987,21,student,single,basic.4y,No,No,No
CLI007988,59,technician,married,basic.9y,No,No,No
CLI007989,46,technician,married,professional.course,No,Sí,No
CLI007990,48,admin.,married,university.degree,No,Sí,Sí
CLI007991,45,blue-collar,married,basic.9y,No,,No
CLI007992,47,self-employed,married,university.degree,No,No,No
CLI007993,50,admin.,married,high.school,Desconocido,No,No
CLI007994,43,admin.,married,university.degree,No,Sí,No
CLI007995,26,blue-collar,single,high.school,Desconocido,,No
CLI007996,54,admin.,married,university.degree,No,No,No
CLI007997,45,admin.,divorced,high.school,No,No,No
CLI007998,31,technician,married,basic.9y,No,,Sí
CLI007999,40,admin.,divorced,university.degree,No,No,Sí
CLI008000,57,admin.,married,university.degree,Desconocido,No,No
