fila_original,clase_real,probabilidad_Regresión logística,prediccion_Regresión logística,probabilidad_Árbol,prediccion_Árbol,probabilidad_k vecinos,prediccion_k vecinos,probabilidad_Random forest,prediccion_Random forest
2266,No,0.03135073778598215,No,0.04044943820224719,No,0.06666666666666667,No,0.033710628037347694,No
4086,Sí,0.20349093497765916,No,0.13131313131313133,No,0.13333333333333333,No,0.17377969216232558,No
6142,Sí,0.30509158531030717,No,0.34797297297297297,No,0.4666666666666667,No,0.4536201984035194,No
3003,No,0.06964605622591784,No,0.06006006006006006,No,0.0,No,0.0730090509267794,No
6853,No,0.06698879667740848,No,0.06006006006006006,No,0.06666666666666667,No,0.055293923087893285,No
4643,No,0.04034920907990474,No,0.06006006006006006,No,0.13333333333333333,No,0.09780808044125414,No
5489,Sí,0.876728344089994,Sí,0.7317073170731707,Sí,0.7333333333333333,Sí,0.755806691717729,Sí
1083,No,0.04206005724408748,No,0.04044943820224719,No,0.06666666666666667,No,0.055949697166602176,No
7259,No,0.03343094056436214,No,0.04044943820224719,No,0.0,No,0.04175525286398935,No
6366,No,0.055940475591061835,No,0.04044943820224719,No,0.0,No,0.026778370195470965,No
6968,No,0.035763989675384064,No,0.04044943820224719,No,0.06666666666666667,No,0.055794913015226634,No
6883,No,0.0463546400124702,No,0.06006006006006006,No,0.0,No,0.028785241168092793,No
6639,No,0.04257867125722792,No,0.06006006006006006,No,0.13333333333333333,No,0.040756736240354106,No
1842,No,0.017667580766245184,No,0.06006006006006006,No,0.06666666666666667,No,0.03839301196010927,No
5443,No,0.029562118312621455,No,0.06006006006006006,No,0.0,No,0.03340806909376119,No
5751,No,0.049141314768594214,No,0.04044943820224719,No,0.0,No,0.03299264849672892,No
3405,No,0.08131948033480041,No,0.06006006006006006,No,0.0,No,0.05220251367502688,No
4530,No,0.08948659850949539,No,0.13333333333333333,No,0.06666666666666667,No,0.07355412860560367,No
633,Sí,0.27528119023527126,No,0.48333333333333334,No,0.4666666666666667,No,0.38200861745978953,No
4135,No,0.028631902197428557,No,0.06006006006006006,No,0.13333333333333333,No,0.057583233264051875,No
5925,Sí,0.25598206625275216,No,0.48333333333333334,No,0.3333333333333333,No,0.34159565647400275,No
4053,No,0.069053390236537,No,0.04044943820224719,No,0.0,No,0.04299553403107652,No
7908,No,0.04096192867492908,No,0.04044943820224719,No,0.06666666666666667,No,0.04515842583165563,No
2975,No,0.060461727248510566,No,0.06006006006006006,No,0.13333333333333333,No,0.06696131396409542,No
1460,No,0.03317406925012351,No,0.04044943820224719,No,0.0,No,0.03423378312064609,No
129,No,0.026701741618896692,No,0.06006006006006006,No,0.0,No,0.025404852111235554,No
2363,No,0.03198766859602442,No,0.04044943820224719,No,0.06666666666666667,No,0.06250168709789593,No
127,No,0.07810600135724372,No,0.06006006006006006,No,0.06666666666666667,No,0.08270341142064215,No
4819,No,0.10292343147172357,No,0.06006006006006006,No,0.0,No,0.04148341070334998,No
6959,No,0.03581021784842998,No,0.06006006006006006,No,0.0,No,0.0514874285663925,No
807,No,0.04150618165002007,No,0.04044943820224719,No,0.0,No,0.021867110505882584,No
7264,No,0.04753048367845818,No,0.04044943820224719,No,0.06666666666666667,No,0.04495756001891189,No
791,No,0.04863446042547238,No,0.06006006006006006,No,0.2,No,0.08985312099210936,No
6210,No,0.023739391643523726,No,0.04044943820224719,No,0.06666666666666667,No,0.06276712182046966,No
6893,No,0.09017345989230388,No,0.06006006006006006,No,0.06666666666666667,No,0.04571425660044344,No
245,No,0.04143078757754597,No,0.04044943820224719,No,0.0,No,0.022503799590665337,No
2318,No,0.23656882912325225,No,0.13131313131313133,No,0.2,No,0.14115212344733918,No
6251,No,0.04765288525221837,No,0.06006006006006006,No,0.13333333333333333,No,0.042865116391266195,No
1488,No,0.03056269942973742,No,0.04044943820224719,No,0.0,No,0.032544787156222416,No
6555,No,0.06475370463475283,No,0.06006006006006006,No,0.0,No,0.058231202804391015,No
6182,No,0.044873615172283866,No,0.04044943820224719,No,0.06666666666666667,No,0.03969821782623496,No
4390,No,0.12502477605083595,No,0.06006006006006006,No,0.2,No,0.076595172992466,No
7214,No,0.45811383599670724,No,0.4896551724137931,No,0.4666666666666667,No,0.37200003731100534,No
438,No,0.06986383627967815,No,0.06006006006006006,No,0.0,No,0.06570826436708364,No
2776,No,0.06048082520383558,No,0.04044943820224719,No,0.0,No,0.02581985224424336,No
4638,No,0.09084168938585124,No,0.06006006006006006,No,0.13333333333333333,No,0.11644074170765933,No
7096,No,0.04187103308138938,No,0.06006006006006006,No,0.06666666666666667,No,0.04099237026543556,No
1385,No,0.08633327309616423,No,0.06006006006006006,No,0.13333333333333333,No,0.05358397513808034,No
3094,No,0.008060163322811566,No,0.06006006006006006,No,0.0,No,0.06856617392791736,No
5171,Sí,0.0967456386341135,No,0.06006006006006006,No,0.0,No,0.062044956481804914,No
3542,No,0.059812929111549666,No,0.06006006006006006,No,0.06666666666666667,No,0.0703536584846198,No
899,Sí,0.04205369854291789,No,0.04044943820224719,No,0.0,No,0.04351433086692563,No
5121,No,0.058650320449242954,No,0.04044943820224719,No,0.0,No,0.042644880517431205,No
4508,No,0.056820906853997606,No,0.06006006006006006,No,0.0,No,0.04761394097071759,No
4906,No,0.09632726621166755,No,0.06006006006006006,No,0.0,No,0.09138907866041737,No
7084,No,0.03765050713938857,No,0.06006006006006006,No,0.0,No,0.039673612640332305,No
6797,Sí,0.4590329624931456,No,0.4896551724137931,No,0.9333333333333333,Sí,0.5412625507200368,Sí
1683,No,0.34139227665101923,No,0.34797297297297297,No,0.3333333333333333,No,0.39276716422280783,No
6352,No,0.03247938337433018,No,0.06006006006006006,No,0.0,No,0.05438523187290896,No
5129,Sí,0.39645928771827055,No,0.34797297297297297,No,0.3333333333333333,No,0.32831103469061673,No
4571,No,0.35330104053768135,No,0.13131313131313133,No,0.4,No,0.32639186499892375,No
3540,Sí,0.31146479986572223,No,0.34797297297297297,No,0.4,No,0.37202544776420404,No
900,No,0.09128211528687805,No,0.06006006006006006,No,0.13333333333333333,No,0.11499266957719492,No
2825,Sí,0.6552151136859025,Sí,0.6753246753246753,Sí,0.7333333333333333,Sí,0.6933917891778649,Sí
5162,No,0.06490784018134789,No,0.06006006006006006,No,0.13333333333333333,No,0.0716500036244926,No
6322,No,0.02966090734573346,No,0.06006006006006006,No,0.06666666666666667,No,0.04785719431291188,No
3145,No,0.044536337501568504,No,0.06006006006006006,No,0.0,No,0.04159409907514242,No
1087,No,0.05870172253385887,No,0.06006006006006006,No,0.13333333333333333,No,0.039436888894054146,No
3074,Sí,0.05895399305460741,No,0.06006006006006006,No,0.13333333333333333,No,0.05177418403993624,No
6709,No,0.06151704187061785,No,0.06006006006006006,No,0.0,No,0.04585379538051541,No
7283,No,0.03669469925382096,No,0.04044943820224719,No,0.0,No,0.020831232595299867,No
7744,No,0.03362950185945623,No,0.06006006006006006,No,0.06666666666666667,No,0.058059251899090884,No
1747,Sí,0.06202763193896507,No,0.06006006006006006,No,0.0,No,0.02215871761338181,No
6809,No,0.032482254384295445,No,0.04044943820224719,No,0.0,No,0.03271469953212482,No
3605,No,0.07529698902193543,No,0.06006006006006006,No,0.2,No,0.08546665446518098,No
2717,No,0.042124791406091225,No,0.04044943820224719,No,0.06666666666666667,No,0.09832079229317572,No
3305,No,0.04011280423749503,No,0.04044943820224719,No,0.0,No,0.021856772385731818,No
2897,No,0.49198184864831773,No,0.4896551724137931,No,0.6,Sí,0.45440789801596376,No
2905,No,0.11707006956314008,No,0.06006006006006006,No,0.06666666666666667,No,0.0935944755479546,No
5599,No,0.03631621977329087,No,0.04044943820224719,No,0.2,No,0.0477276752975382,No
3686,No,0.06686444653755674,No,0.06006006006006006,No,0.06666666666666667,No,0.057901381112571,No
1180,Sí,0.3056255210352747,No,0.4896551724137931,No,0.4666666666666667,No,0.41192074304719023,No
553,No,0.04112074537401818,No,0.06006006006006006,No,0.26666666666666666,No,0.04111413642577663,No
3981,No,0.041507941394694374,No,0.04044943820224719,No,0.13333333333333333,No,0.057237427831796604,No
7145,No,0.2063623504173706,No,0.34797297297297297,No,0.4,No,0.35457289881009896,No
5131,Sí,0.10093108518679234,No,0.06006006006006006,No,0.06666666666666667,No,0.15010340200657152,No
3462,No,0.04333389919753084,No,0.04044943820224719,No,0.13333333333333333,No,0.05131055461912227,No
6563,No,0.04990813743876122,No,0.06006006006006006,No,0.0,No,0.04774372042166563,No
535,No,0.08088235230990466,No,0.06006006006006006,No,0.2,No,0.09506647898745893,No
2311,No,0.05922254117094645,No,0.06006006006006006,No,0.13333333333333333,No,0.070432598375129,No
3990,No,0.1533957791117222,No,0.34797297297297297,No,0.3333333333333333,No,0.31299223079091265,No
4995,No,0.229487852803662,No,0.41304347826086957,No,0.06666666666666667,No,0.2021091199282364,No
2368,No,0.019601890283121332,No,0.04044943820224719,No,0.06666666666666667,No,0.03485878654267635,No
1565,No,0.08695906653348828,No,0.06006006006006006,No,0.13333333333333333,No,0.06569995592927858,No
2343,No,0.026957587557130333,No,0.04044943820224719,No,0.0,No,0.031356161721483984,No
5993,No,0.4520461643571942,No,0.34797297297297297,No,0.2,No,0.3360649942865812,No
930,No,0.08846710559701114,No,0.19298245614035087,No,0.3333333333333333,No,0.2646804617591457,No
1123,No,0.11289300842293115,No,0.13333333333333333,No,0.0,No,0.0934724291873496,No
2195,No,0.02472086908920765,No,0.04044943820224719,No,0.2,No,0.06784798909170014,No
3769,No,0.04749098967963558,No,0.04044943820224719,No,0.0,No,0.07197918794710394,No
2476,No,0.05789413443489947,No,0.04044943820224719,No,0.0,No,0.02677546203634219,No
6464,No,0.11215566072195492,No,0.13333333333333333,No,0.06666666666666667,No,0.08051916464931866,No
6772,No,0.08842378692437108,No,0.13333333333333333,No,0.13333333333333333,No,0.0755353286092549,No
7209,No,0.049349583194357206,No,0.04044943820224719,No,0.06666666666666667,No,0.08954125960592879,No
5034,Sí,0.3974940062814749,No,0.4896551724137931,No,0.6666666666666666,Sí,0.46576837513741604,No
6122,No,0.3514036738615012,No,0.024390243902439025,No,0.2,No,0.14718866457647367,No
7781,No,0.05515909137925968,No,0.06006006006006006,No,0.0,No,0.024202606771367218,No
3830,No,0.08291856512185433,No,0.13333333333333333,No,0.06666666666666667,No,0.051128768983243075,No
2253,No,0.057482383946667215,No,0.04044943820224719,No,0.06666666666666667,No,0.07454123791538096,No
2566,No,0.04597828685498496,No,0.06006006006006006,No,0.13333333333333333,No,0.06475407860148945,No
7860,No,0.17134393330439324,No,0.34797297297297297,No,0.4666666666666667,No,0.36629735506794964,No
7592,Sí,0.3617597248043876,No,0.4896551724137931,No,0.7333333333333333,Sí,0.44386122728799526,No
2788,No,0.03831393497050209,No,0.06006006006006006,No,0.0,No,0.034850351684008074,No
662,No,0.33186529548934673,No,0.4896551724137931,No,0.6,Sí,0.480247042022538,No
3955,No,0.05165941927584538,No,0.06006006006006006,No,0.0,No,0.029479205247695327,No
2183,No,0.10117292877879684,No,0.06006006006006006,No,0.13333333333333333,No,0.0835943560484875,No
3995,No,0.23283529670550723,No,0.13131313131313133,No,0.26666666666666666,No,0.17193362891415107,No
822,No,0.058223780803415476,No,0.04044943820224719,No,0.0,No,0.030482274749869677,No
2362,No,0.04326248416597138,No,0.04044943820224719,No,0.0,No,0.034694371548525664,No
5470,No,0.03692319682035525,No,0.06006006006006006,No,0.06666666666666667,No,0.03137340538424905,No
7559,No,0.059683240479552514,No,0.04044943820224719,No,0.06666666666666667,No,0.035175505844905704,No
3057,No,0.053605456657562514,No,0.04044943820224719,No,0.06666666666666667,No,0.043159225997866445,No
3044,No,0.035302789669942485,No,0.04044943820224719,No,0.06666666666666667,No,0.03931652936807138,No
2287,No,0.0905498710559294,No,0.06006006006006006,No,0.06666666666666667,No,0.0782357801997482,No
1184,Sí,0.6509034945103795,Sí,0.7317073170731707,Sí,0.7333333333333333,Sí,0.6854225532031656,Sí
2818,No,0.03476788948705398,No,0.04044943820224719,No,0.0,No,0.05958674225353648,No
3320,No,0.027806088915647995,No,0.04044943820224719,No,0.0,No,0.029338821745550754,No
184,No,0.05136774371605829,No,0.06006006006006006,No,0.06666666666666667,No,0.043739928222335515,No
2041,No,0.0848864183218525,No,0.06006006006006006,No,0.0,No,0.06475544370967884,No
549,No,0.033938584713643485,No,0.04044943820224719,No,0.06666666666666667,No,0.03697643042493283,No
7429,Sí,0.6771912225320926,Sí,0.6753246753246753,Sí,0.6666666666666666,Sí,0.6269899820054974,Sí
1605,No,0.10037695685681756,No,0.0603448275862069,No,0.06666666666666667,No,0.10140890603737769,No
1427,No,0.04136798613586743,No,0.04044943820224719,No,0.0,No,0.03676482267136033,No
2001,No,0.2732908151162514,No,0.13131313131313133,No,0.26666666666666666,No,0.3385595400614991,No
3393,No,0.03883398650217367,No,0.06006006006006006,No,0.26666666666666666,No,0.06986770234610168,No
2819,No,0.019009329371434028,No,0.04044943820224719,No,0.0,No,0.0596680159752363,No
7716,No,0.09879246704657377,No,0.06006006006006006,No,0.0,No,0.06706970670968712,No
5776,No,0.06963808159350562,No,0.06006006006006006,No,0.0,No,0.05183591376672165,No
6645,No,0.04544690948442532,No,0.04044943820224719,No,0.06666666666666667,No,0.05051913511906586,No
4000,No,0.04357471616196882,No,0.04044943820224719,No,0.06666666666666667,No,0.03776274526998088,No
2490,No,0.07618828682641354,No,0.06006006006006006,No,0.0,No,0.058187506506295235,No
3984,No,0.033098161613887365,No,0.04044943820224719,No,0.2,No,0.05862554457869156,No
2450,No,0.5910479094243818,Sí,0.34797297297297297,No,0.4,No,0.43559335911445374,No
4924,No,0.018030906484511992,No,0.06006006006006006,No,0.0,No,0.019148702343186785,No
3782,No,0.06822905978739742,No,0.06006006006006006,No,0.13333333333333333,No,0.08484730847018225,No
5697,No,0.1200705268921854,No,0.13131313131313133,No,0.13333333333333333,No,0.08844785214852058,No
7706,No,0.06143542599870695,No,0.04044943820224719,No,0.0,No,0.03257192609555499,No
6670,No,0.08641122249618054,No,0.06006006006006006,No,0.0,No,0.046503915825363826,No
1969,No,0.02728278121002763,No,0.04044943820224719,No,0.0,No,0.017880399140314678,No
2270,No,0.08426557045215675,No,0.13333333333333333,No,0.13333333333333333,No,0.12497370160510836,No
6632,No,0.09538163917453986,No,0.06006006006006006,No,0.06666666666666667,No,0.046310832154020695,No
731,No,0.08017728287088566,No,0.06006006006006006,No,0.06666666666666667,No,0.09126456275026448,No
4752,No,0.12553503384551373,No,0.13131313131313133,No,0.06666666666666667,No,0.10073318199310158,No
6658,No,0.4391212649476209,No,0.34797297297297297,No,0.6666666666666666,Sí,0.5926949374239723,Sí
2793,No,0.0909828129602834,No,0.06006006006006006,No,0.06666666666666667,No,0.06825286036095259,No
5134,No,0.04575206356701048,No,0.04044943820224719,No,0.06666666666666667,No,0.029550410700150187,No
1611,Sí,0.8922720909086664,Sí,0.6753246753246753,Sí,0.8,Sí,0.7119832643229471,Sí
5,No,0.26613310399808676,No,0.06006006006006006,No,0.6,Sí,0.39376824070057626,No
4639,No,0.0618835750207164,No,0.06006006006006006,No,0.0,No,0.03265345667810672,No
5363,No,0.07726010156893376,No,0.13333333333333333,No,0.06666666666666667,No,0.10852604071235691,No
695,No,0.08170335007859703,No,0.06006006006006006,No,0.2,No,0.06850207044906853,No
1506,No,0.06044261296217057,No,0.13131313131313133,No,0.13333333333333333,No,0.1324336344126416,No
697,No,0.02960330919576273,No,0.06006006006006006,No,0.13333333333333333,No,0.051012538751113314,No
6728,No,0.050184145247209606,No,0.04044943820224719,No,0.0,No,0.0367397213729352,No
2809,No,0.07972869861297459,No,0.06006006006006006,No,0.0,No,0.04184041181224621,No
1031,No,0.062440040262156535,No,0.06006006006006006,No,0.0,No,0.06434894619229609,No
4398,Sí,0.038364830401581916,No,0.04044943820224719,No,0.0,No,0.022018064775357914,No
7675,No,0.06781974038487813,No,0.06006006006006006,No,0.06666666666666667,No,0.06330047369381127,No
4016,No,0.08053340942779849,No,0.13333333333333333,No,0.06666666666666667,No,0.11422036183286889,No
6383,No,0.27572597855832454,No,0.13131313131313133,No,0.3333333333333333,No,0.3188873810801183,No
7183,No,0.08949062662763956,No,0.06006006006006006,No,0.0,No,0.07463551967578406,No
2170,No,0.027157802632754545,No,0.04044943820224719,No,0.0,No,0.03953641089461542,No
6492,No,0.04745626569731622,No,0.06006006006006006,No,0.0,No,0.061056628906547984,No
1926,No,0.04573780249122748,No,0.06006006006006006,No,0.06666666666666667,No,0.03691324528144353,No
5603,No,0.06419218086549949,No,0.04044943820224719,No,0.0,No,0.0261044345669211,No
2407,No,0.03650025005003851,No,0.04044943820224719,No,0.13333333333333333,No,0.1068548557364974,No
281,No,0.0576058719709233,No,0.06006006006006006,No,0.06666666666666667,No,0.052688528290915644,No
5357,No,0.08141694769672621,No,0.06006006006006006,No,0.06666666666666667,No,0.08645865484240173,No
7831,No,0.04624928736606127,No,0.06006006006006006,No,0.2,No,0.06468305084621645,No
1349,No,0.081494789027265,No,0.13333333333333333,No,0.13333333333333333,No,0.10224833070204294,No
7435,No,0.0549980393854641,No,0.06006006006006006,No,0.0,No,0.03299589407644455,No
1495,No,0.5482326698510037,Sí,0.4896551724137931,No,0.26666666666666666,No,0.42937368104577783,No
4976,No,0.044937889839748,No,0.04044943820224719,No,0.0,No,0.05628185006689957,No
7819,No,0.04018405487247881,No,0.04044943820224719,No,0.06666666666666667,No,0.10893380801679807,No
2877,No,0.09687299531049763,No,0.0603448275862069,No,0.06666666666666667,No,0.12283080720143921,No
3006,No,0.06555813566576046,No,0.04044943820224719,No,0.06666666666666667,No,0.056398020928875914,No
5404,No,0.03166582950182912,No,0.04044943820224719,No,0.06666666666666667,No,0.05316497111741401,No
7406,No,0.23548614398661866,No,0.13131313131313133,No,0.13333333333333333,No,0.09879731531751186,No
3174,Sí,0.08161962664683788,No,0.06006006006006006,No,0.0,No,0.04950536724583558,No
3173,No,0.06037608504298052,No,0.04044943820224719,No,0.06666666666666667,No,0.10355697972834366,No
4238,No,0.02110549865327665,No,0.04044943820224719,No,0.0,No,0.010480119900169156,No
7912,No,0.031691369243759655,No,0.04044943820224719,No,0.06666666666666667,No,0.03579008566862687,No
6382,No,0.04426466117120125,No,0.06006006006006006,No,0.0,No,0.040854839784570315,No
3351,No,0.03445243126052705,No,0.06006006006006006,No,0.0,No,0.022377600248271914,No
2539,No,0.047413048241023735,No,0.04044943820224719,No,0.06666666666666667,No,0.034318861346031876,No
6661,No,0.06660481663194098,No,0.06006006006006006,No,0.06666666666666667,No,0.059130302183265586,No
2421,No,0.0734452726626383,No,0.06006006006006006,No,0.0,No,0.04176702706761926,No
5519,No,0.0986868327766392,No,0.13333333333333333,No,0.0,No,0.07061594637395459,No
4449,No,0.055415539723521944,No,0.04044943820224719,No,0.0,No,0.0320410811790825,No
5578,No,0.04212888140047924,No,0.04044943820224719,No,0.0,No,0.04135549182405028,No
6360,No,0.05215046744972669,No,0.04044943820224719,No,0.06666666666666667,No,0.06908410315142066,No
5350,No,0.03678281084376993,No,0.04044943820224719,No,0.2,No,0.0662720633900109,No
6103,No,0.09852239318854553,No,0.06006006006006006,No,0.0,No,0.0499517511003485,No
3088,No,0.03486948357649256,No,0.06006006006006006,No,0.0,No,0.06520858996762091,No
7829,No,0.06904578581465487,No,0.06006006006006006,No,0.0,No,0.02750097843003933,No
985,No,0.283755139132245,No,0.13131313131313133,No,0.26666666666666666,No,0.36086116460358253,No
7778,No,0.24313383274087172,No,0.19298245614035087,No,0.26666666666666666,No,0.2503681881755513,No
3503,No,0.05258792981072326,No,0.06006006006006006,No,0.0,No,0.06479373779333546,No
7580,No,0.06454185528188991,No,0.06006006006006006,No,0.06666666666666667,No,0.054078896122038894,No
4244,No,0.0865570916066583,No,0.13333333333333333,No,0.2,No,0.07967736684699392,No
4118,No,0.047612351087778386,No,0.06006006006006006,No,0.06666666666666667,No,0.04161478133509244,No
5868,No,0.03500163713625994,No,0.04044943820224719,No,0.0,No,0.03599746415303928,No
5264,No,0.06032560043667973,No,0.13333333333333333,No,0.06666666666666667,No,0.11144587089188834,No
4504,No,0.07230331311238808,No,0.13333333333333333,No,0.2,No,0.13618151790780156,No
5285,No,0.024259456199499166,No,0.04044943820224719,No,0.0,No,0.020873549675091693,No
7480,No,0.06437590765226422,No,0.04044943820224719,No,0.0,No,0.02731275667773416,No
1816,No,0.0884297840336449,No,0.06006006006006006,No,0.06666666666666667,No,0.05840035928907471,No
3630,No,0.028387656310998568,No,0.04044943820224719,No,0.0,No,0.02567417005626315,No
7216,No,0.06161025795798203,No,0.04044943820224719,No,0.06666666666666667,No,0.073401730535163,No
5721,No,0.10317448015471212,No,0.13131313131313133,No,0.13333333333333333,No,0.24005705681348488,No
4170,No,0.0409354123311891,No,0.06006006006006006,No,0.06666666666666667,No,0.07234351943768293,No
4210,No,0.05303638912000893,No,0.04044943820224719,No,0.06666666666666667,No,0.06510345936223157,No
5638,Sí,0.12539429226120624,No,0.06006006006006006,No,0.2,No,0.12974744784884876,No
3567,No,0.05185425747172599,No,0.06006006006006006,No,0.0,No,0.04110893391251132,No
1694,No,0.04910092337935167,No,0.04044943820224719,No,0.06666666666666667,No,0.033275267970748514,No
1311,No,0.05581134843114225,No,0.0603448275862069,No,0.13333333333333333,No,0.09605613311373454,No
902,No,0.06254090542413346,No,0.06006006006006006,No,0.06666666666666667,No,0.06192233748153779,No
7571,No,0.04538221645822726,No,0.06006006006006006,No,0.06666666666666667,No,0.05165889471797663,No
3672,Sí,0.05948425670682418,No,0.06006006006006006,No,0.0,No,0.05264231391699607,No
1214,No,0.017938569310381274,No,0.04044943820224719,No,0.0,No,0.028194716386041367,No
1303,No,0.0595617237048075,No,0.04044943820224719,No,0.0,No,0.051942525016232005,No
1471,No,0.05975406223459073,No,0.06006006006006006,No,0.0,No,0.06020155182887117,No
1119,No,0.1480583972151641,No,0.13333333333333333,No,0.13333333333333333,No,0.14907469033445025,No
5070,No,0.13715888591844805,No,0.06006006006006006,No,0.0,No,0.05909509719744297,No
3845,No,0.06620259158581446,No,0.04044943820224719,No,0.0,No,0.04128666442453812,No
4828,No,0.06696730678460851,No,0.13333333333333333,No,0.2,No,0.11866636678301089,No
1820,No,0.23406554558216497,No,0.13131313131313133,No,0.06666666666666667,No,0.0753958895843797,No
3582,No,0.046300978507954255,No,0.04044943820224719,No,0.0,No,0.032257909642852384,No
454,No,0.2820890365937604,No,0.34797297297297297,No,0.06666666666666667,No,0.26605168996421863,No
5503,No,0.09049071092220079,No,0.13131313131313133,No,0.06666666666666667,No,0.12204292335022657,No
5084,No,0.05136947115905895,No,0.06006006006006006,No,0.06666666666666667,No,0.04559989678009214,No
3073,No,0.06495672118671918,No,0.04044943820224719,No,0.0,No,0.048793911419628584,No
2759,No,0.05907796467878649,No,0.04044943820224719,No,0.0,No,0.028451608296458885,No
1729,No,0.04181376349722458,No,0.06006006006006006,No,0.06666666666666667,No,0.047517705890393266,No
3348,No,0.03828991088495195,No,0.06006006006006006,No,0.06666666666666667,No,0.04181991325818268,No
1854,Sí,0.4922473858188595,No,0.4896551724137931,No,0.13333333333333333,No,0.34719879343827176,No
445,No,0.10059519746852548,No,0.13333333333333333,No,0.3333333333333333,No,0.1768055711670317,No
1411,No,0.069304476183081,No,0.06006006006006006,No,0.0,No,0.033858872788142064,No
6584,No,0.05652151770518426,No,0.06006006006006006,No,0.06666666666666667,No,0.03632634455824073,No
2928,No,0.03715583689815287,No,0.06006006006006006,No,0.0,No,0.05505033643785785,No
3148,No,0.02765460992491195,No,0.04044943820224719,No,0.0,No,0.02811963327167386,No
3278,Sí,0.07992616648688312,No,0.06006006006006006,No,0.0,No,0.05961948989407839,No
4029,No,0.07910862729662718,No,0.13333333333333333,No,0.06666666666666667,No,0.13032367710389303,No
444,No,0.05782200779916003,No,0.06006006006006006,No,0.13333333333333333,No,0.08350109731181897,No
6163,No,0.07763913446461995,No,0.06006006006006006,No,0.06666666666666667,No,0.04467047422810623,No
3272,No,0.08687041104228728,No,0.06006006006006006,No,0.0,No,0.07006577054735107,No
3904,No,0.0955639726975412,No,0.06006006006006006,No,0.06666666666666667,No,0.12905476148749406,No
1939,No,0.4775005336511902,No,0.13333333333333333,No,0.4,No,0.3807820763754588,No
2967,No,0.02366188658541635,No,0.06006006006006006,No,0.0,No,0.0699036090786696,No
1323,No,0.028075791118821643,No,0.04044943820224719,No,0.13333333333333333,No,0.039507844708945215,No
5928,Sí,0.2696838138013398,No,0.41304347826086957,No,0.26666666666666666,No,0.19434073370638388,No
6307,No,0.047776112829960506,No,0.06006006006006006,No,0.13333333333333333,No,0.09424745988911015,No
7540,No,0.2804646433777238,No,0.34797297297297297,No,0.4,No,0.3607792334098643,No
2829,Sí,0.353580390890203,No,0.13131313131313133,No,0.13333333333333333,No,0.34623605689419357,No
3122,No,0.04851139551538258,No,0.06006006006006006,No,0.06666666666666667,No,0.063651698365572,No
3257,No,0.10999769504071931,No,0.13333333333333333,No,0.06666666666666667,No,0.13900782503227088,No
3357,No,0.04943469722349545,No,0.06006006006006006,No,0.13333333333333333,No,0.10012661202988342,No
58,No,0.06674658684406215,No,0.06006006006006006,No,0.13333333333333333,No,0.08574535971599605,No
2180,No,0.051684608020354995,No,0.04044943820224719,No,0.06666666666666667,No,0.06269296150207855,No
3684,No,0.06443469129017032,No,0.06006006006006006,No,0.0,No,0.05300545519032728,No
632,No,0.07559207959626334,No,0.06006006006006006,No,0.0,No,0.06637703863284576,No
6140,No,0.031265253475245246,No,0.04044943820224719,No,0.13333333333333333,No,0.05851624935070622,No
293,No,0.1850237038041005,No,0.13131313131313133,No,0.2,No,0.10503258034124922,No
2028,No,0.10699521491779608,No,0.06006006006006006,No,0.06666666666666667,No,0.061528946460336534,No
4401,No,0.06211313952388938,No,0.06006006006006006,No,0.0,No,0.02415570782713589,No
3575,No,0.07597024698895141,No,0.06006006006006006,No,0.06666666666666667,No,0.09323433188197812,No
3758,Sí,0.0651871664494365,No,0.06006006006006006,No,0.0,No,0.0447311325805981,No
4659,No,0.06748411754442957,No,0.04044943820224719,No,0.0,No,0.035161317978503984,No
1038,No,0.06085944578418627,No,0.04044943820224719,No,0.06666666666666667,No,0.0440841909312248,No
762,No,0.03171291454946131,No,0.04044943820224719,No,0.0,No,0.02977010767765785,No
498,No,0.06787550021391739,No,0.06006006006006006,No,0.06666666666666667,No,0.07142347560993528,No
1160,Sí,0.059894305194738796,No,0.06006006006006006,No,0.0,No,0.04398095394392864,No
3546,No,0.03716228531390378,No,0.13333333333333333,No,0.06666666666666667,No,0.101718523166459,No
933,No,0.18532999894620675,No,0.41304347826086957,No,0.2,No,0.21020766268790647,No
373,No,0.176394874210368,No,0.19298245614035087,No,0.2,No,0.23814226022561813,No
4709,No,0.1987161393948793,No,0.34797297297297297,No,0.26666666666666666,No,0.27042353013963305,No
144,No,0.049098130292836356,No,0.04044943820224719,No,0.0,No,0.02933318169515058,No
7065,No,0.04708835127230047,No,0.06006006006006006,No,0.06666666666666667,No,0.08472804176265097,No
4269,No,0.20037627922377443,No,0.13131313131313133,No,0.26666666666666666,No,0.21234417036030956,No
5629,No,0.056778132292378505,No,0.06006006006006006,No,0.0,No,0.04845169499961081,No
3406,No,0.07788150586935697,No,0.06006006006006006,No,0.0,No,0.07331486563607846,No
682,No,0.04661606123142689,No,0.06006006006006006,No,0.13333333333333333,No,0.03471125116894556,No
6459,No,0.10859355934482116,No,0.06006006006006006,No,0.06666666666666667,No,0.11374411223602418,No
1491,No,0.08291827314012644,No,0.06006006006006006,No,0.13333333333333333,No,0.06405044556511152,No
5293,No,0.22175425157749615,No,0.13131313131313133,No,0.26666666666666666,No,0.23915441675108723,No
4325,No,0.09921034936629664,No,0.13131313131313133,No,0.2,No,0.24659314148878095,No
4908,No,0.07065190948145317,No,0.06006006006006006,No,0.0,No,0.0356997115453072,No
4991,No,0.13291992294197438,No,0.06006006006006006,No,0.0,No,0.11177570770732831,No
3527,No,0.058914936007750475,No,0.04044943820224719,No,0.0,No,0.025214132118720742,No
7909,No,0.0357782558950355,No,0.06006006006006006,No,0.0,No,0.05208544913053011,No
3701,No,0.05396245847608072,No,0.04044943820224719,No,0.13333333333333333,No,0.0375408936859823,No
6508,No,0.031118321267717783,No,0.06006006006006006,No,0.06666666666666667,No,0.05028017304348836,No
7828,No,0.027336666499498508,No,0.04044943820224719,No,0.0,No,0.021253933361528306,No
2334,No,0.19697498647795653,No,0.34797297297297297,No,0.13333333333333333,No,0.2717476810600825,No
339,No,0.03834592697611307,No,0.06006006006006006,No,0.0,No,0.05077271100136379,No
3177,No,0.028833948537225942,No,0.06006006006006006,No,0.0,No,0.04590125162064122,No
7215,No,0.04710407088389597,No,0.04044943820224719,No,0.0,No,0.024856481679038468,No
218,Sí,0.07830659513643361,No,0.04044943820224719,No,0.0,No,0.023109973550863337,No
5565,No,0.6029850255942962,Sí,0.4896551724137931,No,0.3333333333333333,No,0.47713141141635995,No
1209,No,0.07699628830453933,No,0.06006006006006006,No,0.0,No,0.0547272723688544,No
1499,No,0.032172524682259174,No,0.04044943820224719,No,0.0,No,0.04761509620505693,No
2357,No,0.05901624296362194,No,0.06006006006006006,No,0.06666666666666667,No,0.07620820154909558,No
6891,No,0.05090676708518389,No,0.06006006006006006,No,0.13333333333333333,No,0.09612216380541178,No
2051,No,0.01911797472834131,No,0.04044943820224719,No,0.0,No,0.021420203437227756,No
7771,No,0.7646059303244553,Sí,0.82,Sí,0.7333333333333333,Sí,0.6525989645492885,Sí
7170,No,0.3427880483478466,No,0.34797297297297297,No,0.26666666666666666,No,0.2309893602222211,No
7080,No,0.10968481585292585,No,0.06006006006006006,No,0.0,No,0.040514874152616884,No
7784,Sí,0.3459154734586085,No,0.4896551724137931,No,0.4,No,0.4950358550589241,No
873,No,0.09441815610590847,No,0.06006006006006006,No,0.06666666666666667,No,0.05315220328722471,No
5457,Sí,0.03313219137816499,No,0.06006006006006006,No,0.0,No,0.04177519171999909,No
7003,Sí,0.06108498842894443,No,0.0603448275862069,No,0.13333333333333333,No,0.11336853885562703,No
531,No,0.08490674243742193,No,0.06006006006006006,No,0.0,No,0.054622139032987335,No
5788,No,0.1889437569250395,No,0.024390243902439025,No,0.4,No,0.2481436165623596,No
7266,No,0.07010071624087734,No,0.06006006006006006,No,0.06666666666666667,No,0.04672837213854543,No
5521,No,0.06093555312358152,No,0.06006006006006006,No,0.0,No,0.025617501250047747,No
4352,Sí,0.05178635077738277,No,0.06006006006006006,No,0.0,No,0.03225591837459571,No
4360,No,0.027110809338862816,No,0.04044943820224719,No,0.0,No,0.02966632359142605,No
4243,No,0.0796795115431424,No,0.06006006006006006,No,0.2,No,0.09081012474916744,No
286,No,0.03489798893838506,No,0.04044943820224719,No,0.06666666666666667,No,0.04241275475018452,No
5796,No,0.04714479642252735,No,0.06006006006006006,No,0.0,No,0.060728343603832495,No
3536,No,0.03795763761419976,No,0.04044943820224719,No,0.13333333333333333,No,0.06871598743973636,No
2328,No,0.04109146785897328,No,0.04044943820224719,No,0.06666666666666667,No,0.07322680094928563,No
2395,No,0.08083021820999593,No,0.06006006006006006,No,0.13333333333333333,No,0.10575376144796163,No
826,No,0.06099805134071907,No,0.06006006006006006,No,0.0,No,0.03135962384473423,No
2873,Sí,0.3906098662048725,No,0.41304347826086957,No,0.2,No,0.36912670106140094,No
5456,No,0.40361773749482865,No,0.34797297297297297,No,0.4666666666666667,No,0.456865903298463,No
1942,No,0.08827377540291409,No,0.06006006006006006,No,0.2,No,0.07367991195334783,No
164,No,0.06179082172468018,No,0.04044943820224719,No,0.0,No,0.03594168271611265,No
6916,No,0.06833582602309182,No,0.04044943820224719,No,0.0,No,0.02696501141242815,No
5217,No,0.06446204945951681,No,0.06006006006006006,No,0.06666666666666667,No,0.05180788891851523,No
2931,Sí,0.04299544819297054,No,0.04044943820224719,No,0.0,No,0.03150319663394948,No
4511,Sí,0.3007600280819476,No,0.34797297297297297,No,0.4666666666666667,No,0.3885381318150362,No
3487,No,0.03755172781574553,No,0.04044943820224719,No,0.0,No,0.03304351100580904,No
1226,No,0.1344852160903419,No,0.06006006006006006,No,0.06666666666666667,No,0.048823353095508386,No
133,No,0.31751970006415925,No,0.34797297297297297,No,0.4,No,0.3275168511490995,No
5561,No,0.07159075191734096,No,0.06006006006006006,No,0.06666666666666667,No,0.12696103002690307,No
4181,No,0.07677363403188675,No,0.06006006006006006,No,0.13333333333333333,No,0.10529518411129053,No
6000,No,0.05584580577213462,No,0.0603448275862069,No,0.06666666666666667,No,0.08570078265697337,No
2400,No,0.020837238555647113,No,0.04044943820224719,No,0.0,No,0.031782969323232935,No
1057,No,0.2484299096439461,No,0.13131313131313133,No,0.13333333333333333,No,0.09391446510185877,No
2305,No,0.06371259776480376,No,0.06006006006006006,No,0.06666666666666667,No,0.1387669087471811,No
4672,No,0.05201488111325749,No,0.06006006006006006,No,0.0,No,0.0708837335949228,No
1911,No,0.05353870209326754,No,0.04044943820224719,No,0.0,No,0.0473838810369824,No
1919,Sí,0.05826969904469432,No,0.04044943820224719,No,0.0,No,0.046543168710022335,No
5582,No,0.09107629117872953,No,0.06006006006006006,No,0.06666666666666667,No,0.060130693754137154,No
5991,No,0.0687936262297419,No,0.06006006006006006,No,0.06666666666666667,No,0.05186139370572762,No
5299,No,0.04502884962213304,No,0.0603448275862069,No,0.06666666666666667,No,0.07383299997233188,No
42,No,0.054313794015547166,No,0.06006006006006006,No,0.0,No,0.057353676870366535,No
611,No,0.22818488157209033,No,0.06006006006006006,No,0.3333333333333333,No,0.33549736274374964,No
6450,No,0.05793063648608791,No,0.04044943820224719,No,0.0,No,0.03632749131452799,No
1423,No,0.0631232269454269,No,0.06006006006006006,No,0.0,No,0.01758349108483617,No
4739,No,0.13756030993107707,No,0.13131313131313133,No,0.13333333333333333,No,0.06918557931686345,No
1300,No,0.08792757736640282,No,0.06006006006006006,No,0.06666666666666667,No,0.03791920426295722,No
6742,No,0.05578332110101892,No,0.04044943820224719,No,0.0,No,0.042278693270349395,No
4349,No,0.03526381080251624,No,0.06006006006006006,No,0.06666666666666667,No,0.040953068172890975,No
3888,No,0.04415194982724161,No,0.06006006006006006,No,0.0,No,0.05926631546386241,No
1796,No,0.05474542582520287,No,0.06006006006006006,No,0.2,No,0.14775715516415086,No
3678,No,0.03647210672144079,No,0.04044943820224719,No,0.06666666666666667,No,0.019455502497698195,No
3345,No,0.031681203923671,No,0.04044943820224719,No,0.06666666666666667,No,0.03072575335000539,No
7590,No,0.04205071463050849,No,0.04044943820224719,No,0.06666666666666667,No,0.055458953914113776,No
3116,No,0.05570903461838386,No,0.04044943820224719,No,0.06666666666666667,No,0.0587139147217077,No
526,No,0.093742010487566,No,0.13333333333333333,No,0.13333333333333333,No,0.14417999617534097,No
7723,No,0.03850675863161746,No,0.04044943820224719,No,0.0,No,0.02244648308594593,No
6789,Sí,0.09576387992687552,No,0.06006006006006006,No,0.06666666666666667,No,0.18612066816141415,No
6551,No,0.05841594679029765,No,0.06006006006006006,No,0.06666666666666667,No,0.07413906899521173,No
3022,No,0.06267415593775547,No,0.06006006006006006,No,0.13333333333333333,No,0.14013589065023135,No
817,No,0.3074078385697884,No,0.4896551724137931,No,0.4,No,0.39229291926661236,No
6493,No,0.04137503081900356,No,0.06006006006006006,No,0.13333333333333333,No,0.07115057251414725,No
2361,No,0.05747991130544062,No,0.06006006006006006,No,0.13333333333333333,No,0.09196070332878133,No
2078,No,0.05413222689345687,No,0.04044943820224719,No,0.06666666666666667,No,0.06883048223360687,No
1730,No,0.0350342267913896,No,0.06006006006006006,No,0.06666666666666667,No,0.05348376408708229,No
1017,No,0.04813077513942221,No,0.06006006006006006,No,0.06666666666666667,No,0.054319451083995614,No
1923,No,0.07577820087865496,No,0.06006006006006006,No,0.06666666666666667,No,0.04632459389074847,No
2246,No,0.04196150147012371,No,0.04044943820224719,No,0.0,No,0.028911392684898812,No
7393,No,0.07331197700973192,No,0.06006006006006006,No,0.06666666666666667,No,0.094150767382736,No
2122,No,0.021364355005249656,No,0.06006006006006006,No,0.0,No,0.03465914744736366,No
5324,No,0.12355721182806013,No,0.06006006006006006,No,0.06666666666666667,No,0.06561811405727735,No
6516,No,0.06832084889075091,No,0.06006006006006006,No,0.06666666666666667,No,0.0679549081276981,No
931,No,0.18244525023046,No,0.13131313131313133,No,0.13333333333333333,No,0.19494681487178267,No
7210,No,0.08071550559204596,No,0.06006006006006006,No,0.0,No,0.08280849859334916,No
2268,No,0.05912690804388754,No,0.06006006006006006,No,0.0,No,0.049595280538122836,No
2176,No,0.03899116424872337,No,0.04044943820224719,No,0.0,No,0.03614716128252477,No
1328,No,0.01924193879711533,No,0.04044943820224719,No,0.13333333333333333,No,0.06742919288612055,No
5349,No,0.0796381809720159,No,0.06006006006006006,No,0.0,No,0.030768357166594082,No
5331,No,0.08313061621232323,No,0.06006006006006006,No,0.06666666666666667,No,0.09762937917628517,No
3529,No,0.06735899083734247,No,0.06006006006006006,No,0.2,No,0.05584354840638647,No
4257,No,0.046065846946634195,No,0.06006006006006006,No,0.06666666666666667,No,0.055340331464220946,No
4983,No,0.07949604287405428,No,0.06006006006006006,No,0.0,No,0.04746142168516863,No
6996,No,0.03185387883966908,No,0.06006006006006006,No,0.0,No,0.06613143341322936,No
3472,No,0.056147947237162564,No,0.06006006006006006,No,0.0,No,0.03355741803947482,No
2591,No,0.11886642089804834,No,0.13131313131313133,No,0.06666666666666667,No,0.06288014285387217,No
7442,Sí,0.340586468476951,No,0.34797297297297297,No,0.13333333333333333,No,0.30110885143079014,No
1372,No,0.08534487365505611,No,0.06006006006006006,No,0.2,No,0.07444044878900315,No
6088,No,0.03769895856630489,No,0.04044943820224719,No,0.06666666666666667,No,0.04704845187532542,No
564,No,0.04204999062806891,No,0.04044943820224719,No,0.0,No,0.04943421894531201,No
1067,No,0.03688835292025188,No,0.06006006006006006,No,0.0,No,0.0438167607588145,No
1570,No,0.07974821013165632,No,0.06006006006006006,No,0.0,No,0.037846568420544395,No
1815,Sí,0.03830994370426878,No,0.06006006006006006,No,0.13333333333333333,No,0.12652657513872093,No
2199,No,0.031808085078862194,No,0.04044943820224719,No,0.0,No,0.05417100295149175,No
2072,No,0.17739950387224432,No,0.34797297297297297,No,0.26666666666666666,No,0.2589855242636127,No
4532,Sí,0.1676229044104383,No,0.024390243902439025,No,0.5333333333333333,Sí,0.25265946696660607,No
1549,No,0.04496022963380136,No,0.06006006006006006,No,0.06666666666666667,No,0.03942019492715477,No
5913,No,0.10791899503117502,No,0.06006006006006006,No,0.13333333333333333,No,0.06708418876477981,No
4750,Sí,0.045418736144777566,No,0.04044943820224719,No,0.0,No,0.05854208205298585,No
3468,No,0.04827224735353168,No,0.06006006006006006,No,0.2,No,0.10617371958527648,No
7468,No,0.03801351380396286,No,0.04044943820224719,No,0.06666666666666667,No,0.08262590806084798,No
1784,No,0.06263762813928729,No,0.06006006006006006,No,0.2,No,0.09497057947671539,No
5424,No,0.27759064788308146,No,0.4896551724137931,No,0.26666666666666666,No,0.4386582519908315,No
228,No,0.11963494216947866,No,0.06006006006006006,No,0.0,No,0.04012544609797785,No
1596,No,0.07342797944301137,No,0.06006006006006006,No,0.06666666666666667,No,0.05093490863112644,No
6612,No,0.04060776836032494,No,0.04044943820224719,No,0.06666666666666667,No,0.03220387038820917,No
3629,No,0.025795989894353118,No,0.06006006006006006,No,0.0,No,0.07125112769514011,No
5645,No,0.03905681743209984,No,0.04044943820224719,No,0.13333333333333333,No,0.1173226094812401,No
3091,No,0.06041469191345063,No,0.0603448275862069,No,0.06666666666666667,No,0.05126642872519432,No
4281,No,0.035881610971360264,No,0.04044943820224719,No,0.0,No,0.03627270800407124,No
3124,Sí,0.9335336720914561,Sí,0.82,Sí,0.8,Sí,0.7450152211621377,Sí
1312,No,0.019375989759577588,No,0.04044943820224719,No,0.2,No,0.038350421767704666,No
7583,No,0.07182664366694648,No,0.04044943820224719,No,0.06666666666666667,No,0.059625596080041976,No
472,No,0.09219674454332288,No,0.06006006006006006,No,0.13333333333333333,No,0.07613935693256765,No
2609,Sí,0.05411754770900872,No,0.04044943820224719,No,0.06666666666666667,No,0.042942710882827716,No
6344,No,0.10492214612919444,No,0.0603448275862069,No,0.2,No,0.10412786389299755,No
5957,No,0.022037396657408125,No,0.06006006006006006,No,0.2,No,0.11507277982736266,No
6304,Sí,0.757574403719076,Sí,0.7317073170731707,Sí,0.9333333333333333,Sí,0.7853835846520116,Sí
6389,Sí,0.4654179341694333,No,0.34797297297297297,No,0.26666666666666666,No,0.3320122684886365,No
2065,No,0.01722274885162138,No,0.06006006006006006,No,0.06666666666666667,No,0.06835190479921732,No
4,No,0.057637225533740157,No,0.06006006006006006,No,0.2,No,0.07655949100159098,No
7777,No,0.05633553701872871,No,0.06006006006006006,No,0.0,No,0.018829157093316746,No
4557,Sí,0.09565988693427174,No,0.04044943820224719,No,0.06666666666666667,No,0.029379906097295277,No
2445,No,0.0935803538080134,No,0.06006006006006006,No,0.06666666666666667,No,0.05903758185634636,No
589,No,0.15522803522287712,No,0.13131313131313133,No,0.26666666666666666,No,0.10682111150888181,No
1369,No,0.05570171576167238,No,0.13333333333333333,No,0.0,No,0.12314440119838177,No
7432,No,0.06798298750024138,No,0.04044943820224719,No,0.06666666666666667,No,0.05542378769015058,No
7782,No,0.034863692823630194,No,0.04044943820224719,No,0.0,No,0.022378832594817512,No
73,No,0.03245740828361408,No,0.04044943820224719,No,0.0,No,0.015086101192210754,No
2781,No,0.01520035602088185,No,0.04044943820224719,No,0.0,No,0.04360078269419702,No
4128,No,0.04756832162403434,No,0.04044943820224719,No,0.06666666666666667,No,0.05031750430723053,No
258,No,0.07672004566711821,No,0.04044943820224719,No,0.06666666666666667,No,0.035775168909649144,No
4598,No,0.026624654526773078,No,0.04044943820224719,No,0.0,No,0.016997670087389446,No
4597,No,0.08567740547771673,No,0.06006006006006006,No,0.0,No,0.046637045357103474,No
2047,No,0.05218055977243839,No,0.04044943820224719,No,0.0,No,0.032913382901167715,No
6961,No,0.05792925720435202,No,0.06006006006006006,No,0.26666666666666666,No,0.07672406986550614,No
4206,No,0.08907220636467096,No,0.06006006006006006,No,0.06666666666666667,No,0.07955541842227344,No
5334,No,0.10346557453809878,No,0.06006006006006006,No,0.06666666666666667,No,0.060710984022172926,No
4671,No,0.741805885316792,Sí,0.7317073170731707,Sí,0.6,Sí,0.6820468465660069,Sí
6402,Sí,0.1983300708197148,No,0.34797297297297297,No,0.3333333333333333,No,0.32576432882929024,No
5079,No,0.07969513716483063,No,0.13333333333333333,No,0.13333333333333333,No,0.1615348103119894,No
976,No,0.7497953120281826,Sí,0.82,Sí,0.8,Sí,0.7291318059644167,Sí
7357,Sí,0.7559668594578025,Sí,0.82,Sí,0.7333333333333333,Sí,0.6810860750526605,Sí
5495,No,0.050206778961741395,No,0.04044943820224719,No,0.06666666666666667,No,0.05645771353084844,No
7243,No,0.0363691727563873,No,0.04044943820224719,No,0.06666666666666667,No,0.02829351016123144,No
4567,No,0.03952610314111618,No,0.04044943820224719,No,0.06666666666666667,No,0.0630406730499822,No
7176,No,0.0708341963726765,No,0.06006006006006006,No,0.2,No,0.08733887320753217,No
4523,No,0.048116817500854725,No,0.06006006006006006,No,0.06666666666666667,No,0.08890962330412365,No
5195,No,0.03909075786190724,No,0.06006006006006006,No,0.0,No,0.024865879780203423,No
1077,No,0.11185731062993245,No,0.13131313131313133,No,0.13333333333333333,No,0.07257999497917882,No
2345,No,0.2813752164636522,No,0.19298245614035087,No,0.26666666666666666,No,0.23524792061876676,No
5784,No,0.0494255109267158,No,0.06006006006006006,No,0.06666666666666667,No,0.035596270423894766,No
1036,No,0.09469741259052233,No,0.06006006006006006,No,0.0,No,0.0490205400077147,No
3765,No,0.1250345322938688,No,0.13131313131313133,No,0.2,No,0.17159924790594255,No
4679,No,0.059743834634539285,No,0.06006006006006006,No,0.13333333333333333,No,0.04359864826405112,No
141,No,0.03814533365165421,No,0.04044943820224719,No,0.13333333333333333,No,0.06142191360505162,No
1677,No,0.0227848002386328,No,0.04044943820224719,No,0.0,No,0.014472368698191507,No
5572,Sí,0.07686711732143836,No,0.06006006006006006,No,0.06666666666666667,No,0.06577954064868749,No
2796,No,0.0409662829049942,No,0.04044943820224719,No,0.0,No,0.021197933357997658,No
1725,No,0.03822300650918988,No,0.04044943820224719,No,0.0,No,0.030054827663640538,No
4994,No,0.04438959371533808,No,0.06006006006006006,No,0.13333333333333333,No,0.041056775764115566,No
2417,No,0.06647843626752073,No,0.06006006006006006,No,0.06666666666666667,No,0.036127593340269645,No
6381,Sí,0.0633309362482256,No,0.13333333333333333,No,0.06666666666666667,No,0.10817736699259764,No
4087,No,0.023816861044511858,No,0.06006006006006006,No,0.0,No,0.05742308329525097,No
7099,No,0.04601993646965118,No,0.06006006006006006,No,0.06666666666666667,No,0.11741704161213583,No
5120,Sí,0.5628675529823906,Sí,0.7317073170731707,Sí,0.4,No,0.6302926395107836,Sí
4072,No,0.0564847483277125,No,0.04044943820224719,No,0.06666666666666667,No,0.029805273149591496,No
7734,No,0.08714979482033934,No,0.06006006006006006,No,0.06666666666666667,No,0.055264703578243396,No
3496,No,0.5244215316060523,Sí,0.34797297297297297,No,0.26666666666666666,No,0.28010340891313606,No
1189,No,0.018096296452545665,No,0.06006006006006006,No,0.0,No,0.04694253535360133,No
623,Sí,0.4304941585808935,No,0.34797297297297297,No,0.3333333333333333,No,0.32229551296690817,No
3209,No,0.07201294308983379,No,0.06006006006006006,No,0.0,No,0.03760526315537188,No
7124,No,0.05039076542202075,No,0.06006006006006006,No,0.06666666666666667,No,0.03978708248957295,No
1326,No,0.061565226349997726,No,0.06006006006006006,No,0.0,No,0.030776998669195574,No
4797,No,0.06554843156884776,No,0.04044943820224719,No,0.06666666666666667,No,0.05335294424802498,No
1419,No,0.05039174139438081,No,0.04044943820224719,No,0.13333333333333333,No,0.03704203397583147,No
754,No,0.06709792088954739,No,0.04044943820224719,No,0.06666666666666667,No,0.07840364991397737,No
2658,No,0.029965503842185288,No,0.04044943820224719,No,0.0,No,0.02850858726541686,No
3893,No,0.03863547846542642,No,0.06006006006006006,No,0.06666666666666667,No,0.039371230687866826,No
2162,No,0.2559192140988607,No,0.34797297297297297,No,0.4666666666666667,No,0.3530287757294553,No
1957,No,0.7266064763447456,Sí,0.6753246753246753,Sí,0.4666666666666667,No,0.5632894729786195,Sí
3920,No,0.05495696375759117,No,0.06006006006006006,No,0.0,No,0.04388341056978632,No
6518,No,0.13471856583534006,No,0.13333333333333333,No,0.06666666666666667,No,0.11166323035926015,No
4225,No,0.08253463659003073,No,0.06006006006006006,No,0.0,No,0.0332086188195104,No
1867,No,0.023513804177290324,No,0.06006006006006006,No,0.0,No,0.0531009721638967,No
6644,No,0.04586076622716612,No,0.04044943820224719,No,0.06666666666666667,No,0.0699982389506602,No
3160,Sí,0.07420872449172868,No,0.06006006006006006,No,0.06666666666666667,No,0.07147838193778011,No
1954,No,0.2551094290084163,No,0.34797297297297297,No,0.2,No,0.24221073011216235,No
5872,Sí,0.2872618069746776,No,0.06006006006006006,No,0.4,No,0.3555029627118601,No
1486,No,0.042610552916979925,No,0.04044943820224719,No,0.0,No,0.03574016948466962,No
1950,No,0.050384432768052996,No,0.04044943820224719,No,0.13333333333333333,No,0.06318522279380127,No
7920,Sí,0.07388649290053796,No,0.06006006006006006,No,0.06666666666666667,No,0.052872685869716156,No
4330,No,0.020134223952435887,No,0.04044943820224719,No,0.0,No,0.0175520409467138,No
5421,No,0.08866413721426852,No,0.06006006006006006,No,0.06666666666666667,No,0.101651472442449,No
3835,No,0.06773654353871188,No,0.06006006006006006,No,0.06666666666666667,No,0.03904896741964885,No
3104,No,0.054066067733745574,No,0.04044943820224719,No,0.0,No,0.06191906035682449,No
6504,No,0.05479726796210378,No,0.0603448275862069,No,0.2,No,0.1009680801096628,No
6490,No,0.03078964336937016,No,0.04044943820224719,No,0.0,No,0.024018411223340093,No
3611,No,0.041098774988313394,No,0.04044943820224719,No,0.0,No,0.030486006161192646,No
646,No,0.03485708381965881,No,0.06006006006006006,No,0.0,No,0.02673884731760075,No
7834,No,0.11646942287213147,No,0.06006006006006006,No,0.0,No,0.0750989196265461,No
6548,No,0.0870398289804171,No,0.06006006006006006,No,0.0,No,0.07856733024417224,No
4551,No,0.042797008929998846,No,0.04044943820224719,No,0.06666666666666667,No,0.024829621481690232,No
5785,Sí,0.07114494347908498,No,0.0603448275862069,No,0.0,No,0.08386769496131105,No
2859,No,0.09508908042753608,No,0.06006006006006006,No,0.0,No,0.035259703589780284,No
2013,No,0.09220039461217755,No,0.06006006006006006,No,0.13333333333333333,No,0.10924201621799078,No
7098,No,0.1097621577095013,No,0.13333333333333333,No,0.2,No,0.07993259590498904,No
3096,No,0.08103817386640666,No,0.13333333333333333,No,0.06666666666666667,No,0.10133997144222347,No
7802,No,0.08164799491781344,No,0.06006006006006006,No,0.06666666666666667,No,0.05223733798606571,No
2874,No,0.03370759501931859,No,0.0603448275862069,No,0.06666666666666667,No,0.09425412501468415,No
3890,No,0.06145482646560465,No,0.0603448275862069,No,0.06666666666666667,No,0.1449001504409305,No
1887,No,0.10395640965039628,No,0.06006006006006006,No,0.06666666666666667,No,0.04673703933556745,No
2501,No,0.20712651379395638,No,0.34797297297297297,No,0.2,No,0.42120430140773396,No
7252,No,0.05195637367498518,No,0.06006006006006006,No,0.0,No,0.03550756643348523,No
3299,No,0.03113343560610018,No,0.04044943820224719,No,0.06666666666666667,No,0.060120035136389686,No
2443,No,0.048810267233714816,No,0.06006006006006006,No,0.06666666666666667,No,0.054848947547294837,No
3107,No,0.04001808899350101,No,0.04044943820224719,No,0.0,No,0.03400482799532118,No
3617,No,0.09357387536446016,No,0.06006006006006006,No,0.06666666666666667,No,0.05185596068537762,No
5251,No,0.06628155364951013,No,0.06006006006006006,No,0.13333333333333333,No,0.08829680938134217,No
6735,Sí,0.27808095804192623,No,0.34797297297297297,No,0.4666666666666667,No,0.3626010707289722,No
2237,No,0.19545026028957424,No,0.4896551724137931,No,0.3333333333333333,No,0.41468108681115046,No
5918,No,0.02745682660249946,No,0.04044943820224719,No,0.0,No,0.029343684333151595,No
5922,No,0.03353991362340305,No,0.04044943820224719,No,0.06666666666666667,No,0.02114638731549472,No
7815,No,0.06912333016707736,No,0.06006006006006006,No,0.0,No,0.02322570918217066,No
832,No,0.04744986559868343,No,0.13333333333333333,No,0.2,No,0.08278182679275634,No
1783,No,0.09423776636706814,No,0.13131313131313133,No,0.13333333333333333,No,0.2039870112036598,No
3532,Sí,0.0782177313289213,No,0.06006006006006006,No,0.0,No,0.04999110667034605,No
602,No,0.06026542379723144,No,0.06006006006006006,No,0.06666666666666667,No,0.04928479095739127,No
3065,Sí,0.2754755504021786,No,0.19298245614035087,No,0.3333333333333333,No,0.39454152705941536,No
6922,No,0.062190044894646336,No,0.06006006006006006,No,0.0,No,0.02509419890091833,No
1896,No,0.0892949183676762,No,0.06006006006006006,No,0.06666666666666667,No,0.08884341044142023,No
6284,No,0.06776546617674752,No,0.06006006006006006,No,0.13333333333333333,No,0.06405739954439924,No
5759,No,0.05161802499086622,No,0.04044943820224719,No,0.0,No,0.06501498073813328,No
2757,No,0.060002247827083764,No,0.06006006006006006,No,0.0,No,0.08871614173818296,No
16,No,0.07088298261649147,No,0.06006006006006006,No,0.13333333333333333,No,0.05364223957550573,No
5044,No,0.04935373818194432,No,0.04044943820224719,No,0.0,No,0.027599829278242675,No
3983,Sí,0.3903922745106105,No,0.34797297297297297,No,0.3333333333333333,No,0.3263363333713455,No
4669,No,0.0348691242444082,No,0.04044943820224719,No,0.06666666666666667,No,0.04757476517390366,No
5076,No,0.08959228869593519,No,0.06006006006006006,No,0.0,No,0.05527673364750753,No
163,No,0.02456799580581795,No,0.04044943820224719,No,0.06666666666666667,No,0.05318167259340029,No
6003,No,0.059004603312938664,No,0.06006006006006006,No,0.06666666666666667,No,0.04118027896321373,No
3027,No,0.0526407503144157,No,0.06006006006006006,No,0.06666666666666667,No,0.04182008600658964,No
7438,No,0.30642218631295354,No,0.34797297297297297,No,0.4,No,0.3461161466815206,No
3141,No,0.3903922745106105,No,0.34797297297297297,No,0.3333333333333333,No,0.3263363333713455,No
3915,No,0.10921122317169941,No,0.06006006006006006,No,0.0,No,0.06515622876871274,No
7615,No,0.1397314297109598,No,0.06006006006006006,No,0.0,No,0.08101973869927026,No
6473,No,0.03511904222583503,No,0.04044943820224719,No,0.0,No,0.03425278672983475,No
7700,No,0.09607109587595351,No,0.06006006006006006,No,0.2,No,0.08198143909807706,No
3539,No,0.051247629040742676,No,0.04044943820224719,No,0.13333333333333333,No,0.07580263404094253,No
3789,No,0.05196581762412043,No,0.06006006006006006,No,0.06666666666666667,No,0.05683690095921205,No
7656,No,0.04186833362903713,No,0.04044943820224719,No,0.0,No,0.04413441545913774,No
7088,No,0.025881594111170737,No,0.06006006006006006,No,0.0,No,0.02293009358372614,No
5050,No,0.11494592581139033,No,0.13333333333333333,No,0.0,No,0.07809376615669973,No
945,Sí,0.3916553637103437,No,0.34797297297297297,No,0.4666666666666667,No,0.36648619430505874,No
66,No,0.027963572788435427,No,0.04044943820224719,No,0.0,No,0.023730348306322348,No
2292,No,0.08920942746802114,No,0.06006006006006006,No,0.13333333333333333,No,0.058723987847402306,No
5675,No,0.05200349746148861,No,0.06006006006006006,No,0.0,No,0.06314671485188636,No
5178,No,0.07406875390456072,No,0.06006006006006006,No,0.0,No,0.06320590563743506,No
7661,No,0.2743547537985775,No,0.34797297297297297,No,0.26666666666666666,No,0.3718694246945242,No
4998,No,0.05889260545104865,No,0.04044943820224719,No,0.0,No,0.035041493893293765,No
3994,No,0.09238174548149987,No,0.04044943820224719,No,0.06666666666666667,No,0.05678275437105198,No
6083,No,0.029606634565821507,No,0.04044943820224719,No,0.0,No,0.021532756336227626,No
1108,No,0.03647640806069245,No,0.06006006006006006,No,0.13333333333333333,No,0.06724523961376114,No
6347,No,0.04817712972981368,No,0.04044943820224719,No,0.06666666666666667,No,0.05740254743861642,No
4741,No,0.06603233271112481,No,0.04044943820224719,No,0.06666666666666667,No,0.01955033685596516,No
3623,No,0.2580516081532054,No,0.13131313131313133,No,0.26666666666666666,No,0.27648010372091203,No
5890,No,0.05060040264534972,No,0.06006006006006006,No,0.0,No,0.025868874558635697,No
3928,No,0.03645001512612023,No,0.04044943820224719,No,0.0,No,0.03193858418448221,No
2110,No,0.07656499372615223,No,0.06006006006006006,No,0.06666666666666667,No,0.07804789723781454,No
3130,No,0.05137430645969526,No,0.06006006006006006,No,0.13333333333333333,No,0.050602374577797156,No
2599,No,0.14304889131096635,No,0.06006006006006006,No,0.2,No,0.19913584001451187,No
5801,No,0.07465485738658639,No,0.06006006006006006,No,0.0,No,0.042990106575208506,No
6530,No,0.022453714922085016,No,0.04044943820224719,No,0.0,No,0.04007513800458494,No
943,Sí,0.36600533699153803,No,0.34797297297297297,No,0.3333333333333333,No,0.352790856577822,No
301,No,0.03848366245772692,No,0.04044943820224719,No,0.0,No,0.03027732842900353,No
2606,No,0.03290068220764159,No,0.06006006006006006,No,0.06666666666666667,No,0.054841224363113825,No
7038,Sí,0.024674549973551136,No,0.06006006006006006,No,0.13333333333333333,No,0.04010342353638047,No
1122,No,0.03542396014645043,No,0.06006006006006006,No,0.13333333333333333,No,0.07434383883521747,No
2068,No,0.058289676984998595,No,0.06006006006006006,No,0.0,No,0.058779413150509094,No
6226,No,0.05664841786111874,No,0.0603448275862069,No,0.0,No,0.06516450730960704,No
5800,No,0.1097832390882413,No,0.06006006006006006,No,0.0,No,0.05291414959769623,No
4165,No,0.03686404861474873,No,0.04044943820224719,No,0.0,No,0.04008494355700591,No
5179,Sí,0.24649942737150185,No,0.34797297297297297,No,0.26666666666666666,No,0.344337191710027,No
5428,No,0.2574601270682816,No,0.13131313131313133,No,0.13333333333333333,No,0.09016696475409036,No
5828,No,0.07559250886340949,No,0.13333333333333333,No,0.13333333333333333,No,0.10606517042720377,No
868,No,0.07340219506435727,No,0.06006006006006006,No,0.06666666666666667,No,0.04652814180758538,No
1481,No,0.5295449206764336,Sí,0.4896551724137931,No,0.6666666666666666,Sí,0.47412222977017715,No
6629,No,0.3569688139197739,No,0.4896551724137931,No,0.4,No,0.46027064979121074,No
3728,No,0.04371062947146567,No,0.06006006006006006,No,0.2,No,0.09358113836333867,No
6603,Sí,0.058039878298281715,No,0.06006006006006006,No,0.06666666666666667,No,0.057334327337751345,No
3970,No,0.039157061158442336,No,0.04044943820224719,No,0.0,No,0.0647233726805749,No
7463,No,0.04837404359333127,No,0.06006006006006006,No,0.0,No,0.06088607147596111,No
6654,No,0.05887132547924397,No,0.04044943820224719,No,0.0,No,0.027864808483875337,No
7608,No,0.06879176132102324,No,0.06006006006006006,No,0.06666666666666667,No,0.03680080634910647,No
6295,No,0.008743673294627701,No,0.04044943820224719,No,0.0,No,0.04364256680149125,No
7175,No,0.06426655803962869,No,0.06006006006006006,No,0.06666666666666667,No,0.033500083866293814,No
897,No,0.05530356606385715,No,0.04044943820224719,No,0.06666666666666667,No,0.061559463511301676,No
6986,Sí,0.20619156855947238,No,0.13131313131313133,No,0.13333333333333333,No,0.1302172383663008,No
5676,No,0.04501875604374377,No,0.06006006006006006,No,0.0,No,0.03856241345437904,No
2894,No,0.053468940685173584,No,0.06006006006006006,No,0.0,No,0.03581560757470349,No
6541,No,0.04379442551802729,No,0.04044943820224719,No,0.06666666666666667,No,0.01895841399742309,No
1547,No,0.07566466924348055,No,0.06006006006006006,No,0.13333333333333333,No,0.05603929162060252,No
7363,No,0.03601011734192214,No,0.04044943820224719,No,0.13333333333333333,No,0.041580009244139654,No
1772,Sí,0.8288107700611117,Sí,0.6753246753246753,Sí,0.7333333333333333,Sí,0.6938075889687715,Sí
458,No,0.030284842914429032,No,0.04044943820224719,No,0.13333333333333333,No,0.05195541773161628,No
2526,Sí,0.5727322553341521,Sí,0.4896551724137931,No,0.7333333333333333,Sí,0.5811103028982046,Sí
7171,No,0.046162436120860406,No,0.06006006006006006,No,0.06666666666666667,No,0.07760849943671122,No
1874,Sí,0.21461729466558307,No,0.48333333333333334,No,0.2,No,0.3058547269551307,No
384,No,0.03129753640979227,No,0.06006006006006006,No,0.0,No,0.0472451305841872,No
7164,No,0.04836415721764725,No,0.06006006006006006,No,0.06666666666666667,No,0.06206507963754288,No
6940,No,0.07991055659515432,No,0.06006006006006006,No,0.0,No,0.11170012247617715,No
811,No,0.0909491808790933,No,0.13333333333333333,No,0.0,No,0.09805083698993128,No
6523,No,0.0745894217742219,No,0.13333333333333333,No,0.13333333333333333,No,0.12248435127307074,No
6430,No,0.07807946547854519,No,0.06006006006006006,No,0.0,No,0.0673918163641508,No
2310,No,0.044196621463745756,No,0.0603448275862069,No,0.06666666666666667,No,0.09309106197789785,No
4955,No,0.06546404868763633,No,0.06006006006006006,No,0.06666666666666667,No,0.03772237027260285,No
3745,No,0.04188277260372129,No,0.04044943820224719,No,0.06666666666666667,No,0.025006785045731034,No
6475,No,0.06033895948096844,No,0.06006006006006006,No,0.06666666666666667,No,0.06406218203745342,No
1358,No,0.08556668312156848,No,0.06006006006006006,No,0.06666666666666667,No,0.08665904902909494,No
5423,No,0.05405147816898461,No,0.06006006006006006,No,0.06666666666666667,No,0.0681430496179293,No
375,No,0.04725974078518797,No,0.04044943820224719,No,0.06666666666666667,No,0.03568739603536901,No
3055,No,0.07357723348662681,No,0.06006006006006006,No,0.0,No,0.04441764583526678,No
866,No,0.0669978160710687,No,0.06006006006006006,No,0.13333333333333333,No,0.08140789703641133,No
5767,No,0.03701432734278231,No,0.04044943820224719,No,0.0,No,0.033181688825528584,No
3991,No,0.024536229452456114,No,0.04044943820224719,No,0.0,No,0.022752968023009888,No
2934,No,0.05354276378139684,No,0.04044943820224719,No,0.06666666666666667,No,0.043592488729163104,No
1304,No,0.0195307383195108,No,0.04044943820224719,No,0.06666666666666667,No,0.05968518115006096,No
383,No,0.2517951057117404,No,0.34797297297297297,No,0.26666666666666666,No,0.29461995336632585,No
4502,No,0.044046482664751536,No,0.06006006006006006,No,0.0,No,0.02657977603855583,No
1113,No,0.059151464913856255,No,0.06006006006006006,No,0.13333333333333333,No,0.03720489339005668,No
3309,No,0.04756875915524219,No,0.04044943820224719,No,0.13333333333333333,No,0.05240742300419282,No
5294,No,0.04927950197385659,No,0.04044943820224719,No,0.06666666666666667,No,0.0427270684301406,No
1293,No,0.07047768210695415,No,0.06006006006006006,No,0.0,No,0.03437974461131022,No
6730,No,0.035160521953791136,No,0.06006006006006006,No,0.0,No,0.03047016514972811,No
6590,No,0.06912213970452685,No,0.06006006006006006,No,0.0,No,0.06543785175160889,No
5657,No,0.36606972370214913,No,0.024390243902439025,No,0.2,No,0.16754279367445532,No
3139,No,0.05084122110878382,No,0.06006006006006006,No,0.0,No,0.02711334668428212,No
5756,Sí,0.05436169925897912,No,0.04044943820224719,No,0.0,No,0.036153902379105096,No
935,No,0.048747187309629944,No,0.04044943820224719,No,0.0,No,0.018051057139474764,No
5805,No,0.04398716275084188,No,0.06006006006006006,No,0.0,No,0.03368219789731453,No
7149,No,0.048949050012016306,No,0.04044943820224719,No,0.06666666666666667,No,0.035565233174246175,No
487,No,0.030724079113419834,No,0.04044943820224719,No,0.0,No,0.04587176070776237,No
4443,No,0.31475309194879914,No,0.34797297297297297,No,0.4666666666666667,No,0.3790042667095011,No
5109,No,0.4053178160233731,No,0.34797297297297297,No,0.4,No,0.35386606880653676,No
7413,No,0.04906584524150916,No,0.04044943820224719,No,0.0,No,0.025977394345085503,No
7166,No,0.09378275800257213,No,0.13333333333333333,No,0.06666666666666667,No,0.08938486874029686,No
5986,No,0.04696588009037457,No,0.06006006006006006,No,0.06666666666666667,No,0.028387016673033248,No
6642,No,0.07244441673353068,No,0.06006006006006006,No,0.06666666666666667,No,0.05028634300492488,No
148,No,0.09468229680377754,No,0.06006006006006006,No,0.0,No,0.04778894285957162,No
2890,No,0.08877528987398094,No,0.06006006006006006,No,0.06666666666666667,No,0.09307534247551588,No
2495,No,0.08177471305952957,No,0.06006006006006006,No,0.0,No,0.04640424630997849,No
5701,No,0.10733760717674305,No,0.0603448275862069,No,0.2,No,0.13369432494030817,No
7756,No,0.07705132038957606,No,0.06006006006006006,No,0.06666666666666667,No,0.08840515661316829,No
57,No,0.048496686401944364,No,0.06006006006006006,No,0.0,No,0.0211536016188134,No
3447,No,0.05721310365930393,No,0.06006006006006006,No,0.06666666666666667,No,0.04484183121913955,No
2104,Sí,0.5656088503261718,Sí,0.7317073170731707,Sí,0.8,Sí,0.7044593539898527,Sí
1233,No,0.07420607177511665,No,0.06006006006006006,No,0.06666666666666667,No,0.049265515179102284,No
4246,No,0.0455623728709179,No,0.04044943820224719,No,0.0,No,0.04461522303507028,No
3804,No,0.042759511656775474,No,0.04044943820224719,No,0.0,No,0.08376841655624408,No
4781,No,0.03409767892806722,No,0.04044943820224719,No,0.0,No,0.047545639300916855,No
2910,No,0.015344453271531703,No,0.04044943820224719,No,0.06666666666666667,No,0.0337107217949516,No
4870,No,0.08439339244974974,No,0.06006006006006006,No,0.0,No,0.08955798770369557,No
2225,No,0.1874073984376781,No,0.13131313131313133,No,0.2,No,0.09097094036644258,No
2700,No,0.06314357019067218,No,0.04044943820224719,No,0.13333333333333333,No,0.10388967522420149,No
449,No,0.03455443322963588,No,0.04044943820224719,No,0.0,No,0.01512553502549995,No
7132,Sí,0.07290665323410173,No,0.06006006006006006,No,0.06666666666666667,No,0.0408026887844947,No
7287,No,0.02602632034379241,No,0.06006006006006006,No,0.06666666666666667,No,0.10127765688164428,No
6428,No,0.21535187675322567,No,0.13131313131313133,No,0.13333333333333333,No,0.1466592397741246,No
3836,No,0.048056183249212674,No,0.06006006006006006,No,0.06666666666666667,No,0.04182556761048464,No
1744,No,0.087587310769015,No,0.06006006006006006,No,0.13333333333333333,No,0.07201861021820231,No
139,No,0.03954985020130845,No,0.06006006006006006,No,0.06666666666666667,No,0.0673512387011387,No
5077,No,0.053835296423569545,No,0.06006006006006006,No,0.0,No,0.04762590579865007,No
654,No,0.10660439748265042,No,0.13131313131313133,No,0.0,No,0.08137805087094865,No
1659,No,0.340865104282149,No,0.34797297297297297,No,0.3333333333333333,No,0.3425736176717011,No
5865,No,0.07842899623074392,No,0.06006006006006006,No,0.06666666666666667,No,0.048374110170830875,No
60,No,0.07368703644860883,No,0.06006006006006006,No,0.06666666666666667,No,0.1364599592912471,No
5364,Sí,0.5034852073187852,Sí,0.34797297297297297,No,0.13333333333333333,No,0.28392441119896816,No
7791,No,0.05664604914887821,No,0.06006006006006006,No,0.0,No,0.019028211545042664,No
7013,No,0.051081387505998894,No,0.04044943820224719,No,0.06666666666666667,No,0.05284113435248463,No
223,No,0.043433483425034114,No,0.06006006006006006,No,0.06666666666666667,No,0.0687247462425021,No
2938,No,0.054556824761994444,No,0.06006006006006006,No,0.06666666666666667,No,0.043816312625421204,No
1150,No,0.1364223175209772,No,0.0603448275862069,No,0.2,No,0.13115328227472914,No
2569,No,0.06636791764842417,No,0.06006006006006006,No,0.06666666666666667,No,0.06104071976794491,No
6529,No,0.029213394556514352,No,0.04044943820224719,No,0.0,No,0.018533555531348764,No
7737,No,0.09169890666849709,No,0.06006006006006006,No,0.06666666666666667,No,0.06780291826818986,No
6926,No,0.040337067995313065,No,0.04044943820224719,No,0.0,No,0.022021857902965312,No
3201,No,0.03654059319120051,No,0.04044943820224719,No,0.06666666666666667,No,0.03020460153267163,No
6487,No,0.16796292246513447,No,0.13131313131313133,No,0.13333333333333333,No,0.059693597292674996,No
3062,No,0.08423244191370917,No,0.06006006006006006,No,0.06666666666666667,No,0.07060426773817964,No
7184,Sí,0.04327944006473054,No,0.06006006006006006,No,0.0,No,0.030993047360924404,No
7746,No,0.07957293837541109,No,0.04044943820224719,No,0.0,No,0.029098044566702026,No
6016,No,0.05792360708438854,No,0.06006006006006006,No,0.0,No,0.04309239104876689,No
6418,No,0.059877838639961475,No,0.06006006006006006,No,0.13333333333333333,No,0.06646787338654714,No
3737,No,0.020640704091161404,No,0.06006006006006006,No,0.06666666666666667,No,0.0804536696496491,No
6191,No,0.09539793259844302,No,0.06006006006006006,No,0.06666666666666667,No,0.053042405585100275,No
2370,No,0.04194400407082064,No,0.06006006006006006,No,0.0,No,0.0669997867294911,No
3041,No,0.02353965701899417,No,0.06006006006006006,No,0.0,No,0.02604948578331163,No
7594,No,0.03480784844514404,No,0.06006006006006006,No,0.06666666666666667,No,0.05209597623501119,No
217,Sí,0.06030506542933255,No,0.06006006006006006,No,0.06666666666666667,No,0.06753104699800926,No
678,No,0.2504285076179288,No,0.34797297297297297,No,0.26666666666666666,No,0.39947105494339513,No
7491,Sí,0.6746333306925164,Sí,0.82,Sí,0.8,Sí,0.7308332263540673,Sí
707,No,0.0295152217513791,No,0.06006006006006006,No,0.13333333333333333,No,0.10203588631006433,No
2094,No,0.02953168177767881,No,0.04044943820224719,No,0.0,No,0.047094116991635696,No
7877,No,0.42134906855326765,No,0.4896551724137931,No,0.4666666666666667,No,0.44408826131347534,No
1452,No,0.08477757328760459,No,0.06006006006006006,No,0.06666666666666667,No,0.07504028305503281,No
5522,No,0.1589218646147359,No,0.06006006006006006,No,0.13333333333333333,No,0.0568778843954243,No
1306,No,0.08612272697150038,No,0.06006006006006006,No,0.06666666666666667,No,0.045177987523558526,No
6168,No,0.35905771865775865,No,0.34797297297297297,No,0.26666666666666666,No,0.327105883612537,No
1310,No,0.01836819474558902,No,0.04044943820224719,No,0.0,No,0.03163425657529542,No
109,No,0.060869307324748795,No,0.06006006006006006,No,0.2,No,0.08411664073127031,No
886,No,0.023721561570901543,No,0.04044943820224719,No,0.06666666666666667,No,0.01627191201513316,No
1071,No,0.06232285890122485,No,0.06006006006006006,No,0.0,No,0.07035829459005742,No
3131,No,0.2416350039758861,No,0.13131313131313133,No,0.4,No,0.25940301724351417,No
7250,No,0.05887851263285124,No,0.04044943820224719,No,0.0,No,0.02144912955891419,No
3755,No,0.18384704542720554,No,0.13131313131313133,No,0.0,No,0.2504421121377901,No
5978,No,0.0401130336580904,No,0.04044943820224719,No,0.0,No,0.019899471594136197,No
2428,No,0.043873902547789285,No,0.04044943820224719,No,0.06666666666666667,No,0.03355765134795035,No
5414,No,0.04584404417930837,No,0.04044943820224719,No,0.0,No,0.06031884944859087,No
2238,No,0.12995085801303485,No,0.13333333333333333,No,0.4,No,0.21906922195704268,No
3437,No,0.04805681936809908,No,0.04044943820224719,No,0.0,No,0.044777647795467404,No
7272,No,0.3303541930156598,No,0.024390243902439025,No,0.4,No,0.17919986316518957,No
5485,No,0.034471635912816385,No,0.13333333333333333,No,0.0,No,0.07328528398840065,No
5246,No,0.25913019173963614,No,0.41304347826086957,No,0.13333333333333333,No,0.25333363199219605,No
6326,No,0.05882557937843508,No,0.13333333333333333,No,0.06666666666666667,No,0.10794920739476159,No
4599,No,0.02245922540112728,No,0.06006006006006006,No,0.06666666666666667,No,0.09489305413798063,No
4592,Sí,0.7745780098121504,Sí,0.6753246753246753,Sí,0.7333333333333333,Sí,0.7453566869164968,Sí
3842,No,0.056389417726437456,No,0.06006006006006006,No,0.06666666666666667,No,0.09073796894736795,No
5213,No,0.09640816936605608,No,0.06006006006006006,No,0.2,No,0.15975114565045162,No
2226,No,0.02051167039192784,No,0.04044943820224719,No,0.0,No,0.039227961642939846,No
4512,No,0.06060185622424335,No,0.04044943820224719,No,0.0,No,0.019681437138144145,No
2167,No,0.08916684755352229,No,0.06006006006006006,No,0.06666666666666667,No,0.0728025091170035,No
1101,No,0.06550650170757333,No,0.06006006006006006,No,0.26666666666666666,No,0.09666993359431367,No
4580,No,0.051489308650364905,No,0.06006006006006006,No,0.13333333333333333,No,0.09022343117397448,No
2308,No,0.07402839290333446,No,0.06006006006006006,No,0.13333333333333333,No,0.11067442280302332,No
5362,No,0.05321867918271476,No,0.04044943820224719,No,0.06666666666666667,No,0.06601822146197106,No
2637,No,0.3047982789459147,No,0.34797297297297297,No,0.3333333333333333,No,0.39755350030201664,No
1853,No,0.07576703944340785,No,0.06006006006006006,No,0.13333333333333333,No,0.11194685176493788,No
4594,No,0.06482859012347685,No,0.06006006006006006,No,0.13333333333333333,No,0.07536222757912457,No
3239,No,0.028826957287457152,No,0.04044943820224719,No,0.06666666666666667,No,0.044364565504641844,No
5425,No,0.05709180808501726,No,0.06006006006006006,No,0.0,No,0.03944604548529156,No
6354,No,0.037780777432046664,No,0.04044943820224719,No,0.06666666666666667,No,0.040178298421781285,No
6931,No,0.06674554017595519,No,0.13333333333333333,No,0.06666666666666667,No,0.11437412580530555,No
3063,No,0.0678952472994905,No,0.06006006006006006,No,0.06666666666666667,No,0.08195782155062427,No
6479,No,0.08738735272817098,No,0.06006006006006006,No,0.13333333333333333,No,0.0746229903544537,No
1851,No,0.12173496288371655,No,0.024390243902439025,No,0.2,No,0.29550728611031973,No
1583,No,0.08187071196726403,No,0.13333333333333333,No,0.2,No,0.12289607908424624,No
4714,No,0.050545581064429815,No,0.04044943820224719,No,0.13333333333333333,No,0.05407511213145207,No
6254,No,0.06728352958615867,No,0.04044943820224719,No,0.06666666666666667,No,0.02244756714494537,No
2341,No,0.05287068787746003,No,0.04044943820224719,No,0.0,No,0.04457107559020705,No
3232,No,0.027890853466012038,No,0.04044943820224719,No,0.0,No,0.03731000636340874,No
3979,No,0.029673640007891723,No,0.04044943820224719,No,0.0,No,0.025356197063290037,No
4407,No,0.03463400485865878,No,0.04044943820224719,No,0.06666666666666667,No,0.07099707607297454,No
2196,No,0.044740408792596865,No,0.06006006006006006,No,0.06666666666666667,No,0.07176369611680215,No
7504,No,0.0700135142587651,No,0.06006006006006006,No,0.13333333333333333,No,0.07585560596413757,No
4235,No,0.2710811864033528,No,0.41304347826086957,No,0.26666666666666666,No,0.2795657700857155,No
542,No,0.34325936263291207,No,0.024390243902439025,No,0.2,No,0.15848830805384215,No
4272,No,0.07918860031837767,No,0.0603448275862069,No,0.2,No,0.08093461750393471,No
663,Sí,0.24675211074647208,No,0.4896551724137931,No,0.4,No,0.3568652204231912,No
6556,Sí,0.580445764321269,Sí,0.6753246753246753,Sí,0.7333333333333333,Sí,0.5801214896235196,Sí
1728,No,0.04883425726408083,No,0.06006006006006006,No,0.06666666666666667,No,0.08403658265794696,No
2330,No,0.0604325161507807,No,0.06006006006006006,No,0.0,No,0.029986990691530324,No
5041,No,0.13018547802109304,No,0.06006006006006006,No,0.0,No,0.0648180942856395,No
1639,No,0.03876853647148511,No,0.06006006006006006,No,0.0,No,0.05512389172730394,No
2559,No,0.050888196271591336,No,0.06006006006006006,No,0.06666666666666667,No,0.04081831977785696,No
1207,No,0.028324189235658503,No,0.04044943820224719,No,0.13333333333333333,No,0.05273139299004092,No
6679,No,0.0999094488345448,No,0.06006006006006006,No,0.06666666666666667,No,0.04358596839019745,No
211,No,0.0900601057235552,No,0.06006006006006006,No,0.06666666666666667,No,0.06057952203731387,No
4538,No,0.0713269929946624,No,0.06006006006006006,No,0.0,No,0.04547371666680311,No
5984,No,0.03835020041155499,No,0.04044943820224719,No,0.06666666666666667,No,0.05979450458268985,No
3664,No,0.06684030502978984,No,0.06006006006006006,No,0.06666666666666667,No,0.09111674320161127,No
50,No,0.050218735759868946,No,0.06006006006006006,No,0.06666666666666667,No,0.01712646584878227,No
3046,No,0.0835801485089687,No,0.06006006006006006,No,0.06666666666666667,No,0.06231175664783754,No
2900,No,0.08038098496667712,No,0.06006006006006006,No,0.06666666666666667,No,0.0682590775608626,No
4304,No,0.034378182588749744,No,0.04044943820224719,No,0.06666666666666667,No,0.04130873353514164,No
2632,No,0.04942040590445185,No,0.06006006006006006,No,0.0,No,0.03742455836737835,No
2497,No,0.04961987779220628,No,0.04044943820224719,No,0.0,No,0.04714927479090898,No
4954,No,0.05730987721491831,No,0.04044943820224719,No,0.0,No,0.0204625466467688,No
5464,No,0.06459667432198792,No,0.06006006006006006,No,0.06666666666666667,No,0.041962190589540205,No
1998,No,0.05670747414342335,No,0.04044943820224719,No,0.13333333333333333,No,0.048918000065954335,No
413,No,0.06409844113676556,No,0.06006006006006006,No,0.06666666666666667,No,0.054546098805549774,No
3097,No,0.061351739339052816,No,0.04044943820224719,No,0.13333333333333333,No,0.0649309936728537,No
7178,No,0.03241449394785759,No,0.13333333333333333,No,0.06666666666666667,No,0.07539371622792929,No
5543,No,0.08382607548590262,No,0.06006006006006006,No,0.0,No,0.10760768607395031,No
6015,Sí,0.04694796413073382,No,0.04044943820224719,No,0.0,No,0.022671222713893477,No
2434,No,0.03935784077504596,No,0.04044943820224719,No,0.0,No,0.025184647961173798,No
4732,No,0.04161942080694579,No,0.06006006006006006,No,0.06666666666666667,No,0.07845183845932614,No
3940,No,0.044869471922088386,No,0.04044943820224719,No,0.06666666666666667,No,0.04424407322474148,No
2664,No,0.05612252168804782,No,0.04044943820224719,No,0.0,No,0.021279226694163118,No
6763,No,0.03748780272343211,No,0.04044943820224719,No,0.0,No,0.025930777479484093,No
6156,No,0.03489561249805386,No,0.06006006006006006,No,0.06666666666666667,No,0.06144753969631228,No
5989,No,0.0558117092595446,No,0.06006006006006006,No,0.0,No,0.035812888614126584,No
1680,No,0.06645943537744815,No,0.06006006006006006,No,0.0,No,0.05370658441727437,No
797,No,0.04716144747920352,No,0.04044943820224719,No,0.0,No,0.0480711611161286,No
5811,No,0.023775469338313582,No,0.04044943820224719,No,0.0,No,0.018711321720142452,No
4835,No,0.07974243930609778,No,0.06006006006006006,No,0.06666666666666667,No,0.035478719664002414,No
2058,No,0.09116717744161004,No,0.06006006006006006,No,0.06666666666666667,No,0.08377484196696691,No
1612,Sí,0.040747863760484546,No,0.04044943820224719,No,0.06666666666666667,No,0.02673573531349538,No
5580,No,0.04263210709687525,No,0.04044943820224719,No,0.13333333333333333,No,0.0625254837625486,No
689,No,0.043851941537078866,No,0.04044943820224719,No,0.06666666666666667,No,0.025923352072359972,No
3892,No,0.5627024138453984,Sí,0.7317073170731707,Sí,0.4,No,0.549532847240302,Sí
7140,No,0.03729280611182414,No,0.04044943820224719,No,0.0,No,0.02730388657499206,No
2500,No,0.05158626084675616,No,0.06006006006006006,No,0.06666666666666667,No,0.08258064435550783,No
4667,No,0.03253770457464924,No,0.06006006006006006,No,0.13333333333333333,No,0.050358661675435734,No
255,No,0.04883985292099453,No,0.06006006006006006,No,0.0,No,0.032002676644749366,No
2489,No,0.5394730704265486,Sí,0.4896551724137931,No,0.5333333333333333,Sí,0.3549043055446529,No
3733,No,0.015607208088851604,No,0.06006006006006006,No,0.13333333333333333,No,0.05250880864932124,No
2102,No,0.08174049761977611,No,0.04044943820224719,No,0.06666666666666667,No,0.04378072294277784,No
5052,Sí,0.04852854232092552,No,0.04044943820224719,No,0.06666666666666667,No,0.04005207204167292,No
1338,Sí,0.29342441498274424,No,0.34797297297297297,No,0.3333333333333333,No,0.3174964624380033,No
922,No,0.08066007074907622,No,0.06006006006006006,No,0.13333333333333333,No,0.12132199292185139,No
2077,No,0.05251777026282593,No,0.06006006006006006,No,0.0,No,0.05108958931916155,No
5831,No,0.07552223067784157,No,0.06006006006006006,No,0.13333333333333333,No,0.09799719700953208,No
6310,No,0.037919444316397925,No,0.04044943820224719,No,0.0,No,0.04857393536051458,No
2109,No,0.07523228667845981,No,0.06006006006006006,No,0.13333333333333333,No,0.04650760355205235,No
6489,No,0.08240018313180006,No,0.06006006006006006,No,0.0,No,0.057050166897536045,No
5175,No,0.028643484643841265,No,0.04044943820224719,No,0.0,No,0.04266178103054014,No
2743,No,0.04700884224036746,No,0.06006006006006006,No,0.0,No,0.04253992698741262,No
227,No,0.09723203718325088,No,0.06006006006006006,No,0.13333333333333333,No,0.053397195775313405,No
7875,No,0.12496863751763773,No,0.4896551724137931,No,0.26666666666666666,No,0.38157639825765965,No
4757,Sí,0.6599870523355487,Sí,0.4896551724137931,No,0.7333333333333333,Sí,0.4857742019883884,No
3367,Sí,0.5709106975045385,Sí,0.82,Sí,0.7333333333333333,Sí,0.6127356379708622,Sí
3144,No,0.07066450209450546,No,0.06006006006006006,No,0.13333333333333333,No,0.13274679826238084,No
6515,No,0.033262553638166895,No,0.06006006006006006,No,0.06666666666666667,No,0.09780271047448098,No
7398,No,0.034882400950367584,No,0.06006006006006006,No,0.13333333333333333,No,0.04573248823667626,No
166,No,0.03551742661562511,No,0.06006006006006006,No,0.0,No,0.02952704395698611,No
2073,Sí,0.8106531075457353,Sí,0.6753246753246753,Sí,0.6666666666666666,Sí,0.6989134735349412,Sí
2284,Sí,0.28778400188587666,No,0.41304347826086957,No,0.2,No,0.3585913241643244,No
1838,No,0.041612097237888966,No,0.06006006006006006,No,0.06666666666666667,No,0.03442920050383131,No
7735,No,0.04948931157387646,No,0.06006006006006006,No,0.06666666666666667,No,0.05552567778750015,No
6745,No,0.03755261907354075,No,0.04044943820224719,No,0.0,No,0.02250606075520331,No
291,No,0.039428336387619244,No,0.06006006006006006,No,0.0,No,0.030483864421789703,No
5968,No,0.04589946891518276,No,0.04044943820224719,No,0.0,No,0.04675483988287647,No
1451,No,0.034568835547023904,No,0.06006006006006006,No,0.0,No,0.0820580962230381,No
4032,No,0.05070221551334483,No,0.04044943820224719,No,0.0,No,0.0562201530036832,No
2485,No,0.04283285930996514,No,0.04044943820224719,No,0.0,No,0.04152524946500846,No
849,No,0.035335910212179245,No,0.04044943820224719,No,0.06666666666666667,No,0.03513643406520168,No
6659,No,0.16385564367246833,No,0.48333333333333334,No,0.06666666666666667,No,0.2706840264342768,No
959,No,0.03928459555931051,No,0.04044943820224719,No,0.06666666666666667,No,0.06095284861383179,No
1662,Sí,0.5580888926608647,Sí,0.7317073170731707,Sí,0.7333333333333333,Sí,0.7563174930861507,Sí
5061,No,0.07639044202488954,No,0.13333333333333333,No,0.13333333333333333,No,0.11724201852555559,No
7892,No,0.061090853783021044,No,0.04044943820224719,No,0.0,No,0.057059034949393114,No
6031,No,0.3335472907196561,No,0.34797297297297297,No,0.3333333333333333,No,0.4376551806651593,No
2049,No,0.05263101429127383,No,0.06006006006006006,No,0.0,No,0.04984396780149553,No
3031,No,0.02537028160108033,No,0.04044943820224719,No,0.0,No,0.01659089220616652,No
3599,Sí,0.027521340049177466,No,0.06006006006006006,No,0.0,No,0.04913703812264793,No
2160,No,0.17921802242151627,No,0.13131313131313133,No,0.3333333333333333,No,0.22008406675937625,No
724,No,0.05898708714885033,No,0.04044943820224719,No,0.13333333333333333,No,0.040862417926511754,No
2770,No,0.033568598739898765,No,0.04044943820224719,No,0.0,No,0.024876872080656896,No
2471,No,0.1253093996505694,No,0.06006006006006006,No,0.13333333333333333,No,0.08010145752909294,No
7199,No,0.08676577903762604,No,0.13333333333333333,No,0.06666666666666667,No,0.09214263502479011,No
5896,No,0.06565031019356506,No,0.04044943820224719,No,0.06666666666666667,No,0.03924704172369898,No
6370,No,0.022412013655368802,No,0.04044943820224719,No,0.0,No,0.0421124824161833,No
7870,No,0.2104484463084351,No,0.34797297297297297,No,0.4,No,0.29425960756080866,No
4702,No,0.04987407009317857,No,0.04044943820224719,No,0.0,No,0.031702987016493274,No
6980,No,0.024469151019915095,No,0.04044943820224719,No,0.0,No,0.010516131357872195,No
1494,Sí,0.026204202036834975,No,0.04044943820224719,No,0.06666666666666667,No,0.027843334020783685,No
7868,No,0.018758570359218605,No,0.04044943820224719,No,0.0,No,0.01807028923631064,No
4999,No,0.313882302070315,No,0.4896551724137931,No,0.5333333333333333,Sí,0.47624982970646473,No
4842,No,0.04407893456983776,No,0.04044943820224719,No,0.06666666666666667,No,0.06453830044750941,No
160,No,0.03510982851751427,No,0.04044943820224719,No,0.06666666666666667,No,0.05293293520749684,No
6094,No,0.05005203715329181,No,0.04044943820224719,No,0.0,No,0.031994608331030176,No
7309,No,0.05529326065825547,No,0.04044943820224719,No,0.0,No,0.07412370192674586,No
575,No,0.12552215295940514,No,0.06006006006006006,No,0.06666666666666667,No,0.06762373432463145,No
6299,No,0.0731584215549362,No,0.06006006006006006,No,0.06666666666666667,No,0.05990322215898643,No
4317,No,0.08296517018861906,No,0.06006006006006006,No,0.0,No,0.021779666442667985,No
2893,No,0.061137103953232214,No,0.06006006006006006,No,0.06666666666666667,No,0.060477870451580554,No
7012,Sí,0.6809670765190144,Sí,0.4896551724137931,No,0.6666666666666666,Sí,0.5868597150100198,Sí
1112,No,0.05382663679745771,No,0.06006006006006006,No,0.06666666666666667,No,0.09217830926332367,No
2882,No,0.174749991623879,No,0.13131313131313133,No,0.06666666666666667,No,0.06443441897266883,No
1469,No,0.0367804752385817,No,0.04044943820224719,No,0.06666666666666667,No,0.07024133011389656,No
5093,Sí,0.27532463319182143,No,0.19298245614035087,No,0.4666666666666667,No,0.3668373013988085,No
6969,No,0.05222898706110469,No,0.06006006006006006,No,0.06666666666666667,No,0.043121702580006915,No
758,No,0.10677015077028719,No,0.06006006006006006,No,0.0,No,0.058614041811102705,No
5678,No,0.01946647643181613,No,0.06006006006006006,No,0.0,No,0.02003071113311915,No
7104,Sí,0.20343275736792596,No,0.34797297297297297,No,0.26666666666666666,No,0.3789547832080592,No
3473,No,0.15408462719968283,No,0.06006006006006006,No,0.06666666666666667,No,0.05721180066882713,No
4056,No,0.06575926516721055,No,0.06006006006006006,No,0.06666666666666667,No,0.10134987586697766,No
4890,No,0.0507805130267733,No,0.06006006006006006,No,0.13333333333333333,No,0.06886950186734406,No
3163,Sí,0.689309914567471,Sí,0.6753246753246753,Sí,0.5333333333333333,Sí,0.5972556862756833,Sí
2455,No,0.03437690860565561,No,0.04044943820224719,No,0.13333333333333333,No,0.05970085183379201,No
6349,No,0.029870051585537554,No,0.04044943820224719,No,0.06666666666666667,No,0.03322757491456964,No
3488,No,0.05511770750533087,No,0.06006006006006006,No,0.0,No,0.04685076311624863,No
3517,No,0.06829704157478658,No,0.04044943820224719,No,0.06666666666666667,No,0.042460355455029956,No
2643,No,0.03755365041479188,No,0.04044943820224719,No,0.0,No,0.03747228801993829,No
3475,Sí,0.10019364061229057,No,0.06006006006006006,No,0.06666666666666667,No,0.17859627656552837,No
746,No,0.050393410768636446,No,0.04044943820224719,No,0.13333333333333333,No,0.05092359037248219,No
3645,No,0.027834415520134034,No,0.06006006006006006,No,0.0,No,0.0634251699075818,No
4734,No,0.0344434754736592,No,0.04044943820224719,No,0.0,No,0.015468303976621496,No
6777,No,0.02807853845842468,No,0.04044943820224719,No,0.0,No,0.013820788503309105,No
2746,No,0.05593305578984317,No,0.04044943820224719,No,0.0,No,0.04924644472876861,No
5002,No,0.029157789551712183,No,0.04044943820224719,No,0.06666666666666667,No,0.06268950313896152,No
2331,Sí,0.04987880659033464,No,0.06006006006006006,No,0.06666666666666667,No,0.04120973608595145,No
6738,No,0.04979446562583794,No,0.06006006006006006,No,0.13333333333333333,No,0.05765844948142007,No
5640,No,0.04662398699313876,No,0.04044943820224719,No,0.06666666666666667,No,0.04814410905128954,No
85,No,0.046504833766272916,No,0.04044943820224719,No,0.0,No,0.03952488654240377,No
7847,No,0.05612396047747673,No,0.06006006006006006,No,0.06666666666666667,No,0.08873498828981165,No
2711,No,0.0971997285983575,No,0.06006006006006006,No,0.0,No,0.05782207857066471,No
6318,No,0.09356831569507201,No,0.06006006006006006,No,0.13333333333333333,No,0.11710958201877629,No
6764,No,0.11216989911769944,No,0.06006006006006006,No,0.26666666666666666,No,0.11606344183405225,No
37,No,0.053028465132175635,No,0.04044943820224719,No,0.0,No,0.05672747858300115,No
6482,No,0.03824610756506159,No,0.06006006006006006,No,0.06666666666666667,No,0.05847921164291532,No
604,No,0.08114301352543322,No,0.13333333333333333,No,0.2,No,0.12198899042773613,No
266,No,0.30352312917015173,No,0.34797297297297297,No,0.4666666666666667,No,0.35135149243951297,No
538,No,0.024512813177793365,No,0.04044943820224719,No,0.0,No,0.029092433261744474,No
6907,No,0.059230323723198246,No,0.0603448275862069,No,0.13333333333333333,No,0.10664275934755446,No
7318,No,0.06828462077163237,No,0.06006006006006006,No,0.13333333333333333,No,0.08280650744097366,No
6162,No,0.03879694442754489,No,0.04044943820224719,No,0.0,No,0.017220753480732,No
4829,No,0.04728539902264624,No,0.06006006006006006,No,0.06666666666666667,No,0.04064000850146684,No
7039,No,0.29912258504881134,No,0.34797297297297297,No,0.6,Sí,0.4037195119758289,No
2835,No,0.43880884399547204,No,0.4896551724137931,No,0.4666666666666667,No,0.4346177909342694,No
3408,Sí,0.11427145700533754,No,0.06006006006006006,No,0.2,No,0.15058700208021758,No
4494,No,0.06938854044975779,No,0.06006006006006006,No,0.06666666666666667,No,0.05126009736515007,No
7864,No,0.06328196299176081,No,0.06006006006006006,No,0.06666666666666667,No,0.08221226601539489,No
3,No,0.03611997718889838,No,0.06006006006006006,No,0.0,No,0.045928629057694355,No
1055,No,0.10129878895511414,No,0.06006006006006006,No,0.06666666666666667,No,0.0806406498563239,No
3422,No,0.05415257933920273,No,0.06006006006006006,No,0.13333333333333333,No,0.06656090862821767,No
4116,No,0.09907383510466188,No,0.06006006006006006,No,0.0,No,0.13536224026348273,No
3826,No,0.07426605671123074,No,0.06006006006006006,No,0.0,No,0.07692515859114855,No
270,No,0.03552971057321566,No,0.04044943820224719,No,0.0,No,0.06791289780413681,No
5073,No,0.056392877453817186,No,0.04044943820224719,No,0.06666666666666667,No,0.028415591880552604,No
1516,No,0.06063181429154129,No,0.06006006006006006,No,0.13333333333333333,No,0.04969442584304265,No
7233,No,0.04840310726439986,No,0.06006006006006006,No,0.06666666666666667,No,0.057721115847534275,No
3953,No,0.04324739638336405,No,0.06006006006006006,No,0.0,No,0.04323576930756443,No
5011,Sí,0.21277918363280357,No,0.34797297297297297,No,0.13333333333333333,No,0.27863341375165673,No
6500,No,0.17416883171742123,No,0.13131313131313133,No,0.06666666666666667,No,0.07958115873435556,No
1635,Sí,0.045232802192050586,No,0.04044943820224719,No,0.06666666666666667,No,0.06061852069046494,No
277,No,0.07617024814308013,No,0.06006006006006006,No,0.06666666666666667,No,0.07777627487416566,No
1902,No,0.050285098510094994,No,0.06006006006006006,No,0.0,No,0.06762886648070582,No
3538,No,0.09230833250254572,No,0.06006006006006006,No,0.13333333333333333,No,0.06663370883319492,No
4725,No,0.06345468058738946,No,0.04044943820224719,No,0.0,No,0.03929720290006713,No
1091,No,0.03390509970563718,No,0.06006006006006006,No,0.2,No,0.11979603511326822,No
6154,Sí,0.03442380298431159,No,0.13131313131313133,No,0.0,No,0.11669142509636891,No
5229,No,0.0590050744566937,No,0.13333333333333333,No,0.0,No,0.06230828288120558,No
5071,No,0.10435832700979786,No,0.06006006006006006,No,0.0,No,0.06216420180225905,No
712,No,0.0468836198783962,No,0.04044943820224719,No,0.0,No,0.036792410247590356,No
7129,No,0.591792975566775,Sí,0.4896551724137931,No,0.6,Sí,0.4729563354579013,No
672,No,0.05058322698866605,No,0.06006006006006006,No,0.0,No,0.032127476847010596,No
5901,No,0.1292831464967431,No,0.13131313131313133,No,0.0,No,0.058277495399836676,No
7904,No,0.04741093695043381,No,0.04044943820224719,No,0.0,No,0.07108406897533913,No
5524,No,0.028455627179907964,No,0.06006006006006006,No,0.2,No,0.06391255223336213,No
1501,Sí,0.19047514383198577,No,0.13131313131313133,No,0.4,No,0.3142113939768406,No
3295,No,0.040945455788023305,No,0.04044943820224719,No,0.13333333333333333,No,0.06136640919840608,No
7619,No,0.0831707353219963,No,0.06006006006006006,No,0.13333333333333333,No,0.06596818553587465,No
7125,No,0.05382610046627443,No,0.04044943820224719,No,0.0,No,0.0480929581062276,No
4489,No,0.054217900154689434,No,0.06006006006006006,No,0.0,No,0.037213913243376,No
2316,Sí,0.5239740322807745,Sí,0.4896551724137931,No,0.4,No,0.4248716080879426,No
7037,No,0.047093026853486285,No,0.06006006006006006,No,0.06666666666666667,No,0.03588128394462208,No
7644,No,0.061129886420158916,No,0.04044943820224719,No,0.13333333333333333,No,0.05682115853735674,No
44,No,0.09313470891198378,No,0.13333333333333333,No,0.13333333333333333,No,0.11801816898609274,No
2703,No,0.02626430214210374,No,0.04044943820224719,No,0.0,No,0.014493714534818543,No
6205,Sí,0.22797292371705968,No,0.41304347826086957,No,0.26666666666666666,No,0.3656027532167267,No
2256,No,0.01897767944309419,No,0.06006006006006006,No,0.06666666666666667,No,0.0556246518942455,No
3843,No,0.10680716271024608,No,0.06006006006006006,No,0.13333333333333333,No,0.0845340670905753,No
2396,No,0.04095006152914603,No,0.04044943820224719,No,0.0,No,0.02603978034246933,No
1316,No,0.06900303729193832,No,0.06006006006006006,No,0.13333333333333333,No,0.08168398960694843,No
7577,No,0.05282084182660072,No,0.06006006006006006,No,0.0,No,0.05325174291686434,No
7532,No,0.02333355737057626,No,0.04044943820224719,No,0.0,No,0.03670753804219703,No
391,No,0.06314713650257173,No,0.13333333333333333,No,0.26666666666666666,No,0.14077541360598364,No
3482,No,0.023154557533107946,No,0.04044943820224719,No,0.0,No,0.02493249131832942,No
2317,No,0.16610252778423631,No,0.06006006006006006,No,0.06666666666666667,No,0.1137243507010609,No
6053,No,0.18348664737284878,No,0.13131313131313133,No,0.06666666666666667,No,0.13242039489051594,No
3687,No,0.05291957839956868,No,0.04044943820224719,No,0.0,No,0.05122854012846363,No
6074,No,0.4837889965150973,No,0.4896551724137931,No,0.7333333333333333,Sí,0.5493647857081403,Sí
6820,No,0.2484299096439461,No,0.13131313131313133,No,0.13333333333333333,No,0.09391446510185877,No
6114,No,0.0364546819544551,No,0.06006006006006006,No,0.06666666666666667,No,0.08626916280645451,No
4005,No,0.03615791762401813,No,0.06006006006006006,No,0.06666666666666667,No,0.06242906560839162,No
5348,No,0.08327582608845918,No,0.06006006006006006,No,0.06666666666666667,No,0.0741033781357812,No
1480,No,0.07725827574101654,No,0.06006006006006006,No,0.0,No,0.05880396701290624,No
4495,Sí,0.021405250735035856,No,0.06006006006006006,No,0.13333333333333333,No,0.10373949568524984,No
7410,No,0.15424866157828568,No,0.41304347826086957,No,0.26666666666666666,No,0.29711444059930886,No
3183,No,0.6370524678024249,Sí,0.6753246753246753,Sí,0.8,Sí,0.568776281181472,Sí
7368,No,0.13386881999867176,No,0.06006006006006006,No,0.13333333333333333,No,0.06388267773265716,No
2832,No,0.03075529898458763,No,0.04044943820224719,No,0.0,No,0.04574113678424808,No
1325,No,0.02366954123028619,No,0.04044943820224719,No,0.0,No,0.02949881098854051,No
4542,No,0.1364081284924161,No,0.13333333333333333,No,0.3333333333333333,No,0.21011948850443565,No
5708,No,0.08865720264665902,No,0.13333333333333333,No,0.13333333333333333,No,0.08747661962216866,No
1572,No,0.043117706242598884,No,0.06006006006006006,No,0.13333333333333333,No,0.04698418650127129,No
3350,No,0.02284412062808006,No,0.04044943820224719,No,0.06666666666666667,No,0.030242613309106745,No
5941,No,0.20422828404115587,No,0.13131313131313133,No,0.06666666666666667,No,0.10812373120996893,No
3231,No,0.031617345742034945,No,0.04044943820224719,No,0.06666666666666667,No,0.047981952664292574,No
3798,Sí,0.03425554114715618,No,0.06006006006006006,No,0.06666666666666667,No,0.04401777809546183,No
4852,No,0.028746176212431047,No,0.04044943820224719,No,0.06666666666666667,No,0.032308287090255086,No
776,No,0.03139684259801607,No,0.04044943820224719,No,0.13333333333333333,No,0.04507645971376758,No
1470,Sí,0.049035719848656505,No,0.04044943820224719,No,0.06666666666666667,No,0.04062793100629959,No
7822,No,0.05620090500646192,No,0.06006006006006006,No,0.0,No,0.023062101663437043,No
1272,No,0.07218173867138697,No,0.04044943820224719,No,0.0,No,0.031321006662634494,No
4241,No,0.08966717404039344,No,0.06006006006006006,No,0.06666666666666667,No,0.059442417086284845,No
4174,No,0.04324059392695401,No,0.04044943820224719,No,0.0,No,0.018277944700529493,No
3533,Sí,0.27491934703655485,No,0.41304347826086957,No,0.4,No,0.3002005453312664,No
6569,Sí,0.21307868376415645,No,0.024390243902439025,No,0.13333333333333333,No,0.2170648963254673,No
234,No,0.035004855850617675,No,0.04044943820224719,No,0.0,No,0.037392549769852984,No
2096,No,0.0895461506372879,No,0.06006006006006006,No,0.13333333333333333,No,0.08139584452848596,No
5614,No,0.10225624167691229,No,0.06006006006006006,No,0.13333333333333333,No,0.08772093803274676,No
5241,No,0.04176390890670932,No,0.06006006006006006,No,0.06666666666666667,No,0.0535998004623702,No
5505,No,0.0835523807530204,No,0.13333333333333333,No,0.0,No,0.047394740828626665,No
588,No,0.039509622999049955,No,0.04044943820224719,No,0.06666666666666667,No,0.05747468364396629,No
3342,No,0.05118557784832796,No,0.06006006006006006,No,0.0,No,0.04519919673334858,No
5386,Sí,0.30508268024428387,No,0.34797297297297297,No,0.6,Sí,0.45602517345478605,No
1656,No,0.03452928626456439,No,0.06006006006006006,No,0.06666666666666667,No,0.03335937401531919,No
5216,Sí,0.2703323793038215,No,0.06006006006006006,No,0.3333333333333333,No,0.35906066881468396,No
4590,No,0.06687420426104894,No,0.06006006006006006,No,0.0,No,0.04060120398448679,No
4907,No,0.044899088365475265,No,0.04044943820224719,No,0.06666666666666667,No,0.04086471896940776,No
3051,Sí,0.8481679104082821,Sí,0.6753246753246753,Sí,0.8,Sí,0.705879238266052,Sí
1554,No,0.09389820810906406,No,0.06006006006006006,No,0.06666666666666667,No,0.07284485524782551,No
493,Sí,0.06072515281577569,No,0.06006006006006006,No,0.0,No,0.04141537049376709,No
5558,No,0.07456301777208035,No,0.06006006006006006,No,0.0,No,0.02997789573666088,No
7818,No,0.02686315159799511,No,0.04044943820224719,No,0.0,No,0.03251393535138684,No
4830,No,0.03230086139854882,No,0.04044943820224719,No,0.0,No,0.0487075533413433,No
3588,No,0.07830118320539826,No,0.06006006006006006,No,0.2,No,0.12473698115095261,No
4155,No,0.07354270477022061,No,0.06006006006006006,No,0.13333333333333333,No,0.03357207831760767,No
5117,No,0.0377888073121561,No,0.06006006006006006,No,0.0,No,0.08441510878320051,No
7004,No,0.07364640882464432,No,0.04044943820224719,No,0.06666666666666667,No,0.039393960144909736,No
5951,No,0.05466762665803526,No,0.06006006006006006,No,0.06666666666666667,No,0.06299893702039637,No
5667,No,0.06086309965471412,No,0.06006006006006006,No,0.13333333333333333,No,0.06960824492647878,No
5211,No,0.05911464687654698,No,0.06006006006006006,No,0.0,No,0.1011487125428667,No
4854,No,0.0415073469319811,No,0.04044943820224719,No,0.0,No,0.051726767384341524,No
4462,No,0.0698614837999026,No,0.06006006006006006,No,0.0,No,0.05916398050166678,No
6264,No,0.08699780219604823,No,0.06006006006006006,No,0.0,No,0.07928712098982507,No
5026,No,0.3586892959670563,No,0.34797297297297297,No,0.4666666666666667,No,0.41489894347938217,No
6606,Sí,0.8241712365062738,Sí,0.6753246753246753,Sí,0.7333333333333333,Sí,0.6926333596187609,Sí
4748,No,0.031249263407012298,No,0.04044943820224719,No,0.13333333333333333,No,0.07128003756378902,No
2338,No,0.05857228998121723,No,0.06006006006006006,No,0.0,No,0.025635124945605544,No
117,Sí,0.36030340062994876,No,0.34797297297297297,No,0.3333333333333333,No,0.2960582235754461,No
3162,No,0.06488457311327059,No,0.06006006006006006,No,0.13333333333333333,No,0.042140113084133145,No
3746,No,0.024065811306469488,No,0.04044943820224719,No,0.0,No,0.06628413084981637,No
6934,No,0.031586471779719356,No,0.04044943820224719,No,0.0,No,0.013667838566787237,No
514,No,0.06828876545498642,No,0.06006006006006006,No,0.06666666666666667,No,0.04511605588111176,No
2702,No,0.04195337066725931,No,0.04044943820224719,No,0.0,No,0.01796824907014249,No
7344,Sí,0.7473942496673647,Sí,0.6753246753246753,Sí,0.8666666666666667,Sí,0.5830973731293494,Sí
2979,No,0.04777670859086196,No,0.06006006006006006,No,0.0,No,0.08325588629594896,No
226,No,0.04114399441051728,No,0.04044943820224719,No,0.0,No,0.08896657156772766,No
5946,No,0.10300465347100601,No,0.13333333333333333,No,0.3333333333333333,No,0.19639584713079458,No
3121,No,0.026662548913085823,No,0.04044943820224719,No,0.0,No,0.016402206516104505,No
1936,Sí,0.3898952249796923,No,0.4896551724137931,No,0.4666666666666667,No,0.40742575611652027,No
3090,No,0.07689521797222124,No,0.0603448275862069,No,0.06666666666666667,No,0.11393927228101079,No
6029,No,0.0700314366634572,No,0.06006006006006006,No,0.0,No,0.059996809825968216,No
1047,No,0.03780841674210795,No,0.04044943820224719,No,0.0,No,0.03865792531589552,No
1835,No,0.03821418922881345,No,0.0603448275862069,No,0.06666666666666667,No,0.06827147360239566,No
3365,No,0.045726476457230845,No,0.06006006006006006,No,0.0,No,0.06441886174774981,No
513,No,0.03536822420299371,No,0.04044943820224719,No,0.06666666666666667,No,0.12227401433456699,No
6848,No,0.06925206216682449,No,0.06006006006006006,No,0.0,No,0.052113100977270566,No
2344,No,0.05400087836866527,No,0.04044943820224719,No,0.0,No,0.03305881890152955,No
3326,No,0.05144717744515226,No,0.06006006006006006,No,0.06666666666666667,No,0.06090108690201807,No
1722,No,0.2857767759683899,No,0.34797297297297297,No,0.4,No,0.3122405691481331,No
5965,No,0.05136597672679669,No,0.04044943820224719,No,0.06666666666666667,No,0.037663095013993196,No
6234,No,0.04018753660610768,No,0.04044943820224719,No,0.0,No,0.024783940894807302,No
7678,No,0.037910155635821896,No,0.04044943820224719,No,0.06666666666666667,No,0.049495701562184066,No
3185,No,0.0411361219198942,No,0.06006006006006006,No,0.0,No,0.1198775404390494,No
967,No,0.07868415261678484,No,0.06006006006006006,No,0.0,No,0.05245475660802847,No
1668,No,0.03601138269446788,No,0.04044943820224719,No,0.13333333333333333,No,0.06098706548864655,No
7601,No,0.04647751672496831,No,0.06006006006006006,No,0.13333333333333333,No,0.14301991990764742,No
6480,No,0.27614016189852375,No,0.13131313131313133,No,0.4,No,0.29332350369245047,No
7648,No,0.03811432447615563,No,0.04044943820224719,No,0.0,No,0.030493394123915173,No
7857,No,0.30506859894709404,No,0.34797297297297297,No,0.4666666666666667,No,0.4035210493891806,No
7524,No,0.05633493260755181,No,0.04044943820224719,No,0.0,No,0.033087396238399576,No
625,No,0.03028130194010285,No,0.06006006006006006,No,0.0,No,0.06326489185236482,No
3729,No,0.02573388746731046,No,0.06006006006006006,No,0.06666666666666667,No,0.04131587174598623,No
5894,No,0.05726005508463583,No,0.06006006006006006,No,0.13333333333333333,No,0.04493980866468886,No
1741,No,0.054718295776341484,No,0.04044943820224719,No,0.0,No,0.034318366592571106,No
1951,No,0.10944397521796721,No,0.06006006006006006,No,0.06666666666666667,No,0.04918190024048694,No
4131,No,0.04762540604187029,No,0.04044943820224719,No,0.06666666666666667,No,0.04138851756819192,No
3372,No,0.07640100052853416,No,0.06006006006006006,No,0.0,No,0.06112182418168635,No
3606,Sí,0.38800048778335233,No,0.34797297297297297,No,0.4666666666666667,No,0.46335231152182926,No
528,No,0.04917794421177753,No,0.06006006006006006,No,0.0,No,0.04960230529042333,No
5466,No,0.05682290056059625,No,0.0603448275862069,No,0.0,No,0.06723589155875216,No
3620,No,0.2636961424396897,No,0.34797297297297297,No,0.4666666666666667,No,0.35300413542496123,No
4773,No,0.3903192087109376,No,0.34797297297297297,No,0.4666666666666667,No,0.3533889530171268,No
1819,Sí,0.13325374305417384,No,0.13333333333333333,No,0.13333333333333333,No,0.10313308065196712,No
5475,No,0.05666872177543458,No,0.04044943820224719,No,0.13333333333333333,No,0.03232203026136551,No
5845,No,0.07961620277539705,No,0.13333333333333333,No,0.2,No,0.14586862994783062,No
3153,No,0.024672521784110623,No,0.04044943820224719,No,0.06666666666666667,No,0.0275375813728932,No
3614,No,0.7259476361452223,Sí,0.6753246753246753,Sí,0.5333333333333333,Sí,0.6603527328200485,Sí
7346,No,0.035456942609338744,No,0.04044943820224719,No,0.0,No,0.02015385687008453,No
2565,No,0.045737899213359814,No,0.04044943820224719,No,0.0,No,0.02658366663892455,No
4361,No,0.08338077432031052,No,0.06006006006006006,No,0.06666666666666667,No,0.07162953590027674,No
7922,No,0.051473208596939254,No,0.06006006006006006,No,0.0,No,0.0664148338033432,No
1434,No,0.04239942885800613,No,0.06006006006006006,No,0.06666666666666667,No,0.06161952013109509,No
6011,No,0.11206933909691844,No,0.06006006006006006,No,0.06666666666666667,No,0.0810932685375524,No
3337,No,0.08269709110850795,No,0.06006006006006006,No,0.06666666666666667,No,0.061395588064710405,No
5906,No,0.04770873181696015,No,0.06006006006006006,No,0.0,No,0.03934121595775276,No
3380,No,0.0618031666197509,No,0.04044943820224719,No,0.0,No,0.02654960640745892,No
2347,Sí,0.35834446093212685,No,0.34797297297297297,No,0.3333333333333333,No,0.2835134963542728,No
4553,No,0.083354504916612,No,0.06006006006006006,No,0.0,No,0.06753618175816024,No
685,No,0.02595984408845628,No,0.06006006006006006,No,0.06666666666666667,No,0.055189139895993694,No
561,No,0.04012546356133118,No,0.04044943820224719,No,0.0,No,0.022448854692808582,No
3166,No,0.16540522844730918,No,0.13131313131313133,No,0.0,No,0.10312521029083403,No
4655,No,0.0262875414580198,No,0.06006006006006006,No,0.0,No,0.10200788562003148,No
7122,No,0.06372336658721206,No,0.04044943820224719,No,0.0,No,0.0353090801590667,No
1073,No,0.052514266131501314,No,0.06006006006006006,No,0.0,No,0.04712900074363505,No
6275,Sí,0.25592692739724504,No,0.19298245614035087,No,0.4666666666666667,No,0.24016843609043595,No
6297,No,0.09457295002423624,No,0.06006006006006006,No,0.0,No,0.06576457049062769,No
140,No,0.03324148647870617,No,0.04044943820224719,No,0.0,No,0.015516253467326449,No
6965,No,0.10150116319540783,No,0.13131313131313133,No,0.06666666666666667,No,0.09134693978459865,No
2002,No,0.09556520869652742,No,0.0603448275862069,No,0.06666666666666667,No,0.08676703998863311,No
356,No,0.07036825718964916,No,0.06006006006006006,No,0.0,No,0.0382933196897994,No
3444,Sí,0.051887535060192974,No,0.06006006006006006,No,0.0,No,0.02196459725671489,No
1573,No,0.062280622554054046,No,0.06006006006006006,No,0.0,No,0.056758685333641486,No
4222,No,0.07276522262316219,No,0.04044943820224719,No,0.13333333333333333,No,0.07612927455215723,No
872,No,0.02807238862032209,No,0.04044943820224719,No,0.0,No,0.01776695842748285,No
6371,Sí,0.06865043523845168,No,0.06006006006006006,No,0.2,No,0.10029223613575165,No
3225,No,0.054666680739291866,No,0.04044943820224719,No,0.0,No,0.02982271454856137,No
5846,No,0.05463353751505857,No,0.06006006006006006,No,0.0,No,0.027519335558210813,No
2175,No,0.06506514092512775,No,0.06006006006006006,No,0.0,No,0.03653389682676329,No
1803,No,0.06738676328895297,No,0.06006006006006006,No,0.0,No,0.05013954217564213,No
1574,No,0.05349921607405354,No,0.13333333333333333,No,0.2,No,0.14699542206397498,No
2839,No,0.08353005357444387,No,0.06006006006006006,No,0.0,No,0.054139270780215035,No
1905,No,0.11060550936351493,No,0.06006006006006006,No,0.0,No,0.03115496278000871,No
6496,Sí,0.39244454325324707,No,0.34797297297297297,No,0.4,No,0.33407079100359427,No
3530,No,0.05502731623277151,No,0.06006006006006006,No,0.06666666666666667,No,0.0556714822826127,No
1463,No,0.03522929840621696,No,0.04044943820224719,No,0.0,No,0.02286050504568351,No
5394,No,0.22381321524783004,No,0.13131313131313133,No,0.26666666666666666,No,0.09210031366037812,No
7263,No,0.025281788981495367,No,0.06006006006006006,No,0.0,No,0.0557254332979315,No
6690,No,0.03907652522987448,No,0.04044943820224719,No,0.0,No,0.02336840340348378,No
2254,No,0.04155001741315039,No,0.04044943820224719,No,0.0,No,0.040495497073262485,No
4266,No,0.05056411598873577,No,0.06006006006006006,No,0.06666666666666667,No,0.05289645596004781,No
4276,No,0.07462279128252182,No,0.06006006006006006,No,0.0,No,0.04662864052114133,No
919,Sí,0.45261547879522673,No,0.06006006006006006,No,0.5333333333333333,Sí,0.321941489897434,No
4195,No,0.30230128307071935,No,0.34797297297297297,No,0.3333333333333333,No,0.35422501205056833,No
7191,No,0.038113633935817404,No,0.06006006006006006,No,0.06666666666666667,No,0.06417210260971352,No
1210,No,0.045545678269334096,No,0.04044943820224719,No,0.0,No,0.04312766428694363,No
1459,Sí,0.4741950835744661,No,0.6753246753246753,Sí,0.6666666666666666,Sí,0.601188131226435,Sí
7643,No,0.1086024649421559,No,0.06006006006006006,No,0.13333333333333333,No,0.067864219881772,No
5036,No,0.06341093418476532,No,0.06006006006006006,No,0.2,No,0.06115508713012685,No
4838,No,0.07805734784203418,No,0.06006006006006006,No,0.0,No,0.024891269069575332,No
5137,No,0.38208278750690045,No,0.4896551724137931,No,0.4,No,0.4431283435192414,No
5332,No,0.04014141238186613,No,0.06006006006006006,No,0.06666666666666667,No,0.05502054274542065,No
4039,No,0.09905332984699905,No,0.06006006006006006,No,0.13333333333333333,No,0.06309641476501904,No
7156,No,0.28410381753125763,No,0.34797297297297297,No,0.13333333333333333,No,0.24984361238376906,No
5000,Sí,0.09505901866080382,No,0.06006006006006006,No,0.13333333333333333,No,0.13054799852651186,No
1886,No,0.1685886777491147,No,0.13131313131313133,No,0.06666666666666667,No,0.10310451180922528,No
1440,No,0.07682038898849532,No,0.06006006006006006,No,0.13333333333333333,No,0.14176017695050896,No
6312,No,0.08221075193730593,No,0.06006006006006006,No,0.13333333333333333,No,0.0441213892419236,No
212,No,0.07406241629538703,No,0.06006006006006006,No,0.2,No,0.05516776883732162,No
1858,No,0.022365196573742425,No,0.04044943820224719,No,0.13333333333333333,No,0.035055555062847056,No
5692,No,0.05859860984557018,No,0.06006006006006006,No,0.06666666666666667,No,0.07908215323356539,No
105,No,0.04902560545184801,No,0.04044943820224719,No,0.13333333333333333,No,0.03275361616614282,No
624,Sí,0.04979263545799406,No,0.06006006006006006,No,0.0,No,0.027375946141975725,No
2679,No,0.028550434967740047,No,0.06006006006006006,No,0.06666666666666667,No,0.034808829518273264,No
5997,No,0.22087284378382677,No,0.0603448275862069,No,0.3333333333333333,No,0.348953633898881,No
4371,Sí,0.07402641960685612,No,0.06006006006006006,No,0.06666666666666667,No,0.12624791808106692,No
7658,Sí,0.12024879422190272,No,0.48333333333333334,No,0.06666666666666667,No,0.28993502106903796,No
2148,No,0.0568704958773929,No,0.06006006006006006,No,0.06666666666666667,No,0.0700759114415346,No
3441,Sí,0.30447233442562693,No,0.13131313131313133,No,0.06666666666666667,No,0.3419774007516292,No
1343,Sí,0.30068769438025655,No,0.34797297297297297,No,0.6666666666666666,Sí,0.42837890308545323,No
1568,Sí,0.060227433669200824,No,0.06006006006006006,No,0.0,No,0.027699956013135095,No
5416,No,0.02247093615654715,No,0.06006006006006006,No,0.13333333333333333,No,0.08642455660262484,No
6560,No,0.24667278405900495,No,0.41304347826086957,No,0.2,No,0.2344700903562149,No
4772,No,0.07282485706094555,No,0.06006006006006006,No,0.2,No,0.10903640430116321,No
3923,No,0.1646719497922359,No,0.19298245614035087,No,0.4666666666666667,No,0.31674122006341177,No
7863,No,0.16601259135374666,No,0.13131313131313133,No,0.06666666666666667,No,0.10365600807600316,No
161,Sí,0.6972414885039877,Sí,0.6753246753246753,Sí,0.4666666666666667,No,0.5706066215121753,Sí
3819,No,0.023676399964729106,No,0.04044943820224719,No,0.0,No,0.02673278003167703,No
5164,No,0.04664849839369748,No,0.06006006006006006,No,0.0,No,0.046173876463944497,No
3579,Sí,0.5789612625222659,Sí,0.4896551724137931,No,0.4666666666666667,No,0.4558718367841077,No
3860,No,0.01703606578186331,No,0.04044943820224719,No,0.0,No,0.03451810652057164,No
6391,No,0.06606214619529904,No,0.06006006006006006,No,0.0,No,0.06045131641038275,No
5735,No,0.14212201014128426,No,0.06006006006006006,No,0.06666666666666667,No,0.06242385025551007,No
3732,No,0.28518198925034194,No,0.34797297297297297,No,0.3333333333333333,No,0.3444216503326789,No
2644,Sí,0.30148523075242684,No,0.34797297297297297,No,0.5333333333333333,Sí,0.3812732474791822,No
5397,Sí,0.44779961256913714,No,0.41304347826086957,No,0.3333333333333333,No,0.39105232395861134,No
7103,No,0.03218285248240276,No,0.04044943820224719,No,0.06666666666666667,No,0.025225821686365082,No
2414,No,0.04316070035394548,No,0.06006006006006006,No,0.0,No,0.08548884619791602,No
6248,No,0.25547364221226937,No,0.48333333333333334,No,0.26666666666666666,No,0.30664689230937175,No
4418,No,0.04794566744891945,No,0.04044943820224719,No,0.06666666666666667,No,0.03967105863117783,No
7035,No,0.02983041136212733,No,0.04044943820224719,No,0.06666666666666667,No,0.035405346487784456,No
3103,No,0.052762300642176546,No,0.04044943820224719,No,0.0,No,0.020338942666183076,No
3589,No,0.032011443657504524,No,0.06006006006006006,No,0.0,No,0.08149945669599337,No
4444,No,0.06382948356456966,No,0.13333333333333333,No,0.06666666666666667,No,0.11348988412447182,No
1032,No,0.09307112551907328,No,0.06006006006006006,No,0.0,No,0.06937068289865018,No
6874,No,0.07044490794844083,No,0.06006006006006006,No,0.0,No,0.03283985542556154,No
4770,No,0.08815655427410282,No,0.06006006006006006,No,0.2,No,0.07344961004007615,No
1217,No,0.03396115550105541,No,0.06006006006006006,No,0.06666666666666667,No,0.08236756227782267,No
2325,Sí,0.08635859235083516,No,0.0603448275862069,No,0.2,No,0.09216367985298127,No
5791,No,0.025253460989947615,No,0.04044943820224719,No,0.0,No,0.0770291976028694,No
5442,No,0.5053752813320841,Sí,0.34797297297297297,No,0.3333333333333333,No,0.39037990276487305,No
3559,Sí,0.03720993192566831,No,0.04044943820224719,No,0.13333333333333333,No,0.032116483863824784,No
5886,No,0.04181302471477244,No,0.06006006006006006,No,0.0,No,0.039730173584842675,No
2634,No,0.03776880508342502,No,0.04044943820224719,No,0.06666666666666667,No,0.04313226233600751,No
1782,Sí,0.20841234864052852,No,0.13131313131313133,No,0.2,No,0.2360685698665542,No
4230,No,0.09118495905240923,No,0.06006006006006006,No,0.3333333333333333,No,0.11632542322859263,No
3976,No,0.03104834093686093,No,0.04044943820224719,No,0.06666666666666667,No,0.022581526195138323,No
7589,No,0.05820410551744349,No,0.06006006006006006,No,0.06666666666666667,No,0.0338632766222341,No
5003,No,0.06304911125485065,No,0.04044943820224719,No,0.0,No,0.04515387683861974,No
1809,No,0.05841073585027041,No,0.04044943820224719,No,0.13333333333333333,No,0.09822048228833884,No
1775,No,0.09331891850444439,No,0.06006006006006006,No,0.06666666666666667,No,0.08445127493920164,No
4217,No,0.33426248613705284,No,0.4896551724137931,No,0.26666666666666666,No,0.45211868494595003,No
1717,No,0.09183097675744975,No,0.06006006006006006,No,0.06666666666666667,No,0.04749586606701198,No
6902,No,0.033507692473073156,No,0.04044943820224719,No,0.0,No,0.030352082211896447,No
910,No,0.05189854433589193,No,0.06006006006006006,No,0.2,No,0.06999539442170773,No
5403,No,0.05480660272676156,No,0.06006006006006006,No,0.13333333333333333,No,0.053099340186714784,No
2313,No,0.029380309514603308,No,0.04044943820224719,No,0.0,No,0.010706031705866504,No
867,No,0.07215729115757166,No,0.06006006006006006,No,0.0,No,0.06622883098732803,No
7495,No,0.01522959381672883,No,0.04044943820224719,No,0.06666666666666667,No,0.0420533445642193,No
5556,No,0.05557981779225745,No,0.06006006006006006,No,0.0,No,0.029812216907505327,No
3076,No,0.1659013815492681,No,0.024390243902439025,No,0.26666666666666666,No,0.17606302132762822,No
1154,No,0.12668437934401705,No,0.06006006006006006,No,0.2,No,0.07050688072712535,No
7776,No,0.05400125824095372,No,0.06006006006006006,No,0.13333333333333333,No,0.03357786885003211,No
6235,No,0.06289157326699457,No,0.06006006006006006,No,0.13333333333333333,No,0.06071540138076977,No
2,No,0.05632633760816807,No,0.04044943820224719,No,0.06666666666666667,No,0.05258536913628723,No
3086,No,0.030157225174583656,No,0.04044943820224719,No,0.2,No,0.0737828492635072,No
1935,No,0.061023225551016344,No,0.06006006006006006,No,0.0,No,0.031104674392749682,No
4694,No,0.01723538129408144,No,0.04044943820224719,No,0.0,No,0.06075925237398895,No
4981,No,0.053372255954374455,No,0.04044943820224719,No,0.06666666666666667,No,0.03239907176378331,No
4442,No,0.03481548630516043,No,0.06006006006006006,No,0.0,No,0.05024876699659024,No
3314,No,0.04121768913073452,No,0.06006006006006006,No,0.0,No,0.07602214532162607,No
5045,No,0.07782357375859207,No,0.06006006006006006,No,0.0,No,0.03703428245995367,No
6358,No,0.357069118538297,No,0.34797297297297297,No,0.26666666666666666,No,0.41000722883679036,No
6265,No,0.05931996248952928,No,0.0603448275862069,No,0.13333333333333333,No,0.09736586342209506,No
6796,No,0.3531816826014134,No,0.34797297297297297,No,0.3333333333333333,No,0.30635394092157175,No
966,No,0.10469868939258509,No,0.13333333333333333,No,0.13333333333333333,No,0.09610842560374962,No
7624,No,0.041710328366368045,No,0.06006006006006006,No,0.0,No,0.06565951687299076,No
4357,No,0.03862132098547898,No,0.06006006006006006,No,0.0,No,0.04093575939253317,No
5035,No,0.18189528203575034,No,0.13131313131313133,No,0.0,No,0.09425263553451284,No
6960,No,0.06320557825764316,No,0.0603448275862069,No,0.06666666666666667,No,0.10183714383520488,No
6616,No,0.09131034653203679,No,0.06006006006006006,No,0.0,No,0.0642338445948551,No
3665,No,0.03399048393183454,No,0.04044943820224719,No,0.06666666666666667,No,0.039896378734330294,No
4061,No,0.06460200075263947,No,0.06006006006006006,No,0.06666666666666667,No,0.11972282412039559,No
2678,No,0.050956306081906357,No,0.06006006006006006,No,0.06666666666666667,No,0.044502540383611656,No
566,No,0.056546697525475274,No,0.06006006006006006,No,0.0,No,0.07044559810334577,No
5148,No,0.031965609739518466,No,0.04044943820224719,No,0.06666666666666667,No,0.024938882205541683,No
271,No,0.05360007794974825,No,0.04044943820224719,No,0.0,No,0.02902497933028976,No
5617,No,0.04982989951107663,No,0.06006006006006006,No,0.13333333333333333,No,0.0745301632669535,No
3929,No,0.24043703113233128,No,0.48333333333333334,No,0.3333333333333333,No,0.36739578370206866,No
6095,No,0.3196392801414355,No,0.34797297297297297,No,0.26666666666666666,No,0.3757800883034991,No
7578,No,0.0250467867790507,No,0.06006006006006006,No,0.0,No,0.05068165558687394,No
10,No,0.09361954468904483,No,0.06006006006006006,No,0.13333333333333333,No,0.06701118196521168,No
3906,No,0.16892247306100958,No,0.13131313131313133,No,0.26666666666666666,No,0.14215528058299584,No
6558,No,0.06610872883033424,No,0.06006006006006006,No,0.06666666666666667,No,0.06689179432789809,No
6666,No,0.049951653660356844,No,0.06006006006006006,No,0.0,No,0.02426280284691383,No
964,No,0.06508518127869757,No,0.06006006006006006,No,0.0,No,0.06980460813802622,No
5802,No,0.02376870007743756,No,0.06006006006006006,No,0.2,No,0.08450515314415506,No
5773,No,0.06270158301108655,No,0.13333333333333333,No,0.06666666666666667,No,0.07609850650550433,No
4726,No,0.05350082890295706,No,0.06006006006006006,No,0.0,No,0.024339984340370973,No
5159,No,0.04791524627838965,No,0.04044943820224719,No,0.0,No,0.025946382986200226,No
6105,No,0.12514768745861268,No,0.06006006006006006,No,0.0,No,0.045440603970736376,No
6945,Sí,0.39576256248989844,No,0.13333333333333333,No,0.5333333333333333,Sí,0.37098466889306825,No
2118,Sí,0.08344159807102698,No,0.13333333333333333,No,0.13333333333333333,No,0.12036672817565278,No
3858,No,0.021607113818401278,No,0.04044943820224719,No,0.06666666666666667,No,0.04226720113780942,No
6970,No,0.051855217463560636,No,0.06006006006006006,No,0.06666666666666667,No,0.09129688078746134,No
5106,No,0.2616525070735873,No,0.4896551724137931,No,0.6,Sí,0.45687700440969,No
3296,No,0.04099164845546167,No,0.04044943820224719,No,0.0,No,0.06494527029080281,No
4363,No,0.1546337354273404,No,0.13131313131313133,No,0.26666666666666666,No,0.1196478998232656,No
5687,No,0.07657529569893978,No,0.06006006006006006,No,0.13333333333333333,No,0.08525785229559756,No
2273,No,0.0534281450960591,No,0.06006006006006006,No,0.06666666666666667,No,0.062237120910018116,No
7206,No,0.04930991790396032,No,0.04044943820224719,No,0.06666666666666667,No,0.04968977543764396,No
4927,No,0.5740070130288809,Sí,0.13131313131313133,No,0.5333333333333333,Sí,0.43533821043838117,No
1116,No,0.04973580616020118,No,0.06006006006006006,No,0.06666666666666667,No,0.06798911820567116,No
3654,No,0.05239566639955103,No,0.06006006006006006,No,0.06666666666666667,No,0.03266820716573905,No
4756,No,0.11574311021926544,No,0.13333333333333333,No,0.13333333333333333,No,0.1602999568314499,No
7470,Sí,0.44387241625825347,No,0.34797297297297297,No,0.4,No,0.35156550365576145,No
7253,No,0.042675309408772705,No,0.04044943820224719,No,0.06666666666666667,No,0.05422565261828737,No
6925,No,0.08897501036362655,No,0.06006006006006006,No,0.06666666666666667,No,0.07812707502669788,No
4044,No,0.0806475247683862,No,0.06006006006006006,No,0.13333333333333333,No,0.05254015012595607,No
3803,No,0.05033182667264541,No,0.04044943820224719,No,0.13333333333333333,No,0.03271322490295309,No
921,No,0.12126078150467032,No,0.0603448275862069,No,0.0,No,0.10859245600840507,No
304,Sí,0.4119633485008719,No,0.4896551724137931,No,0.4,No,0.5126043680595147,Sí
2222,No,0.039414535647563746,No,0.04044943820224719,No,0.06666666666666667,No,0.05788191714920442,No
3467,No,0.6328620470349501,Sí,0.13131313131313133,No,0.5333333333333333,Sí,0.5149946378120244,Sí
1347,No,0.04232887927832,No,0.06006006006006006,No,0.0,No,0.0602409181901227,No
1453,Sí,0.06658729925409423,No,0.06006006006006006,No,0.06666666666666667,No,0.06713033499270438,No
4066,No,0.40408124472506585,No,0.41304347826086957,No,0.3333333333333333,No,0.3154883213092498,No
2648,No,0.05091571101515783,No,0.13333333333333333,No,0.13333333333333333,No,0.1344010621341142,No
3411,No,0.04666237673940936,No,0.06006006006006006,No,0.0,No,0.029684378501288997,No
5426,No,0.10566422586704864,No,0.13131313131313133,No,0.2,No,0.1789605171240628,No
7866,No,0.31470520782925426,No,0.34797297297297297,No,0.4666666666666667,No,0.40596626531272656,No
3726,No,0.024626640714093363,No,0.04044943820224719,No,0.06666666666666667,No,0.04228813520781435,No
1295,No,0.05678504374846828,No,0.04044943820224719,No,0.0,No,0.028976604339415683,No
1476,No,0.053601798215606095,No,0.04044943820224719,No,0.0,No,0.02926769742596239,No
3574,No,0.1027957473380574,No,0.06006006006006006,No,0.0,No,0.09922418170775928,No
3707,No,0.03511493784620261,No,0.04044943820224719,No,0.0,No,0.04543357015816714,No
3180,No,0.04726006176774669,No,0.06006006006006006,No,0.13333333333333333,No,0.07418776381712656,No
4004,No,0.3838134876740959,No,0.34797297297297297,No,0.4,No,0.34359656205950667,No
3696,No,0.016472317200931844,No,0.06006006006006006,No,0.0,No,0.05614697532077691,No
152,No,0.04093102212241337,No,0.04044943820224719,No,0.13333333333333333,No,0.08662472947829905,No
7134,No,0.04070201081459693,No,0.04044943820224719,No,0.06666666666666667,No,0.02697996658788023,No
6535,Sí,0.24127096385496752,No,0.34797297297297297,No,0.4,No,0.31348868799304025,No
2091,No,0.0428285357862532,No,0.04044943820224719,No,0.13333333333333333,No,0.08920981095522042,No
3452,No,0.023855402975310303,No,0.06006006006006006,No,0.06666666666666667,No,0.05154244652473173,No
7269,No,0.035784319436654125,No,0.04044943820224719,No,0.0,No,0.04037729115085167,No
1381,No,0.08944284595147947,No,0.0603448275862069,No,0.13333333333333333,No,0.1086878046903064,No
5062,No,0.04522829385744679,No,0.0603448275862069,No,0.13333333333333333,No,0.1149498088703857,No
7693,No,0.07879013508472735,No,0.06006006006006006,No,0.13333333333333333,No,0.1243011888945163,No
2108,No,0.05238339060891347,No,0.04044943820224719,No,0.2,No,0.08893284068756872,No
3136,No,0.0698652024384517,No,0.06006006006006006,No,0.13333333333333333,No,0.06459276631493695,No
999,No,0.025517861317901035,No,0.04044943820224719,No,0.13333333333333333,No,0.07466784886538633,No
962,No,0.049232900416424044,No,0.06006006006006006,No,0.06666666666666667,No,0.06317723796389574,No
3661,No,0.05744009018268475,No,0.06006006006006006,No,0.06666666666666667,No,0.053854415366762054,No
7107,No,0.06999044855137049,No,0.04044943820224719,No,0.0,No,0.04842179128319586,No
3494,Sí,0.33047106479393007,No,0.34797297297297297,No,0.4,No,0.41636497381460963,No
816,No,0.06918237908030839,No,0.06006006006006006,No,0.06666666666666667,No,0.06044539309093321,No
7902,No,0.045464867845148915,No,0.04044943820224719,No,0.06666666666666667,No,0.0492937547450667,No
2963,Sí,0.06338496308149069,No,0.06006006006006006,No,0.06666666666666667,No,0.0613530285097621,No
1537,No,0.13206314674392128,No,0.0603448275862069,No,0.13333333333333333,No,0.11892859104930067,No
4431,No,0.10717741657203747,No,0.06006006006006006,No,0.06666666666666667,No,0.08847339279444215,No
1761,No,0.054933309343961206,No,0.04044943820224719,No,0.06666666666666667,No,0.052958173798616656,No
634,No,0.10904356262683594,No,0.13333333333333333,No,0.13333333333333333,No,0.13126807841055838,No
820,No,0.04665917911004268,No,0.06006006006006006,No,0.0,No,0.03735776192311854,No
3566,No,0.05189857455800078,No,0.06006006006006006,No,0.0,No,0.05170826179673949,No
5766,Sí,0.14452469948653549,No,0.13131313131313133,No,0.26666666666666666,No,0.1947015225547479,No
1817,No,0.06805735709248567,No,0.04044943820224719,No,0.2,No,0.06634610807172514,No
5311,No,0.03727679813161393,No,0.06006006006006006,No,0.13333333333333333,No,0.06089233076394014,No
1792,No,0.053441825392603254,No,0.06006006006006006,No,0.06666666666666667,No,0.048160855305340165,No
7845,No,0.04326834654713065,No,0.04044943820224719,No,0.0,No,0.035745635487944016,No
3092,No,0.05547839789550009,No,0.06006006006006006,No,0.13333333333333333,No,0.057913700080519645,No
1153,No,0.013490592651411594,No,0.04044943820224719,No,0.06666666666666667,No,0.021147401084995958,No
5333,No,0.05643907456852159,No,0.04044943820224719,No,0.2,No,0.07429276735786654,No
5336,No,0.1339246725749216,No,0.13131313131313133,No,0.13333333333333333,No,0.05552461766453124,No
1011,No,0.07460313142792362,No,0.06006006006006006,No,0.2,No,0.04630870315225743,No
3993,No,0.2956851612004186,No,0.34797297297297297,No,0.4,No,0.4246592013053872,No
1779,No,0.05075555523455774,No,0.13333333333333333,No,0.0,No,0.1253088835487587,No
7427,No,0.034878405558677356,No,0.06006006006006006,No,0.0,No,0.03600037976283057,No
4014,No,0.15924861883211325,No,0.19298245614035087,No,0.2,No,0.20002292505337343,No
442,No,0.029189372440997154,No,0.04044943820224719,No,0.06666666666666667,No,0.03175092625195915,No
2902,No,0.023819689850698218,No,0.06006006006006006,No,0.06666666666666667,No,0.05689796054210058,No
2036,No,0.1035934414669213,No,0.06006006006006006,No,0.13333333333333333,No,0.12697727431895534,No
2452,No,0.07036325412906705,No,0.06006006006006006,No,0.0,No,0.0736355346537561,No
5609,No,0.04254699299138467,No,0.06006006006006006,No,0.06666666666666667,No,0.07316443135580301,No
1996,No,0.037390458716705495,No,0.04044943820224719,No,0.0,No,0.03568652155113905,No
2103,Sí,0.7541388476094991,Sí,0.7317073170731707,Sí,0.7333333333333333,Sí,0.7695734830562558,Sí
9,No,0.056693876392715906,No,0.06006006006006006,No,0.2,No,0.08954266776288602,No
3670,No,0.056665533165506585,No,0.06006006006006006,No,0.0,No,0.06280172357823799,No
3753,No,0.13339756965315158,No,0.13333333333333333,No,0.0,No,0.11755498150623188,No
1808,No,0.025279209021490327,No,0.06006006006006006,No,0.0,No,0.04955177101540038,No
2210,No,0.054421524677829826,No,0.06006006006006006,No,0.06666666666666667,No,0.05309865977480846,No
6064,Sí,0.0266401420457867,No,0.04044943820224719,No,0.0,No,0.021910235780236553,No
2039,No,0.0162995058491687,No,0.06006006006006006,No,0.0,No,0.0661054224708651,No
5188,No,0.09078704259093466,No,0.13333333333333333,No,0.0,No,0.12530043455642526,No
3081,No,0.041792602361101355,No,0.04044943820224719,No,0.13333333333333333,No,0.04931745926830121,No
5212,No,0.018891282333205184,No,0.04044943820224719,No,0.06666666666666667,No,0.05127694206814185,No
5935,No,0.0638893223228828,No,0.06006006006006006,No,0.2,No,0.0794703730125119,No
6998,No,0.07827721519266412,No,0.0603448275862069,No,0.0,No,0.09073861173468695,No
4064,No,0.05659040943800526,No,0.04044943820224719,No,0.06666666666666667,No,0.08559736535258966,No
1653,No,0.06046285042116849,No,0.04044943820224719,No,0.0,No,0.034994202595300866,No
6995,No,0.06650254679453244,No,0.06006006006006006,No,0.0,No,0.049983875744223576,No
7236,Sí,0.37053298928798156,No,0.34797297297297297,No,0.5333333333333333,Sí,0.4508624033053769,No
5917,No,0.03480740130950934,No,0.04044943820224719,No,0.0,No,0.040278116511235196,No
3135,No,0.10453771006433653,No,0.06006006006006006,No,0.06666666666666667,No,0.0777778200676522,No
5447,No,0.03355349066934489,No,0.04044943820224719,No,0.13333333333333333,No,0.05350903190076008,No
2716,No,0.06705636503768837,No,0.06006006006006006,No,0.13333333333333333,No,0.06304450217826096,No
5990,No,0.047277971071158505,No,0.04044943820224719,No,0.0,No,0.03137161907242967,No
7928,No,0.05528749047024981,No,0.06006006006006006,No,0.0,No,0.046233055308207406,No
4264,No,0.06032867058221858,No,0.06006006006006006,No,0.0,No,0.03939215523034645,No
7535,Sí,0.2800924546440064,No,0.34797297297297297,No,0.4666666666666667,No,0.3592142226140959,No
2638,No,0.13374761418481015,No,0.06006006006006006,No,0.2,No,0.09810812334084093,No
2420,No,0.1470144381969762,No,0.13131313131313133,No,0.0,No,0.10520620372191192,No
59,Sí,0.4363201608692878,No,0.34797297297297297,No,0.4,No,0.318533870200101,No
883,Sí,0.07140212647783704,No,0.04044943820224719,No,0.0,No,0.025146656454604812,No
879,Sí,0.4031753577465852,No,0.34797297297297297,No,0.26666666666666666,No,0.33421889596381393,No
4884,No,0.05173716263574119,No,0.04044943820224719,No,0.0,No,0.02167241583218424,No
5914,No,0.03299150500237961,No,0.04044943820224719,No,0.13333333333333333,No,0.05989727551005721,No
3834,No,0.05200131605903491,No,0.06006006006006006,No,0.06666666666666667,No,0.07620557814088527,No
1988,No,0.0541236149706217,No,0.06006006006006006,No,0.0,No,0.04952036245061979,No
7352,No,0.24045395433933442,No,0.48333333333333334,No,0.4,No,0.39196366155104106,No
5165,No,0.0073743872583417235,No,0.06006006006006006,No,0.2,No,0.04434346294926119,No
5672,No,0.05078874206084395,No,0.06006006006006006,No,0.13333333333333333,No,0.07420520544542958,No
3718,No,0.05765009388821749,No,0.06006006006006006,No,0.06666666666666667,No,0.09497165144395887,No
5790,No,0.025663285273100127,No,0.04044943820224719,No,0.0,No,0.018170381829506737,No
1285,No,0.051828296654518415,No,0.06006006006006006,No,0.13333333333333333,No,0.0786524329772223,No
5548,No,0.12092252381055382,No,0.13131313131313133,No,0.06666666666666667,No,0.09078730513983761,No
4168,No,0.04907764191763377,No,0.04044943820224719,No,0.06666666666666667,No,0.06840587516038427,No
1009,No,0.04188208520848973,No,0.06006006006006006,No,0.0,No,0.02909863667250883,No
1913,No,0.02589081587997714,No,0.04044943820224719,No,0.0,No,0.020765662318022137,No
5418,No,0.04377424185559562,No,0.04044943820224719,No,0.06666666666666667,No,0.04447401648264024,No
433,No,0.05181489346807547,No,0.04044943820224719,No,0.0,No,0.03220879976018275,No
3788,No,0.02051719845621143,No,0.04044943820224719,No,0.0,No,0.023532899716008557,No
278,No,0.031594588243912376,No,0.04044943820224719,No,0.13333333333333333,No,0.050634015075984966,No
5342,No,0.067073863954241,No,0.06006006006006006,No,0.0,No,0.09072463626863171,No
5132,No,0.07875436510844967,No,0.06006006006006006,No,0.0,No,0.08289642167859788,No
7588,Sí,0.05641295280454031,No,0.06006006006006006,No,0.06666666666666667,No,0.06302894672554989,No
4353,No,0.07920626736582323,No,0.04044943820224719,No,0.13333333333333333,No,0.06483915055869902,No
7231,No,0.03441169853405693,No,0.04044943820224719,No,0.06666666666666667,No,0.023841537924806224,No
2888,No,0.04798823226385558,No,0.06006006006006006,No,0.2,No,0.09876179085659476,No
2247,No,0.22148973391405716,No,0.13131313131313133,No,0.2,No,0.12858379539057982,No
732,No,0.05456984761533224,No,0.06006006006006006,No,0.06666666666666667,No,0.04572454648023547,No
7245,Sí,0.09823254588603887,No,0.13333333333333333,No,0.26666666666666666,No,0.15980277709541754,No
4089,No,0.056680226079404844,No,0.06006006006006006,No,0.0,No,0.03133050318380349,No
590,No,0.2246185843556494,No,0.34797297297297297,No,0.2,No,0.3351884691342718,No
3023,No,0.06977091318635079,No,0.06006006006006006,No,0.0,No,0.045565425031799375,No
3713,No,0.05232724240032969,No,0.06006006006006006,No,0.06666666666666667,No,0.051633244343394925,No
7597,No,0.2598180324905442,No,0.19298245614035087,No,0.5333333333333333,Sí,0.36459245727895784,No
5737,No,0.04947935811000384,No,0.04044943820224719,No,0.0,No,0.016172575781187346,No
2769,No,0.29377218750048617,No,0.06006006006006006,No,0.4666666666666667,No,0.33759729383621767,No
4355,No,0.027839953115342635,No,0.04044943820224719,No,0.06666666666666667,No,0.06792534373349814,No
2991,No,0.10614577763615746,No,0.06006006006006006,No,0.06666666666666667,No,0.0865247273600113,No
4728,No,0.04838565476486571,No,0.04044943820224719,No,0.06666666666666667,No,0.03943921227832031,No
1968,No,0.053949301438497625,No,0.06006006006006006,No,0.13333333333333333,No,0.07291824420911217,No
5953,No,0.35117443986712205,No,0.4896551724137931,No,0.26666666666666666,No,0.3101199184114764,No
6290,No,0.058574375678920064,No,0.06006006006006006,No,0.06666666666666667,No,0.06928210702549766,No
2724,No,0.37770451003850797,No,0.13333333333333333,No,0.4666666666666667,No,0.30531967263770565,No
5936,Sí,0.25762946692113137,No,0.41304347826086957,No,0.2,No,0.23626436882287033,No
4668,No,0.440235174500264,No,0.34797297297297297,No,0.3333333333333333,No,0.33554501431166356,No
4696,No,0.07089588205772193,No,0.04044943820224719,No,0.13333333333333333,No,0.06550551306326444,No
4585,No,0.03243603597651274,No,0.04044943820224719,No,0.13333333333333333,No,0.04099138158816982,No
3280,No,0.07085667230211677,No,0.06006006006006006,No,0.06666666666666667,No,0.05517627029504275,No
7386,No,0.03950954349818523,No,0.06006006006006006,No,0.0,No,0.04214602657236719,No
7774,Sí,0.22677883299080623,No,0.13131313131313133,No,0.4666666666666667,No,0.31217083132371304,No
2875,No,0.8161051660213358,Sí,0.6753246753246753,Sí,0.6666666666666666,Sí,0.7163493217271926,Sí
4974,Sí,0.036485526041885555,No,0.04044943820224719,No,0.0,No,0.01940444803538376,No
1531,No,0.09386820736605941,No,0.06006006006006006,No,0.0,No,0.0685910567449507,No
5267,No,0.10990996106708685,No,0.13333333333333333,No,0.06666666666666667,No,0.11696451740765146,No
4902,No,0.0451153127469561,No,0.04044943820224719,No,0.2,No,0.08648251675638668,No
2399,No,0.03635507082513633,No,0.04044943820224719,No,0.0,No,0.03726810317751128,No
2084,Sí,0.025041995788132203,No,0.06006006006006006,No,0.2,No,0.13211262421113357,No
3228,Sí,0.06260980001632223,No,0.06006006006006006,No,0.06666666666666667,No,0.04174585949450921,No
3128,No,0.050506806159074345,No,0.06006006006006006,No,0.06666666666666667,No,0.05711672581691611,No
330,No,0.028410440333570586,No,0.06006006006006006,No,0.2,No,0.08160312538601366,No
4248,No,0.7542010927288447,Sí,0.7317073170731707,Sí,0.6,Sí,0.6624794091717011,Sí
3288,No,0.06690983047116708,No,0.06006006006006006,No,0.06666666666666667,No,0.04356696181032646,No
3363,No,0.4565387372948308,No,0.4896551724137931,No,0.4666666666666667,No,0.49790095094334497,No
3934,No,0.0645876307701816,No,0.06006006006006006,No,0.0,No,0.04731640223854482,No
3925,No,0.07094795093950661,No,0.06006006006006006,No,0.0,No,0.055275427993227454,No
7349,No,0.055864298946962154,No,0.06006006006006006,No,0.13333333333333333,No,0.07473531470401111,No
95,Sí,0.31548953556078674,No,0.34797297297297297,No,0.6,Sí,0.376984041063431,No
179,No,0.053683424937333996,No,0.06006006006006006,No,0.13333333333333333,No,0.050919846085179944,No
6988,No,0.05135287020773228,No,0.04044943820224719,No,0.06666666666666667,No,0.03891331835697664,No
4127,No,0.03465490235084063,No,0.04044943820224719,No,0.06666666666666667,No,0.01981524114831409,No
5745,No,0.043899330315432326,No,0.04044943820224719,No,0.06666666666666667,No,0.04758974961767448,No
7530,No,0.04726275396397679,No,0.04044943820224719,No,0.06666666666666667,No,0.035515605425283474,No
760,No,0.03187110333443824,No,0.04044943820224719,No,0.0,No,0.045478273878802176,No
1539,No,0.03995131022697254,No,0.04044943820224719,No,0.06666666666666667,No,0.06211146521848972,No
3244,No,0.041362148288013954,No,0.04044943820224719,No,0.0,No,0.02866269230513072,No
3066,No,0.02796650908197391,No,0.06006006006006006,No,0.0,No,0.026328709735305544,No
5933,No,0.09177687663369875,No,0.06006006006006006,No,0.0,No,0.07934777673719018,No
6336,No,0.02811892324415247,No,0.04044943820224719,No,0.0,No,0.02223784574233847,No
6774,No,0.08881811059517099,No,0.06006006006006006,No,0.0,No,0.03230288149869145,No
3481,No,0.06509483824925837,No,0.06006006006006006,No,0.2,No,0.12255108310095937,No
7838,No,0.05328979243531077,No,0.04044943820224719,No,0.0,No,0.029822946184322224,No
2964,No,0.04135198406474127,No,0.04044943820224719,No,0.0,No,0.017286955517670344,No
3926,Sí,0.3875254593404398,No,0.34797297297297297,No,0.5333333333333333,Sí,0.3993301068738651,No
1166,Sí,0.2406947486989268,No,0.48333333333333334,No,0.3333333333333333,No,0.35781713856312697,No
1040,No,0.04474522917172184,No,0.04044943820224719,No,0.06666666666666667,No,0.03582241829388682,No
6910,No,0.18349975444453154,No,0.13131313131313133,No,0.06666666666666667,No,0.055565641148433674,No
6625,No,0.02614526167774776,No,0.04044943820224719,No,0.0,No,0.04749420157900104,No
2377,No,0.07111619153023983,No,0.06006006006006006,No,0.06666666666666667,No,0.09315108205033958,No
5563,No,0.04108283309274175,No,0.06006006006006006,No,0.13333333333333333,No,0.08572112947799142,No
1127,No,0.04395274779047768,No,0.04044943820224719,No,0.06666666666666667,No,0.02839999012590134,No
923,No,0.01665792413493299,No,0.04044943820224719,No,0.0,No,0.053570211920788126,No
5280,No,0.034039758227927354,No,0.06006006006006006,No,0.06666666666666667,No,0.04189719111158204,No
4558,No,0.0636449361458757,No,0.13333333333333333,No,0.06666666666666667,No,0.059539262017291796,No
4946,No,0.020515133715371454,No,0.04044943820224719,No,0.0,No,0.03572589947248664,No
573,No,0.07051714436469622,No,0.06006006006006006,No,0.13333333333333333,No,0.0806490856365964,No
1945,No,0.07335258638593133,No,0.06006006006006006,No,0.0,No,0.024516234996368878,No
6698,No,0.04430050911929279,No,0.06006006006006006,No,0.06666666666666667,No,0.038261637708337175,No
3361,No,0.05363157675019875,No,0.04044943820224719,No,0.06666666666666667,No,0.022403038744743878,No
2128,No,0.030798027684186224,No,0.04044943820224719,No,0.0,No,0.03631372107848498,No
2321,No,0.027803278796059348,No,0.06006006006006006,No,0.06666666666666667,No,0.024134247016909884,No
5407,No,0.032971068800799544,No,0.04044943820224719,No,0.13333333333333333,No,0.06581860840727037,No
4688,No,0.18050959645745682,No,0.34797297297297297,No,0.06666666666666667,No,0.2309527571044339,No
298,No,0.05420817388459378,No,0.04044943820224719,No,0.06666666666666667,No,0.07381809221291649,No
1229,Sí,0.28996307798682797,No,0.19298245614035087,No,0.4666666666666667,No,0.40931065692122975,No
4674,No,0.0687477213431165,No,0.06006006006006006,No,0.06666666666666667,No,0.020423460125997616,No
601,No,0.13791564230103345,No,0.13131313131313133,No,0.06666666666666667,No,0.04566939670853713,No
5905,No,0.04437786020164212,No,0.06006006006006006,No,0.06666666666666667,No,0.06640703156439122,No
4515,No,0.07880376644019513,No,0.04044943820224719,No,0.06666666666666667,No,0.06175423162989215,No
7763,No,0.2937727755519522,No,0.41304347826086957,No,0.26666666666666666,No,0.27251122045053333,No
4622,No,0.23545236757288499,No,0.41304347826086957,No,0.26666666666666666,No,0.21764894084823974,No
2741,No,0.04577853153474518,No,0.04044943820224719,No,0.2,No,0.09903931923807116,No
4737,Sí,0.022756237939215836,No,0.04044943820224719,No,0.0,No,0.022604779164472937,No
7445,No,0.03287804365570265,No,0.04044943820224719,No,0.06666666666666667,No,0.03719109713440299,No
2333,Sí,0.5860899590116172,Sí,0.34797297297297297,No,0.8,Sí,0.4699171187244598,No
7861,No,0.04316931263236313,No,0.04044943820224719,No,0.13333333333333333,No,0.04806927176704488,No
6977,No,0.08518241679684545,No,0.06006006006006006,No,0.0,No,0.020610330834956437,No
4472,No,0.27426341758261413,No,0.34797297297297297,No,0.3333333333333333,No,0.28522345644627173,No
7033,No,0.04601693677580004,No,0.04044943820224719,No,0.06666666666666667,No,0.035661273616815516,No
2262,No,0.036503225736196,No,0.04044943820224719,No,0.06666666666666667,No,0.04268493049960694,No
3423,No,0.040574454721457244,No,0.06006006006006006,No,0.13333333333333333,No,0.08645466610157687,No
2936,No,0.03553512777224318,No,0.04044943820224719,No,0.0,No,0.029063767729845237,No
5480,No,0.03494783260296961,No,0.04044943820224719,No,0.2,No,0.07032836706778739,No
4190,No,0.02803804869579791,No,0.04044943820224719,No,0.0,No,0.02270155324062577,No
6971,No,0.020964969980024954,No,0.04044943820224719,No,0.0,No,0.022035048780054595,No
7275,No,0.07585336774001851,No,0.06006006006006006,No,0.0,No,0.043683923694998426,No
6434,No,0.036616772419404024,No,0.04044943820224719,No,0.06666666666666667,No,0.0511009915887887,No
4136,No,0.0671666785974383,No,0.06006006006006006,No,0.0,No,0.10155367905771778,No
6262,No,0.06028908104493242,No,0.06006006006006006,No,0.0,No,0.046564394997595494,No
973,No,0.05902324497006604,No,0.06006006006006006,No,0.0,No,0.06731114862567475,No
70,No,0.10129878895511414,No,0.06006006006006006,No,0.06666666666666667,No,0.0806406498563239,No
6958,No,0.03509442793673228,No,0.04044943820224719,No,0.06666666666666667,No,0.048787488666008856,No
3251,No,0.15724215185593915,No,0.13131313131313133,No,0.06666666666666667,No,0.05633374106366743,No
5279,Sí,0.6565049859521805,Sí,0.82,Sí,0.7333333333333333,Sí,0.6437045724359942,Sí
6448,Sí,0.04200807398270702,No,0.04044943820224719,No,0.0,No,0.02285194737413069,No
1456,No,0.020416497754033845,No,0.04044943820224719,No,0.0,No,0.029926516519784847,No
7319,No,0.07064438406650937,No,0.06006006006006006,No,0.2,No,0.10152495005278951,No
640,No,0.10309664816550362,No,0.06006006006006006,No,0.2,No,0.09693059753754422,No
5452,No,0.046579163264963135,No,0.06006006006006006,No,0.0,No,0.039658550719054005,No
1901,No,0.06419229965001637,No,0.06006006006006006,No,0.13333333333333333,No,0.0650180189774038,No
81,No,0.06182429452283498,No,0.06006006006006006,No,0.06666666666666667,No,0.03772296967031379,No
3642,No,0.11059706698254326,No,0.13333333333333333,No,0.13333333333333333,No,0.11542653290420365,No
2258,No,0.02790235101016954,No,0.04044943820224719,No,0.06666666666666667,No,0.041053874081747516,No
1912,Sí,0.17876894171270716,No,0.34797297297297297,No,0.06666666666666667,No,0.24416646507984643,No
408,No,0.010026790613567175,No,0.06006006006006006,No,0.0,No,0.04746336849320626,No
2601,No,0.05269422867172751,No,0.06006006006006006,No,0.13333333333333333,No,0.026549414924048557,No
7049,Sí,0.05060787258164201,No,0.06006006006006006,No,0.13333333333333333,No,0.08087510110589297,No
7796,Sí,0.5356712961396726,Sí,0.6753246753246753,Sí,0.7333333333333333,Sí,0.6286015524652818,Sí
5887,No,0.036583034077526264,No,0.04044943820224719,No,0.2,No,0.10365329304179462,No
4650,No,0.04794654682815571,No,0.06006006006006006,No,0.06666666666666667,No,0.051783927219786745,No
6022,Sí,0.25848431595998195,No,0.34797297297297297,No,0.4666666666666667,No,0.39773202851907774,No
3754,No,0.05850405328478906,No,0.06006006006006006,No,0.13333333333333333,No,0.059423011579557275,No
7226,No,0.14613007457325314,No,0.06006006006006006,No,0.0,No,0.06441054015094955,No
1274,No,0.0847789631675151,No,0.06006006006006006,No,0.06666666666666667,No,0.07093683549456843,No
3269,No,0.0881043756811084,No,0.06006006006006006,No,0.0,No,0.04353208904056412,No
4670,No,0.02762932620903202,No,0.06006006006006006,No,0.0,No,0.04708871113710424,No
7924,No,0.037766288200536395,No,0.04044943820224719,No,0.06666666666666667,No,0.055572688957875274,No
6683,No,0.08066261019909773,No,0.13333333333333333,No,0.0,No,0.0744973659293244,No
366,No,0.03206596386624108,No,0.04044943820224719,No,0.0,No,0.0309708056453124,No
2339,No,0.06984891801111154,No,0.06006006006006006,No,0.13333333333333333,No,0.08981602919599099,No
7460,No,0.0464430314785239,No,0.04044943820224719,No,0.0,No,0.024149322980850815,No
4082,No,0.038778630358005786,No,0.04044943820224719,No,0.06666666666666667,No,0.04317362321842064,No
2100,Sí,0.6350532018937853,Sí,0.82,Sí,0.7333333333333333,Sí,0.7067374170580808,Sí
4319,No,0.03371160510552638,No,0.04044943820224719,No,0.0,No,0.01935556709092441,No
257,No,0.03862749892558574,No,0.06006006006006006,No,0.06666666666666667,No,0.03713110561866494,No
6269,No,0.06536932186565013,No,0.06006006006006006,No,0.0,No,0.0315191169751909,No
347,No,0.04470346274797753,No,0.04044943820224719,No,0.06666666666666667,No,0.03213104810880998,No
3202,No,0.17692823354286946,No,0.34797297297297297,No,0.3333333333333333,No,0.38628247331054316,No
7869,Sí,0.29811560121164815,No,0.4896551724137931,No,0.6666666666666666,Sí,0.5001877206660452,Sí
4133,No,0.060088961599841194,No,0.06006006006006006,No,0.26666666666666666,No,0.09436914706930744,No
1696,No,0.06147364824324951,No,0.06006006006006006,No,0.13333333333333333,No,0.10730696193879598,No
7106,No,0.042445490019023265,No,0.04044943820224719,No,0.06666666666666667,No,0.041975017853634305,No
6565,No,0.0775902758460778,No,0.06006006006006006,No,0.13333333333333333,No,0.09145974186139365,No
1414,No,0.03308209091278025,No,0.04044943820224719,No,0.0,No,0.024769843195565713,No
1037,No,0.06643903906597567,No,0.06006006006006006,No,0.2,No,0.07226750550753279,No
1425,No,0.019929671880508867,No,0.06006006006006006,No,0.0,No,0.03759499261288055,No
7324,No,0.20564494099834182,No,0.13131313131313133,No,0.06666666666666667,No,0.0863434509818563,No
5497,No,0.20331950739490326,No,0.13131313131313133,No,0.06666666666666667,No,0.09942904310630724,No
6400,No,0.07867970742267931,No,0.0603448275862069,No,0.06666666666666667,No,0.09613494024301736,No
4303,No,0.05482341765876132,No,0.06006006006006006,No,0.0,No,0.08806008369102716,No
3759,No,0.2048033520479096,No,0.13131313131313133,No,0.13333333333333333,No,0.1476688908781162,No
4513,No,0.020936201623525358,No,0.04044943820224719,No,0.13333333333333333,No,0.031057074150582734,No
2156,No,0.09444587313306044,No,0.13333333333333333,No,0.0,No,0.09095714838238454,No
428,No,0.1395394019181215,No,0.13333333333333333,No,0.0,No,0.08345035564981179,No
439,No,0.028659974478575427,No,0.04044943820224719,No,0.06666666666666667,No,0.037553899646723066,No
7664,Sí,0.06899092130958984,No,0.06006006006006006,No,0.06666666666666667,No,0.02658956410194277,No
7695,Sí,0.09320935825208157,No,0.13333333333333333,No,0.06666666666666667,No,0.0601273388625795,No
5259,No,0.14477581499622258,No,0.13131313131313133,No,0.0,No,0.06067934207839384,No
1227,No,0.08644820890184067,No,0.13333333333333333,No,0.0,No,0.10847057949489505,No
387,No,0.020409517311290516,No,0.04044943820224719,No,0.0,No,0.020587522909375235,No
1514,No,0.07106251213625102,No,0.06006006006006006,No,0.0,No,0.034156494709125636,No
2390,Sí,0.056557830783082096,No,0.06006006006006006,No,0.0,No,0.019674846678910302,No
1213,No,0.05224960340174835,No,0.06006006006006006,No,0.0,No,0.04389038664672796,No
3373,No,0.06555589407708283,No,0.04044943820224719,No,0.0,No,0.03639025957532623,No
941,No,0.03326283201180961,No,0.06006006006006006,No,0.06666666666666667,No,0.0487038357804409,No
864,No,0.0812159971072705,No,0.13333333333333333,No,0.06666666666666667,No,0.12109363241094483,No
4881,No,0.031652189926595506,No,0.06006006006006006,No,0.0,No,0.05492169742000586,No
5441,No,0.03832997554842467,No,0.04044943820224719,No,0.2,No,0.05949331334363233,No
3249,No,0.032604534230398115,No,0.04044943820224719,No,0.06666666666666667,No,0.036901942902193,No
4928,No,0.04050846326233465,No,0.04044943820224719,No,0.06666666666666667,No,0.06917045390239512,No
7670,No,0.06794924896659789,No,0.06006006006006006,No,0.06666666666666667,No,0.04014167275829002,No
5411,No,0.030851684106418063,No,0.04044943820224719,No,0.13333333333333333,No,0.034314117442059616,No
346,No,0.0357282233101909,No,0.04044943820224719,No,0.0,No,0.03888977215465855,No
2517,No,0.03962842673205418,No,0.06006006006006006,No,0.06666666666666667,No,0.05398038071987232,No
6695,Sí,0.22179358985025682,No,0.34797297297297297,No,0.2,No,0.28309482629353483,No
7351,No,0.07777296965013852,No,0.06006006006006006,No,0.0,No,0.040402217265693645,No
1206,No,0.038783128016716566,No,0.04044943820224719,No,0.0,No,0.03176524462525173,No
7242,No,0.046900355767107445,No,0.13333333333333333,No,0.13333333333333333,No,0.13986155931331,No
3950,No,0.2434368197875674,No,0.024390243902439025,No,0.6666666666666666,Sí,0.38476649437503385,No
2954,No,0.053459006331501024,No,0.0603448275862069,No,0.06666666666666667,No,0.08287098735593004,No
3910,No,0.04182845252860386,No,0.06006006006006006,No,0.0,No,0.04928964480661568,No
3067,No,0.05188971340150627,No,0.04044943820224719,No,0.06666666666666667,No,0.0703059418765609,No
7119,No,0.04856724288907446,No,0.06006006006006006,No,0.06666666666666667,No,0.04048615849806221,No
180,No,0.07158744540547807,No,0.06006006006006006,No,0.0,No,0.04803685823329103,No
7519,No,0.037176766448773844,No,0.04044943820224719,No,0.0,No,0.03743428286295048,No
5398,No,0.07529920990465028,No,0.06006006006006006,No,0.13333333333333333,No,0.05580211159713625,No
7687,No,0.03808891878125251,No,0.04044943820224719,No,0.06666666666666667,No,0.06076403230214633,No
3865,No,0.014512218500874438,No,0.06006006006006006,No,0.0,No,0.05009301760555776,No
1865,No,0.03746931168713857,No,0.04044943820224719,No,0.0,No,0.02984489845093531,No
7218,No,0.06611309452982515,No,0.06006006006006006,No,0.06666666666666667,No,0.039142464530858984,No
6048,No,0.041175834418180436,No,0.04044943820224719,No,0.06666666666666667,No,0.051797548378869705,No
2813,No,0.04621918566869873,No,0.04044943820224719,No,0.06666666666666667,No,0.050088832396925964,No
993,No,0.07798522229210833,No,0.06006006006006006,No,0.26666666666666666,No,0.11700331467989429,No
3284,No,0.040765447737328285,No,0.06006006006006006,No,0.0,No,0.01725725956470183,No
299,Sí,0.06386431381797684,No,0.04044943820224719,No,0.0,No,0.04441559956990473,No
5542,No,0.060391886687091875,No,0.04044943820224719,No,0.0,No,0.03252444516465092,No
2454,No,0.023608566666573242,No,0.06006006006006006,No,0.06666666666666667,No,0.029668402454538664,No
4717,No,0.0473378723825308,No,0.06006006006006006,No,0.13333333333333333,No,0.05850763173673435,No
173,No,0.058880485323589075,No,0.06006006006006006,No,0.06666666666666667,No,0.06107489937332645,No
4871,No,0.18412748901298584,No,0.13131313131313133,No,0.26666666666666666,No,0.0922617518125195,No
6293,No,0.31078316603851847,No,0.34797297297297297,No,0.13333333333333333,No,0.2843598204667764,No
4600,No,0.16795767172435522,No,0.13131313131313133,No,0.13333333333333333,No,0.0876755728706114,No
5813,Sí,0.2505149833968804,No,0.48333333333333334,No,0.3333333333333333,No,0.36587847950849944,No
846,No,0.03191796104077171,No,0.06006006006006006,No,0.0,No,0.049064326666381115,No
3504,No,0.42042333272649035,No,0.4896551724137931,No,0.26666666666666666,No,0.3337527019807213,No
4236,No,0.2771159226137675,No,0.34797297297297297,No,0.3333333333333333,No,0.3468706885056772,No
2304,No,0.09381584515850269,No,0.06006006006006006,No,0.13333333333333333,No,0.060186318414968604,No
5815,No,0.04874892042447332,No,0.06006006006006006,No,0.06666666666666667,No,0.062216137203779054,No
2112,Sí,0.43608461027041684,No,0.4896551724137931,No,0.6666666666666666,Sí,0.49979103158006694,No
753,No,0.035019417933349596,No,0.04044943820224719,No,0.06666666666666667,No,0.05447465063369735,No
2074,No,0.3185633151950181,No,0.34797297297297297,No,0.3333333333333333,No,0.3181518728004213,No
6183,No,0.09502628286593481,No,0.13131313131313133,No,0.13333333333333333,No,0.20263840251904702,No
6313,No,0.05074683567641587,No,0.06006006006006006,No,0.0,No,0.04023335963106825,No
6755,No,0.04999433948806931,No,0.06006006006006006,No,0.0,No,0.07368352714449171,No
1909,No,0.7802197918859102,Sí,0.82,Sí,0.8666666666666667,Sí,0.7616616395387243,Sí
1701,No,0.09596350645938868,No,0.06006006006006006,No,0.06666666666666667,No,0.028794208253042134,No
6943,No,0.05645304516859681,No,0.06006006006006006,No,0.0,No,0.02467926547557731,No
415,No,0.16782147981926018,No,0.13131313131313133,No,0.0,No,0.056620847273493854,No
6681,No,0.033787622931869515,No,0.13333333333333333,No,0.13333333333333333,No,0.0785723388080961,No
2366,No,0.08026187987097447,No,0.06006006006006006,No,0.13333333333333333,No,0.06922180380583456,No
4791,No,0.05313629840346971,No,0.06006006006006006,No,0.0,No,0.046941149911861456,No
4591,No,0.04258413740630422,No,0.06006006006006006,No,0.0,No,0.06219180875300923,No
2536,No,0.15125161073211146,No,0.13131313131313133,No,0.06666666666666667,No,0.1026221525248063,No
4479,No,0.0467071454945668,No,0.06006006006006006,No,0.13333333333333333,No,0.07948149874511053,No
1393,Sí,0.10382284522214288,No,0.0603448275862069,No,0.06666666666666667,No,0.08942571762640011,No
5486,No,0.08165321365228559,No,0.06006006006006006,No,0.06666666666666667,No,0.07535490742012131,No
7147,No,0.16722511738762535,No,0.13131313131313133,No,0.13333333333333333,No,0.1212527607511435,No
5595,Sí,0.2119394876602606,No,0.13131313131313133,No,0.06666666666666667,No,0.07738922838699397,No
2684,No,0.054002306362935425,No,0.04044943820224719,No,0.2,No,0.07703255286816049,No
3810,No,0.05597754851875542,No,0.06006006006006006,No,0.13333333333333333,No,0.0453465446129379,No
6012,No,0.09461353954969615,No,0.06006006006006006,No,0.0,No,0.04586472234468629,No
4364,No,0.028568820949887098,No,0.06006006006006006,No,0.06666666666666667,No,0.0676177848505994,No
4790,No,0.11121925965124427,No,0.06006006006006006,No,0.06666666666666667,No,0.0773064833977721,No
4412,No,0.049804137670892,No,0.04044943820224719,No,0.06666666666666667,No,0.03710099401152868,No
1752,No,0.061959144403639824,No,0.06006006006006006,No,0.13333333333333333,No,0.10449967449136494,No
6568,No,0.04866128441355484,No,0.04044943820224719,No,0.0,No,0.04470402528484262,No
7190,No,0.05840720070656796,No,0.13333333333333333,No,0.0,No,0.12970339247492096,No
6474,No,0.04488429449712021,No,0.04044943820224719,No,0.0,No,0.027494113420486778,No
3873,No,0.09388473051142743,No,0.06006006006006006,No,0.0,No,0.06550975092790855,No
5142,No,0.19111942659895398,No,0.024390243902439025,No,0.3333333333333333,No,0.3069081865691823,No
6766,No,0.07930792329642315,No,0.04044943820224719,No,0.0,No,0.046388885579192796,No
5943,No,0.07624026731302076,No,0.06006006006006006,No,0.0,No,0.06322277253577176,No
7855,No,0.05912499818106481,No,0.06006006006006006,No,0.06666666666666667,No,0.04027499493522373,No
6757,No,0.06570029265255974,No,0.06006006006006006,No,0.06666666666666667,No,0.07243564847840232,No
5236,No,0.034378187918728084,No,0.04044943820224719,No,0.0,No,0.04055369232635531,No
5074,No,0.04584564816718469,No,0.06006006006006006,No,0.0,No,0.027621709022241512,No
5696,No,0.058036804577680866,No,0.04044943820224719,No,0.0,No,0.04127685458062474,No
381,No,0.032992076484257095,No,0.04044943820224719,No,0.06666666666666667,No,0.0540873950996653,No
3318,No,0.07541992798058438,No,0.06006006006006006,No,0.13333333333333333,No,0.08914277508582176,No
1766,No,0.057492902806177644,No,0.06006006006006006,No,0.0,No,0.03684823163600804,No
307,Sí,0.09637137359017205,No,0.06006006006006006,No,0.06666666666666667,No,0.03620450372094728,No
7704,No,0.03937983827092092,No,0.04044943820224719,No,0.0,No,0.021844849156722176,No
4684,No,0.040143856661155684,No,0.06006006006006006,No,0.0,No,0.06402645186253199,No
7071,No,0.03618826841699919,No,0.04044943820224719,No,0.13333333333333333,No,0.09340347372203929,No
4377,No,0.08273559328914352,No,0.13333333333333333,No,0.06666666666666667,No,0.08348622488959967,No
6130,No,0.07835970351801068,No,0.06006006006006006,No,0.2,No,0.04336625927151692,No
5833,Sí,0.05954670461583207,No,0.04044943820224719,No,0.0,No,0.022424213161124196,No
7105,No,0.02017975489606659,No,0.0603448275862069,No,0.0,No,0.08650743658994094,No
1059,No,0.03728585027195295,No,0.04044943820224719,No,0.0,No,0.04915956726848967,No
1421,No,0.10423809561848235,No,0.06006006006006006,No,0.06666666666666667,No,0.08544301231790168,No
991,No,0.034796417635155515,No,0.06006006006006006,No,0.0,No,0.055045780164722884,No
1524,No,0.15267488953289554,No,0.19298245614035087,No,0.2,No,0.24722462172443546,No
5006,No,0.2901096345154,No,0.34797297297297297,No,0.2,No,0.34111889584836413,No
2444,No,0.036431877181761795,No,0.06006006006006006,No,0.26666666666666666,No,0.14110911525037775,No
6638,No,0.04827785467305112,No,0.04044943820224719,No,0.06666666666666667,No,0.037173922432229126,No
3048,Sí,0.07010353042853813,No,0.06006006006006006,No,0.13333333333333333,No,0.09903786418183862,No
3069,No,0.06377100905604256,No,0.0603448275862069,No,0.06666666666666667,No,0.11369046212510535,No
5856,No,0.02480975141065801,No,0.06006006006006006,No,0.0,No,0.10518596082100735,No
5158,No,0.013768222203262456,No,0.06006006006006006,No,0.0,No,0.0876868504550005,No
5240,No,0.05472614515608614,No,0.06006006006006006,No,0.0,No,0.019252738642101613,No
7610,No,0.0393186330875875,No,0.04044943820224719,No,0.06666666666666667,No,0.02463673840462387,No
987,No,0.0347324584935927,No,0.04044943820224719,No,0.06666666666666667,No,0.018499383130477685,No
1276,No,0.08827592168476624,No,0.06006006006006006,No,0.13333333333333333,No,0.12253756249242652,No
6261,No,0.0727345272100663,No,0.06006006006006006,No,0.06666666666666667,No,0.06707551580089316,No
6092,No,0.10528631027476239,No,0.06006006006006006,No,0.06666666666666667,No,0.07161840552352286,No
6216,No,0.027393140562093854,No,0.04044943820224719,No,0.06666666666666667,No,0.0753779099813891,No
4744,No,0.06638753278591994,No,0.06006006006006006,No,0.06666666666666667,No,0.055459759792701145,No
7220,No,0.07673698299946771,No,0.06006006006006006,No,0.0,No,0.0710516221661143,No
5808,No,0.05148839247748648,No,0.06006006006006006,No,0.06666666666666667,No,0.023729562727141155,No
3400,No,0.08041835360785202,No,0.06006006006006006,No,0.0,No,0.0912519999773892,No
7921,No,0.033144081055427765,No,0.04044943820224719,No,0.06666666666666667,No,0.04766386946900298,No
6631,No,0.13610100859035662,No,0.06006006006006006,No,0.0,No,0.06623361333077836,No
2968,No,0.09116511909860607,No,0.06006006006006006,No,0.13333333333333333,No,0.14860808048592894,No
325,No,0.0661257790996315,No,0.04044943820224719,No,0.0,No,0.025495677004589514,No
5396,No,0.05666731251050775,No,0.06006006006006006,No,0.0,No,0.05181220093196035,No
3806,No,0.07568469797081102,No,0.06006006006006006,No,0.13333333333333333,No,0.09191839300991349,No
939,No,0.04065252761007954,No,0.04044943820224719,No,0.0,No,0.02442853075933964,No
4816,No,0.3676548194541465,No,0.4896551724137931,No,0.5333333333333333,Sí,0.48647427776862534,No
4189,No,0.05325443336062346,No,0.04044943820224719,No,0.0,No,0.025286613423568964,No
2750,No,0.06774234775038104,No,0.04044943820224719,No,0.0,No,0.030707833538597597,No
6255,No,0.061320391629825,No,0.13333333333333333,No,0.06666666666666667,No,0.1854861607204671,No
3921,No,0.03477080142228384,No,0.04044943820224719,No,0.06666666666666667,No,0.06641162323950062,No
6549,No,0.05824843995368062,No,0.04044943820224719,No,0.06666666666666667,No,0.059254027986066854,No
3093,No,0.04466625987722158,No,0.04044943820224719,No,0.0,No,0.062379177470785,No
6017,No,0.06446484329557368,No,0.04044943820224719,No,0.06666666666666667,No,0.08306371756278479,No
4561,No,0.047057156739194556,No,0.04044943820224719,No,0.06666666666666667,No,0.05747014916126628,No
5030,No,0.025403513508180774,No,0.04044943820224719,No,0.0,No,0.03546705454077807,No
2456,No,0.06126298673415405,No,0.06006006006006006,No,0.06666666666666667,No,0.07300743070249494,No
7520,No,0.10506323415532103,No,0.13333333333333333,No,0.13333333333333333,No,0.08278504722052415,No
1064,No,0.1867927865025759,No,0.4896551724137931,No,0.26666666666666666,No,0.2598817746296125,No
2332,No,0.08581849260072302,No,0.06006006006006006,No,0.0,No,0.05836941694529033,No
4716,No,0.040679311111589116,No,0.06006006006006006,No,0.13333333333333333,No,0.03664938407826714,No
5969,No,0.029668563295552192,No,0.04044943820224719,No,0.0,No,0.025369561252725333,No
1979,Sí,0.45583258634686735,No,0.34797297297297297,No,0.3333333333333333,No,0.4115341283729366,No
4013,No,0.046791993878035,No,0.06006006006006006,No,0.0,No,0.05592360549904761,No
932,No,0.10145064197163692,No,0.06006006006006006,No,0.13333333333333333,No,0.09740788752211012,No
2269,No,0.057462571699710564,No,0.06006006006006006,No,0.0,No,0.07505540109752165,No
4764,Sí,0.4364958156184184,No,0.4896551724137931,No,0.26666666666666666,No,0.46508050008702195,No
3607,No,0.3820191950836256,No,0.4896551724137931,No,0.6,Sí,0.44195353786420527,No
803,No,0.13611447258934972,No,0.13131313131313133,No,0.26666666666666666,No,0.21345483025055406,No
6532,No,0.00812174670018732,No,0.04044943820224719,No,0.0,No,0.024825285065700555,No
2436,No,0.04463714390842139,No,0.06006006006006006,No,0.06666666666666667,No,0.06809650447364103,No
934,No,0.01829792526318895,No,0.06006006006006006,No,0.0,No,0.06828310827745013,No
2842,No,0.033843094872178466,No,0.04044943820224719,No,0.06666666666666667,No,0.045339494467491574,No
6834,No,0.04484518037912152,No,0.04044943820224719,No,0.13333333333333333,No,0.08860424392829953,No
6833,Sí,0.5173208422096154,Sí,0.4896551724137931,No,0.6,Sí,0.4779371871708087,No
7812,Sí,0.05769319358826549,No,0.04044943820224719,No,0.06666666666666667,No,0.04569401525868681,No
7498,No,0.035107727154878345,No,0.04044943820224719,No,0.0,No,0.035863830787974546,No
2944,No,0.08089621121819308,No,0.0603448275862069,No,0.06666666666666667,No,0.07272228963665485,No
1232,No,0.040957568049090176,No,0.06006006006006006,No,0.13333333333333333,No,0.05192963611632434,No
3966,No,0.044298967917875874,No,0.04044943820224719,No,0.0,No,0.03515075022464257,No
6752,No,0.04121762371626163,No,0.06006006006006006,No,0.0,No,0.05559512212079542,No
3439,No,0.06378928456590294,No,0.06006006006006006,No,0.06666666666666667,No,0.04820176863334867,No
3248,No,0.023153203536596608,No,0.06006006006006006,No,0.0,No,0.049955412691095394,No
3593,No,0.07050110293576148,No,0.06006006006006006,No,0.13333333333333333,No,0.08299116935485756,No
2957,No,0.05857927828802301,No,0.06006006006006006,No,0.2,No,0.09744751713207703,No
2806,No,0.08641446516115318,No,0.13333333333333333,No,0.13333333333333333,No,0.11995655861071855,No
6355,No,0.11080971414478127,No,0.13131313131313133,No,0.0,No,0.05762754791059248,No
2545,No,0.14964495540225753,No,0.06006006006006006,No,0.06666666666666667,No,0.0761838897926074,No
6608,No,0.07415076509139044,No,0.06006006006006006,No,0.0,No,0.03886988259299436,No
7385,No,0.06786317525070515,No,0.06006006006006006,No,0.13333333333333333,No,0.1321895127863521,No
687,No,0.1493784119663695,No,0.06006006006006006,No,0.2,No,0.09271081469857224,No
1015,No,0.05438220052068033,No,0.06006006006006006,No,0.0,No,0.053880799153539286,No
5098,No,0.22998600575924835,No,0.13131313131313133,No,0.26666666666666666,No,0.3808762547145731,No
4779,No,0.04338260334308514,No,0.06006006006006006,No,0.06666666666666667,No,0.042253039165525835,No
6267,No,0.16214818255461222,No,0.48333333333333334,No,0.2,No,0.2533273358650883,No
2687,No,0.05352576743603177,No,0.04044943820224719,No,0.0,No,0.0395723436169415,No
6954,Sí,0.07154090453058001,No,0.06006006006006006,No,0.0,No,0.03343778971267961,No
7342,No,0.0494203079582009,No,0.06006006006006006,No,0.13333333333333333,No,0.06328750014079323,No
5223,No,0.04685646186081312,No,0.06006006006006006,No,0.13333333333333333,No,0.07580841933053963,No
7738,No,0.3754052657618254,No,0.34797297297297297,No,0.26666666666666666,No,0.40502519486783894,No
2432,No,0.2007902725704991,No,0.13131313131313133,No,0.3333333333333333,No,0.27518503840509834,No
779,Sí,0.07575185909410702,No,0.06006006006006006,No,0.13333333333333333,No,0.050401504922075686,No
2799,No,0.05909907746054899,No,0.06006006006006006,No,0.0,No,0.04229379501279308,No
40,No,0.36675919530444745,No,0.34797297297297297,No,0.4666666666666667,No,0.28827595768158154,No
6478,No,0.49189797685940756,No,0.4896551724137931,No,0.2,No,0.4052624476240703,No
3604,Sí,0.05136794378648384,No,0.06006006006006006,No,0.06666666666666667,No,0.043927558679160525,No
5140,No,0.03557883713314651,No,0.06006006006006006,No,0.0,No,0.032187615578632055,No
3434,No,0.09966363643583746,No,0.13333333333333333,No,0.13333333333333333,No,0.12620078518915123,No
5714,No,0.04261966628953327,No,0.04044943820224719,No,0.0,No,0.04185434347429295,No
4648,No,0.08962810548095838,No,0.06006006006006006,No,0.3333333333333333,No,0.09762284541910578,No
3894,No,0.15176749815552368,No,0.13131313131313133,No,0.2,No,0.09162954368168147,No
6615,No,0.04231913252034851,No,0.04044943820224719,No,0.0,No,0.02782299175146374,No
6361,No,0.09081837814110869,No,0.06006006006006006,No,0.0,No,0.05784944313408347,No
630,Sí,0.08359459418314925,No,0.13333333333333333,No,0.0,No,0.07558195990776352,No
2087,No,0.07244816681163653,No,0.06006006006006006,No,0.2,No,0.07899868013478889,No
4708,No,0.06128636276036983,No,0.04044943820224719,No,0.0,No,0.02201927642908008,No
7254,No,0.42690246511938157,No,0.4896551724137931,No,0.3333333333333333,No,0.4626159495586895,No
3465,No,0.1130842810451201,No,0.06006006006006006,No,0.06666666666666667,No,0.09911217811261178,No
5848,No,0.05120466435463915,No,0.06006006006006006,No,0.13333333333333333,No,0.04342432158158071,No
5283,No,0.07243773088604301,No,0.13333333333333333,No,0.13333333333333333,No,0.12420917082993373,No
7133,No,0.044862409833730264,No,0.04044943820224719,No,0.0,No,0.03779959100019157,No
5027,No,0.0684641182057561,No,0.13333333333333333,No,0.13333333333333333,No,0.08009164702204748,No
3856,No,0.049499448712852404,No,0.06006006006006006,No,0.06666666666666667,No,0.04442539844405667,No
5698,No,0.11553371753123884,No,0.19298245614035087,No,0.2,No,0.2524040104295256,No
4262,No,0.05911978077632952,No,0.04044943820224719,No,0.0,No,0.05942892579356928,No
7464,No,0.14048765759572662,No,0.13131313131313133,No,0.26666666666666666,No,0.12968429875092952,No
6043,No,0.044918874938601895,No,0.04044943820224719,No,0.0,No,0.046770193808226154,No
750,No,0.036973392211605935,No,0.06006006006006006,No,0.06666666666666667,No,0.037318841815697404,No
6206,No,0.053296263326731305,No,0.06006006006006006,No,0.13333333333333333,No,0.06453990619543988,No
1959,No,0.03182217278455959,No,0.04044943820224719,No,0.06666666666666667,No,0.038939061682360554,No
7707,No,0.06353081810537484,No,0.04044943820224719,No,0.0,No,0.06100568622110904,No
4805,No,0.6471544621286308,Sí,0.82,Sí,0.6,Sí,0.6237053487472454,Sí
1512,No,0.04781377328395361,No,0.04044943820224719,No,0.06666666666666667,No,0.0399552852761734,No
7297,No,0.060275095146633144,No,0.06006006006006006,No,0.06666666666666667,No,0.05312887813322373,No
5857,No,0.21494040375896686,No,0.13131313131313133,No,0.06666666666666667,No,0.09351118055384272,No
172,No,0.019490069988452575,No,0.04044943820224719,No,0.06666666666666667,No,0.06607558957967269,No
1732,No,0.04644014091302096,No,0.04044943820224719,No,0.0,No,0.01978808901459433,No
6544,No,0.23431612861939272,No,0.34797297297297297,No,0.4666666666666667,No,0.29349495950316773,No
363,No,0.34659139956732726,No,0.34797297297297297,No,0.4,No,0.32742804516191665,No
7914,No,0.024284479631734537,No,0.04044943820224719,No,0.13333333333333333,No,0.03427735187643633,No
4134,No,0.06072917028434382,No,0.06006006006006006,No,0.06666666666666667,No,0.0324831688440999,No
6155,Sí,0.4041008661054901,No,0.34797297297297297,No,0.4,No,0.2751642558731542,No
5219,Sí,0.4388079114132772,No,0.34797297297297297,No,0.2,No,0.3135584559941217,No
1168,No,0.3264185867789935,No,0.13131313131313133,No,0.13333333333333333,No,0.31673486826930336,No
3029,No,0.0630709563017407,No,0.06006006006006006,No,0.06666666666666667,No,0.05492829769239301,No
4545,No,0.34989326617807415,No,0.34797297297297297,No,0.4,No,0.40244145806908155,No
5367,No,0.07517911986090862,No,0.13333333333333333,No,0.13333333333333333,No,0.11408702625041622,No
4492,No,0.04827785467305112,No,0.04044943820224719,No,0.06666666666666667,No,0.037173922432229126,No
3868,No,0.047982344454503646,No,0.04044943820224719,No,0.06666666666666667,No,0.025895747504283674,No
3989,No,0.05185382226754296,No,0.06006006006006006,No,0.0,No,0.055445150962206945,No
6630,No,0.041801656575911034,No,0.04044943820224719,No,0.06666666666666667,No,0.01888168418385605,No
1079,No,0.03096367723531789,No,0.06006006006006006,No,0.06666666666666667,No,0.04824999138180866,No
7313,No,0.19560246998247866,No,0.13131313131313133,No,0.06666666666666667,No,0.11213880030681747,No
7499,No,0.16551218452546973,No,0.13131313131313133,No,0.26666666666666666,No,0.14814576214609482,No
4297,No,0.04802389309564587,No,0.06006006006006006,No,0.0,No,0.06080342261602089,No
576,No,0.061408298004165314,No,0.06006006006006006,No,0.06666666666666667,No,0.04449097593039799,No
857,No,0.05211899639393567,No,0.04044943820224719,No,0.0,No,0.033610322540423745,No
1687,Sí,0.5711958639896874,Sí,0.4896551724137931,No,0.5333333333333333,Sí,0.5269137651364363,Sí
5374,No,0.07468616289245752,No,0.06006006006006006,No,0.0,No,0.02135842921051955,No
3323,No,0.06430503007150638,No,0.06006006006006006,No,0.13333333333333333,No,0.061670867949076,No
1384,No,0.18515739726391894,No,0.13131313131313133,No,0.7333333333333333,Sí,0.2928805430959324,No
4763,No,0.09014516925537867,No,0.06006006006006006,No,0.06666666666666667,No,0.04882862823324,No
5612,No,0.06036977423955138,No,0.06006006006006006,No,0.13333333333333333,No,0.08821064924386146,No
1290,No,0.029643524481986913,No,0.04044943820224719,No,0.06666666666666667,No,0.07486910672196251,No
5608,No,0.03990228284690603,No,0.04044943820224719,No,0.06666666666666667,No,0.04420517649668246,No
7552,No,0.057474364875533875,No,0.06006006006006006,No,0.06666666666666667,No,0.06794434943266071,No
5372,No,0.09854074845696803,No,0.06006006006006006,No,0.0,No,0.07107116027421213,No
4658,No,0.07443147161840626,No,0.06006006006006006,No,0.06666666666666667,No,0.09330510927847097,No
2114,No,0.04051091382384819,No,0.04044943820224719,No,0.0,No,0.04552307396141521,No
6007,No,0.03225362376746031,No,0.0603448275862069,No,0.13333333333333333,No,0.11056571623563746,No
3544,No,0.03703722637352869,No,0.06006006006006006,No,0.06666666666666667,No,0.0746365712426033,No
792,No,0.03511909235632659,No,0.04044943820224719,No,0.06666666666666667,No,0.034873022169284826,No
6689,No,0.05017096908668353,No,0.06006006006006006,No,0.06666666666666667,No,0.051299455147645945,No
7090,Sí,0.21609084788524924,No,0.41304347826086957,No,0.13333333333333333,No,0.3566712462236036,No
7082,No,0.0809571048126606,No,0.06006006006006006,No,0.2,No,0.06842216378699684,No
1903,No,0.0243436993322733,No,0.06006006006006006,No,0.0,No,0.09150729458942984,No
1542,No,0.09344011859941193,No,0.06006006006006006,No,0.06666666666666667,No,0.04556165096256813,No
834,No,0.06389760264073886,No,0.13333333333333333,No,0.13333333333333333,No,0.04755201427485113,No
1159,No,0.14193704881183536,No,0.13333333333333333,No,0.13333333333333333,No,0.13193655307111707,No
1042,No,0.06621028703286667,No,0.06006006006006006,No,0.0,No,0.034812229128250334,No
7045,No,0.10338911318618847,No,0.06006006006006006,No,0.26666666666666666,No,0.13515996339152161,No
2115,No,0.048107382602144214,No,0.06006006006006006,No,0.13333333333333333,No,0.06740686435043539,No
772,Sí,0.05035248652472471,No,0.04044943820224719,No,0.0,No,0.08638336674338226,No
3193,No,0.058164822985328025,No,0.06006006006006006,No,0.13333333333333333,No,0.0701828709907024,No
3943,No,0.0311998533294877,No,0.06006006006006006,No,0.06666666666666667,No,0.03896742168646461,No
5980,No,0.03127164831041129,No,0.04044943820224719,No,0.0,No,0.01329477104034106,No
4279,No,0.04057983715890326,No,0.06006006006006006,No,0.06666666666666667,No,0.11353561538469918,No
1864,No,0.5952769976593757,Sí,0.4896551724137931,No,0.5333333333333333,Sí,0.4464683596925794,No
5369,No,0.03200491757433066,No,0.06006006006006006,No,0.0,No,0.03686626354932668,No
7355,No,0.32480096732819436,No,0.4896551724137931,No,0.5333333333333333,Sí,0.4433657367390987,No
6037,No,0.051499482015071284,No,0.06006006006006006,No,0.0,No,0.030968575817352968,No
2895,No,0.1777212626487068,No,0.19298245614035087,No,0.4,No,0.21555564079724737,No
3786,No,0.258333742243441,No,0.34797297297297297,No,0.3333333333333333,No,0.2816394846035985,No
5526,No,0.03385807131972208,No,0.04044943820224719,No,0.06666666666666667,No,0.04130542543479086,No
7645,No,0.19895271318013327,No,0.13131313131313133,No,0.13333333333333333,No,0.10988400457813147,No
4610,No,0.16697926644192587,No,0.13131313131313133,No,0.13333333333333333,No,0.09906306741187935,No
3784,No,0.02470677029468603,No,0.04044943820224719,No,0.0,No,0.06323786270302648,No
912,No,0.08603756770608526,No,0.13333333333333333,No,0.06666666666666667,No,0.05909941337438344,No
3997,No,0.037645197492831094,No,0.04044943820224719,No,0.0,No,0.04352530882889683,No
4812,No,0.767443975109174,Sí,0.82,Sí,0.8,Sí,0.6849134012551302,Sí
1515,No,0.37128230548836594,No,0.34797297297297297,No,0.26666666666666666,No,0.31096745088036903,No
6071,No,0.03186350229750805,No,0.04044943820224719,No,0.0,No,0.04175039477106724,No
4629,No,0.10205934653720596,No,0.06006006006006006,No,0.0,No,0.04562044852582292,No
4680,No,0.04357703397520729,No,0.04044943820224719,No,0.0,No,0.024513389974398687,No
5882,No,0.056649627038126336,No,0.06006006006006006,No,0.06666666666666667,No,0.04711394519721464,No
7674,No,0.12397302831011749,No,0.06006006006006006,No,0.06666666666666667,No,0.07199253713698013,No
3822,No,0.060427347082380935,No,0.06006006006006006,No,0.06666666666666667,No,0.084000888134798,No
1780,No,0.04997329013356815,No,0.04044943820224719,No,0.06666666666666667,No,0.03764681909148352,No
5981,No,0.04334075195220104,No,0.06006006006006006,No,0.06666666666666667,No,0.08445600516947935,No
2459,No,0.053292900176316965,No,0.06006006006006006,No,0.06666666666666667,No,0.04788542395487172,No
2782,No,0.053536150195148374,No,0.06006006006006006,No,0.06666666666666667,No,0.0742273234375583,No
4482,No,0.02343827118202739,No,0.04044943820224719,No,0.06666666666666667,No,0.039032997361061625,No
3277,No,0.04394870710045193,No,0.06006006006006006,No,0.13333333333333333,No,0.055552581025265335,No
4280,No,0.04214017554689707,No,0.04044943820224719,No,0.0,No,0.03871893717650475,No
1843,Sí,0.1154221928160107,No,0.06006006006006006,No,0.0,No,0.038500203968164455,No
2872,No,0.06164261750411242,No,0.06006006006006006,No,0.06666666666666667,No,0.07156129815580935,No
628,No,0.06651768970594275,No,0.06006006006006006,No,0.2,No,0.09328279732922312,No
6526,No,0.02375170186647598,No,0.04044943820224719,No,0.06666666666666667,No,0.0256195320112478,No
2625,Sí,0.34251218528471444,No,0.4896551724137931,No,0.4,No,0.40610095366914495,No
7931,No,0.20869981748739022,No,0.13131313131313133,No,0.2,No,0.11171997557386204,No
4471,No,0.03494660379201047,No,0.04044943820224719,No,0.0,No,0.017634368106294984,No
4069,No,0.06584968823697653,No,0.06006006006006006,No,0.0,No,0.02535888144429183,No
1891,No,0.044922894779381634,No,0.04044943820224719,No,0.0,No,0.038274510553132676,No
2709,No,0.03900219767493075,No,0.04044943820224719,No,0.0,No,0.018396112643987123,No
5263,No,0.08480195529854374,No,0.06006006006006006,No,0.13333333333333333,No,0.025899696889136712,No
4925,No,0.19980432974111373,No,0.48333333333333334,No,0.13333333333333333,No,0.2863327679337682,No
7321,No,0.042987826732598995,No,0.06006006006006006,No,0.0,No,0.03380308306723848,No
6432,No,0.0458303418961834,No,0.04044943820224719,No,0.0,No,0.02392531859642994,No
3680,No,0.5177012503161823,Sí,0.34797297297297297,No,0.4,No,0.44401160614967977,No
7150,No,0.12309259972972293,No,0.13131313131313133,No,0.13333333333333333,No,0.13881205661220614,No
5435,Sí,0.33116674156804604,No,0.34797297297297297,No,0.26666666666666666,No,0.2947200976926084,No
3795,No,0.04505866982282761,No,0.04044943820224719,No,0.0,No,0.02383775463977313,No
2502,No,0.1675100845319351,No,0.13131313131313133,No,0.06666666666666667,No,0.19863103480070218,No
721,No,0.040043358942223176,No,0.06006006006006006,No,0.13333333333333333,No,0.06785471314007109,No
2412,No,0.612673009351387,Sí,0.4896551724137931,No,0.5333333333333333,Sí,0.42724588079717873,No
5851,No,0.09800686825936519,No,0.13333333333333333,No,0.2,No,0.09236791936814748,No
2692,No,0.039091130992547525,No,0.06006006006006006,No,0.0,No,0.03870825252418011,No
4439,No,0.031153069880876468,No,0.04044943820224719,No,0.0,No,0.031900674558112234,No
5876,No,0.013521064121004782,No,0.04044943820224719,No,0.0,No,0.015609277414587362,No
2952,No,0.0450039990509627,No,0.04044943820224719,No,0.0,No,0.05647701399177206,No
4081,No,0.03011698460632978,No,0.04044943820224719,No,0.13333333333333333,No,0.033009746557820165,No
6045,No,0.29941050695533167,No,0.34797297297297297,No,0.3333333333333333,No,0.30890976219829314,No
6197,No,0.06983372391844472,No,0.06006006006006006,No,0.06666666666666667,No,0.06299797474918577,No
7093,No,0.04484804480392273,No,0.06006006006006006,No,0.13333333333333333,No,0.07456269261576423,No
6673,No,0.07047436994127217,No,0.06006006006006006,No,0.0,No,0.0731135606165898,No
5818,No,0.08541764184385954,No,0.06006006006006006,No,0.0,No,0.05177537414254618,No
3087,No,0.05479113485547187,No,0.06006006006006006,No,0.06666666666666667,No,0.10023001020410477,No
6217,No,0.04702103586507425,No,0.06006006006006006,No,0.06666666666666667,No,0.03964947258621348,No
810,No,0.0642475397831363,No,0.04044943820224719,No,0.06666666666666667,No,0.06539268349380341,No
2817,No,0.056870632620585,No,0.06006006006006006,No,0.0,No,0.0170601068785546,No
7639,No,0.04517600274921834,No,0.06006006006006006,No,0.06666666666666667,No,0.06461733106740399,No
314,No,0.06556541741090935,No,0.06006006006006006,No,0.13333333333333333,No,0.08053516090554058,No
1855,No,0.05996717551541447,No,0.06006006006006006,No,0.0,No,0.047533640401351315,No
3712,No,0.062311014580918,No,0.06006006006006006,No,0.06666666666666667,No,0.0587025309700343,No
7425,No,0.03260811826985454,No,0.04044943820224719,No,0.06666666666666667,No,0.031203762133650528,No
2969,No,0.05247161334266925,No,0.06006006006006006,No,0.0,No,0.02574849148664685,No
6351,No,0.06049981782924608,No,0.04044943820224719,No,0.06666666666666667,No,0.05777709315089831,No
5479,No,0.03143843319437835,No,0.04044943820224719,No,0.0,No,0.05044957391948137,No
4067,No,0.11918048939016723,No,0.13333333333333333,No,0.2,No,0.11867080055120674,No
6374,No,0.07503796127087052,No,0.06006006006006006,No,0.06666666666666667,No,0.0718591494933395,No
1098,No,0.11779241447402518,No,0.06006006006006006,No,0.13333333333333333,No,0.10057333565081514,No
5417,No,0.06641757282148926,No,0.04044943820224719,No,0.0,No,0.058986917044818364,No
7842,No,0.03318637744007051,No,0.04044943820224719,No,0.0,No,0.015618346764589048,No
7383,No,0.08173634950569227,No,0.06006006006006006,No,0.06666666666666667,No,0.05104883960060842,No
3208,No,0.07400675334814129,No,0.06006006006006006,No,0.0,No,0.055897114491073645,No
1859,No,0.07217699718936985,No,0.06006006006006006,No,0.06666666666666667,No,0.04410167573184337,No
6153,No,0.041823457746192796,No,0.06006006006006006,No,0.06666666666666667,No,0.07696673615206732,No
7929,Sí,0.7781012640838152,Sí,0.82,Sí,0.8,Sí,0.7624081646774443,Sí
3015,No,0.03997068999195952,No,0.04044943820224719,No,0.06666666666666667,No,0.05114524894684875,No
3356,Sí,0.09204143174718431,No,0.13333333333333333,No,0.06666666666666667,No,0.08373841465409688,No
3939,No,0.0746478164320866,No,0.06006006006006006,No,0.0,No,0.022238835515042698,No
157,Sí,0.05175379248794497,No,0.04044943820224719,No,0.0,No,0.05703575511205705,No
6792,No,0.07130972339486498,No,0.0603448275862069,No,0.0,No,0.06800845168028233,No
3250,No,0.06390079104525069,No,0.04044943820224719,No,0.0,No,0.0613570597689655,No
2349,No,0.04495150855992554,No,0.06006006006006006,No,0.13333333333333333,No,0.087201757795476,No
570,Sí,0.6373705897332456,Sí,0.6753246753246753,Sí,0.5333333333333333,Sí,0.6868494273198803,Sí
7717,No,0.022869739794330157,No,0.06006006006006006,No,0.0,No,0.10696450874784484,No
3862,No,0.09518348315777055,No,0.06006006006006006,No,0.0,No,0.04873836501795781,No
6444,No,0.03126962362787716,No,0.04044943820224719,No,0.0,No,0.028411977465621092,No
6331,No,0.054145065601266855,No,0.06006006006006006,No,0.0,No,0.07149821473413023,No
1849,No,0.0362438391065147,No,0.04044943820224719,No,0.0,No,0.031936175639172816,No
7114,No,0.06369530590760193,No,0.06006006006006006,No,0.06666666666666667,No,0.09834351981937527,No
207,No,0.0233273821960368,No,0.04044943820224719,No,0.06666666666666667,No,0.038145611154685725,No
7047,Sí,0.3547781923046801,No,0.34797297297297297,No,0.2,No,0.29360788147621864,No
4200,Sí,0.03168913063276691,No,0.06006006006006006,No,0.0,No,0.042810016688915625,No
1525,No,0.03463554659022794,No,0.04044943820224719,No,0.0,No,0.04148514019694838,No
3381,No,0.05515148932950417,No,0.06006006006006006,No,0.0,No,0.03040871132630419,No
5606,No,0.06254557687349833,No,0.06006006006006006,No,0.06666666666666667,No,0.038831988750646945,No
7234,No,0.030633228401843137,No,0.04044943820224719,No,0.13333333333333333,No,0.062010945264470554,No
3783,Sí,0.02313788912598955,No,0.06006006006006006,No,0.0,No,0.041430588726733206,No
5516,No,0.04070531628270932,No,0.04044943820224719,No,0.0,No,0.041795757545941045,No
2511,No,0.11736356751330812,No,0.13333333333333333,No,0.13333333333333333,No,0.09898186802725067,No
6471,No,0.031784880238474304,No,0.04044943820224719,No,0.0,No,0.022482993927887846,No
3510,No,0.03827256196178449,No,0.04044943820224719,No,0.06666666666666667,No,0.030636227251196135,No
1076,No,0.05518810867278624,No,0.04044943820224719,No,0.06666666666666667,No,0.026514242615512794,No
5139,No,0.055567620022017296,No,0.06006006006006006,No,0.13333333333333333,No,0.03626322699213432,No
2329,No,0.03643792189974353,No,0.06006006006006006,No,0.06666666666666667,No,0.0458131437807943,No
3317,No,0.02998044661264249,No,0.06006006006006006,No,0.06666666666666667,No,0.08719041448951358,No
4814,No,0.03438778932546008,No,0.04044943820224719,No,0.0,No,0.032977419834055374,No
1102,No,0.03736434638468516,No,0.06006006006006006,No,0.0,No,0.03767068278135634,No
2124,No,0.029125953038123587,No,0.06006006006006006,No,0.0,No,0.061623733736772476,No
5112,Sí,0.39883269693182066,No,0.4896551724137931,No,0.5333333333333333,Sí,0.4759102877906407,No
4062,Sí,0.5374975564289427,Sí,0.19298245614035087,No,0.4,No,0.3558500566926704,No
7451,No,0.060371305229016396,No,0.13333333333333333,No,0.06666666666666667,No,0.07618783417560418,No
131,No,0.1004500535022501,No,0.06006006006006006,No,0.06666666666666667,No,0.07667983647674444,No
5065,No,0.0513232859910408,No,0.04044943820224719,No,0.13333333333333333,No,0.091021489087691,No
5740,No,0.276446105625744,No,0.41304347826086957,No,0.2,No,0.22857889513071067,No
4047,No,0.0934986075436926,No,0.06006006006006006,No,0.2,No,0.0677833708442168,No
1007,No,0.047732849506227505,No,0.06006006006006006,No,0.0,No,0.05091045909332059,No
1663,No,0.10797923542562063,No,0.06006006006006006,No,0.06666666666666667,No,0.05752362127868962,No
7007,No,0.050377060743144894,No,0.04044943820224719,No,0.0,No,0.015558640021353265,No
2512,Sí,0.8274771889765953,Sí,0.6753246753246753,Sí,0.7333333333333333,Sí,0.7140418025964763,Sí
6177,Sí,0.43429654272471074,No,0.4896551724137931,No,0.8,Sí,0.4548367159747851,No
6761,No,0.057043553950005634,No,0.06006006006006006,No,0.13333333333333333,No,0.10119433240330876,No
3919,No,0.04209103077859891,No,0.04044943820224719,No,0.13333333333333333,No,0.10594099356353871,No
4774,No,0.07938449244017501,No,0.13333333333333333,No,0.06666666666666667,No,0.12805652803974382,No
2239,No,0.027209121833460408,No,0.06006006006006006,No,0.2,No,0.07988078577469541,No
1575,No,0.06085944578418627,No,0.04044943820224719,No,0.06666666666666667,No,0.0440841909312248,No
2487,No,0.07405510369278356,No,0.06006006006006006,No,0.0,No,0.06881023248672699,No
6717,No,0.03353274050282141,No,0.06006006006006006,No,0.06666666666666667,No,0.055496657054065465,No
1991,No,0.038981795154350775,No,0.06006006006006006,No,0.13333333333333333,No,0.06162313910588064,No
5172,Sí,0.7319213398681108,Sí,0.6753246753246753,Sí,0.4,No,0.5728906663522316,Sí
6178,No,0.09187081687013485,No,0.06006006006006006,No,0.2,No,0.056559629050297495,No
3385,Sí,0.04061030479822643,No,0.06006006006006006,No,0.2,No,0.13093716545059655,No
2932,No,0.11380792353689864,No,0.13131313131313133,No,0.06666666666666667,No,0.07864994983980328,No
3561,No,0.06590128296653631,No,0.06006006006006006,No,0.0,No,0.05091366025521873,No
6895,No,0.4872641279424532,No,0.4896551724137931,No,0.4666666666666667,No,0.45618832464342784,No
5501,No,0.09989398495173395,No,0.06006006006006006,No,0.06666666666666667,No,0.05257982987441926,No
7271,No,0.26050042335285467,No,0.4896551724137931,No,0.26666666666666666,No,0.3848464544232895,No
1492,No,0.06506522063990457,No,0.04044943820224719,No,0.06666666666666667,No,0.05378725708526119,No
3522,No,0.054907523280492455,No,0.13333333333333333,No,0.2,No,0.08879462609553307,No
2621,Sí,0.5431895505349393,Sí,0.4896551724137931,No,0.6666666666666666,Sí,0.5300393458125113,Sí
4079,No,0.05455365836744411,No,0.06006006006006006,No,0.0,No,0.043605631643954576,No
7276,No,0.02208973371394701,No,0.04044943820224719,No,0.06666666666666667,No,0.0590616423629415,No
6915,No,0.0264240558955492,No,0.04044943820224719,No,0.06666666666666667,No,0.02266690215206673,No
38,Sí,0.427719649941601,No,0.34797297297297297,No,0.2,No,0.3831481872984939,No
7503,No,0.047231456618291104,No,0.04044943820224719,No,0.0,No,0.032396036168606784,No
6946,Sí,0.34585559158450047,No,0.4896551724137931,No,0.4,No,0.4106809018237631,No
1484,No,0.05087740098267472,No,0.04044943820224719,No,0.13333333333333333,No,0.12421019651170108,No
6510,No,0.025370471236060545,No,0.04044943820224719,No,0.0,No,0.02727128128630163,No
4520,No,0.06304415856319301,No,0.06006006006006006,No,0.13333333333333333,No,0.03699838202384242,No
232,Sí,0.05761200001845821,No,0.06006006006006006,No,0.06666666666666667,No,0.07688949093641918,No
4850,No,0.1006087094579527,No,0.06006006006006006,No,0.13333333333333333,No,0.04460565859054574,No
7627,No,0.05267798365679088,No,0.04044943820224719,No,0.06666666666666667,No,0.05333654014769435,No
5082,No,0.0551851026971197,No,0.06006006006006006,No,0.0,No,0.06920380441813509,No
7437,No,0.048916001699266784,No,0.04044943820224719,No,0.2,No,0.06433038659118755,No
2583,No,0.0650308832756127,No,0.06006006006006006,No,0.0,No,0.08448012889430052,No
467,No,0.046358039857980565,No,0.06006006006006006,No,0.06666666666666667,No,0.09762346691435612,No
4839,No,0.07224900285716115,No,0.06006006006006006,No,0.2,No,0.08031581058264663,No
192,No,0.049134552847572836,No,0.13333333333333333,No,0.0,No,0.06494965613591858,No
7865,No,0.6774870941116942,Sí,0.7317073170731707,Sí,0.7333333333333333,Sí,0.6275791360139619,Sí
474,No,0.15442987714346917,No,0.41304347826086957,No,0.13333333333333333,No,0.16509763524681445,No
4745,No,0.0331050435078736,No,0.04044943820224719,No,0.06666666666666667,No,0.07339032625888918,No
3483,No,0.018512246991688856,No,0.04044943820224719,No,0.13333333333333333,No,0.09231712646233652,No
